RMSE,NDCG,F1,MAE
99.33115173790557,99.83641912103188,91.61514579736908,100.32696306160345
