RMSE,NDCG,F1,MAE
98.09223723844526,99.50724079506779,89.5847142201601,98.50452472281266
