RMSE,NDCG,F1,MAE
98.88080028373896,100.55995894597282,89.85603268596354,99.95328537535198
