RMSE,NDCG,F1,MAE
98.93994722668673,101.04810176104384,91.71859817891641,99.73530612600553
