RMSE,NDCG,F1,MAE
98.85010602694044,100.17888376283506,90.36412249510735,99.92101210722907
