RMSE,NDCG,F1,MAE
98.77174379453976,99.7804652902941,90.27304089804092,99.18586024701318
