RMSE,NDCG,F1,MAE
98.88610483245198,100.55164077154745,89.83207746530611,99.95746707082182
