RMSE,NDCG,F1,MAE
99.0898467475761,99.9967578538437,90.42110136452243,100.36209369832673
