RMSE,NDCG,F1,MAE
0.023601473842010612,0.039732100638964485,0.06035615107331138,0.022231128628510843
