RMSE,NDCG,F1,MAE
0.8884871529086353,0.8987669183752395,0.7481031866464339,0.700640942590382
