RMSE,NDCG,F1,MAE
0.912088626750646,0.859034817736275,0.6877470355731226,0.7228720712188929
