RMSE,NDCG,F1,MAE
0.9145121465241396,0.8465689504778694,0.6506024096385542,0.726086956521739
