RMSE,NDCG,F1,MAE
0.015557863308554465,0.045456292236863316,0.09008082017511043,0.023605321852932404
