RMSE,NDCG,F1,MAE
0.8989542832155851,0.8920252427147327,0.7406832298136646,0.7024816346688066
