RMSE,NDCG,F1,MAE
0.8874366881470747,0.9009750201835789,0.7314741035856573,0.6996219736342355
