RMSE,NDCG,F1,MAE
0.9031230131375056,0.8648731704296533,0.6583333333333333,0.7159833613673122
