RMSE,NDCG,F1,MAE
0.01568632499043099,0.03610184975392561,0.07314077025232402,0.016361387733076715
