RMSE,NDCG,F1,MAE
0.9066861655813112,0.8511883691580209,0.6666666666666666,0.7155645170587243
