RMSE,NDCG,F1,MAE
0.019028998242434203,0.04157198294910247,0.07627765064836012,0.02197970811769423
