RMSE,NDCG,F1,MAE
0.887657167338877,0.8927603521071233,0.7429443173150267,0.69358480894103
