RMSE,NDCG,F1,MAE
0.02115720453509784,0.03783196159099522,0.07736664614307553,0.018694543816997644
