RMSE,NDCG,F1,MAE
0.8861797421405752,0.901343457766782,0.7426810477657936,0.6946776605073542
