RMSE,NDCG,F1,MAE
0.907336946675673,0.8635114961757868,0.665314401622718,0.7133722043243519
