RMSE,NDCG,F1,MAE
0.886416666329449,0.8994360831008105,0.7480916030534351,0.6932300418979966
