RMSE,NDCG,F1,MAE
0.01983124688314175,0.04168864773054948,0.07478483014506865,0.02050428037012031
