RMSE,NDCG,F1,MAE
0.9062479132125908,0.857747435370261,0.6733067729083665,0.713734322268117
