RMSE,NDCG,F1,MAE
0.016126473581639655,0.03613565913106276,0.07314077025232402,0.01669028732731548
