RMSE,NDCG,F1,MAE
0.9035408204108382,0.8650082910872019,0.6583333333333333,0.716248799993932
