RMSE,NDCG,F1,MAE
0.8874143468291985,0.9011439502182647,0.7314741035856573,0.6995585126666165
