RMSE,NDCG,F1,MAE
0.9065172922573376,0.8598943844027326,0.6393088552915767,0.7214273857860469
