RMSE,NDCG,F1,MAE
0.014928634385015682,0.039482387751131776,0.07649786051513918,0.01322060594561747
