RMSE,NDCG,F1,MAE
0.8915886578723219,0.8993767721538644,0.7158067158067158,0.7082067798404295
