algorithm,georisk
SVD,0.9253407332088448
BIASEDMF,0.9283176125764039
NMF,0.9194894118373552
StochasticItemKNN,0.8996503990263689
BayesianRidge,0.8796276277603816
Tweedie,0.8789836898298888
Ridge,0.8796080046159525
RandomForest,0.8806729048080411
Bagging,0.878910211753647
AdaBoost,0.8789612670732706
GradientBoosting,0.8809016915309601
LinearSVR,0.8782362107944861
