algorithm,georisk
SVD,0.9862720774663897
BIASEDMF,0.9890468146553804
NMF,0.9795199466330454
StochasticItemKNN,0.9568820816713189
BayesianRidge,0.9359793379550699
Tweedie,0.935905004489341
Ridge,0.9359552718728217
RandomForest,0.9370741492384368
Bagging,0.9350679553148329
AdaBoost,0.936394362644055
GradientBoosting,0.9374958888647499
LinearSVR,0.9335588304282713
