RMSE,NDCG,F1,MAE
1.1170339441917072,0.8037604568412956,0.6174522789248149,0.8825777233038903
