RMSE,NDCG,F1,MAE
1.0502051969286545,0.7929153436013251,0.6737357259380098,0.8212644598748086
