RMSE,NDCG,F1,MAE
0.06682874726305266,0.010845113239970505,0.056283447013194876,0.06131326342908172
