RMSE,NDCG,F1,MAE
1.1330787764675077,0.8072785000042971,0.6106870229007634,0.8950172508316262
