RMSE,NDCG,F1,MAE
0.06560788628254155,0.02482151318125525,0.0631718982610624,0.060561186221852914
