RMSE,NDCG,F1,MAE
1.067470890184966,0.7824569868230419,0.6738589211618258,0.8344560646097733
