RMSE,NDCG,F1,MAE
0.06632524898019931,0.009442602500157826,0.057856091312617264,0.05598790009194743
