RMSE,NDCG,F1,MAE
1.1215405993381147,0.8045154432410011,0.6170005835440576,0.8818748998488123
