RMSE,NDCG,F1,MAE
1.0552153503579154,0.7950728407408433,0.6748566748566749,0.8258869997568649
