RMSE,NDCG,F1,MAE
1.052423304791324,0.7927062076547937,0.6764705882352942,0.8211210359688733
