RMSE,NDCG,F1,MAE
1.1176569138249988,0.8068512792826454,0.616106333072713,0.8812246847289339
