RMSE,NDCG,F1,MAE
0.0652336090336747,0.014145071627851724,0.06036425516258115,0.06010364876006058
