RMSE,NDCG,F1,MAE
0.06180168744574077,0.007202904805356791,0.05040486344084283,0.05129774837535095
