RMSE,NDCG,F1,MAE
1.132750654963194,0.8033005031330707,0.6280802292263611,0.887933605675204
