RMSE,NDCG,F1,MAE
1.0709489675174533,0.7960975983277139,0.6784850926672039,0.836635857299853
