RMSE,NDCG,F1,MAE
1.0547012085420242,0.803712591641294,0.6781326781326781,0.8221297875606787
