RMSE,NDCG,F1,MAE
1.1198012947130727,0.8082984863263014,0.6130613845852128,0.8822613947381577
