RMSE,NDCG,F1,MAE
0.06510008617104845,0.004585894685007363,0.06507129354746533,0.06013160717747901
