RMSE,NDCG,F1,MAE
1.0553312475029142,0.7960975983277139,0.6748566748566749,0.8259768007471363
