RMSE,NDCG,F1,MAE
1.1216489691765468,0.8043619870099924,0.6167315175097277,0.8819330972306377
