RMSE,NDCG,F1,MAE
0.06631772167363259,0.008264388682278523,0.05812515734694723,0.05595629648350142
