RMSE,NDCG,F1,MAE
0.060848707170052974,0.017435228193353858,0.06325987543499645,0.052052993598395436
