RMSE,NDCG,F1,MAE
1.0501550902088237,0.7903741574663103,0.6694421315570358,0.8282036314687986
