RMSE,NDCG,F1,MAE
1.1110037973788767,0.8078093856596642,0.6061822561220394,0.880256625067194
