RMSE,NDCG,F1,MAE
95.60004635933052,104.07131715148388,101.63928180789192,95.3475032026989
