RMSE,NDCG,F1,MAE
91.96427078316387,104.57621831251546,99.76690029468602,91.64307974168928
