RMSE,NDCG,F1,MAE
95.75755557943,100.92334312482794,106.38509754562617,96.33222135043964
