RMSE,NDCG,F1,MAE
96.1731718045345,103.97618146194894,104.29005004530052,95.79427415510561
