RMSE,NDCG,F1,MAE
0.08715637398297393,0.0002616083690788473,0.03003111005899195,0.07051763880305462
