RMSE,NDCG,F1,MAE
0.8268890581834678,0.9012888804687547,0.7341594575637129,0.6454746509100795
