RMSE,NDCG,F1,MAE
0.9140454321664417,0.9015504888378335,0.7641905676227049,0.7159922897131341
