RMSE,NDCG,F1,MAE
0.09490743949531988,0.0042854905482185845,0.023705651911061776,0.08024696282577215
