RMSE,NDCG,F1,MAE
0.9490574322140071,0.8857026946300736,0.7386377786078944,0.7465733650317777
