RMSE,NDCG,F1,MAE
0.8541499927186872,0.8899881851782921,0.7149321266968326,0.6663264022060056
