RMSE,NDCG,F1,MAE
0.07794823193587597,0.015366085331462664,0.04924120828008016,0.06969026570592673
