RMSE,NDCG,F1,MAE
1.0758397631144976,0.8635265896376808,0.7274701411509229,0.8446108853091733
