RMSE,NDCG,F1,MAE
0.9978915311786216,0.8481605043062181,0.6782289328708427,0.7749206196032465
