RMSE,NDCG,F1,MAE
0.0964398438734374,0.005139793051707198,0.02830227561477794,0.08214287419082877
