RMSE,NDCG,F1,MAE
0.8303089399479948,0.9042757926465692,0.729064039408867,0.647302945992622
