RMSE,NDCG,F1,MAE
0.9267487838214322,0.899135999594862,0.7573663150236449,0.7294458201834507
