RMSE,NDCG,F1,MAE
0.8385973675089622,0.915993192424705,0.7345099511828764,0.6680058375491762
