RMSE,NDCG,F1,MAE
0.8392344759615777,0.8986093474945809,0.7512776831345827,0.6501593710964583
