RMSE,NDCG,F1,MAE
0.0006371084526155535,0.017383844930124126,0.016767731951706222,0.017846466452717924
