RMSE,NDCG,F1,MAE
0.8407251740284996,0.9018070641470405,0.7564516129032258,0.6502644554011654
