RMSE,NDCG,F1,MAE
0.0003642746459806556,0.007588448509434076,0.005474703489371513,0.017099983235234872
