RMSE,NDCG,F1,MAE
0.8410894486744802,0.9093955126564746,0.7509769094138543,0.6673644386364003
