RMSE,NDCG,F1,MAE
0.009632087085099661,0.01980407435447029,0.0076447329229692995,0.013346876614312775
