RMSE,NDCG,F1,MAE
0.8351267330111841,0.8965937104926835,0.7608346709470305,0.6425507897549554
