RMSE,NDCG,F1,MAE
0.8254946459260845,0.9163977848471538,0.7531899380240612,0.6558976663692682
