RMSE,NDCG,F1,MAE
0.8334699829152395,0.8965093201251741,0.7592295345104334,0.6421348007240767
