RMSE,NDCG,F1,MAE
0.8319131728472423,0.9142827798450537,0.7588424437299035,0.6590463379133072
