RMSE,NDCG,F1,MAE
0.0015568100679972385,0.017773459719879536,0.0003870907805298973,0.016911537189230552
