RMSE,NDCG,F1,MAE
0.8364130988014273,0.8981989430697522,0.7642405063291139,0.6391371728541319
