RMSE,NDCG,F1,MAE
0.8249110300176571,0.9190091739447467,0.7606837606837606,0.6508496089978798
