RMSE,NDCG,F1,MAE
0.011502068783770247,0.02081023087499445,0.003556745645353243,0.01171243614374795
