RMSE,NDCG,F1,MAE
0.0019488625966903594,0.017871813048327745,0.0011870416518334759,0.015805427792281557
