RMSE,NDCG,F1,MAE
0.8327628221558783,0.8993691753980028,0.7616,0.6425935590566746
