RMSE,NDCG,F1,MAE
0.8308139595591879,0.9172409884463305,0.7604129583481666,0.6583989868489561
