RMSE,NDCG,F1,MAE
0.8255183724393986,0.9163977848471538,0.7543731778425656,0.6559056811980197
