RMSE,NDCG,F1,MAE
0.8352468560743614,0.8966394037604928,0.7608346709470305,0.642579777933693
