RMSE,NDCG,F1,MAE
0.009728483634962815,0.01975838108666106,0.006461493104464866,0.0133259032643267
