RMSE,NDCG,F1,MAE
0.8291404192770949,0.9188185300314078,0.7396339185655585,0.658813986169843
