RMSE,NDCG,F1,MAE
0.006491463148346033,0.021961822570281342,0.005100706539749034,0.00981459941454732
