RMSE,NDCG,F1,MAE
0.835631882425441,0.8968567074611264,0.7447346251053075,0.6489993867552957
