RMSE,NDCG,F1,MAE
0.9528036847857035,0.8852568762352211,0.7046750285062714,0.7585358821089442
