RMSE,NDCG,F1,MAE
0.0381368136932041,0.006296676021888881,0.02940004046227329,0.03674742305785306
