RMSE,NDCG,F1,MAE
0.9909404984789076,0.89155355225711,0.6752749880439981,0.7952833051667972
