RMSE,NDCG,F1,MAE
1.5440448808542702,0.884463377830857,0.6194871794871795,1.1227594667285956
