RMSE,NDCG,F1,MAE
1.041767245904016,0.8875280094516883,0.678743961352657,0.8167826311458516
