RMSE,NDCG,F1,MAE
0.5022776349502542,0.0030646316208312596,0.05925678186547756,0.305976835582744
