RMSE,NDCG,F1,MAE
1.066408427107027,0.8182404429514485,0.6743455497382199,0.8486159119130633
