RMSE,NDCG,F1,MAE
1.5578312479154468,0.824121124123014,0.5876639145216125,1.1425736495223773
