RMSE,NDCG,F1,MAE
0.4914228208084197,0.005880681171565483,0.08668163521660743,0.293957737609314
