RMSE,NDCG,F1,MAE
0.033925399310185234,0.00034782565724145176,0.02868222440312318,0.03243250850370283
