RMSE,NDCG,F1,MAE
0.9784904002248055,0.8961964589954438,0.6794625719769674,0.7875203544828999
