RMSE,NDCG,F1,MAE
0.9445650009146203,0.8958486333382023,0.7081447963800905,0.7550878459791971
