algorithm,georisk
SVD,0.7358977608110058
BIASEDMF,0.7340855247334248
NMF,0.7106689621658073
StochasticItemKNN,0.7104521390816527
BayesianRidge,0.6921051107748352
Tweedie,0.6890165385538506
Ridge,0.6920457005115196
RandomForest,0.6931921583477586
Bagging,0.6917911898050944
AdaBoost,0.6941068984272671
GradientBoosting,0.694115122718241
LinearSVR,0.6929155791867135
