algorithm,georisk
SVD,0.8006185094566609
BIASEDMF,0.7980132893894035
NMF,0.7696165286811156
StochasticItemKNN,0.7692855529769597
BayesianRidge,0.7548193267507979
Tweedie,0.7522273657545776
Ridge,0.7547125006956089
RandomForest,0.7548855681492093
Bagging,0.7531641408308392
AdaBoost,0.7552002073796759
GradientBoosting,0.75556040303509
LinearSVR,0.754377065558401
