RMSE,NDCG,F1,MAE
0.0842060720179254,0.04903129503604298,0.08227135207368375,0.0636635214084319
