RMSE,NDCG,F1,MAE
1.0828207907032585,0.8034206074612087,0.5889803673210893,0.8617975805519263
