RMSE,NDCG,F1,MAE
0.9986147186853331,0.7543893124251657,0.671251719394773,0.7981340591434944
