RMSE,NDCG,F1,MAE
0.08769317877073313,0.06831893898651731,0.07705711142909988,0.07183561991894472
