RMSE,NDCG,F1,MAE
1.014994265005083,0.7352857665523046,0.650137741046832,0.8056403448846934
