RMSE,NDCG,F1,MAE
1.102687443775816,0.8036047055388219,0.5730806296177321,0.8774759648036381
