RMSE,NDCG,F1,MAE
1.09444298641431,0.8049555543706952,0.5776619993487463,0.8679177703074434
