RMSE,NDCG,F1,MAE
1.0068822133841226,0.7688282369268459,0.6536312849162011,0.7946750094973839
