RMSE,NDCG,F1,MAE
0.08756077303018728,0.03612731744384934,0.07596928556745486,0.07324276081005954
