RMSE,NDCG,F1,MAE
0.08939828978330988,0.029172586473577455,0.07011108768328411,0.07067110419461342
