RMSE,NDCG,F1,MAE
1.093541577668241,0.7992346626303858,0.5854905720677532,0.8659489740058103
