RMSE,NDCG,F1,MAE
1.004143287884931,0.7700620761568083,0.6556016597510373,0.7952778698111969
