RMSE,NDCG,F1,MAE
1.0202206416331254,0.761778040282559,0.657496561210454,0.8018262121711843
