RMSE,NDCG,F1,MAE
0.08638926308290618,0.04177101465468913,0.064319050155495,0.07091568483313415
