RMSE,NDCG,F1,MAE
1.1066099047160316,0.8035490549372482,0.593177511054959,0.8727418970043185
