RMSE,NDCG,F1,MAE
0.08489003010639584,0.051875849085047054,0.07103651881035788,0.06708692460368648
