RMSE,NDCG,F1,MAE
1.0842706634876815,0.8046475061804521,0.5928979074191503,0.8585783838869874
