RMSE,NDCG,F1,MAE
0.9993806333812857,0.7527716570954051,0.6639344262295082,0.7914914592833009
