RMSE,NDCG,F1,MAE
1.0070848106005377,0.7685995711986865,0.6545454545454545,0.7947138248583464
