RMSE,NDCG,F1,MAE
0.08765457569790613,0.035392744151281574,0.07595775522882586,0.07339589122683221
