RMSE,NDCG,F1,MAE
1.0947393862984438,0.8039923153499681,0.5785876993166287,0.8681097160851786
