RMSE,NDCG,F1,MAE
0.07996716563055906,0.04505976530520006,0.08814714073796948,0.0631230747265259
