RMSE,NDCG,F1,MAE
1.0785829009698447,0.8040281277380428,0.5623521459952687,0.8572383208467289
