RMSE,NDCG,F1,MAE
0.9986157353392856,0.7589683624328427,0.6504992867332382,0.794115246120203
