RMSE,NDCG,F1,MAE
114.81648496014061,110.7375579102998,105.58982683982686,115.6418216702204
