RMSE,NDCG,F1,MAE
116.70961773645206,111.87965380579857,112.43053524422346,116.94481922527984
