RMSE,NDCG,F1,MAE
114.84065843673335,111.4215068843188,109.58141634943989,116.42778265451115
