RMSE,NDCG,F1,MAE
115.63774507049014,107.91036268165554,105.1914715281052,116.34285850977703
