RMSE,NDCG,F1,MAE
114.96287247888795,111.34390992747288,102.31194748822192,116.61098589156104
