RMSE,NDCG,F1,MAE
116.02552891171769,109.03961764332541,103.26865591253063,116.92295618952913
