RMSE,NDCG,F1,MAE
114.82715217581689,111.24700687583555,109.50588712002556,116.44047792754482
