RMSE,NDCG,F1,MAE
115.0328366904062,111.95925520456775,107.5840768702814,116.70204298461945
