RMSE,NDCG,F1,MAE
83.71503643053607,99.23084090813282,74.29084073820916,83.71516043507
