RMSE,NDCG,F1,MAE
83.7074438040725,98.71023764121996,75.84165168330335,83.30044771457919
