RMSE,NDCG,F1,MAE
85.00460295569279,101.10694064426423,74.89912538986673,85.18740958033104
