RMSE,NDCG,F1,MAE
83.87335106676439,99.3132453830395,76.75309739644742,83.80335705709805
