RMSE,NDCG,F1,MAE
84.29775983359514,101.05157308808805,76.20334192368443,84.37807454255484
