RMSE,NDCG,F1,MAE
83.61135113537695,98.79510483165456,75.7913574450407,83.61690620726424
