RMSE,NDCG,F1,MAE
85.00761719780924,100.8857093634997,74.5432852010033,85.17691970177019
