RMSE,NDCG,F1,MAE
85.17681716121275,100.45587194892465,74.04055054194718,85.35950362785015
