algorithm,georisk
SVD,0.7719401085920884
BIASEDMF,0.772999825064125
NMF,0.7633575173107744
StochasticItemKNN,0.7364211586004148
BayesianRidge,0.7158604516368422
Tweedie,0.7151376555674711
Ridge,0.715837031883541
RandomForest,0.7163437148112456
Bagging,0.7144439101440185
AdaBoost,0.7154089649420374
GradientBoosting,0.7176438716065382
LinearSVR,0.7135850257452251
