algorithm,georisk
SVD,0.8158806435176873
BIASEDMF,0.8160643550806875
NMF,0.8064728190985002
StochasticItemKNN,0.7748929534397261
BayesianRidge,0.7537464278060595
Tweedie,0.7533711051886776
Ridge,0.75371012396878
RandomForest,0.7538290790655949
Bagging,0.7527378662356079
AdaBoost,0.7524404453284956
GradientBoosting,0.7552617164208222
LinearSVR,0.7491409506049883
