RMSE,NDCG,F1,MAE
115.81491146498752,110.84557804719095,109.7336093857833,117.08315039501427
