RMSE,NDCG,F1,MAE
115.97103267872404,113.42374870025995,116.2941022199596,116.3839950049882
