RMSE,NDCG,F1,MAE
115.48389862791437,112.36851209185885,107.1597924478279,117.20194169619059
