RMSE,NDCG,F1,MAE
116.13159091345145,112.29334633164328,107.499830012919,117.61835898764733
