RMSE,NDCG,F1,MAE
115.74723549060867,112.33069113313276,107.95625399048463,117.3657253156639
