RMSE,NDCG,F1,MAE
116.0426691738114,109.86056201776435,106.88836104513064,117.32175395189464
