RMSE,NDCG,F1,MAE
115.47177249351104,112.37748221216324,108.32923228346456,117.18554003670232
