RMSE,NDCG,F1,MAE
115.68804294374,112.86832621500903,108.49603776766143,117.72683286343131
