RMSE,NDCG,F1,MAE
91.70375369790503,100.32797960829987,96.26535896966804,91.67286984552406
