RMSE,NDCG,F1,MAE
60.324573230142654,100.64700881037916,83.15491377829073,63.711115490338535
