RMSE,NDCG,F1,MAE
64.22319928856682,97.80764649632955,91.99381199381199,70.18305060082267
