RMSE,NDCG,F1,MAE
92.91832514281916,100.70597007194971,98.01754064049146,92.60201808102428
