RMSE,NDCG,F1,MAE
1.0918605276629965,0.7869650438172183,0.6262956901254774,0.8581396808227534
