RMSE,NDCG,F1,MAE
0.007506236872679262,0.003992432194650397,0.059566826087233404,0.0029958663432798627
