RMSE,NDCG,F1,MAE
1.0843542907903172,0.7909574760118687,0.6858625162127108,0.8611355471660332
