RMSE,NDCG,F1,MAE
0.020695794912078957,0.006901689292594937,0.06395259251358187,0.014387472634132759
