RMSE,NDCG,F1,MAE
1.0904166198247869,0.7916501791133852,0.6722058429375503,0.8637595120125643
