RMSE,NDCG,F1,MAE
1.1111124147368658,0.7847484898207903,0.6082532504239684,0.878146984646697
