RMSE,NDCG,F1,MAE
0.00956220545172659,0.0004063583691304995,0.06465478894013532,0.003648041397704027
