RMSE,NDCG,F1,MAE
1.0889240740075419,0.7889016269304946,0.6776859504132231,0.8616286311286798
