RMSE,NDCG,F1,MAE
1.0984862794592685,0.7884952685613641,0.6130311614730878,0.8579805897309758
