RMSE,NDCG,F1,MAE
1.0931603006808681,0.7919883372163791,0.6123372948500283,0.8561936736055703
