RMSE,NDCG,F1,MAE
1.0838426629637354,0.7923803945288017,0.6771695594125501,0.856956418912328
