RMSE,NDCG,F1,MAE
0.009317637717132676,0.0003920573124226445,0.06483226456252178,0.0007627453067576839
