RMSE,NDCG,F1,MAE
1.0965110876660875,0.7884658803196032,0.6873357856016815,0.8639826048566113
