RMSE,NDCG,F1,MAE
1.107584531623935,0.7893270105782239,0.6144444444444445,0.8617132531710202
