RMSE,NDCG,F1,MAE
0.011073443957847484,0.0008611302586206682,0.07289134115723706,0.002269351685591059
