RMSE,NDCG,F1,MAE
1.0842974227846973,0.7916045250422867,0.6764392324093816,0.857466452038873
