RMSE,NDCG,F1,MAE
0.011103828831264817,0.004424598859274931,0.06400985387830815,0.0018692557823981604
