RMSE,NDCG,F1,MAE
1.0954012516159621,0.7871799261830118,0.6124293785310735,0.8593357078212711
