RMSE,NDCG,F1,MAE
1.098541744348631,0.7884952685613641,0.6130311614730878,0.8579949771778764
