RMSE,NDCG,F1,MAE
1.0890484345193439,0.7889016269304946,0.6775140037343291,0.8617044398224366
