RMSE,NDCG,F1,MAE
0.009493309829287089,0.0004063583691304995,0.06448284226124135,0.0037094626445601797
