RMSE,NDCG,F1,MAE
1.085676249667726,0.7895088932004342,0.6615214994487321,0.8640125138741158
