RMSE,NDCG,F1,MAE
1.0931946225238318,0.7827476590001378,0.6018845700824499,0.859502351437992
