RMSE,NDCG,F1,MAE
0.007518372856105904,0.0067612342002963954,0.059636929366282176,0.004510162436123788
