RMSE,NDCG,F1,MAE
1.1553300890539497,0.7833981662168873,0.4862236628849271,0.9115923901726823
