RMSE,NDCG,F1,MAE
0.03791079214574222,0.022054047718135794,0.10421143240453717,0.011446613103679448
