RMSE,NDCG,F1,MAE
1.1174192969082075,0.7613441184987515,0.5904350952894643,0.9001457770690029
