RMSE,NDCG,F1,MAE
1.124338775130177,0.7569620127449853,0.6227180527383367,0.8961235310231951
