RMSE,NDCG,F1,MAE
0.04014630729346691,0.026411373510207947,0.1003299930368442,0.02407776300987463
