RMSE,NDCG,F1,MAE
1.164485082423644,0.7833733862551933,0.5223880597014925,0.9202012940330697
