RMSE,NDCG,F1,MAE
1.1224484266885746,0.7587262980275681,0.6227951153324288,0.897628973059661
