RMSE,NDCG,F1,MAE
1.1579033391407947,0.7821470206122947,0.5231235784685367,0.9110592195636507
