RMSE,NDCG,F1,MAE
0.0354549124522201,0.023420722584726605,0.09967153686389207,0.013430246503989607
