RMSE,NDCG,F1,MAE
0.03828157115939268,0.0396672813076725,0.0944144560228618,0.013755545428074223
