RMSE,NDCG,F1,MAE
1.1512770425522918,0.7900636424372325,0.5451895043731778,0.9040928091598135
