RMSE,NDCG,F1,MAE
1.1129954713928991,0.75039636112956,0.6396039603960396,0.8903372637317393
