RMSE,NDCG,F1,MAE
1.1846411270739208,0.7818704606196654,0.544,0.9279500089862743
