RMSE,NDCG,F1,MAE
1.1452766098799165,0.7562183934206052,0.6298487836949376,0.9097379970662764
