RMSE,NDCG,F1,MAE
0.039364517194004245,0.025652067199060213,0.08584878369493754,0.018212011919997884
