RMSE,NDCG,F1,MAE
1.1219581736270652,0.7574165375956905,0.637537239324727,0.8966444632262823
