RMSE,NDCG,F1,MAE
1.1573120355010889,0.7937246372007593,0.5451895043731778,0.9084761694810228
