RMSE,NDCG,F1,MAE
0.03535386187402367,0.036308099605068755,0.09234773495154913,0.011831706254740504
