RMSE,NDCG,F1,MAE
0.03540019933619587,0.02351718500040323,0.09894954379571419,0.013409746021369795
