RMSE,NDCG,F1,MAE
1.1581543392175324,0.7821470206122947,0.5238455715367146,0.9112493728780754
