RMSE,NDCG,F1,MAE
1.1227541398813365,0.7586298356118915,0.6227951153324288,0.8978396268567056
