RMSE,NDCG,F1,MAE
1.111793354968567,0.7638570968532162,0.600353982300885,0.8934522278504334
