RMSE,NDCG,F1,MAE
0.04480756586034129,0.017923685510174203,0.10392257865298649,0.01712939719211548
