RMSE,NDCG,F1,MAE
1.1566009208289083,0.7817807823633904,0.4964314036478985,0.9105816250425489
