RMSE,NDCG,F1,MAE
99.31252786573891,99.49524060196246,91.3150486170089,100.34911173672887
