RMSE,NDCG,F1,MAE
98.1373806432556,99.12818951164458,90.48615938324666,98.36160997125997
