RMSE,NDCG,F1,MAE
99.12951070663955,99.94849061590713,90.45947626615076,100.42518926900759
