RMSE,NDCG,F1,MAE
99.14764214257241,99.9505215783821,90.42599247686735,100.08908560414207
