RMSE,NDCG,F1,MAE
99.00021681039445,100.10921591918114,89.39509004417262,100.26335346209892
