RMSE,NDCG,F1,MAE
98.9863231564795,99.44105942812308,90.53723515557871,99.78247665430575
