RMSE,NDCG,F1,MAE
99.13582620977996,99.94849061590713,90.48243403002387,100.43234083453045
