RMSE,NDCG,F1,MAE
99.31225669234007,99.1436151943915,90.98488417746367,100.52474113986752
