RMSE,NDCG,F1,MAE
0.007442944396953255,0.004632814229585613,0.053568407569422605,0.001640837254160754
