RMSE,NDCG,F1,MAE
1.0828760982790824,0.7894692075186401,0.6739130434782609,0.8600938497914677
