RMSE,NDCG,F1,MAE
1.0903190426760356,0.7848363932890545,0.6203446359088383,0.858453012537307
