RMSE,NDCG,F1,MAE
0.012617046299011392,0.0017013169539743522,0.05837875188733921,0.00605941158074752
