RMSE,NDCG,F1,MAE
1.0901187000531287,0.7942246228607044,0.668643839309787,0.8656403235763568
