RMSE,NDCG,F1,MAE
1.1027357463521401,0.7959259398146787,0.6102650874224478,0.8716997351571043
