RMSE,NDCG,F1,MAE
1.089997307694135,0.7868833680896061,0.6768081131571925,0.862083162407202
