RMSE,NDCG,F1,MAE
0.011730043939792267,0.003681654170743065,0.06281262782987873,0.00016412113612163104
