RMSE,NDCG,F1,MAE
1.1017273516339272,0.7832017139188631,0.6139954853273137,0.8622472835433236
