RMSE,NDCG,F1,MAE
0.009674036807120423,0.003575132055235186,0.0552170716278092,0.0019259054825262467
