RMSE,NDCG,F1,MAE
1.0915861113078147,0.7862403041304071,0.6148610323312536,0.8583548708339022
