RMSE,NDCG,F1,MAE
1.0819120745006943,0.7898154361856423,0.6700781039590628,0.8564289653513759
