RMSE,NDCG,F1,MAE
0.013483358380291133,0.0035097919139452927,0.061198634004617114,0.001599708458205118
