RMSE,NDCG,F1,MAE
1.0979846656000636,0.7866806933934525,0.6848310191249672,0.8636452781065038
