RMSE,NDCG,F1,MAE
1.1114680239803547,0.7831709014795072,0.6236323851203501,0.8652449865647089
