RMSE,NDCG,F1,MAE
1.0853540981223242,0.7929716994178357,0.6718582169709989,0.8581088486473906
