RMSE,NDCG,F1,MAE
0.009779484349528689,0.004041134799926738,0.05965900040692507,0.004182090289321927
