RMSE,NDCG,F1,MAE
1.0951335824718529,0.788930564617909,0.6121992165640738,0.8622909389367125
