RMSE,NDCG,F1,MAE
1.0901303421003958,0.7869215303438316,0.6768081131571925,0.8621648571695989
