RMSE,NDCG,F1,MAE
1.1017958793737892,0.7832017139188631,0.6154714850367025,0.8622738135557677
