RMSE,NDCG,F1,MAE
0.011665537273393367,0.0037198164249685473,0.06133662812049001,0.00010895638616881254
