RMSE,NDCG,F1,MAE
0.009161669083066482,0.012810251921862137,0.05725296378848077,0.0025437536797390248
