RMSE,NDCG,F1,MAE
1.0850785880587246,0.7892170939300067,0.6584294343767161,0.8636201228491245
