RMSE,NDCG,F1,MAE
1.094240257141791,0.7764068420081446,0.6011764705882353,0.8610763691693855
