RMSE,NDCG,F1,MAE
90.38554369918556,99.17071904318638,105.4798138400895,89.60731155580207
