RMSE,NDCG,F1,MAE
89.68259826030581,99.72929624728543,106.01293392663533,88.86633771411823
