RMSE,NDCG,F1,MAE
92.90341767942678,102.78989969511683,112.87708655716236,92.41177695892628
