RMSE,NDCG,F1,MAE
89.57572033666298,99.3232458680582,105.75643376560764,88.38153578606307
