RMSE,NDCG,F1,MAE
94.84831480340165,95.83142963810627,96.4559714412324,93.49414015989898
