RMSE,NDCG,F1,MAE
95.88899342525548,97.42092849653923,94.48910711025222,94.69849049189149
