RMSE,NDCG,F1,MAE
102.43774128386174,97.2951013553673,109.90731910328711,104.06345347459529
