RMSE,NDCG,F1,MAE
96.23633994849972,96.87910681730023,96.90314901779503,95.78275777464255
