RMSE,NDCG,F1,MAE
0.19126329475211612,0.026539803561277164,0.07635508295798887,0.15218625205743463
