RMSE,NDCG,F1,MAE
0.1768441133866594,0.030719462496395122,0.07178199665246299,0.13690524691385697
