RMSE,NDCG,F1,MAE
1.0631003686468632,0.8725029058606588,0.6450777202072538,0.8382794339975335
