RMSE,NDCG,F1,MAE
0.8862562552602038,0.9032223683570539,0.7168597168597168,0.7013741870836765
