RMSE,NDCG,F1,MAE
1.0591537194735694,0.8826770138510039,0.6468305304010349,0.8388917155310655
