RMSE,NDCG,F1,MAE
0.8678904247214533,0.9092168174122811,0.7231856133590238,0.6867054634736308
