RMSE,NDCG,F1,MAE
0.9129268915521167,0.9062872371721813,0.7223994894703255,0.7127148035616603
