RMSE,NDCG,F1,MAE
0.1835628212545739,0.03459031157677128,0.06903290592917832,0.15504129921766052
