RMSE,NDCG,F1,MAE
1.0964897128066906,0.87169692559541,0.6533665835411472,0.8677561027793208
