RMSE,NDCG,F1,MAE
0.8691381983320734,0.9050454281266062,0.7241157556270097,0.6880133083040803
