RMSE,NDCG,F1,MAE
1.0582115392976212,0.8760109183264707,0.6555269922879178,0.8368522065613233
