RMSE,NDCG,F1,MAE
0.18907334096554784,0.029034509800135444,0.06858876333909192,0.14883889825724306
