RMSE,NDCG,F1,MAE
0.17999381771059852,0.030046759811800827,0.07320504659779015,0.14459077353265615
