RMSE,NDCG,F1,MAE
0.9356891735532425,0.8943076138343614,0.709102482495226,0.7401411340746175
