RMSE,NDCG,F1,MAE
1.115682991263841,0.8642608540225606,0.6358974358974359,0.8847319076072736
