RMSE,NDCG,F1,MAE
0.03249055595168737,0.005555915342333018,0.013747710152791415,0.032601749205886765
