RMSE,NDCG,F1,MAE
0.8587308359511966,0.8978779498948222,0.7627471383975026,0.6660762231686193
