RMSE,NDCG,F1,MAE
0.891221391902884,0.9034338652371552,0.7489994282447112,0.698677972374506
