RMSE,NDCG,F1,MAE
0.9250245455043363,0.8879259920976058,0.7230823779695071,0.7266254124046102
