RMSE,NDCG,F1,MAE
0.029481755822760913,0.0016652039309720257,0.026585792988815138,0.03451048909455989
