RMSE,NDCG,F1,MAE
0.8955427896815754,0.8895911960285778,0.7496681709583223,0.6921149233100503
