RMSE,NDCG,F1,MAE
1.025189191303001,0.8465467881073372,0.7061281337047354,0.8002043019128302
