RMSE,NDCG,F1,MAE
0.033531607031914046,0.002893672357702881,0.005512077935476256,0.028255715079525956
