RMSE,NDCG,F1,MAE
1.058720798334915,0.8494404604650401,0.7116402116402116,0.8284600169923562
