RMSE,NDCG,F1,MAE
0.03438987591555065,0.00227446530630826,0.02281370701854779,0.035814308187057886
