RMSE,NDCG,F1,MAE
0.8679735388849648,0.9015140599318038,0.7613071895424837,0.6740815891600813
