RMSE,NDCG,F1,MAE
0.9023634148005154,0.8992395946254955,0.7384934825239359,0.7098958973471392
