method_a,method_b,pearson_r_mean,p_value_mean
BIASEDMF,NMF,0.8268802321199941,1.1225398001515993e-277
BIASEDMF,StochasticItemKNN,0.5869534395666994,3.014815119228427e-104
NMF,StochasticItemKNN,0.5808407363027901,1.2851150027352362e-104
SVD,BIASEDMF,0.9544409384278524,0.0
SVD,NMF,0.8515587236160873,0.0
SVD,StochasticItemKNN,0.5996933598460347,1.2372852920773868e-126
