RMSE,NDCG,F1,MAE
0.047084784423782944,0.011540406995108832,0.010093867896006858,0.04393411105624301
