RMSE,NDCG,F1,MAE
0.9191439571383974,0.8989598803584281,0.7444048467569494,0.7237624363009304
