RMSE,NDCG,F1,MAE
0.8720591727146144,0.8874194733633193,0.7544987146529563,0.6798283252446874
