RMSE,NDCG,F1,MAE
0.8959567573803446,0.9088291042216438,0.7608174770965469,0.7005390628895948
