RMSE,NDCG,F1,MAE
0.036379451040842725,0.015650216632996594,0.0068528874042455,0.03600170617790155
