RMSE,NDCG,F1,MAE
0.8595773063395019,0.8931788875886472,0.7676703645007924,0.6645373567116932
