RMSE,NDCG,F1,MAE
0.893541595677856,0.9052561865446462,0.7574370709382151,0.6960762572915468
