RMSE,NDCG,F1,MAE
0.047977893183814624,0.0003237417774439866,0.012623189131559687,0.044345412105378346
