RMSE,NDCG,F1,MAE
0.8455637024940413,0.9049324447672022,0.7700602600697748,0.6517308451861684
