RMSE,NDCG,F1,MAE
0.9021018688990822,0.9078761172055705,0.7537674154108616,0.7092702068542974
