RMSE,NDCG,F1,MAE
0.03947838484663024,0.023571045690690906,0.008228745817545402,0.03641181964521456
