RMSE,NDCG,F1,MAE
0.8626234840524519,0.8843050715148796,0.761996161228407,0.6728583872090829
