RMSE,NDCG,F1,MAE
0.05253033238122262,0.013806870726800313,0.003531503498853228,0.0475867796875048
