RMSE,NDCG,F1,MAE
0.8936767057559001,0.8840388450072154,0.7572145545796738,0.6899175680780382
