RMSE,NDCG,F1,MAE
0.9462070381371227,0.8978457157340157,0.7536830510808206,0.737504347765543
