RMSE,NDCG,F1,MAE
104.28962734890281,98.32879289557876,101.92219789898805,105.54054155074508
