RMSE,NDCG,F1,MAE
105.00935714266835,97.95055466677695,102.95272227869381,106.6712497515502
