RMSE,NDCG,F1,MAE
103.26032386265922,96.77886077597982,99.46172925460162,103.3752925869684
