RMSE,NDCG,F1,MAE
104.29184205962171,97.39944379034257,102.39237895506494,105.3526728118321
