RMSE,NDCG,F1,MAE
89.85113495357052,99.21127116160918,93.17539501686821,90.47575525324974
