RMSE,NDCG,F1,MAE
88.70142828871603,98.72929673071575,97.84478927815994,89.53003193161165
