RMSE,NDCG,F1,MAE
87.2632808442121,98.01747092244601,102.82728516253621,88.17363778792068
