RMSE,NDCG,F1,MAE
90.72600769678371,98.85465628231103,96.43054421650541,91.39718183357206
