RMSE,NDCG,F1,MAE
101.10252767803286,98.25005304274323,106.60989456609894,101.89272019604032
