RMSE,NDCG,F1,MAE
98.96783997052735,96.82053066187993,101.99297995121661,99.76358922358843
