RMSE,NDCG,F1,MAE
101.01389609915421,97.42352209231527,103.72101108240703,101.88627286747469
