RMSE,NDCG,F1,MAE
100.3716544017446,97.07136781150173,105.05557588950319,101.16895461917153
