RMSE,NDCG,F1,MAE
100.73820520138332,96.98221711158268,103.2318722943723,101.54488463620332
