RMSE,NDCG,F1,MAE
100.9062891055055,97.725032989318,103.78498490931271,101.40301066994049
