RMSE,NDCG,F1,MAE
101.01674564941914,97.49650380561692,103.88603471826663,101.91055929802839
