RMSE,NDCG,F1,MAE
100.1156648513239,97.66901239077292,106.25747309685134,100.86660604286695
