RMSE,NDCG,F1,MAE
90.7563266878096,99.74029898395509,98.8167419706145,93.32597354610725
