RMSE,NDCG,F1,MAE
91.42945211315244,100.7215202837324,96.0180114396982,91.4698967106536
