RMSE,NDCG,F1,MAE
93.3529902819434,100.55405630450522,104.38502507120064,95.92258240223205
