RMSE,NDCG,F1,MAE
92.34763019197175,99.06652414584943,103.26390317559515,95.2336113534538
