RMSE,NDCG,F1,MAE
103.48439929507943,97.88524725405422,97.85326086956522,104.92475295098376
