RMSE,NDCG,F1,MAE
104.86610830200469,99.03416715547458,96.7355536054547,105.36251989209092
