RMSE,NDCG,F1,MAE
108.15250336539195,101.23976022095873,96.96727702227007,107.99971801070242
