RMSE,NDCG,F1,MAE
103.76224903206848,98.46978249556092,95.93631152119262,104.50153000392763
