RMSE,NDCG,F1,MAE
102.20656337273614,94.42482414959036,97.95026910411526,99.44831262000734
