RMSE,NDCG,F1,MAE
101.93025735645946,97.44287054470475,97.04405132286618,99.44170384852559
