RMSE,NDCG,F1,MAE
101.56883084268999,96.66217178589146,96.59199696456717,99.13079474744599
