RMSE,NDCG,F1,MAE
102.21781861847015,95.88183664707478,97.00912871722987,99.08876506712517
