RMSE,NDCG,F1,MAE
102.00344996071942,96.5618063652114,97.0910623946037,100.0175362561775
