RMSE,NDCG,F1,MAE
102.14823930690791,95.44188490007868,97.63799976061543,99.32203864680224
