RMSE,NDCG,F1,MAE
101.56840495858744,96.63467593889914,96.61286367378395,99.1346772965206
