RMSE,NDCG,F1,MAE
102.11169394268866,94.62486483375817,95.87992142552018,99.62008664255907
