RMSE,NDCG,F1,MAE
99.72109296501237,98.6957083680252,101.00007553894461,100.8772131115391
