RMSE,NDCG,F1,MAE
99.8700562946873,99.03648688360217,104.97785961216512,101.03515393762336
