RMSE,NDCG,F1,MAE
102.46731110794774,99.14473247606948,104.91550362069688,104.60338924351022
