RMSE,NDCG,F1,MAE
100.10429637925846,99.29638961086034,103.22818435213206,101.7323829262365
