RMSE,NDCG,F1,MAE
1.0435146291047368,0.7393453013672697,0.5954631379962193,0.8579672310456964
