RMSE,NDCG,F1,MAE
1.1143954850253486,0.7825079841817267,0.5691629955947136,0.8969714736819281
