RMSE,NDCG,F1,MAE
0.07088085592061177,0.04316268281445701,0.02630014240150569,0.0390042426362317
