RMSE,NDCG,F1,MAE
1.0570405279471178,0.7353040789966694,0.5880149812734082,0.8560185132118053
