RMSE,NDCG,F1,MAE
0.06560570778305497,0.05224243174491172,0.007181890682088632,0.038914590646247804
