RMSE,NDCG,F1,MAE
1.1226462357301727,0.7875465107415811,0.5808330905913196,0.8949331038580531
