RMSE,NDCG,F1,MAE
0.07303917262353044,0.04318096329564747,0.0235366060811959,0.04247427419100347
