RMSE,NDCG,F1,MAE
1.1218446297781974,0.7847264639036561,0.5707491082045184,0.8957921657602389
