RMSE,NDCG,F1,MAE
0.07592328748599408,0.05343443874237408,0.0222548259566282,0.04131865967497228
