RMSE,NDCG,F1,MAE
1.1161368854975813,0.7856132901944778,0.5797765683185334,0.891853609574005
