RMSE,NDCG,F1,MAE
1.0402135980115872,0.7321788514521037,0.6020313942751616,0.8505349498990327
