RMSE,NDCG,F1,MAE
1.1397476958065456,0.7855538362936575,0.5807570066454781,0.9065431002920991
