RMSE,NDCG,F1,MAE
1.0611697993890818,0.7392506980365854,0.61054579093432,0.8601980961132754
