RMSE,NDCG,F1,MAE
0.07857789641746371,0.04630313825707211,0.029788784288841907,0.0463450041788237
