RMSE,NDCG,F1,MAE
1.0421431637400038,0.7355048034975632,0.6033210332103321,0.8534584319448305
