RMSE,NDCG,F1,MAE
1.1190718004895466,0.7847396304106786,0.5777395295467584,0.8961289380498213
