RMSE,NDCG,F1,MAE
0.07692863674954276,0.049234826913115426,0.0255815036635737,0.04267050610499079
