RMSE,NDCG,F1,MAE
0.07293318970448892,0.04293891419106877,0.022942075760149505,0.04241220803265067
