RMSE,NDCG,F1,MAE
1.1221030414573023,0.7844844147990774,0.5713436385255648,0.89599372869415
