RMSE,NDCG,F1,MAE
1.0491698517528134,0.7415455006080086,0.5942857142857143,0.8535815206614993
