RMSE,NDCG,F1,MAE
0.08649258355440526,0.046522390138239444,0.027682444197234535,0.05244498511780349
