RMSE,NDCG,F1,MAE
1.02331962309919,0.7407254656947577,0.5848871442590775,0.83578048986899
