RMSE,NDCG,F1,MAE
1.1098122066535951,0.7872478558329972,0.557204700061843,0.8882254749867935
