RMSE,NDCG,F1,MAE
1.209482959522323,0.7241258360424728,0.44871794871794873,0.9697966115621565
