RMSE,NDCG,F1,MAE
0.22045192439546257,0.10808045026277846,0.1820742784868345,0.19389889427658047
