RMSE,NDCG,F1,MAE
0.9890310351268605,0.8322062863052513,0.6307922272047832,0.775897717285576
