RMSE,NDCG,F1,MAE
1.2222604079686286,0.7455940877911359,0.5,0.9777457012607043
