RMSE,NDCG,F1,MAE
1.0048024677041156,0.8395646331742627,0.631424375917768,0.7902216519165214
