RMSE,NDCG,F1,MAE
0.21745794026451293,0.09397054538312677,0.131424375917768,0.18752404934418287
