RMSE,NDCG,F1,MAE
0.9881941158518961,0.8306425217666483,0.6340014847809948,0.7825702185291038
