RMSE,NDCG,F1,MAE
1.2040309863414949,0.7465059805279235,0.4782608695652174,0.9661718385314078
