RMSE,NDCG,F1,MAE
0.21583687048959876,0.08413654123872483,0.15574061521577742,0.18360162000230396
