RMSE,NDCG,F1,MAE
0.9893765850285121,0.8317683271632897,0.6388278388278388,0.7798413610117414
