RMSE,NDCG,F1,MAE
1.2134421978396184,0.700964085393898,0.4723926380368098,0.9716712332216723
