RMSE,NDCG,F1,MAE
0.22406561281110626,0.13080424176939176,0.16643520079102897,0.19182987220993086
