RMSE,NDCG,F1,MAE
0.22161270625611473,0.08068442044340463,0.1684258399499725,0.19075145149240968
