RMSE,NDCG,F1,MAE
0.9956206771364741,0.8309391174716807,0.6581013561741613,0.7824260548330354
