RMSE,NDCG,F1,MAE
1.2172333833925888,0.7502546970282761,0.4896755162241888,0.9731775063254451
