RMSE,NDCG,F1,MAE
0.9899587214698178,0.8380133778089829,0.6339285714285714,0.7762260563978143
