RMSE,NDCG,F1,MAE
1.2126265707473567,0.7270088281272796,0.4507936507936508,0.9717114886536674
