RMSE,NDCG,F1,MAE
0.2226678492775389,0.11100454968170326,0.1831349206349206,0.19548543225585313
