RMSE,NDCG,F1,MAE
0.9885939630240311,0.8310723007647787,0.6340740740740741,0.7827940084736656
