RMSE,NDCG,F1,MAE
0.21553713807153996,0.0808176037365026,0.15581320450885672,0.18339872815900016
