RMSE,NDCG,F1,MAE
1.204131101095571,0.7502546970282761,0.4782608695652174,0.9661927366326658
