RMSE,NDCG,F1,MAE
0.9862470598841535,0.8316694995217345,0.6277820414428242,0.7810849983592902
