RMSE,NDCG,F1,MAE
1.2001528761116653,0.7452372330394172,0.4370860927152318,0.9644897913938114
