RMSE,NDCG,F1,MAE
0.2139058162275118,0.08643226648231728,0.19069594872759243,0.18340479303452117
