RMSE,NDCG,F1,MAE
0.8833500074879015,0.9006416032528425,0.7669730210495108,0.693907990956978
