RMSE,NDCG,F1,MAE
0.9053058225711613,0.8785946420928467,0.7172459893048129,0.7025549568181654
