RMSE,NDCG,F1,MAE
0.021955815083259833,0.022046961159995826,0.04972703174469795,0.008646965861187406
