RMSE,NDCG,F1,MAE
0.9430233009565666,0.8717177945274873,0.6845915201654602,0.7406771918722489
