RMSE,NDCG,F1,MAE
0.9362114885197322,0.8956448486931654,0.7320848165918589,0.7338023350661074
