RMSE,NDCG,F1,MAE
0.006811812436834375,0.023927054165678086,0.04749329642639866,0.006874856806141527
