RMSE,NDCG,F1,MAE
1.0546870531204247,0.8190827860986197,0.6652644230769231,0.8233168133586011
