RMSE,NDCG,F1,MAE
0.006832159124877002,0.01955727334638413,0.05516266318326235,0.00018361275570311086
