RMSE,NDCG,F1,MAE
1.0478548939955477,0.8386400594450039,0.7204270862601855,0.8235004261143042
