RMSE,NDCG,F1,MAE
0.8890510860593857,0.8949184231589915,0.7591481703659269,0.7012571911300791
