RMSE,NDCG,F1,MAE
0.9131523649742835,0.8816572797350305,0.7126514131897712,0.7099070908064101
