RMSE,NDCG,F1,MAE
0.024101278914897883,0.013261143423961008,0.046496757176155645,0.008649899676331008
