RMSE,NDCG,F1,MAE
108.57118823762839,102.87230064071764,106.28961285374028,109.16349401613353
