RMSE,NDCG,F1,MAE
107.03417242868144,101.78478205601185,107.7913308301855,107.20980321650038
