RMSE,NDCG,F1,MAE
109.04406282172374,104.69298448047846,105.90447064385545,109.44885966759144
