RMSE,NDCG,F1,MAE
108.16473507440294,103.6604303293466,104.36759754406815,108.72484227203847
