RMSE,NDCG,F1,MAE
109.0055334520099,104.45471685910681,105.7830428774908,108.95197685976686
