RMSE,NDCG,F1,MAE
108.32430709550414,103.59944140435393,106.04866715632649,108.78651526098764
