RMSE,NDCG,F1,MAE
109.05678056948535,104.73687047117738,106.00156807053361,109.45109649853708
