RMSE,NDCG,F1,MAE
108.44945965144746,104.57402511824039,107.5881870385562,109.1983319759807
