RMSE,NDCG,F1,MAE
0.9163495355793678,0.8786668503149901,0.7381116471399035,0.7206981244023877
