RMSE,NDCG,F1,MAE
0.04591680475581472,0.008048699864457998,0.07144498047323689,0.03020395825994071
