RMSE,NDCG,F1,MAE
0.8704327308235531,0.8706181504505321,0.6666666666666666,0.690494166142447
