RMSE,NDCG,F1,MAE
0.9674066335920812,0.8597349866888147,0.7076923076923077,0.7629698960729036
