RMSE,NDCG,F1,MAE
0.8921784709007136,0.8511112427016747,0.6671289875173371,0.7066498800898215
