RMSE,NDCG,F1,MAE
0.07522816269136767,0.008623743987139942,0.04056332017497066,0.056320015983082006
