RMSE,NDCG,F1,MAE
0.05565705454131409,0.03691648751222498,0.06375791025403421,0.027668587724104854
