RMSE,NDCG,F1,MAE
1.0478857878363117,0.8303818658783416,0.6988520207579808,0.8167618244403798
