RMSE,NDCG,F1,MAE
0.9922287332949976,0.7934653783661166,0.6350941105039466,0.789093236716275
