RMSE,NDCG,F1,MAE
0.9122782187425037,0.8758090089481377,0.7336545079146594,0.719709833487416
