RMSE,NDCG,F1,MAE
0.8722477041644289,0.8775552280973427,0.6680440771349863,0.6925419656046532
