RMSE,NDCG,F1,MAE
0.04003051457807483,0.0017462191492049195,0.0656104307796731,0.02716786788276282
