RMSE,NDCG,F1,MAE
92.5885917664559,99.49572444180453,93.78010597302506,91.98528764714824
