RMSE,NDCG,F1,MAE
86.5489602599366,99.14400217958243,86.93763116474291,86.05190146500304
