RMSE,NDCG,F1,MAE
92.38780765584119,101.04527506561966,95.80190744246389,93.35224085531642
