RMSE,NDCG,F1,MAE
93.7133922347918,97.70119523326099,91.53820599275248,92.69035629294338
