RMSE,NDCG,F1,MAE
0.03550779760334244,0.0014618312067835593,0.01714915872051559,0.03616811421528987
