RMSE,NDCG,F1,MAE
0.8761347390561817,0.910334926959304,0.7576335877862596,0.6932049110588708
