RMSE,NDCG,F1,MAE
0.9162066393957702,0.9061322897965064,0.7443478260869565,0.7274624574141947
