RMSE,NDCG,F1,MAE
0.9116425366595241,0.9088730957525204,0.740484429065744,0.7293730252741607
