RMSE,NDCG,F1,MAE
0.028476071184659113,0.0034683747226130768,0.0013169137974365919,0.025649500731363628
