RMSE,NDCG,F1,MAE
0.8877305682111111,0.9096006645191195,0.7456647398843931,0.7018129566828311
