RMSE,NDCG,F1,MAE
0.9075666419677585,0.8998224380973415,0.7417840375586855,0.7143664211576909
