RMSE,NDCG,F1,MAE
0.014835792152829264,0.01727383288633877,0.019484743743484745,0.005086245207021722
