RMSE,NDCG,F1,MAE
0.9224024341205878,0.8825486052110028,0.7612687813021702,0.7194526663647126
