RMSE,NDCG,F1,MAE
0.910589627822757,0.9033066900118563,0.7339130434782609,0.7275037677767094
