RMSE,NDCG,F1,MAE
0.8767401225784557,0.9089825095107703,0.7547892720306514,0.6951282525507678
