RMSE,NDCG,F1,MAE
0.0338495052443013,0.005675819498914048,0.020876228552390463,0.03237551522594162
