RMSE,NDCG,F1,MAE
0.9428785450821817,0.8891540507773821,0.7294938917975567,0.7667956194697547
