RMSE,NDCG,F1,MAE
0.9304082427201587,0.9060766908736523,0.7252124645892352,0.7324054881833916
