RMSE,NDCG,F1,MAE
0.012470302362023067,0.016922640096270203,0.0042814272083215865,0.034390131286363146
