RMSE,NDCG,F1,MAE
94.79412015813723,100.88740302292219,110.08520356577947,95.78059846596521
