RMSE,NDCG,F1,MAE
95.47911147428246,99.29920950658453,112.59664110763853,95.34865300656608
