RMSE,NDCG,F1,MAE
98.74228458801393,103.92004602945333,125.19245293167165,100.91291949623403
