RMSE,NDCG,F1,MAE
96.17472711911222,101.4035691312861,113.48235711695307,96.57135112391339
