RMSE,NDCG,F1,MAE
86.95242156947141,96.21510951233095,96.44220539458038,87.50564078034388
