RMSE,NDCG,F1,MAE
87.0904315281351,94.21276046535571,93.10986295527036,86.84061065444821
