RMSE,NDCG,F1,MAE
90.85542268975644,96.7234658276648,98.35281552711866,90.09105446268853
