RMSE,NDCG,F1,MAE
86.56341926719848,95.40068175741686,97.38316419862852,87.21651307843715
