RMSE,NDCG,F1,MAE
0.031218231815233755,0.008002489298409077,0.051007390757459525,0.02370019589230765
