RMSE,NDCG,F1,MAE
0.9688312515290123,0.8902619205281861,0.7073170731707317,0.7731468909516565
