RMSE,NDCG,F1,MAE
0.9524045432588567,0.8956443941880782,0.7008849557522124,0.755771800208328
