RMSE,NDCG,F1,MAE
0.921186311443623,0.9036468834864873,0.751892346509672,0.7320716043160204
