RMSE,NDCG,F1,MAE
0.9322110732166694,0.8909006462492781,0.7288135593220338,0.7418370320649341
