RMSE,NDCG,F1,MAE
0.03662017831234288,0.0006387257210920261,0.021496486151302174,0.03130985888672233
