RMSE,NDCG,F1,MAE
1.015130673852355,0.8678149358748579,0.7293354943273906,0.7834516476476583
