RMSE,NDCG,F1,MAE
0.9592022471414747,0.8939636350822104,0.7358803986710963,0.7570807813787
