RMSE,NDCG,F1,MAE
0.055928426710880164,0.02614869920735252,0.006544904343705693,0.026370866268958237
