RMSE,NDCG,F1,MAE
0.9222207718934263,0.9022270211647782,0.7508474576271187,0.732012879347638
