RMSE,NDCG,F1,MAE
0.02990527421458189,0.00023505426178282995,0.04455375133341244,0.02295342962099267
