RMSE,NDCG,F1,MAE
0.9521260461080082,0.902462075426561,0.7062937062937062,0.7549663089686307
