RMSE,NDCG,F1,MAE
0.024048325200230813,0.01781091763572029,0.013223140495867813,0.0183351360156232
