RMSE,NDCG,F1,MAE
0.9671213509588968,0.8945643574811912,0.7272727272727273,0.7684809051507008
