RMSE,NDCG,F1,MAE
0.9911696761591277,0.8767534398454709,0.7140495867768595,0.786816041166324
