RMSE,NDCG,F1,MAE
89.0892847117663,98.11542584843879,83.19386580256145,87.42766221693097
