RMSE,NDCG,F1,MAE
88.38044186840173,96.08674572675446,84.15145005370567,87.14035534310621
