RMSE,NDCG,F1,MAE
89.82577978843254,97.2572433744275,83.99231436516494,88.64231138782527
