RMSE,NDCG,F1,MAE
89.15407186054153,97.99696943339707,85.47838886658639,87.63293988278149
