RMSE,NDCG,F1,MAE
89.39679411132227,97.60646025371734,84.41717791411043,88.12150330944321
