RMSE,NDCG,F1,MAE
89.02795984415435,97.77485445150548,85.75054934609642,87.66115687572119
