RMSE,NDCG,F1,MAE
89.82813207889873,97.04327927106033,84.33699495290276,88.62973744255898
