RMSE,NDCG,F1,MAE
90.23622779923566,97.35903356729254,84.76530482140578,89.030268170321
