RMSE,NDCG,F1,MAE
95.49209249265564,104.3061631164525,101.03630862329803,95.21319979485071
