RMSE,NDCG,F1,MAE
90.67624966205831,101.25603180301985,97.28195161890751,89.7143861124762
