RMSE,NDCG,F1,MAE
95.75503503300405,102.61899659215403,103.51645712608457,95.76055438046325
