RMSE,NDCG,F1,MAE
96.27496329277506,104.0545192050357,103.97214297700957,95.76073641837311
