RMSE,NDCG,F1,MAE
0.8679335578434872,0.9041863977129159,0.7016129032258065,0.6920778674261862
