RMSE,NDCG,F1,MAE
1.1235952773390636,0.8725837021399536,0.5619834710743802,0.8988328300467885
