RMSE,NDCG,F1,MAE
0.25566171949557637,0.03160269557296225,0.1396294321514263,0.20675496262060233
