RMSE,NDCG,F1,MAE
1.1309113022136237,0.8742838260942705,0.5900383141762452,0.9063537853627792
