RMSE,NDCG,F1,MAE
0.8805219882168609,0.8943012536372503,0.6965853658536585,0.7060138609434384
