RMSE,NDCG,F1,MAE
0.2503893139967628,0.02001742754297986,0.1065470516774133,0.2003399244193408
