RMSE,NDCG,F1,MAE
0.8489968547305001,0.9055871266874034,0.7190795781399808,0.6776488002064628
