RMSE,NDCG,F1,MAE
0.29183682855097903,0.03535461276042118,0.1370483281399808,0.2358867411798431
