RMSE,NDCG,F1,MAE
1.1408336832814792,0.8702325139269822,0.58203125,0.9135355413863059
