RMSE,NDCG,F1,MAE
0.8640951724241456,0.9056504558829878,0.720616570327553,0.6877207009923793
