RMSE,NDCG,F1,MAE
0.26613372949522496,0.03397036214154281,0.14022441346480785,0.21776210992698242
