RMSE,NDCG,F1,MAE
1.1302289019193705,0.871680093741445,0.5803921568627451,0.9054828109193617
