RMSE,NDCG,F1,MAE
0.8474019803343782,0.9057798948304236,0.7286384976525822,0.6736694222074636
