RMSE,NDCG,F1,MAE
0.300522797920324,0.04093199076040788,0.148485825896857,0.243825925530049
