RMSE,NDCG,F1,MAE
1.1479247782547022,0.8648479040700158,0.5801526717557252,0.9174953477375126
