RMSE,NDCG,F1,MAE
0.8568279711820936,0.9088695426748851,0.7196172248803828,0.6819651268558948
