RMSE,NDCG,F1,MAE
0.2654168321516195,0.045292241297830826,0.13858955689619312,0.21593899402191286
