RMSE,NDCG,F1,MAE
1.1222448033337131,0.8635773013770542,0.5810276679841897,0.8979041208778077
