RMSE,NDCG,F1,MAE
1.1416026670303674,0.8767504389229321,0.5813953488372093,0.9138659308234475
