RMSE,NDCG,F1,MAE
0.8497878807606125,0.9068667167871934,0.7239732569245463,0.6780442090574271
