RMSE,NDCG,F1,MAE
0.2918147862697549,0.0301162778642613,0.14257790808733695,0.23582172176602034
