RMSE,NDCG,F1,MAE
0.847470249726652,0.9040940032819693,0.7103174603174603,0.6792140106330382
