RMSE,NDCG,F1,MAE
1.1362210430418123,0.872166914066543,0.5539714867617108,0.9151039756614976
