RMSE,NDCG,F1,MAE
0.2887507933151603,0.03192708921542631,0.15634597355574953,0.23588996502845938
