RMSE,NDCG,F1,MAE
1.106240374195307,0.8008200030209766,0.5902980713033313,0.8660796103100842
