RMSE,NDCG,F1,MAE
1.0975500147373174,0.7517996186883209,0.5574338968357174,0.8655950534278827
