RMSE,NDCG,F1,MAE
0.008690359457989683,0.04902038433265565,0.032864174467613916,0.0004845568822015034
