RMSE,NDCG,F1,MAE
1.1094185888846704,0.7672014069551826,0.5713076597545493,0.8749776274341351
