RMSE,NDCG,F1,MAE
0.014294682732984176,0.027442651465735324,0.03212435985699125,0.006609352444747474
