RMSE,NDCG,F1,MAE
1.1237132716176546,0.7946440584209179,0.6034320196115406,0.8815869798788826
