RMSE,NDCG,F1,MAE
1.111638654425845,0.7998384383213799,0.6017126546146527,0.8723778447931547
