RMSE,NDCG,F1,MAE
1.1048162183489727,0.7522343473425882,0.5754001684919966,0.8720934914266953
