RMSE,NDCG,F1,MAE
0.006822436076872274,0.0476040909787917,0.02631248612265613,0.0002843533664593778
