RMSE,NDCG,F1,MAE
0.009477468165963066,0.04153299941116839,0.02804611998821227,0.002627919842521309
