RMSE,NDCG,F1,MAE
1.1055521249695637,0.7940871151289469,0.6033308099924299,0.8655679877722533
