RMSE,NDCG,F1,MAE
1.0960746568036006,0.7525541157177785,0.5752846900042177,0.862940067929732
