RMSE,NDCG,F1,MAE
1.1216645573656814,0.8005248732150883,0.6085185185185186,0.8770748269691021
