RMSE,NDCG,F1,MAE
0.006812524591541136,0.04803356105862955,0.018018928018928015,0.0001940755108544856
