RMSE,NDCG,F1,MAE
1.1148520327741402,0.7524913121564587,0.5904995904995906,0.8768807514582476
