RMSE,NDCG,F1,MAE
0.00819011055299157,0.045811450617088245,0.027550282733626585,0.0010564725185993051
