RMSE,NDCG,F1,MAE
1.1044967857763206,0.7513831340808514,0.5789915966386555,0.8696262214585594
