RMSE,NDCG,F1,MAE
1.1126868963293122,0.7971945846979397,0.6065418793722821,0.8706826939771587
