RMSE,NDCG,F1,MAE
1.104879066637955,0.7516379606266231,0.5756426464391066,0.8721420694193995
