RMSE,NDCG,F1,MAE
0.006825008250758602,0.04779833945528689,0.025460644411188227,0.00028340912999680334
