RMSE,NDCG,F1,MAE
1.1117040748887137,0.79943630008191,0.6011032908502948,0.8724254785493963
