RMSE,NDCG,F1,MAE
0.004952772046387555,0.042605084266183924,0.034424300093835236,0.00038240073719275625
