RMSE,NDCG,F1,MAE
1.1065866371247193,0.7977792739229689,0.5831671320303151,0.8724731245219424
