RMSE,NDCG,F1,MAE
1.1016338650783317,0.755174189656785,0.5487428319364799,0.8728555252591351
