RMSE,NDCG,F1,MAE
1.0648186172974758,0.8667252661604351,0.6206206206206206,0.8431121326867657
