RMSE,NDCG,F1,MAE
0.9269176294175182,0.8895401523108505,0.7036290322580645,0.7337438628779044
