RMSE,NDCG,F1,MAE
0.13790098787995764,0.02281488615041538,0.08300841163744388,0.10936826980886127
