RMSE,NDCG,F1,MAE
1.128924258530458,0.850526806053113,0.5859872611464968,0.8959189200285843
