RMSE,NDCG,F1,MAE
0.1402731142744893,0.020310774308358925,0.07057311522569343,0.12043634850730067
