RMSE,NDCG,F1,MAE
0.9886511442559687,0.870837580361472,0.6565603763721902,0.7754825715212836
