RMSE,NDCG,F1,MAE
1.0246821337978904,0.8233952828616244,0.6647398843930635,0.8166220827185122
