RMSE,NDCG,F1,MAE
1.1896213254733623,0.8344006374154276,0.5927342256214149,0.9402663105592688
