RMSE,NDCG,F1,MAE
0.16493919167547189,0.011005354553803137,0.07200565877164866,0.12364422784075657
