RMSE,NDCG,F1,MAE
0.9103275671757974,0.8914879470835378,0.7020738492665655,0.720696524766473
