RMSE,NDCG,F1,MAE
0.15201134397026161,0.01999009627638426,0.07270321989593609,0.12025662923017166
