RMSE,NDCG,F1,MAE
1.062338911146059,0.8714978508071536,0.6293706293706294,0.8409531539966446
