algorithm,value
itemKNN,0.0099799837876529
userKNN,0.0207741656280007
SVD,0.0284929009572175
AdaBoost,0.0288020391772493
BayesianRidge,0.0289447883363451
