algorithm,value
BIAS,0.0451410685247321
SVD,0.0452924648199365
userKNN,0.0460033967190134
BIASEDMF,0.0491927457117846
itemKNN,0.0497910825222581
