algorithm,value
userKNN,0.0389001927094084
SVD,0.0406869648900873
BIASEDMF,0.0417902028778649
itemKNN,0.0435716532119485
BIAS,0.0440349720451512
