algorithm,value
Bagging,0.0200174275429798
Ridge,0.0301162778642613
AdaBoost,0.0316026955729622
Tweedie,0.0319270892154263
GradientBoosting,0.0339703621415428
