algorithm,value
itemKNN,0.0003237417774439
Ridge,0.0107063866617896
BayesianRidge,0.0110850722361394
AdaBoost,0.0113314785927916
BIAS,0.0115404069951088
