algorithm,value
AdaBoost,0.0011856578699647
BIASEDMF,0.0012056503107744
itemKNN,0.0014449686772707
BayesianRidge,0.0029111738576238
Ridge,0.0034035279834006
