algorithm,value
SVD,0.0122460846052667
BIAS,0.0133938905809257
Bagging,0.0225984857329095
BIASEDMF,0.0234819501044779
userKNN,0.0243589851900215
