algorithm,value
BIAS,0.0014618312067835
BIASEDMF,0.003468374722613
SVD,0.005675819498914
LinearSVR,0.0089693484992596
Ridge,0.0154166301746474
