algorithm,value
userKNN,0.0092343970590434
BIAS,0.0132125745176362
BIASEDMF,0.0157146477621714
SVD,0.0198696635791724
itemKNN,0.0230162540772314
