algorithm,value
AdaBoost,0.0008874265492185
SVD,0.0012038562828472
Bagging,0.0021105540676121
RandomForest,0.002800268608486
BIAS,0.0038677193811441
