algorithm,value
Bagging,0.0190437052624062
userKNN,0.0195695239836857
RandomForest,0.0212359689367028
LinearSVR,0.0229859525463862
AdaBoost,0.0235780076657451
