algorithm,value
BIASEDMF,0.0105212548019317
itemKNN,0.0156894708014816
SVD,0.0178177754832603
BIAS,0.0179730945040702
userKNN,0.019033739971522
