algorithm,value
BIASEDMF,0.0332205909815398
BayesianRidge,0.0361018497539256
Ridge,0.0361356591310627
itemKNN,0.0362958218478017
LinearSVR,0.0378319615909952
