algorithm,value
SVD,0.0003729953995503
GradientBoosting,0.0005791833551611
BIASEDMF,0.0017828541922843
BIAS,0.0018350584159338
Bagging,0.0020735411337158
