algorithm,value
userKNN,0.0011711379292997
BIAS,0.0022093408401313
SVD,0.0023461984355681
GradientBoosting,0.003241312394779
Tweedie,0.0033492501277729
