algorithm,value
userKNN,0.0027902145713789
BIAS,0.0038042174803678
Bagging,0.007588448509434
itemKNN,0.0085303799777488
SVD,0.008873946812815
