algorithm,value
LinearSVR,0.0305028424031947
AdaBoost,0.0308790434218177
Tweedie,0.0317306932444301
Ridge,0.0320865518554638
BayesianRidge,0.0325978552868647
