algorithm,value
BIASEDMF,0.0002458300288845
userKNN,0.0009116056639582
BIAS,0.003019021187655
SVD,0.0045956524721226
Bagging,0.0056640918833683
