algorithm,value
SVD,0.0002350542617828
BIASEDMF,0.000638725721092
BIAS,0.008002489298409
Bagging,0.0177456360765476
userKNN,0.0178109176357202
