algorithm,value
BIAS,0.0381952064896206
Bagging,0.0392886576002073
SVD,0.0499135069259658
userKNN,0.0512533620073252
GradientBoosting,0.0525096312321337
