algorithm,georisk
SVD,0.7657325937797801
BIASEDMF,0.7697042170334307
NMF,0.7592490815791988
StochasticItemKNN,0.7376938541372703
BayesianRidge,0.7142567228106337
Tweedie,0.7122491981354068
Ridge,0.714234109948262
RandomForest,0.7137279718129539
Bagging,0.7095385616583568
AdaBoost,0.7141772481080322
GradientBoosting,0.7144005345194501
LinearSVR,0.7132928872142564
