algorithm,georisk
SVD,0.7824318383632443
BIASEDMF,0.787103007653068
NMF,0.7741044791077538
StochasticItemKNN,0.7468997163706154
BayesianRidge,0.7216514715318254
Tweedie,0.7210080160533533
Ridge,0.7216168427543014
RandomForest,0.7216499403201811
Bagging,0.7179707131013668
AdaBoost,0.7220664759047793
GradientBoosting,0.722542816667677
LinearSVR,0.7194680578968843
