RMSE,NDCG,F1,MAE
82.46590629822431,96.00236054076089,82.22257898792705,82.94291358706492
