RMSE,NDCG,F1,MAE
83.08706843346384,94.30101988150473,80.44414925322299,81.28730609822486
