RMSE,NDCG,F1,MAE
80.86935629040477,99.41396790185874,80.4127940131862,80.73602697926323
