RMSE,NDCG,F1,MAE
81.14660113630944,94.01256147453132,81.86719731601036,81.466254601242
