RMSE,NDCG,F1,MAE
0.039402174999905726,0.005384110963760458,0.021922189825492877,0.03669421549337459
