RMSE,NDCG,F1,MAE
0.991210190609793,0.891640819806341,0.6826232647199617,0.7958166789133209
