RMSE,NDCG,F1,MAE
0.9518080156098873,0.8862567088425806,0.7045454545454546,0.7591224634199463
