RMSE,NDCG,F1,MAE
1.5430730760194113,0.8664743654960786,0.6002034587995931,1.1268331379881067
