RMSE,NDCG,F1,MAE
0.4687120300491605,0.008905488442328302,0.07194695248125293,0.27434922076295154
