RMSE,NDCG,F1,MAE
1.0743610459702508,0.8575688770537503,0.6721504112808461,0.8524839172251552
