RMSE,NDCG,F1,MAE
0.5098130048404541,0.02514404004798665,0.11084908461413334,0.30789883612259417
