RMSE,NDCG,F1,MAE
1.0555319939587182,0.8363751410495711,0.6800422386483632,0.8439655770817304
