RMSE,NDCG,F1,MAE
1.5653449987991723,0.8112311010015845,0.5691931540342299,1.1518644132043245
