RMSE,NDCG,F1,MAE
0.035537370799308965,0.006966306070041561,0.028963050861863238,0.03457742462099467
