RMSE,NDCG,F1,MAE
0.9434395719801609,0.8883925049896029,0.7074829931972789,0.753791568827761
