RMSE,NDCG,F1,MAE
0.9789769427794699,0.8953588110596444,0.6785199423354157,0.7883689934487557
