RMSE,NDCG,F1,MAE
108.89235646076439,103.80641804076627,107.92051322171805,109.15906495382966
