RMSE,NDCG,F1,MAE
109.07005619765002,102.84795261229527,108.71828160315344,109.40667180990438
