RMSE,NDCG,F1,MAE
108.90181613873028,103.70352074254741,106.2471864913272,109.40999336401222
