RMSE,NDCG,F1,MAE
109.03797026231605,104.78483559631006,107.23863074641622,109.2513506719366
