RMSE,NDCG,F1,MAE
108.88642580257522,103.61533418482625,106.74800251964326,108.896537377316
