RMSE,NDCG,F1,MAE
108.79018075597455,104.15898067876095,107.19356994875513,109.15326554940216
