RMSE,NDCG,F1,MAE
108.91390305788387,103.86268616821106,106.80112385219596,109.41848739919469
