RMSE,NDCG,F1,MAE
108.17177044584972,103.85256447829761,106.58611157647849,108.84244887421764
