RMSE,NDCG,F1,MAE
1.005085666267019,0.8908674739285148,0.6779156327543424,0.8066239607376745
