RMSE,NDCG,F1,MAE
0.07910583471893617,0.009475578693610931,0.02123690961853897,0.064957593060747
