RMSE,NDCG,F1,MAE
0.9259798315480827,0.8813918952349039,0.6991525423728814,0.7416663676769275
