RMSE,NDCG,F1,MAE
0.5980345890969931,0.04218573547683979,0.10743709226467846,0.388529234876821
