RMSE,NDCG,F1,MAE
0.9846296335289066,0.8423397373934283,0.7005405405405405,0.7750360826765172
