RMSE,NDCG,F1,MAE
1.5826642226258998,0.8845254728702681,0.593103448275862,1.1635653175533383
