RMSE,NDCG,F1,MAE
1.5980383212526315,0.8151631744729495,0.5816894284269094,1.1731020085047037
