RMSE,NDCG,F1,MAE
1.032277112493749,0.8422740022163362,0.6471734892787524,0.8248727041560179
