RMSE,NDCG,F1,MAE
0.5657612087588824,0.02711082774338669,0.065484060851843,0.3482293043486858
