RMSE,NDCG,F1,MAE
0.9909047321217207,0.8978126794159158,0.6832669322709163,0.7972327109314091
