RMSE,NDCG,F1,MAE
0.06991136967314915,0.008009156997588973,0.012201982376080611,0.05688579870568056
