RMSE,NDCG,F1,MAE
0.9209933624485716,0.8898035224183268,0.6954689146469969,0.7403469122257286
