RMSE,NDCG,F1,MAE
94.01730380616047,101.36775171870345,91.6460646442885,93.05293326466952
