RMSE,NDCG,F1,MAE
94.20976831927953,103.17225273711676,90.62535253638175,93.23351743605153
