RMSE,NDCG,F1,MAE
94.08623735785028,101.18763992634427,91.42690685768135,93.65126503753017
