RMSE,NDCG,F1,MAE
94.16336013075576,101.7844027826778,91.07658836727062,93.17953187176678
