RMSE,NDCG,F1,MAE
94.54410490296748,100.9047766028295,92.5709696520088,94.22279458199546
