RMSE,NDCG,F1,MAE
94.1864608945885,100.57058888123704,90.40434185731218,93.18437738111331
