RMSE,NDCG,F1,MAE
94.0874798180112,101.03811250023097,91.38703675720599,93.65526742797043
