RMSE,NDCG,F1,MAE
94.52308738155443,102.20594613685823,90.55035940330464,94.08661154985093
