RMSE,NDCG,F1,MAE
96.27327841437432,99.36722204169453,100.99502487562188,96.01554809608001
