RMSE,NDCG,F1,MAE
92.57114564224938,101.74268125564564,97.18442621218462,91.15570818866419
