RMSE,NDCG,F1,MAE
98.07135506832891,100.60967623521688,112.10497944882421,100.61422655671231
