RMSE,NDCG,F1,MAE
97.58269498326958,99.29350146238444,100.66690744127298,97.51000906206025
