RMSE,NDCG,F1,MAE
0.025563431548198068,0.02725542380916668,0.051004396703788535,0.011204910722151573
