RMSE,NDCG,F1,MAE
0.02781271722720491,0.023041363651599034,0.05985920873753514,0.013198595041202243
