RMSE,NDCG,F1,MAE
0.9055678373082081,0.8813362741007483,0.7181818181818181,0.7018719216959004
