RMSE,NDCG,F1,MAE
0.9187091070582223,0.8733584783460819,0.7001642036124794,0.7179711113314423
