RMSE,NDCG,F1,MAE
0.8908963898310174,0.896399841997681,0.7600234123500146,0.7047725162902401
