RMSE,NDCG,F1,MAE
0.88000440576001,0.908591697909915,0.7691862148856067,0.6906670109737488
