RMSE,NDCG,F1,MAE
0.9159107403656268,0.9053710137342457,0.75420383096944,0.7078167356364713
