RMSE,NDCG,F1,MAE
0.9016322876822914,0.8711948107381455,0.7235561323815705,0.702041103788848
