RMSE,NDCG,F1,MAE
0.014278452683335385,0.034176202996100136,0.030647698587869532,0.005775631847623308
