RMSE,NDCG,F1,MAE
0.8839724002751015,0.903354203394969,0.7617376042123738,0.6972123768066927
