RMSE,NDCG,F1,MAE
0.02573315337398674,0.021223341938475304,0.0506410841861098,0.009246122120869504
