RMSE,NDCG,F1,MAE
0.9097055536490882,0.8821308614564937,0.711096520026264,0.7064584989275622
