RMSE,NDCG,F1,MAE
0.00639129589548304,0.027281077574494605,0.03914822263080597,0.0010743781271603803
