RMSE,NDCG,F1,MAE
0.948371577495271,0.8699519380218043,0.7138403990024937,0.7350922710788473
