RMSE,NDCG,F1,MAE
0.941980281599788,0.8972330155962989,0.7529886216332997,0.734017892951687
