RMSE,NDCG,F1,MAE
0.8990768649495867,0.8737502021894064,0.6723891273247496,0.7111650875983334
