RMSE,NDCG,F1,MAE
0.011224583085108653,0.015264344222914339,0.07865398811335889,0.005746769324029288
