RMSE,NDCG,F1,MAE
0.8878522818644781,0.8890145464123207,0.7510431154381085,0.7054183182743041
