RMSE,NDCG,F1,MAE
0.013643236809627202,0.012557618265874981,0.07544194253280934,0.014585901690868486
