RMSE,NDCG,F1,MAE
0.9038598142604091,0.8863926298297703,0.7430397078959379,0.7158614885328266
