RMSE,NDCG,F1,MAE
0.9175030510700363,0.8738350115638953,0.6675977653631285,0.7304473902236951
