RMSE,NDCG,F1,MAE
0.012699275187063042,0.0162918459381568,0.08183103984496487,0.009168095642623109
