RMSE,NDCG,F1,MAE
0.8977358374797462,0.8724170768402028,0.6779661016949152,0.7045792902846634
