RMSE,NDCG,F1,MAE
0.8850365622926831,0.8887089227783596,0.7597971415398801,0.6954111946420403
