RMSE,NDCG,F1,MAE
0.8963831761989861,0.8796781826648871,0.6842837273991655,0.7048875097834253
