RMSE,NDCG,F1,MAE
0.011958397989498382,0.008278155820000799,0.07167957535312808,0.00770882105645998
