RMSE,NDCG,F1,MAE
0.8844247782094877,0.8879563384848879,0.7559633027522936,0.6971786887269653
