RMSE,NDCG,F1,MAE
0.8999841425334423,0.8731090354707646,0.6894664842681258,0.7047828716256183
