RMSE,NDCG,F1,MAE
0.883354037634337,0.8893496829533916,0.7684069611780455,0.6902106929631092
