RMSE,NDCG,F1,MAE
0.016630104899105325,0.01624064748262699,0.07894047690991968,0.014572178662509039
