RMSE,NDCG,F1,MAE
0.015995022173007634,0.01937494551386132,0.0904901175317554,0.011316614990987461
