RMSE,NDCG,F1,MAE
0.8837717041584499,0.8913679982827718,0.7599816429554842,0.6967999503484246
