RMSE,NDCG,F1,MAE
0.8997667263314575,0.8719930527689105,0.6694915254237288,0.708116565339412
