RMSE,NDCG,F1,MAE
0.8978973088133309,0.8742564036579267,0.6807909604519774,0.7048073767730534
