RMSE,NDCG,F1,MAE
0.885070098828906,0.8882719058606925,0.7592250922509225,0.6953210039466153
