RMSE,NDCG,F1,MAE
0.012827209984424881,0.014015502202765817,0.0784341317989451,0.00948637282643805
