RMSE,NDCG,F1,MAE
0.8896335728854509,0.8900401745002442,0.7438966012446147,0.699930030302819
