RMSE,NDCG,F1,MAE
0.015433785912985387,0.0169256861629431,0.10125395860197206,0.009771632853511791
