RMSE,NDCG,F1,MAE
0.9050673587984363,0.8731144883373011,0.6426426426426426,0.7097016631563308
