RMSE,NDCG,F1,MAE
0.8407779829676624,0.9005051090189758,0.7076537013801757,0.6592201317270485
