RMSE,NDCG,F1,MAE
0.0123383035053517,0.0027035224081064513,0.010094247911397791,0.010869967236020184
