RMSE,NDCG,F1,MAE
0.8531162864730141,0.9032086314270823,0.7177479492915735,0.6700900989630687
