RMSE,NDCG,F1,MAE
0.851779271609997,0.9004801692803156,0.7270104579877389,0.6684283957623912
