RMSE,NDCG,F1,MAE
0.009452338298043483,0.0010347664475420792,0.004833366192450561,0.006803031330904319
