RMSE,NDCG,F1,MAE
0.8423269333119535,0.8994454028327735,0.7221770917952883,0.6616253644314869
