RMSE,NDCG,F1,MAE
0.833984519381397,0.9069648391998466,0.7361338425168212,0.6550056124180179
