RMSE,NDCG,F1,MAE
0.8211916798331188,0.9102711666388678,0.7286184210526315,0.6423554122004216
