RMSE,NDCG,F1,MAE
0.012792839548278145,0.0033063274390211506,0.007515421464189709,0.01265020021759633
