RMSE,NDCG,F1,MAE
0.8343484909219633,0.9078961343688802,0.7394836613107059,0.6540395820922492
