RMSE,NDCG,F1,MAE
0.8251254807129548,0.9107306352409359,0.7275693311582382,0.6431781520318283
