RMSE,NDCG,F1,MAE
0.009223010209008509,0.002834500872055723,0.011914330152467678,0.010861430060420951
