RMSE,NDCG,F1,MAE
0.8359491105337075,0.9060647479808079,0.7462262475581601,0.6525781536995463
