RMSE,NDCG,F1,MAE
0.013441360562911675,0.0044066558773198095,0.012892914224826857,0.011799942918535034
