RMSE,NDCG,F1,MAE
0.8225077499707958,0.9104714038581277,0.7333333333333333,0.6407782107810113
