RMSE,NDCG,F1,MAE
0.8375803413172999,0.908946426061681,0.7363652835658634,0.6555070686447677
