RMSE,NDCG,F1,MAE
0.8281245360010064,0.9103694286840098,0.7289033836119038,0.644413407976656
