RMSE,NDCG,F1,MAE
0.00945580531629342,0.0014230026223288617,0.007461899953959628,0.011093660668111682
