RMSE,NDCG,F1,MAE
0.8211156001300168,0.9110071403264904,0.7286184210526315,0.6422879730045153
