RMSE,NDCG,F1,MAE
0.8339848032182798,0.9068962289037937,0.7363636363636363,0.6549999201850083
