RMSE,NDCG,F1,MAE
0.012869203088263004,0.004110911422696706,0.007745215311004805,0.012711947180492955
