RMSE,NDCG,F1,MAE
0.009653788655875184,0.00327172928084718,0.015771437644163555,0.010849285705403111
