RMSE,NDCG,F1,MAE
0.8361503421328187,0.9096249868106046,0.6976744186046512,0.6570345178811766
