RMSE,NDCG,F1,MAE
0.8458041307886939,0.9063532575297574,0.7134458562488147,0.6678838035865797
