RMSE,NDCG,F1,MAE
105.99786340979675,99.5580947289189,100.02825213621529,106.54948202952694
