RMSE,NDCG,F1,MAE
105.25294361187392,98.5701852770859,101.68498529217878,106.21108095594185
