RMSE,NDCG,F1,MAE
104.5000997419771,99.39235581869413,95.48706053173974,103.30540852659256
