RMSE,NDCG,F1,MAE
105.68052792018597,99.55103373492567,101.73212992128096,106.74460748453531
