RMSE,NDCG,F1,MAE
93.96746861161053,101.58162627383504,96.44074724704944,93.86569820109524
