RMSE,NDCG,F1,MAE
89.10465442653273,101.94177153411206,91.4234534599941,89.33306471868646
