RMSE,NDCG,F1,MAE
92.11096801300698,101.6793213484212,96.02501733807036,92.48052763935176
