RMSE,NDCG,F1,MAE
94.9226739413165,101.02671755836377,97.54666450057697,94.73832900320157
