RMSE,NDCG,F1,MAE
1.1854390483698145,0.7037453636366806,0.6145833333333334,0.9348724579595833
