RMSE,NDCG,F1,MAE
0.1288125691813402,0.09977257215551527,0.014389722491126244,0.0893786330022639
