RMSE,NDCG,F1,MAE
0.09605006140527905,0.06196606998797993,0.04445373090301252,0.0709383185702912
