RMSE,NDCG,F1,MAE
1.1659682961658668,0.7286047246274208,0.6294416243654822,0.9254175940273329
