RMSE,NDCG,F1,MAE
1.0699182347605878,0.7905707946154007,0.5849878934624697,0.8544792754570417
