RMSE,NDCG,F1,MAE
1.1993265808315157,0.7064376967546366,0.6137566137566137,0.9419917846870499
