RMSE,NDCG,F1,MAE
0.13074514860855269,0.10130134077606734,0.018262000632225828,0.09168294764239371
