RMSE,NDCG,F1,MAE
1.068581432222963,0.807739037530704,0.5954946131243879,0.8503088370446562
