RMSE,NDCG,F1,MAE
0.13410195369301614,0.07878969741995612,0.011482131241252858,0.09359537221839109
