RMSE,NDCG,F1,MAE
1.0574140501057703,0.8006428263626438,0.607074569789675,0.8411601270663593
