RMSE,NDCG,F1,MAE
1.1915160037987864,0.7218531289426877,0.6185567010309279,0.9347554992847504
