RMSE,NDCG,F1,MAE
1.0761335742872584,0.8082740720741317,0.6100238663484487,0.8530378601830533
