RMSE,NDCG,F1,MAE
0.13832365679106884,0.09527612144387798,0.0013750973821211598,0.10051792895740563
