RMSE,NDCG,F1,MAE
1.2144572310783273,0.7129979506302537,0.6113989637305699,0.9535557891404589
