RMSE,NDCG,F1,MAE
0.13954461525260187,0.08943556475283854,0.006881904624370994,0.09656821797846282
