RMSE,NDCG,F1,MAE
1.0557361210071337,0.8036441126403462,0.6045170591061989,0.8410990281041627
