RMSE,NDCG,F1,MAE
1.1952807362597355,0.7142085478875076,0.6113989637305699,0.9376672460826255
