RMSE,NDCG,F1,MAE
1.068949055850593,0.8081535329781141,0.5954946131243879,0.8505243002943597
