RMSE,NDCG,F1,MAE
0.13052568688160293,0.10171583622347746,0.018262000632225828,0.09176276572229947
