RMSE,NDCG,F1,MAE
1.199474742732196,0.7064376967546366,0.6137566137566137,0.9422870660166591
