RMSE,NDCG,F1,MAE
1.052448535667538,0.8027466436394546,0.576530612244898,0.8442751317024093
