RMSE,NDCG,F1,MAE
1.18529196330691,0.7129979506302537,0.6054054054054054,0.9317129352513073
