RMSE,NDCG,F1,MAE
0.13284342763937196,0.08974869300920085,0.02887479316050745,0.08743780354889796
