algorithm,georisk
SVD,1.0033090112925844
BIASEDMF,1.0061201646451683
NMF,0.997581620353187
StochasticItemKNN,0.976100608267654
BayesianRidge,0.9590901562654753
Tweedie,0.958207176000947
Ridge,0.9590393754599814
RandomForest,0.9592190617897967
Bagging,0.9566733566885841
AdaBoost,0.9572905136851935
GradientBoosting,0.9576260096408032
LinearSVR,0.9576818255943311
