RMSE,NDCG,F1,MAE
0.9678339379939506,0.8933191842308177,0.6561859193438141,0.7642137916313864
