RMSE,NDCG,F1,MAE
0.9516431239047113,0.9005187489640033,0.6607989167230873,0.7554452038739445
