RMSE,NDCG,F1,MAE
0.9015846143725907,0.8961108542774927,0.7422360248447205,0.7084644057013767
