RMSE,F1,MAE
0.07099724193512769,0.0793596242517971,0.058967557394008496
