RMSE,NDCG,F1,MAE
0.06624932362135982,0.002791670046675021,0.08605010550090642,0.055749385930009665
