RMSE,NDCG,F1,MAE
0.9000327832132199,0.8914103391848165,0.7622047244094489,0.6974493872098947
