RMSE,NDCG,F1,MAE
0.051610340691491396,0.00910840977918681,0.10140580768636154,0.05799581666404985
