RMSE,F1,MAE
0.0540282701007474,0.09883469266357625,0.061385389109798294
