RMSE,F1,MAE
0.9692223586616504,0.6699029126213593,0.764270915267234
