RMSE,F1,MAE
0.9519245940981808,0.6694762191450934,0.7554611796291838
