RMSE,F1,MAE
0.8978963239974334,0.7683109118086696,0.6940757905193855
