RMSE,NDCG,F1,MAE
0.9044031690853209,0.8820472637996656,0.7708649468892261,0.7000149630166442
