RMSE,NDCG,F1,MAE
0.10529970828203306,0.010138998905017238,0.11769355687573091,0.09305478066826167
