RMSE,NDCG,F1,MAE
1.009702877367354,0.8921862627046828,0.6531713900134952,0.7930697436849059
