RMSE,F1,MAE
0.10768302163243415,0.11182932599251583,0.09498309013617623
