RMSE,F1,MAE
0.902560741969189,0.7685459940652819,0.7007771931898696
