RMSE,NDCG,F1,MAE
0.9048985391097812,0.8847775269190833,0.7625,0.7047665445180943
