RMSE,NDCG,F1,MAE
0.04562047962472959,0.017584024023689415,0.09809322033898304,0.04835669362820738
