RMSE,NDCG,F1,MAE
0.9505190187345108,0.9023615509427727,0.6644067796610169,0.7531232381463017
