RMSE,F1,MAE
0.950767799630258,0.6738999397227246,0.7531078438725958
