RMSE,F1,MAE
0.04820705766106903,0.09464605434255735,0.05233065068272613
