RMSE,NDCG,F1,MAE
0.9045497335731967,0.880946844170007,0.7401574803149606,0.7145723620127302
