RMSE,F1,MAE
0.9023514312810955,0.7443946188340808,0.7121270739251265
