RMSE,F1,MAE
1.0358315887026874,0.6611177170035671,0.8190094481884889
