RMSE,NDCG,F1,MAE
1.0373224702102695,0.878667351611543,0.6501340482573726,0.8209212699473125
