RMSE,NDCG,F1,MAE
0.13277273663707279,0.002279492558464047,0.090023432057588,0.10634890793458229
