RMSE,NDCG,F1,MAE
1.0899198954526834,0.7834657290221422,0.6144756277695717,0.8761805679142689
