RMSE,NDCG,F1,MAE
1.1189218629356308,0.8131932859495667,0.49607535321821034,0.8888126547955612
