RMSE,NDCG,F1,MAE
0.029001967482947366,0.02972755692742457,0.11840027455136132,0.012632086881292248
