RMSE,NDCG,F1,MAE
1.1355888954552857,0.8186645045763824,0.5520231213872833,0.8947723986974909
