RMSE,NDCG,F1,MAE
1.1031905448103432,0.772699703060277,0.6394332939787485,0.8816193611897178
