RMSE,NDCG,F1,MAE
0.032398350644942564,0.04596480151610538,0.08741017259146522,0.01315303750777308
