RMSE,NDCG,F1,MAE
0.03273055742331499,0.020435900186604128,0.14284826985788512,0.015257803916341683
