RMSE,NDCG,F1,MAE
1.0977611832126564,0.783922907679219,0.6465740522721921,0.8744260881326944
