RMSE,NDCG,F1,MAE
1.0896805965658418,0.7833494045362642,0.6425721661581788,0.8731246266349733
