RMSE,NDCG,F1,MAE
0.03239867031268151,0.02694414865727135,0.1358255394715221,0.01436497353021815
