RMSE,NDCG,F1,MAE
1.1220792668785233,0.8102935531935356,0.5067466266866567,0.8874896001651914
