RMSE,NDCG,F1,MAE
1.1468838281865221,0.8050410621884261,0.5308464849354376,0.8986674718832723
