RMSE,NDCG,F1,MAE
1.1110397808558348,0.7836623785321208,0.6545788386504475,0.881842020026889
