RMSE,NDCG,F1,MAE
0.035844047330687356,0.021378683656305242,0.1237323537150099,0.01682545185638329
