RMSE,NDCG,F1,MAE
0.0357232272313619,0.03365066711550213,0.13548718889487799,0.01728775245736658
