RMSE,NDCG,F1,MAE
1.089048942099181,0.7834031638349671,0.6480055983205039,0.871192681095067
