RMSE,NDCG,F1,MAE
1.1247721693305428,0.8170538309504692,0.5125184094256259,0.8884804335524336
