RMSE,NDCG,F1,MAE
0.03256463253877451,0.020493509769280105,0.14445849846811143,0.015165222596339123
