RMSE,NDCG,F1,MAE
1.098065517822697,0.783865298096543,0.6459510357815442,0.8746529105831644
