RMSE,NDCG,F1,MAE
1.1306301503614715,0.8043588078658231,0.5014925373134328,0.8898181331795035
