RMSE,NDCG,F1,MAE
1.0954110056200086,0.7816996314517672,0.6273080660835763,0.8744975366879811
