RMSE,NDCG,F1,MAE
1.1199585924938618,0.8055457892329342,0.5007776049766719,0.8842199839840542
