RMSE,NDCG,F1,MAE
0.024547586873853167,0.023846157781166943,0.12653046110690436,0.009722447296073078
