RMSE,NDCG,F1,MAE
86.93673038744359,97.16155729612507,89.33028500704782,87.00132507365865
