RMSE,NDCG,F1,MAE
85.98104621720435,98.04101302736103,87.66183657720997,85.23416616408895
