RMSE,NDCG,F1,MAE
87.11610016234204,99.9675175371402,89.44955976058709,87.32578029203233
