RMSE,NDCG,F1,MAE
85.98237525110817,98.2425229210888,90.32470932526164,86.01428503373903
