RMSE,NDCG,F1,MAE
1.065374500696042,0.8542098394593445,0.6491228070175439,0.8335287479853136
