RMSE,NDCG,F1,MAE
0.13900557355716836,0.033602733627077774,0.023946420673532587,0.10414407597238717
