RMSE,NDCG,F1,MAE
0.9263689271388736,0.8878125730864223,0.6730692276910765,0.7293846720129264
