RMSE,NDCG,F1,MAE
0.14657868251867323,0.05056288282517141,0.04502578225356901,0.11851199337469476
