RMSE,NDCG,F1,MAE
1.1354266630842607,0.8231331603830911,0.6084558823529411,0.9005888515241388
