RMSE,NDCG,F1,MAE
0.9888479805655874,0.8736960432082626,0.6534816646065101,0.782076858149444
