RMSE,NDCG,F1,MAE
1.042326216562059,0.8322502551981775,0.6452599388379205,0.8122943037256047
