RMSE,NDCG,F1,MAE
1.1472361095289658,0.8049812911872624,0.6346313173156587,0.9016370255295645
