RMSE,NDCG,F1,MAE
0.10490989296690678,0.027268964010915164,0.01062862152226185,0.08934272180395975
