RMSE,NDCG,F1,MAE
1.0517803282156193,0.8512997440377857,0.6614853195164075,0.8252297732329124
