RMSE,NDCG,F1,MAE
0.9104570152832029,0.8923413631387409,0.6792604501607717,0.7197366330988402
