RMSE,NDCG,F1,MAE
0.1413233129324164,0.04104161910095516,0.0177751306443642,0.10549314013407218
