RMSE,F1,MAE
1.0249533632870171,0.7,0.8520490873841619
