RMSE,NDCG,F1,MAE
1.0249533632870171,0.8557655480780956,0.7,0.8520490873841619
