RMSE,NDCG,F1,MAE
0.19139930398824112,0.06825613547806775,0.11009879253567512,0.18374966867585096
