RMSE,NDCG,F1,MAE
0.833554059298776,0.9240216835561633,0.8100987925356751,0.6682994187083109
