RMSE,F1,MAE
0.8384289250736784,0.8032786885245902,0.672306225473865
