RMSE,NDCG,F1,MAE
0.8513771352055333,0.9201375224323706,0.786697247706422,0.6764657332793109
