RMSE,NDCG,F1,MAE
0.18254123125412303,0.06822420428697129,0.11362032462949889,0.1825466472695758
