RMSE,F1,MAE
1.0135993286488867,0.6834170854271356,0.8262905555276384
