RMSE,NDCG,F1,MAE
0.8217376520122461,0.9227830124664236,0.8031674208144797,0.6395315078369147
