RMSE,NDCG,F1,MAE
0.19186167663664055,0.05437771242656719,0.11975033538734403,0.1867590476907237
