RMSE,F1,MAE
0.8498777141943288,0.7841658812441094,0.6701796602022912
