RMSE,NDCG,F1,MAE
0.17574669488607275,0.05253217469649352,0.10163155393632195,0.17497192841150255
