RMSE,F1,MAE
0.1699665813708331,0.09257709619738042,0.17191321269581195
