RMSE,NDCG,F1,MAE
0.8440976006790891,0.9248080719303567,0.7932203389830509,0.6671209444866006
