RMSE,NDCG,F1,MAE
1.0147906513103049,0.8825031617486117,0.7115384615384616,0.8206216541703683
