RMSE,NDCG,F1,MAE
0.18983327795643057,0.041616544132790145,0.09469761863971216,0.18206335503068072
