RMSE,NDCG,F1,MAE
0.8249573733538743,0.9241197058814018,0.8062360801781737,0.6385582991396875
