RMSE,NDCG,F1,MAE
1.0166597327506088,0.854474586270202,0.6896551724137931,0.8391477676650269
