RMSE,NDCG,F1,MAE
0.18883094692287805,0.06745725777518441,0.11708640061991471,0.18315640752862417
