RMSE,NDCG,F1,MAE
0.8278287858277308,0.9219318440453864,0.8067415730337079,0.6559913601364027
