RMSE,NDCG,F1,MAE
0.19084336050213668,0.043066012638244944,0.11975033538734403,0.1867635739323048
