RMSE,NDCG,F1,MAE
0.8217988441853179,0.9231309614724343,0.8031674208144797,0.6391552242741073
