RMSE,NDCG,F1,MAE
0.1983489739685903,0.0584429839827072,0.12946883337375703,0.19088602564561596
