RMSE,F1,MAE
0.8297610597836773,0.7776708373435997,0.64992955537064
