RMSE,NDCG,F1,MAE
0.8243779739306129,0.922888423602265,0.7926267281105991,0.6437826178032231
