RMSE,NDCG,F1,MAE
103.83073390028778,99.37959687315264,102.05996330391318,104.92820448271485
