RMSE,NDCG,F1,MAE
103.7072229966839,99.61856286227096,102.31049616178174,104.7208277297114
