RMSE,NDCG,F1,MAE
103.1765480875261,97.80438891830009,99.0206201432129,103.52578874408003
