RMSE,NDCG,F1,MAE
104.23996306572985,100.18478050084856,103.40617597823778,105.4034188492698
