RMSE,NDCG,F1,MAE
0.9056668825692742,0.8857826801732748,0.7176981541802389,0.7085747593902525
