RMSE,NDCG,F1,MAE
0.015088799875039749,0.006673774450658643,0.025523536409872816,0.015594032470529373
