RMSE,NDCG,F1,MAE
0.8717359139559417,0.8987989500560456,0.7414220021223912,0.6801812172971774
