RMSE,NDCG,F1,MAE
0.012342900937815982,0.0019465429694528469,0.013210728397814231,0.01157482756592243
