RMSE,NDCG,F1,MAE
0.8905780826942344,0.8924564546239334,0.7432216905901117,0.6929807269197231
