RMSE,NDCG,F1,MAE
0.8593930130181258,0.9007454930254984,0.7546327305202054,0.668606389731255
