RMSE,NDCG,F1,MAE
0.8642085412846345,0.9005760222020716,0.75456570155902,0.6722919362256039
