RMSE,NDCG,F1,MAE
0.8629310631080863,0.9016174002567561,0.7411449016100179,0.6745909263810016
