RMSE,NDCG,F1,MAE
0.001277478176548219,0.0010413780546845164,0.013420799949002138,0.0022989901553976955
