RMSE,NDCG,F1,MAE
0.8901817070237872,0.8919119890020738,0.7241752298539751,0.6951310192763063
