RMSE,NDCG,F1,MAE
0.8708816185903481,0.9018358693577007,0.7538461538461538,0.6779720860583057
