RMSE,NDCG,F1,MAE
0.01930008843343911,0.009923880355626857,0.029670923992178744,0.01715893321800055
