RMSE,NDCG,F1,MAE
0.9099621909765048,0.8932984909706383,0.7458768091551666,0.7090767668716657
