RMSE,NDCG,F1,MAE
0.01800075232275078,0.004073870111562683,0.0067583108268921555,0.01847651701648645
