RMSE,NDCG,F1,MAE
0.891961438653754,0.897372361082201,0.7526351199820588,0.6906002498551792
