algorithm,georisk
SVD,1.0038066663782015
BIASEDMF,1.006420490243918
NMF,0.9977969360881385
StochasticItemKNN,0.973904760715421
BayesianRidge,0.9598997951868111
Tweedie,0.9590135193277268
Ridge,0.959857615933998
RandomForest,0.959893559661796
Bagging,0.9569503881920615
AdaBoost,0.9589641125032191
GradientBoosting,0.9589629896078636
LinearSVR,0.9583852172035187
