algorithm,georisk
SVD,1.0155229637749548
BIASEDMF,1.0181520032737628
NMF,1.0074453825797183
StochasticItemKNN,0.9805441714191029
BayesianRidge,0.9648620541191898
Tweedie,0.9642793057899159
Ridge,0.9648008811438668
RandomForest,0.9659892628774975
Bagging,0.962663198113992
AdaBoost,0.9657930708255473
GradientBoosting,0.9655216570179982
LinearSVR,0.9620083639570575
