RMSE,NDCG,F1,MAE
99.69265803050384,102.74278042873817,118.80576936176008,98.47112941895817
