RMSE,NDCG,F1,MAE
100.93720394635896,100.13561153329479,117.29303758225494,100.18399983194621
