RMSE,NDCG,F1,MAE
101.12121173942896,103.11523659987823,115.82971957213068,100.0769810111545
