RMSE,NDCG,F1,MAE
100.17658815117132,101.19574948986265,117.62652705061083,99.13077803674189
