RMSE,NDCG,F1,MAE
101.69967239180832,104.24006168307926,118.89862270982296,100.73074844876434
