RMSE,NDCG,F1,MAE
100.71475224851115,103.67501743835051,121.08486439195102,99.8773320403945
