RMSE,NDCG,F1,MAE
101.13106062921841,103.73921497924125,116.11376005394209,100.09093490537775
