RMSE,NDCG,F1,MAE
100.24400427069227,104.9849557826632,115.31378764722717,99.07889627460216
