RMSE,NDCG,F1,MAE
92.71853505247194,100.39935687044728,92.91761674550068,92.07165958991946
