RMSE,NDCG,F1,MAE
85.67535489225942,99.83474490911443,84.10334875852115,84.69197166719275
