RMSE,NDCG,F1,MAE
92.53450656076431,102.34835115297216,99.29501915708812,92.76313317607821
