RMSE,NDCG,F1,MAE
93.8575486249715,98.54831402174374,90.5631018161426,92.89025446765119
