RMSE,NDCG,F1,MAE
0.06534902821184185,0.002132997791117197,0.04300201969281581,0.05066412113172858
