RMSE,NDCG,F1,MAE
0.8996689201737398,0.8997954025846626,0.7668074621612109,0.7040626323675406
