RMSE,NDCG,F1,MAE
0.8343198919618979,0.8976624047935454,0.7238054424683951,0.653398511235812
