RMSE,NDCG,F1,MAE
0.9220169869148375,0.8872225761623277,0.7491698824374047,0.726305771811456
