RMSE,NDCG,F1,MAE
0.902351901172715,0.9011292095066968,0.7626375592735081,0.7041714928029054
