RMSE,NDCG,F1,MAE
0.07078861147120596,0.0016449180128313978,0.034038546186187735,0.05755237125481705
