RMSE,NDCG,F1,MAE
0.9125045281975007,0.8938763632820093,0.7539285714285714,0.7178107050639972
