RMSE,NDCG,F1,MAE
0.8740832513770861,0.8958870110759902,0.7228511530398323,0.6794643650879416
