RMSE,NDCG,F1,MAE
0.07627074321420568,0.0011490470911920125,0.04152795985650137,0.06570344709207387
