RMSE,NDCG,F1,MAE
0.8925416816865679,0.8881720642433076,0.717815344603381,0.7202996432603155
