RMSE,NDCG,F1,MAE
0.9877453334362765,0.8848815069278014,0.7085478887744593,0.7750630416450185
