RMSE,NDCG,F1,MAE
0.09520365174970857,0.003290557315506204,0.009267455828921745,0.05476339838470301
