RMSE,NDCG,F1,MAE
0.9462935444386982,0.8572448174904482,0.6944444444444444,0.7571815254536298
