RMSE,NDCG,F1,MAE
0.11832547672031435,0.004966626088241055,0.018162393162393098,0.07330090828253877
