RMSE,NDCG,F1,MAE
1.0646190211590125,0.8622114435786893,0.6762820512820513,0.8304824337361686
