RMSE,NDCG,F1,MAE
0.062433379689370794,0.00944088313678515,0.036145027820130515,0.02397481165390225
