RMSE,NDCG,F1,MAE
1.0899669490715176,0.8334091452446498,0.6571719226856562,0.8556329099011207
