RMSE,NDCG,F1,MAE
1.0275335693821468,0.8239682621078647,0.6210268948655256,0.8316580982472185
