RMSE,NDCG,F1,MAE
0.8918948902479525,0.9026094578636865,0.7041884816753927,0.7202754197951069
