RMSE,NDCG,F1,MAE
0.07586301427912723,0.011448093454225261,0.019039661107845718,0.03699270254076126
