RMSE,NDCG,F1,MAE
0.9677579045270798,0.8911613644094613,0.7232281427832384,0.7572681223358682
