RMSE,NDCG,F1,MAE
87.07253945444474,96.5453701679694,96.70301035884536,87.5103968640966
