RMSE,NDCG,F1,MAE
87.48018840857186,96.88595084240649,93.23798192958576,87.76330840444962
