RMSE,NDCG,F1,MAE
90.72609180229703,96.34827026285654,96.87770251497756,89.68651966436327
