RMSE,NDCG,F1,MAE
86.50806596401087,95.67969800906246,97.42949907235622,87.37331303064269
