RMSE,NDCG,F1,MAE
122.09929738810328,115.8263160747147,135.26162033957135,124.4705224675599
