RMSE,NDCG,F1,MAE
121.36768861925675,113.01525990561476,124.83283803863299,123.09273293345962
