RMSE,NDCG,F1,MAE
122.36500321321037,118.77876532416698,135.58810652351855,124.47213638854852
