RMSE,NDCG,F1,MAE
122.51737768979541,118.7651342030058,123.60281621752851,124.26428199403578
