RMSE,NDCG,F1,MAE
123.11146692329183,118.8006602876984,125.0225184651414,125.33414671536936
