RMSE,NDCG,F1,MAE
122.65093533868139,120.39859542823001,142.28074513682824,124.97453382763413
