RMSE,NDCG,F1,MAE
122.32803703737434,118.97566813727734,135.59924026590696,124.45255681656641
