RMSE,NDCG,F1,MAE
122.20525286262274,120.06661278851365,152.52749969101473,124.43002392667672
