RMSE,NDCG,F1,MAE
100.16541969503119,98.37613860207836,94.71783260462212,98.60074983086501
