RMSE,NDCG,F1,MAE
103.21453661470281,101.40916315878228,97.64082097170872,102.14437538142964
