RMSE,NDCG,F1,MAE
106.62486625471207,99.2024923848973,109.58756285231412,108.59706681066059
