RMSE,NDCG,F1,MAE
101.38367853821661,99.02275256814495,96.31788696387125,100.00663082704719
