algorithm,georisk
SVD,0.7370091104381105
BIASEDMF,0.7413679379645747
NMF,0.7310868409175293
StochasticItemKNN,0.708953778078966
BayesianRidge,0.6808589467266017
Tweedie,0.6791391528372364
Ridge,0.680837251710505
RandomForest,0.6822784422333857
Bagging,0.6798065222185574
AdaBoost,0.682517268669871
GradientBoosting,0.6826524657205277
LinearSVR,0.677803894144995
