algorithm,georisk
SVD,0.7461791300338771
BIASEDMF,0.752019617995571
NMF,0.7403788668560773
StochasticItemKNN,0.7091840331482445
BayesianRidge,0.6794274256826871
Tweedie,0.6779294524514077
Ridge,0.6794022632209231
RandomForest,0.6807172469836581
Bagging,0.6775540673179407
AdaBoost,0.6814967119520023
GradientBoosting,0.6810516461247053
LinearSVR,0.6740627731022404
