RMSE,NDCG,F1,MAE
90.61828076467788,99.83339575219891,100.8893340617981,93.16846267973877
