RMSE,NDCG,F1,MAE
87.16630516891895,97.07948720605522,92.93570802259035,87.51463868653052
