RMSE,NDCG,F1,MAE
93.97197897651036,100.70325405053214,105.42184404134731,97.4689596960826
