RMSE,NDCG,F1,MAE
91.97708897699196,98.46805109689349,101.6761935065968,94.78275215510708
