RMSE,NDCG,F1,MAE
1.1049543697598876,0.8036370168914077,0.49926722032242304,0.876404793827342
