RMSE,NDCG,F1,MAE
0.08333200819121567,0.09908345905237337,0.06852938984706852,0.06141694173494949
