RMSE,NDCG,F1,MAE
1.1882863779511033,0.7045535578390343,0.5677966101694916,0.9378217355622915
