RMSE,NDCG,F1,MAE
1.209855969554125,0.6854298840014883,0.576,0.9606871764757058
