RMSE,NDCG,F1,MAE
1.1054314094552529,0.8124302904553028,0.5333333333333333,0.8799448956766459
