RMSE,NDCG,F1,MAE
0.10442456009887224,0.1270004064538145,0.04266666666666663,0.08074228079905987
