RMSE,NDCG,F1,MAE
1.0991749933623176,0.8021680031182806,0.5189393939393939,0.8756408248857316
