RMSE,NDCG,F1,MAE
1.197658123281923,0.709921052275474,0.5619834710743802,0.9549064427009272
