RMSE,NDCG,F1,MAE
0.0984831299196054,0.09224695084280665,0.04304407713498626,0.07926561781519559
