RMSE,NDCG,F1,MAE
1.1960397946742656,0.7134182595163165,0.5737704918032787,0.9440892533715844
