RMSE,NDCG,F1,MAE
0.09440139401690306,0.09482258902846441,0.052275164700474885,0.07219693177198372
