RMSE,NDCG,F1,MAE
1.1016384006573625,0.808240848544781,0.5214953271028038,0.8718923215996007
