RMSE,NDCG,F1,MAE
1.1207385888525132,0.7983770049107217,0.5384615384615384,0.8873153420991079
