RMSE,NDCG,F1,MAE
0.10277810688442024,0.09114301009743075,0.04884004884004889,0.08388899288208962
