RMSE,NDCG,F1,MAE
1.2235166957369334,0.707233994813291,0.5873015873015873,0.9712043349811975
