RMSE,NDCG,F1,MAE
0.08557298321500895,0.09757236434787386,0.057986946066643785,0.06384479754332573
