RMSE,NDCG,F1,MAE
1.1014964348377538,0.8060566816864476,0.5192488262910798,0.8725879273933903
