RMSE,NDCG,F1,MAE
1.1870694180527628,0.7084843173385738,0.5772357723577236,0.936432724936716
