RMSE,NDCG,F1,MAE
1.1980714287560936,0.707233994813291,0.5619834710743802,0.955042685265288
