RMSE,NDCG,F1,MAE
0.09847346934996604,0.0933575103346106,0.044905672212900094,0.07902739412244664
