RMSE,NDCG,F1,MAE
1.0995979594061276,0.8005915051479016,0.5170777988614801,0.8760152911428414
