RMSE,NDCG,F1,MAE
1.1909321217742352,0.7077977276568505,0.5569620253164557,0.9513087351332269
