RMSE,NDCG,F1,MAE
1.0963871192164412,0.8038792168827017,0.5007436787307883,0.8765587561717584
