RMSE,NDCG,F1,MAE
0.09454500255779408,0.09608148922585125,0.05621834658566738,0.07474997896146851
