RMSE,NDCG,F1,MAE
100.7553688414531,94.73347078189242,93.83415798210366,100.17339215522153
