RMSE,NDCG,F1,MAE
100.90532882842346,96.47485540604282,94.69134533532578,100.38797705033919
