RMSE,NDCG,F1,MAE
100.64894828149849,94.63540587428939,96.47746762393979,100.20596752327144
