RMSE,NDCG,F1,MAE
101.31419723965409,95.4189413616771,97.38042340255392,101.06679085668245
