RMSE,NDCG,F1,MAE
100.54888971542883,94.65505988472658,97.15188448208394,100.02461985090454
