RMSE,NDCG,F1,MAE
100.98499156840465,94.95401630023743,97.99869530417457,100.61972147183866
