RMSE,NDCG,F1,MAE
100.65018885271684,94.63749648344636,96.47746762393979,100.20774808887536
