RMSE,NDCG,F1,MAE
100.3184916329274,95.19426189120229,92.90231329694727,99.89831829832826
