RMSE,NDCG,F1,MAE
86.02494862037219,104.04331195430814,103.42635111268103,84.80821862350373
