RMSE,NDCG,F1,MAE
87.4533453889918,111.28376512068512,105.9181089067117,86.4544041981075
