RMSE,NDCG,F1,MAE
86.20491247003757,105.2590305313083,100.96873083997546,84.67483897853171
