RMSE,NDCG,F1,MAE
86.19186126542337,103.8409423163772,103.28163286251267,85.39189814730088
