RMSE,NDCG,F1,MAE
86.71928517416114,105.56897058443138,104.09718582875041,85.67233705618378
