RMSE,NDCG,F1,MAE
86.06117344604421,102.61063070968359,103.72139328561344,84.9610182441295
