RMSE,NDCG,F1,MAE
86.21551704571017,104.26236878483436,101.61849234069471,84.67730478474319
