RMSE,NDCG,F1,MAE
85.35599291525186,105.72485169400065,95.6393567871069,83.98957737918668
