RMSE,NDCG,F1,MAE
0.9613690112102629,0.8623481415947623,0.6889460154241646,0.7514001696852046
