RMSE,NDCG,F1,MAE
0.031796586693554674,0.02715293289324283,0.015193749102990761,0.020934076234288446
