RMSE,NDCG,F1,MAE
0.9295724245167082,0.8895010744880051,0.7041397645271553,0.7304660934509162
