RMSE,NDCG,F1,MAE
0.9941104183485785,0.8754109567220743,0.6797642436149313,0.7798005182739176
