RMSE,NDCG,F1,MAE
0.9986781082171517,0.843437859475818,0.6765217391304348,0.7835986523035595
