RMSE,NDCG,F1,MAE
0.004567689868573255,0.0319730972462563,0.003242504484496478,0.0037981340296419086
