RMSE,NDCG,F1,MAE
1.0601001985153116,0.8503018431238087,0.686644469108398,0.8209934749056992
