RMSE,NDCG,F1,MAE
1.0620320255818325,0.8073161269337177,0.6451077943615257,0.8351203603529962
