RMSE,NDCG,F1,MAE
0.0019318270665209525,0.04298571619009106,0.04153667474687239,0.01412688544729701
