RMSE,NDCG,F1,MAE
0.02897637799970809,0.02252754122398104,0.019579453178364514,0.013397951419099163
