RMSE,NDCG,F1,MAE
0.9484900321876176,0.8712995886914389,0.6941580756013745,0.7383633159817179
