RMSE,NDCG,F1,MAE
0.9195136541879095,0.8938271299154199,0.7137375287797391,0.7249653645626187
