RMSE,NDCG,F1,MAE
0.05063189266261536,0.003964842810064595,0.00021280490772146443,0.04313884762887221
