RMSE,NDCG,F1,MAE
0.8441654836606409,0.893250707564525,0.7534475553698287,0.6586604472596448
