RMSE,NDCG,F1,MAE
0.8947973763232563,0.8972155503745896,0.7532347504621072,0.701799294888517
