RMSE,NDCG,F1,MAE
0.9260724648222645,0.8852545640842405,0.7272206850491365,0.7297030027737219
