RMSE,NDCG,F1,MAE
0.046218245982354356,0.012657500092545515,0.012253561584759654,0.042672048746980495
