RMSE,NDCG,F1,MAE
0.8798542188399101,0.872597063991695,0.7394742466338962,0.6870309540267414
