RMSE,NDCG,F1,MAE
0.04598477191187511,0.005164479493794172,0.032361569407906465,0.026617710591899213
