RMSE,NDCG,F1,MAE
1.0678459427416498,0.849918365497271,0.7170840565335979,0.8318951937760611
