RMSE,NDCG,F1,MAE
1.0218611708297747,0.8447538860034768,0.6847224871256914,0.8052774831841619
