RMSE,NDCG,F1,MAE
0.9067248894874944,0.8918590472771638,0.7378513018140803,0.7130751053284454
