RMSE,NDCG,F1,MAE
0.04873817487504639,0.004004146254287799,0.01278054317328281,0.04505531291714959
