RMSE,NDCG,F1,MAE
0.857986714612448,0.887854901022876,0.7506318449873631,0.6680197924112958
