RMSE,NDCG,F1,MAE
88.76932324238518,97.24257043470271,83.96824730144064,87.05258305836125
