RMSE,NDCG,F1,MAE
88.47774034061477,97.13865103773867,80.90816770636877,87.49362742023132
