RMSE,NDCG,F1,MAE
89.36280646485129,98.17046330945156,83.87487353004595,88.36249368650631
