RMSE,NDCG,F1,MAE
88.5942871189958,98.79154615346764,84.095521006134,87.39485242194974
