RMSE,NDCG,F1,MAE
88.8589682909282,97.71571413037805,84.047197172921,87.77727768909052
