RMSE,NDCG,F1,MAE
88.65123899171975,98.07266621841232,82.81920586645755,87.4318858965707
