RMSE,NDCG,F1,MAE
89.36966672911309,98.20086622778415,83.69371829563981,88.35145536399753
