RMSE,NDCG,F1,MAE
89.84134996525643,98.26912363698808,84.34142074490123,88.78338564451828
