RMSE,NDCG,F1,MAE
0.920582165180772,0.9008584844399146,0.7800330777326718,0.7212392741052459
