RMSE,NDCG,F1,MAE
0.8318622220934709,0.9088169271837307,0.7402700555996823,0.6458734983839561
