RMSE,NDCG,F1,MAE
0.08871994308730102,0.007958442743816185,0.039763022132989545,0.07536577572128977
