RMSE,NDCG,F1,MAE
0.09024923459481116,0.0008438033334010608,0.05376495550111271,0.07788725333422009
