RMSE,NDCG,F1,MAE
0.9522328125974963,0.8864349675360096,0.7658986175115208,0.7465498054625278
