RMSE,NDCG,F1,MAE
0.8619835780026851,0.8872787708694106,0.7121336620104081,0.6686625521283077
