RMSE,NDCG,F1,MAE
0.0764420649375046,0.01935710546400271,0.0902427579182532,0.06080226469066419
