RMSE,NDCG,F1,MAE
1.085788548942475,0.8489642675152853,0.7477000278784499,0.8505972188444262
