RMSE,NDCG,F1,MAE
1.0093464840049704,0.8296071620512826,0.6574572699601967,0.789794954153762
