RMSE,NDCG,F1,MAE
0.929754187967522,0.8984139605880177,0.772445117335352,0.7336947925983882
