RMSE,NDCG,F1,MAE
0.8331809420547112,0.9023691270888322,0.7394422310756972,0.6479861194343727
