RMSE,NDCG,F1,MAE
0.0965732459128108,0.003955166500814511,0.03300288625965486,0.08570867316401554
