RMSE,NDCG,F1,MAE
0.9944653382564875,0.8777673044060182,0.6502554575011612,0.7875222339650697
