RMSE,NDCG,F1,MAE
0.07012745826240951,0.015861641288635986,0.08097940932692593,0.06301757858348134
