RMSE,NDCG,F1,MAE
0.924337879994078,0.8936289456946542,0.7312348668280871,0.7245046553815884
