RMSE,NDCG,F1,MAE
0.9387559636732364,0.8665689215915154,0.7284105131414268,0.7379775848864109
