RMSE,NDCG,F1,MAE
0.13496346673620951,0.002418452836909113,0.10798662104123413,0.1115349071432965
