RMSE,NDCG,F1,MAE
1.073719430409446,0.8641504687546063,0.6204238921001927,0.8495124920297074
