RMSE,NDCG,F1,MAE
0.0769902376807785,0.003999503886484956,0.05979182306647668,0.07525333004487567
