RMSE,NDCG,F1,MAE
1.101982976924702,0.8267842565586562,0.6246741963509991,0.8781914914429355
