RMSE,NDCG,F1,MAE
1.0249927392439235,0.8307837604451411,0.6844660194174758,0.8029381613980598
