RMSE,NDCG,F1,MAE
0.9230010969439889,0.8881479908936813,0.7533742331288343,0.7187510728960915
