RMSE,NDCG,F1,MAE
0.05630851106003787,0.0029421170309714695,0.10148134300879741,0.05881141216822472
