RMSE,NDCG,F1,MAE
0.9793096080040268,0.8852058738627099,0.6518928901200369,0.7775624850643162
