RMSE,NDCG,F1,MAE
0.9950118704606441,0.8788683583241886,0.6567992599444958,0.7885978151678009
