RMSE,NDCG,F1,MAE
0.07116747598987894,0.015380610116917826,0.069144710822861,0.06460224723915142
