RMSE,NDCG,F1,MAE
0.9238443944707652,0.8942489684411065,0.7259439707673568,0.7239955679286495
