RMSE,NDCG,F1,MAE
1.0756375153220759,0.8639640968425314,0.6066763425253991,0.8481999758894591
