RMSE,NDCG,F1,MAE
0.14425410818169448,0.0011915821288833728,0.09636934275378872,0.11705855268636944
