RMSE,NDCG,F1,MAE
0.9313834071403814,0.8651556789714148,0.7030456852791879,0.7311414232030896
