RMSE,NDCG,F1,MAE
1.1037129472948657,0.8316291787843557,0.6277753591641271,0.8763873326820468
