RMSE,NDCG,F1,MAE
1.0287290278520898,0.8095244655976045,0.6763636363636364,0.8117395808039313
