RMSE,NDCG,F1,MAE
0.07498391944277594,0.022104713186751224,0.04858827719950931,0.06464775187811556
