RMSE,NDCG,F1,MAE
0.05518588632786148,0.010290555403155266,0.09346499020545762,0.05854407472395695
