RMSE,NDCG,F1,MAE
0.9244969890888662,0.8930974848118469,0.745679012345679,0.7191185836572214
