RMSE,NDCG,F1,MAE
0.9796828754167277,0.8828069294086917,0.6522140221402214,0.7776626583811783
