algorithm,georisk
SVD,0.7704095835794151
BIASEDMF,0.7666729570581245
NMF,0.7444115283571477
StochasticItemKNN,0.7440020590149977
BayesianRidge,0.7334031217310137
Tweedie,0.7326690019244523
Ridge,0.733355401719349
RandomForest,0.7346743356187511
Bagging,0.7261079967339332
AdaBoost,0.7326918597187927
GradientBoosting,0.7333799850168954
LinearSVR,0.7328120596938835
