algorithm,georisk
SVD,0.7737387319547636
BIASEDMF,0.7696497076720511
NMF,0.741733603461783
StochasticItemKNN,0.7419495567130856
BayesianRidge,0.7322680585939205
Tweedie,0.7323722987105247
Ridge,0.7321620684834113
RandomForest,0.7322890175546777
Bagging,0.7230251745121913
AdaBoost,0.7305311224590034
GradientBoosting,0.7305487007669553
LinearSVR,0.730477597205726
