RMSE,NDCG,F1,MAE
1.1583571632119818,0.749386089284861,0.5353535353535354,0.9193102443293621
