RMSE,NDCG,F1,MAE
0.06029190371471049,0.039638274110155636,0.04961282908050968,0.05614898898009746
