RMSE,NDCG,F1,MAE
1.0980652594972713,0.7890243633950166,0.584966364434045,0.8631612553492647
