RMSE,NDCG,F1,MAE
1.1823576476673727,0.739881136023716,0.5598705501618123,0.935973991507431
