RMSE,NDCG,F1,MAE
0.0700364003068803,0.054882624637972,0.03557306098860513,0.06185083073116859
