RMSE,NDCG,F1,MAE
1.1123212473604924,0.794763760661688,0.5954436111504174,0.8741231607762624
