RMSE,NDCG,F1,MAE
0.06154757441691627,0.04115398467802045,0.053814935064935066,0.053420564848629115
