RMSE,NDCG,F1,MAE
1.1063676623121002,0.7925440112579836,0.5960227272727273,0.8685066257212062
