RMSE,NDCG,F1,MAE
1.1679152367290164,0.7513900265799631,0.5422077922077922,0.9219271905698353
