RMSE,NDCG,F1,MAE
1.0987511977454272,0.7908828607095768,0.6038477741890184,0.8608013814580149
