RMSE,NDCG,F1,MAE
0.06458397096665802,0.049409957614006905,0.06071678377368295,0.057523355015475786
