RMSE,NDCG,F1,MAE
1.1633351687120852,0.7414729030955699,0.5431309904153354,0.9183247364734907
