RMSE,NDCG,F1,MAE
1.191451936291224,0.7509988878344271,0.5454545454545454,0.9361837576486672
