RMSE,NDCG,F1,MAE
1.1239738389915683,0.7927745566904291,0.6080066722268557,0.8786857044789015
