RMSE,NDCG,F1,MAE
0.06747809729965559,0.041775668856001924,0.06255212677231026,0.05749805316976575
