RMSE,NDCG,F1,MAE
0.06769580220728955,0.04155197348451145,0.05396377080806225,0.06019168367527994
