RMSE,NDCG,F1,MAE
1.1744535518796597,0.7469462392926229,0.5509554140127388,0.9263881575465774
