RMSE,NDCG,F1,MAE
1.1067577496723702,0.7884982127771344,0.6049191848208011,0.8661964738712975
