RMSE,NDCG,F1,MAE
1.1679956338240414,0.7509988878344271,0.5422077922077922,0.9219653033979307
