RMSE,NDCG,F1,MAE
1.1064426211313036,0.7925664824077299,0.5960227272727273,0.8685595685187858
