RMSE,NDCG,F1,MAE
0.06155301269273772,0.041567594573302724,0.053814935064935066,0.053405734879144906
