RMSE,NDCG,F1,MAE
1.1006113530528672,0.7893748041116248,0.5759427634520793,0.8686128220886566
