RMSE,NDCG,F1,MAE
1.1547911058434643,0.748402952452115,0.5250431778929189,0.9175302916461217
