RMSE,NDCG,F1,MAE
0.05417975279059717,0.040971851659509784,0.05089958555916041,0.04891746955746501
