RMSE,NDCG,F1,MAE
108.88039494285309,103.10896501489421,107.3465153851803,109.12058518254197
