RMSE,NDCG,F1,MAE
107.58188260478781,102.41049556931418,106.5725488022832,107.99747501189702
