RMSE,NDCG,F1,MAE
109.1662998778657,103.4258353883922,107.50418651182012,109.47016392919579
