RMSE,NDCG,F1,MAE
108.73964013434127,102.09350539615491,106.84629863128849,109.20461698739655
