RMSE,NDCG,F1,MAE
109.08996322938434,103.93418905994703,107.1329137242184,109.02319898835262
