RMSE,NDCG,F1,MAE
108.75625454207798,102.73921550683293,107.41368124337096,109.24151832133661
