RMSE,NDCG,F1,MAE
109.18743376294175,103.43080098006621,107.69104489862926,109.4759583100364
