RMSE,NDCG,F1,MAE
108.202230635752,103.47738850817582,107.49756146693667,108.7881534610369
