RMSE,NDCG,F1,MAE
1.091590850366832,0.7835568529882014,0.6222466960352423,0.8588490608107833
