RMSE,NDCG,F1,MAE
0.008469879752792897,0.0060245873347042345,0.05877194402776642,0.0021530238198587126
