RMSE,NDCG,F1,MAE
1.083120970614039,0.7895814403229057,0.6810186400630087,0.861002084630642
