RMSE,NDCG,F1,MAE
1.1129598961791691,0.796447158454125,0.6033010813887308,0.8743544849469366
