RMSE,NDCG,F1,MAE
1.0941125244346175,0.7875573245250728,0.6596434359805511,0.8685830899686852
