RMSE,NDCG,F1,MAE
0.018847371744551644,0.008889833929052182,0.05634235459182024,0.00577139497825141
