RMSE,NDCG,F1,MAE
1.0890908806564041,0.7884865242389659,0.6727224151749933,0.8613393190551321
