RMSE,NDCG,F1,MAE
0.01112019604213521,0.0010521551612510116,0.0522640585511811,0.001433773103925895
