RMSE,NDCG,F1,MAE
1.1002110766985393,0.7874343690777149,0.6204583566238122,0.8599055459512062
