RMSE,NDCG,F1,MAE
0.012938997220094395,0.0021966230292745914,0.052455684969495264,0.0018246560021358826
