RMSE,NDCG,F1,MAE
1.0814291877739604,0.7888455428248135,0.6725333333333333,0.8553922953463172
