RMSE,NDCG,F1,MAE
1.0943681849940547,0.7866489197955389,0.620077648363838,0.8572169513484531
