RMSE,NDCG,F1,MAE
0.011935123503012068,0.002574502713517779,0.04892299657633614,0.0007105485156783109
