RMSE,NDCG,F1,MAE
1.1093842204285733,0.7859654385432846,0.6284454244762955,0.8635654139175323
