RMSE,NDCG,F1,MAE
1.0974490969255613,0.7885399412568024,0.6773684210526316,0.8642759624332106
