RMSE,NDCG,F1,MAE
0.017470907526779822,0.003587703683982757,0.055679297950443574,0.0069860606450695695
