RMSE,NDCG,F1,MAE
1.1008548837574406,0.7880022488655486,0.6183035714285714,0.8643791886053135
