RMSE,NDCG,F1,MAE
1.0833839762306607,0.7915899525495314,0.673982869379015,0.8573931279602439
