RMSE,NDCG,F1,MAE
1.1002680864206242,0.7876910286240595,0.6189143816452154,0.8599389821117146
