RMSE,NDCG,F1,MAE
1.0892048419957776,0.7884865242389659,0.6727224151749933,0.8614153691358698
