RMSE,NDCG,F1,MAE
0.01106324442484663,0.0007954956149064385,0.05380803352977792,0.0014763870241552013
