RMSE,NDCG,F1,MAE
0.008396407499080771,0.003664880568921336,0.05386009160428562,0.0035292733508051066
