RMSE,NDCG,F1,MAE
1.0849676970706141,0.7870586523827452,0.6565517241379311,0.8626837621607724
