RMSE,NDCG,F1,MAE
1.093364104569695,0.7907235329516665,0.6026916325336454,0.8591544888099673
