RMSE,NDCG,F1,MAE
1.1008001754360242,0.8117128021314657,0.5933719095213046,0.8668404208806534
