RMSE,NDCG,F1,MAE
0.006375932986361299,0.012837395600019064,0.04982163163142028,0.006676087515153806
