RMSE,NDCG,F1,MAE
1.1071761084223855,0.7988754065314466,0.6431935411527249,0.8735165083958072
