RMSE,NDCG,F1,MAE
0.0048545667122459335,0.010317333278928364,0.04657164321029872,0.0002701026340142798
