RMSE,NDCG,F1,MAE
1.1248224763031376,0.8115441682756325,0.5902668759811617,0.8842218219445829
