RMSE,NDCG,F1,MAE
1.1199679095908917,0.8012268349967041,0.6368385191914604,0.8839517193105686
