RMSE,NDCG,F1,MAE
1.1129465836989463,0.7998032992935143,0.6430652027784002,0.8767051139905426
