RMSE,NDCG,F1,MAE
1.1027276412413982,0.8126860293435295,0.592943654555029,0.8605355963549345
