RMSE,NDCG,F1,MAE
0.010218942457548064,0.012882730050015168,0.050121548223371226,0.016169517635608144
