RMSE,NDCG,F1,MAE
1.1084793873619752,0.8031232164874762,0.6428089128966914,0.8731143999064176
