RMSE,NDCG,F1,MAE
1.1007821086459044,0.8100412638143482,0.5925144965735372,0.864064478206698
