RMSE,NDCG,F1,MAE
0.007697278716070732,0.006918047326871957,0.050294416323154234,0.009049921699719632
