RMSE,NDCG,F1,MAE
0.00912668860130883,0.01421377084369524,0.04834119693882366,0.01605952417919021
