RMSE,NDCG,F1,MAE
1.1246009460021067,0.7985258565358365,0.6522506619593998,0.8835804434541772
