RMSE,NDCG,F1,MAE
1.1154742574007979,0.8127396273795318,0.6039094650205762,0.867520919274987
