RMSE,NDCG,F1,MAE
0.006581215624618553,0.009800208325573934,0.051946149914136264,0.008351367114421415
