RMSE,NDCG,F1,MAE
1.1103038491296675,0.8050566370721614,0.6411181244364292,0.8739307570170134
