RMSE,NDCG,F1,MAE
1.103722633505049,0.8148568453977353,0.589171974522293,0.865579389902592
