RMSE,NDCG,F1,MAE
1.102774393597401,0.8131887406125602,0.592943654555029,0.8605406346676031
