RMSE,NDCG,F1,MAE
1.1130839798651586,0.7996210700191916,0.6427610936799641,0.8767952761997588
