RMSE,NDCG,F1,MAE
0.010309586267757576,0.013567670593368608,0.04981743912493519,0.016254641532155722
