RMSE,NDCG,F1,MAE
1.101709063923126,0.8032219955733825,0.6332259549010585,0.8749449543573637
