RMSE,NDCG,F1,MAE
0.004841723663679076,0.008498111584345547,0.049665802478630616,0.013393738114688691
