RMSE,NDCG,F1,MAE
1.0968673402594469,0.811720107157728,0.5835601524224279,0.861551216242675
