RMSE,NDCG,F1,MAE
0.9495509637658953,0.8842353006836997,0.721102863202545,0.7499740971963861
