RMSE,NDCG,F1,MAE
0.039417756965833606,0.009106620645760621,0.0479321314952279,0.033057457137501745
