RMSE,NDCG,F1,MAE
0.9889687207317289,0.8751286800379391,0.6731707317073171,0.7830315543338878
