RMSE,NDCG,F1,MAE
0.07991161218952247,0.034178130475334356,0.03152655216187772,0.06766592127331061
