RMSE,NDCG,F1,MAE
1.0035584563962232,0.8785318697159615,0.6948304613674263,0.7804340237363689
