RMSE,NDCG,F1,MAE
1.0834700685857457,0.8443537392406272,0.6633039092055486,0.8480999450096796
