RMSE,NDCG,F1,MAE
1.1100024906171193,0.8537166589291011,0.6308571428571429,0.8782275232473206
