RMSE,NDCG,F1,MAE
1.0377037105690807,0.8359507803631684,0.6760710553814002,0.8189935609176971
