RMSE,NDCG,F1,MAE
0.07229878004803858,0.017765878565932702,0.04521391252425733,0.05923396232962341
