RMSE,NDCG,F1,MAE
0.04195971319910008,0.012211742173360185,0.05820038139020478,0.02614059918960754
