RMSE,NDCG,F1,MAE
0.9331832256273269,0.8989356282620088,0.7347803070407624,0.738447346634267
