RMSE,NDCG,F1,MAE
0.975142938826427,0.8867238860886486,0.6765799256505576,0.7645879458238746
