algorithm,georisk
SVD,0.7791355447324516
BIASEDMF,0.7765779876836719
NMF,0.7599786878120862
StochasticItemKNN,0.7467678488084944
BayesianRidge,0.7484984455281506
Tweedie,0.7492605551095326
Ridge,0.7484047185114915
RandomForest,0.7494199148448368
Bagging,0.7454150308777585
AdaBoost,0.7491142469248808
GradientBoosting,0.7483639483644504
LinearSVR,0.7498674401198665
