algorithm,georisk
SVD,0.8009131331102255
BIASEDMF,0.7980568851876223
NMF,0.7786837014589311
StochasticItemKNN,0.7648727040119117
BayesianRidge,0.766244624249265
Tweedie,0.7671086457491189
Ridge,0.7661488377080822
RandomForest,0.7650112918670542
Bagging,0.7591732461581695
AdaBoost,0.7650330817742684
GradientBoosting,0.764662781217687
LinearSVR,0.7663560846149272
