RMSE,NDCG,F1,MAE
0.27817490107708875,0.041733705791252684,0.16893895222617827,0.22794646495982696
