RMSE,NDCG,F1,MAE
0.8558121379053872,0.9044648257958763,0.738255033557047,0.6776875146102896
