RMSE,NDCG,F1,MAE
1.1460451674880792,0.8607458479499008,0.5848375451263538,0.9159300526102941
