RMSE,NDCG,F1,MAE
0.8900536438045772,0.8964417446548358,0.7307692307692307,0.70830897072896
