RMSE,NDCG,F1,MAE
0.255991523683502,0.035695896704935004,0.14593168564287695,0.2076210818813341
