RMSE,NDCG,F1,MAE
1.133987038982476,0.8627311200046236,0.5693160813308688,0.9056339795701166
