RMSE,NDCG,F1,MAE
1.2066560402670532,0.853940317119878,0.5927209705372617,0.9701048206715024
