RMSE,NDCG,F1,MAE
0.8745309608937353,0.906655650389848,0.7413509060955519,0.6952547323166665
