RMSE,NDCG,F1,MAE
0.3321250793733179,0.05271533326997002,0.14862993555829018,0.27485008835483593
