RMSE,NDCG,F1,MAE
0.8587694787158118,0.9027280549391287,0.7309644670050761,0.6818139989873998
