RMSE,NDCG,F1,MAE
0.2784460339377719,0.045873550138398334,0.1500821140638996,0.22528376699552755
