RMSE,NDCG,F1,MAE
1.1372155126535837,0.8568545048007303,0.5808823529411765,0.9070977659829274
