RMSE,NDCG,F1,MAE
1.1544100598677696,0.8403107505978642,0.5812274368231047,0.9210292716906201
