RMSE,NDCG,F1,MAE
0.22864690846604263,0.055102200218765995,0.14589263034734024,0.18258924934605536
