RMSE,NDCG,F1,MAE
0.9257631514017269,0.8954129508166302,0.727120067170445,0.7384400223445647
