RMSE,NDCG,F1,MAE
1.184380043673405,0.7187913725639501,0.6236559139784946,0.9318272174710651
