RMSE,NDCG,F1,MAE
0.1262299316057942,0.08145400468254593,0.01902717723789671,0.08845893530375193
