RMSE,NDCG,F1,MAE
1.058150112067611,0.800245377246496,0.6046287367405979,0.8433682821673132
