RMSE,NDCG,F1,MAE
1.0703009759332878,0.7992481551189553,0.6025824964131994,0.8541997277649964
