RMSE,NDCG,F1,MAE
1.1976576382083852,0.7055825758819844,0.6162162162162163,0.9457710919419313
