RMSE,NDCG,F1,MAE
0.12735666227509745,0.09366557923697094,0.013633719803016864,0.0915713641769349
