RMSE,NDCG,F1,MAE
1.067664233354402,0.8101136243821778,0.5953671759487432,0.8498688967302546
