RMSE,NDCG,F1,MAE
1.1991859905308415,0.720865493616839,0.6170212765957447,0.943958562084168
