RMSE,NDCG,F1,MAE
0.13152175717643955,0.08924813076533877,0.021654100647001462,0.09408966535391339
