RMSE,NDCG,F1,MAE
1.0575177288969777,0.8079771768465308,0.6082817705854355,0.8415118629884457
