RMSE,NDCG,F1,MAE
0.1412215069041889,0.08765728862175082,0.030461684911946674,0.09775591666976724
