RMSE,NDCG,F1,MAE
1.1987392358011666,0.72031988822478,0.6387434554973822,0.939267779658213
