RMSE,NDCG,F1,MAE
0.14172682623398036,0.07813937636759871,0.014523809523809494,0.10508269221433564
