RMSE,NDCG,F1,MAE
1.2173237293754726,0.7305712026729219,0.625,0.9583673391643633
