RMSE,NDCG,F1,MAE
1.0755969031414923,0.8087105790405206,0.6104761904761905,0.8532846469500277
