RMSE,NDCG,F1,MAE
1.1919022805596973,0.7182035787440975,0.631578947368421,0.9317536863614638
