RMSE,NDCG,F1,MAE
1.0537431019912202,0.8047188993335913,0.6117198666031444,0.8397355397560718
