RMSE,NDCG,F1,MAE
0.13815917856847704,0.08651532058949385,0.01985908076527665,0.09201814660539198
