RMSE,NDCG,F1,MAE
0.13099034348204874,0.08997059548231867,0.022746844216672613,0.09394771812921143
