RMSE,NDCG,F1,MAE
1.1991078046543726,0.720865493616839,0.6170212765957447,0.9440902350446172
