RMSE,NDCG,F1,MAE
1.0681174611723239,0.8108360890991577,0.5942744323790721,0.8501425169154058
