RMSE,NDCG,F1,MAE
0.1377750566281819,0.07918517450129026,0.030980306614986186,0.09311372883273639
