RMSE,NDCG,F1,MAE
1.1879930869789548,0.7314275476583121,0.6010928961748634,0.9359497738223528
