RMSE,NDCG,F1,MAE
1.0502180303507729,0.8106127221596023,0.5701125895598772,0.8428360449896164
