RMSE,NDCG,F1,MAE
0.8572000563514355,0.8934433275381577,0.7645206438068579,0.6724635992008463
