RMSE,NDCG,F1,MAE
0.9114171109113963,0.8796464080910062,0.7263275157816561,0.7158467679373285
