RMSE,NDCG,F1,MAE
0.05421705455996084,0.013796919447151446,0.038193128025201806,0.04338316873648218
