RMSE,NDCG,F1,MAE
0.9370424559950694,0.8709401611664599,0.7090977162111569,0.7302271036120124
