RMSE,NDCG,F1,MAE
0.899221557917599,0.8784298800252381,0.7304347826086957,0.7095481846644173
