RMSE,NDCG,F1,MAE
0.037820898077470466,0.007489718858778249,0.02133706639753874,0.020678918947595104
