RMSE,NDCG,F1,MAE
1.1208477695565717,0.8326318757831096,0.6832135858915741,0.8621860823707407
