RMSE,NDCG,F1,MAE
0.11990514793435425,0.010723943159537952,0.03042809051517159,0.08262371157131754
