RMSE,NDCG,F1,MAE
1.0009426216222175,0.8433558189426476,0.7136416764067457,0.7795623707994231
