RMSE,NDCG,F1,MAE
0.05384944642475065,0.023351087473402532,0.02703790710399301,0.04145462874994765
