RMSE,NDCG,F1,MAE
0.8673965515950394,0.8937625512642494,0.7519352568613652,0.6808879085336449
