RMSE,NDCG,F1,MAE
0.92124599801979,0.8704114637908469,0.7248973497573722,0.7223425372835925
