RMSE,NDCG,F1,MAE
94.932228912266,101.10223307958555,109.41454686686139,95.68776803123681
