RMSE,NDCG,F1,MAE
91.0471687691872,101.07372633770662,107.57988204394846,91.24839286570543
