RMSE,NDCG,F1,MAE
94.67103811797051,102.43555021018523,110.23958333333334,96.6334317667466
