RMSE,NDCG,F1,MAE
95.74206622916613,101.60750212039609,108.82533924473981,96.60566874966997
