RMSE,NDCG,F1,MAE
102.66092651431981,96.34434304352234,123.86739711684089,101.44172187148166
