RMSE,NDCG,F1,MAE
102.93678646878833,94.38539215280993,115.83451294065286,101.49191795085166
