RMSE,NDCG,F1,MAE
102.98157358119799,97.45935520482134,128.35833996291151,101.74489349339109
