RMSE,NDCG,F1,MAE
102.97322632106936,96.6747669963461,126.80344225665836,101.64523747149141
