RMSE,NDCG,F1,MAE
103.22617137102657,97.34439835923531,123.30850014577348,101.90798935345246
