RMSE,NDCG,F1,MAE
103.28022238950108,95.88146266001144,126.43557507460407,101.98437760469203
