RMSE,NDCG,F1,MAE
102.96563656814808,97.45219303016587,128.8057124921532,101.73385607168768
