RMSE,NDCG,F1,MAE
102.24094762129572,97.03975142072632,125.26679704712407,101.11177526387269
