RMSE,NDCG,F1,MAE
0.9180390412638961,0.8570569764962053,0.7145945945945946,0.7274249424336819
