RMSE,NDCG,F1,MAE
0.042252377229015536,0.03489350768207922,0.011714219189368213,0.035494817391860556
