RMSE,NDCG,F1,MAE
0.9602914184929117,0.8919504841782845,0.7263088137839628,0.7629197598255425
