RMSE,NDCG,F1,MAE
1.0293167773176897,0.8811810851790607,0.6846531184302733,0.816636187151151
