RMSE,NDCG,F1,MAE
0.08271310900871354,0.03856017251061816,0.0015996531883519793,0.06824563496073088
