RMSE,NDCG,F1,MAE
0.9466036683089761,0.8426209126684425,0.6862527716186253,0.7483905521904202
