RMSE,NDCG,F1,MAE
1.0255755871612937,0.8258283018370094,0.6371049949031601,0.8127822430185911
