RMSE,NDCG,F1,MAE
0.045437118787103215,0.007625228847895293,0.04067977539262346,0.03094608756960593
