RMSE,NDCG,F1,MAE
1.071012705948397,0.8334535306849047,0.6777847702957835,0.8437283305881971
