RMSE,NDCG,F1,MAE
0.03640172825861532,0.03418622092462231,0.030177959903588514,0.03183368413422105
