RMSE,NDCG,F1,MAE
0.9512245232683487,0.8939613909407783,0.7336187026671057,0.7569129636175899
