RMSE,NDCG,F1,MAE
0.9148227950097334,0.859775170016156,0.7034407427635172,0.7250792794833688
