RMSE,NDCG,F1,MAE
1.1296540092452285,0.8219527331804637,0.5182072829131653,0.8976092828838658
