RMSE,NDCG,F1,MAE
0.0486516399485204,0.04991530253033605,0.12201243023910813,0.02138614191762045
