RMSE,NDCG,F1,MAE
1.0810023692967081,0.7720374306501276,0.6402197131522734,0.8762231409662453
