RMSE,NDCG,F1,MAE
1.0970838523588038,0.7653802809625986,0.655152224824356,0.8767550999038562
