RMSE,NDCG,F1,MAE
1.140971945012153,0.8190254583492292,0.5695876288659794,0.8956639202139813
