RMSE,NDCG,F1,MAE
0.04388809265334914,0.05364517738663066,0.08556459595837662,0.018908820310125085
