RMSE,NDCG,F1,MAE
1.1358052034617665,0.8194987007170115,0.5483234714003945,0.8919528232573414
