RMSE,NDCG,F1,MAE
1.0916576501447102,0.772828053083377,0.666082895504962,0.8724439523031529
