RMSE,NDCG,F1,MAE
0.04414755331705633,0.04667064763363449,0.11775942410456752,0.019508870954188517
