RMSE,NDCG,F1,MAE
1.084068734189648,0.7684347728802785,0.6628142155446403,0.8718114959318417
