RMSE,NDCG,F1,MAE
1.129459594250491,0.8165854991047566,0.5539661898569571,0.8917216116516761
