RMSE,NDCG,F1,MAE
0.04539086006084303,0.048150726224478135,0.10884802568768315,0.019910115719834365
