RMSE,NDCG,F1,MAE
1.152269542038896,0.8194891709014064,0.5639386189258312,0.901765561363968
