RMSE,NDCG,F1,MAE
1.1033593585266939,0.7698895646319079,0.6735218508997429,0.8783202335702828
