RMSE,NDCG,F1,MAE
0.04891018351220211,0.04959960626949844,0.10958323197391173,0.023445327793685244
