RMSE,NDCG,F1,MAE
1.1320823821722577,0.8228112206812098,0.5653846153846154,0.892571579253377
