RMSE,NDCG,F1,MAE
1.079513116944165,0.7725181800642187,0.6723989681857265,0.8676746337764065
