RMSE,NDCG,F1,MAE
0.05256926522809269,0.050293040616991136,0.10701435280111116,0.024896945476970522
