RMSE,NDCG,F1,MAE
0.04390793145844585,0.04740004025562128,0.11720363994097394,0.019336047653082056
