RMSE,NDCG,F1,MAE
1.1359165587845212,0.8194987007170115,0.5486842105263158,0.8920571089783819
