RMSE,NDCG,F1,MAE
1.0920086273260754,0.7720986604613902,0.6658878504672897,0.8727210613252998
