RMSE,NDCG,F1,MAE
1.0882103787757287,0.7736178765756497,0.6487951807228916,0.871631376621743
