RMSE,NDCG,F1,MAE
1.1330320400810272,0.8234937875594673,0.5237113402061856,0.8920888184509793
