RMSE,NDCG,F1,MAE
0.04482166130529852,0.049875910983817606,0.12508384051670596,0.020457441829236367
