RMSE,NDCG,F1,MAE
0.9161649772608499,0.916277426563369,0.7341772151898734,0.729982935971281
