RMSE,NDCG,F1,MAE
0.8750221091036385,0.910854008100022,0.7532467532467533,0.6914092476355376
