RMSE,NDCG,F1,MAE
0.02585726464802951,0.005783692745738533,0.0026648900732844094,0.026974386357184854
