RMSE,NDCG,F1,MAE
0.03393569399274832,0.009587138059264588,0.025398651980930498,0.038357358756923365
