RMSE,NDCG,F1,MAE
0.9089578030963869,0.9204411461592866,0.7278481012658228,0.7297666063924609
