RMSE,NDCG,F1,MAE
0.8903077126128204,0.9104937338176304,0.7368421052631579,0.7030085496140962
