RMSE,NDCG,F1,MAE
0.0038861440591856367,0.0014446781506511908,0.02488654662567702,0.0016598461277366194
