RMSE,NDCG,F1,MAE
0.9203187520847498,0.8966247083744993,0.7575757575757576,0.7195400022148223
