RMSE,NDCG,F1,MAE
0.9164326080255641,0.8980693865251504,0.7326892109500805,0.7211998483425589
