RMSE,NDCG,F1,MAE
0.876286522763059,0.9103861564970936,0.750814332247557,0.69390725007435
