RMSE,NDCG,F1,MAE
0.9079994216201008,0.9227069812911253,0.7217806041335453,0.7283369886525126
