RMSE,NDCG,F1,MAE
0.03171289885704187,0.012320824794031626,0.029033728114011725,0.03442973857816267
