RMSE,NDCG,F1,MAE
0.9482261796712765,0.8920137320608658,0.7168,0.7720614013311057
