RMSE,NDCG,F1,MAE
0.9325742988501692,0.9051527860112063,0.7259498787388844,0.7326380326074717
