RMSE,NDCG,F1,MAE
0.015651880821107356,0.01313905395034054,0.009149878738884398,0.039423368723633945
