RMSE,NDCG,F1,MAE
122.5132294882734,118.68084054817425,156.54141104294484,125.34409878819768
