RMSE,NDCG,F1,MAE
122.9193909874277,111.21020471746665,124.36518889080557,124.87470976800732
