RMSE,NDCG,F1,MAE
121.13378665242102,112.10142443207987,137.48851000741288,123.38169187586026
