RMSE,NDCG,F1,MAE
122.13448714155871,117.11464934064625,142.1983184965381,124.98385012402993
