RMSE,NDCG,F1,MAE
121.78496367751683,112.45696151002096,128.89095992544267,124.24991574016853
