RMSE,NDCG,F1,MAE
122.2573165491974,118.54728644585997,150.43377674956625,124.99181403610969
