RMSE,NDCG,F1,MAE
121.09234022431947,111.9799089207028,139.56556556556558,123.32935442088153
