RMSE,NDCG,F1,MAE
120.87785064737815,116.91895370149467,143.81582594235033,123.35600379885776
