algorithm,georisk
SVD,0.7377369747638164
BIASEDMF,0.7426488756022961
NMF,0.7335059562237245
StochasticItemKNN,0.7086016533074174
BayesianRidge,0.6818337239319019
Tweedie,0.680089508580543
Ridge,0.6818110160954978
RandomForest,0.6833922062750046
Bagging,0.6788783156791298
AdaBoost,0.6839382958038949
GradientBoosting,0.6833557768955771
LinearSVR,0.6791528012515894
