algorithm,georisk
SVD,0.7435749432983929
BIASEDMF,0.7498873037290181
NMF,0.7384071998511196
StochasticItemKNN,0.7058371051092576
BayesianRidge,0.6762846617246577
Tweedie,0.6751102020171732
Ridge,0.6762552430276355
RandomForest,0.6782001372153004
Bagging,0.6734513424319138
AdaBoost,0.678648518973111
GradientBoosting,0.6780911854333311
LinearSVR,0.6711987232243665
