RMSE,NDCG,F1,MAE
0.10395141183626011,0.2491657837237221,0.185695480473892,0.10681342580796516
