RMSE,NDCG,F1,MAE
1.0709792970646068,0.834676816131646,0.6415094339622641,0.8484276418728837
