RMSE,NDCG,F1,MAE
1.174930708900867,0.5855110324079239,0.4558139534883721,0.9552410676808488
