RMSE,NDCG,F1,MAE
1.084615301368914,0.8276449942230193,0.6368305209097579,0.8611840270737442
