RMSE,NDCG,F1,MAE
0.1096308938707169,0.21027316513184324,0.17600102782220028,0.10728380086795486
