RMSE,NDCG,F1,MAE
1.1942461952396308,0.617371829091176,0.4608294930875576,0.968467827941699
