RMSE,NDCG,F1,MAE
1.0668036257872662,0.8384247315393787,0.6403508771929824,0.8458307672283738
