RMSE,NDCG,F1,MAE
1.1654795106085054,0.594223987361661,0.44976076555023925,0.9514328012660074
