RMSE,NDCG,F1,MAE
0.11497708280476138,0.28315688590843047,0.20991253644314872,0.12164383381284483
