RMSE,NDCG,F1,MAE
1.0702425059005816,0.8259878282835597,0.6384839650145773,0.8452478744606011
