RMSE,NDCG,F1,MAE
1.185219588705343,0.5428309423751292,0.42857142857142855,0.966891708273446
