RMSE,NDCG,F1,MAE
1.1687970621717476,0.6082008400982855,0.4796380090497738,0.9532184744108757
