RMSE,NDCG,F1,MAE
0.09870451007298287,0.22987576489464379,0.17004351961264658,0.11012324270976015
