RMSE,NDCG,F1,MAE
1.0700925520987647,0.8380766049929292,0.6496815286624203,0.8430952317011156
