RMSE,NDCG,F1,MAE
0.11337746094256418,0.2574341159234782,0.24041225574101727,0.11776801369971202
