RMSE,NDCG,F1,MAE
1.063868598936379,0.8364859997386961,0.6384222059897735,0.8436253266991214
