RMSE,NDCG,F1,MAE
1.1772460598789432,0.5790518838152179,0.39800995024875624,0.9613933403988334
