RMSE,NDCG,F1,MAE
1.1653670168100878,0.5950803323470513,0.44976076555023925,0.9512604761699155
