RMSE,NDCG,F1,MAE
1.067396226200154,0.838444396377893,0.6423357664233577,0.8462065761401413
