RMSE,NDCG,F1,MAE
0.09797079060993386,0.24336406403084176,0.1925750008731184,0.10505390002977422
