RMSE,NDCG,F1,MAE
1.0698409497525456,0.8432640752449765,0.6219879518072289,0.8496211672371268
