RMSE,NDCG,F1,MAE
1.1658175426610387,0.5964891922969074,0.41,0.9502885991349472
