RMSE,NDCG,F1,MAE
0.09597659290849303,0.24677488294806904,0.2119879518072289,0.10066743189782046
