algorithm,georisk
SVD,0.7455157186275261
BIASEDMF,0.7418175442329334
NMF,0.7335115776871257
StochasticItemKNN,0.7195350011352946
BayesianRidge,0.7012679922606656
Tweedie,0.7024743653724289
Ridge,0.7012012579272479
RandomForest,0.7016621072998773
Bagging,0.6986726369376254
AdaBoost,0.700134631435322
GradientBoosting,0.7020487514917533
LinearSVR,0.7004316669487168
