algorithm,georisk
SVD,0.7462061410668613
BIASEDMF,0.7412164402710006
NMF,0.7295299872577581
StochasticItemKNN,0.7152413410087387
BayesianRidge,0.6950032055738354
Tweedie,0.6975997641164877
Ridge,0.6949252995663077
RandomForest,0.6958706479760276
Bagging,0.6911230879785323
AdaBoost,0.6951449625581083
GradientBoosting,0.6967058709690416
LinearSVR,0.692278251676984
