RMSE,NDCG,F1,MAE
0.8923461550041332,0.8870088870775773,0.7243707796193984,0.7041724498857416
