RMSE,NDCG,F1,MAE
0.06710119054536645,0.018146976876072363,0.04384114091040292,0.05457709629037111
