RMSE,F1,MAE
0.8908390223295933,0.7238307349665924,0.7030201837183739
