RMSE,F1,MAE
0.07524239097609775,0.03257952144366394,0.06192606439277393
