RMSE,NDCG,F1,MAE
0.9594473455494996,0.9051558639536497,0.7682119205298014,0.7587495461761127
