RMSE,F1,MAE
0.8987789208927698,0.7125917560700169,0.7048183658746596
