RMSE,F1,MAE
0.9612119946146406,0.7189542483660131,0.7630259125104486
