RMSE,NDCG,F1,MAE
0.955087317715865,0.907996084753972,0.7297297297297297,0.757803550973654
