RMSE,NDCG,F1,MAE
0.053635813385705555,0.02892545684227199,0.015533356996771608,0.051830775599045475
