RMSE,NDCG,F1,MAE
0.9014515043301594,0.8790706279117,0.7141963727329581,0.7059727753746086
