RMSE,F1,MAE
0.9700959699022296,0.7549668874172185,0.7646306854538246
