RMSE,NDCG,F1,MAE
0.9632162210398274,0.9041259910628372,0.7619047619047619,0.7577949392442387
