RMSE,NDCG,F1,MAE
0.8883513718146878,0.8904972581818368,0.7049709489993544,0.701098480976825
