RMSE,F1,MAE
0.08367378473941389,0.051631603625527434,0.06552407860685883
