RMSE,NDCG,F1,MAE
0.07486484922513958,0.013628732881000416,0.056933812905407444,0.05669645826741365
