RMSE,NDCG,F1,MAE
0.06614778247495434,0.016337805483457313,0.03439390173170931,0.05247944201968768
