RMSE,NDCG,F1,MAE
0.9564953020919201,0.8973608023662091,0.7516778523489933,0.7493776774490422
