RMSE,NDCG,F1,MAE
0.8903475196169658,0.8810229968827518,0.717283950617284,0.6968982354293545
