RMSE,NDCG,F1,MAE
0.07879061231633522,0.015201350858980889,0.054015547796843255,0.05480466887152646
