RMSE,F1,MAE
0.0886702038739956,0.047892922919819836,0.06450816963093953
