RMSE,F1,MAE
0.8873380084161613,0.7133973996608253,0.6962787825611345
