RMSE,NDCG,F1,MAE
0.8890683727070621,0.8904109674368929,0.7141963727329581,0.6978395948739625
