RMSE,F1,MAE
0.9760082122901569,0.7612903225806451,0.760786952192074
