RMSE,NDCG,F1,MAE
0.9678589850233973,0.9056123182958737,0.7682119205298014,0.752644263745489
