RMSE,NDCG,F1,MAE
0.07043399468226175,0.01672070352975119,0.055955473098330266,0.05415913250987903
