RMSE,F1,MAE
0.07917613633145382,0.04316951721151763,0.06181111784741533
