RMSE,NDCG,F1,MAE
0.8889685681175816,0.887405287533086,0.717377860235003,0.6962482836704117
