RMSE,NDCG,F1,MAE
0.9594025627998434,0.9041259910628372,0.7733333333333333,0.7504074161802907
