RMSE,F1,MAE
0.9692438250683263,0.7549668874172185,0.7638460433241023
