RMSE,F1,MAE
0.8866512551946985,0.7033352837916911,0.6992476188702502
