RMSE,NDCG,F1,MAE
0.07387516566058905,0.013460585445834727,0.056933812905407444,0.05582069125525302
