RMSE,NDCG,F1,MAE
0.9624005265734784,0.9041259910628372,0.7619047619047619,0.7570205189841501
