RMSE,NDCG,F1,MAE
0.8885253609128894,0.8906654056170025,0.7049709489993544,0.7011998277288971
