RMSE,NDCG,F1,MAE
0.07754313812028701,0.01612114382555785,0.06287525016677786,0.05865420695967416
