RMSE,NDCG,F1,MAE
0.9692861249848388,0.9041259910628372,0.75,0.7669451193087506
