RMSE,F1,MAE
0.08575133133703938,0.056045175610392906,0.06731077034626465
