RMSE,F1,MAE
0.9753939214128778,0.7432432432432432,0.773468199347889
