RMSE,NDCG,F1,MAE
0.8917429868645518,0.8880048472372793,0.6871247498332221,0.7082909123490765
