algorithm,georisk
SVD,0.7445567640677052
BIASEDMF,0.7420532570256373
NMF,0.7259801383050215
StochasticItemKNN,0.7160282367452472
BayesianRidge,0.700134563135001
Tweedie,0.7010892854968441
Ridge,0.7000753829700079
RandomForest,0.7011668783740157
Bagging,0.6951450044601709
AdaBoost,0.6977954835469736
GradientBoosting,0.6997272865382194
LinearSVR,0.6992015789577388
