algorithm,georisk
SVD,0.7454943305940317
BIASEDMF,0.7420098338690835
NMF,0.7203655876463273
StochasticItemKNN,0.7124575226622749
BayesianRidge,0.6942246299521284
Tweedie,0.6966401739936376
Ridge,0.6941408789951531
RandomForest,0.6952268287676541
Bagging,0.6885188663159448
AdaBoost,0.6929290043668725
GradientBoosting,0.6938666899331537
LinearSVR,0.6915727079782277
