RMSE,NDCG,F1,MAE
0.060695132766931836,0.03255339235489796,0.04915350116800565,0.05673754232874617
