RMSE,NDCG,F1,MAE
1.0983872456781216,0.7886221215458441,0.6275401069518717,0.8625004256695954
