RMSE,NDCG,F1,MAE
1.1590823784450535,0.7560687291909461,0.578386605783866,0.9192379679983416
