RMSE,NDCG,F1,MAE
0.06852246159996112,0.05304116747664056,0.06952184790087901,0.060434283625526275
