RMSE,NDCG,F1,MAE
1.1857462979057405,0.7381381487246895,0.532258064516129,0.9377653927813164
