RMSE,NDCG,F1,MAE
1.1172238363057794,0.7911793162013301,0.601779912417008,0.8773311091557902
