RMSE,NDCG,F1,MAE
0.06318243428916448,0.039481577562369696,0.05739241265557049,0.05732800467266308
