RMSE,NDCG,F1,MAE
1.103953269355361,0.7921675744861287,0.5968660968660968,0.8660655947561267
