RMSE,NDCG,F1,MAE
1.1671357036445256,0.752685996923759,0.5394736842105263,0.9233935994287897
