RMSE,NDCG,F1,MAE
1.1562884933510995,0.7548525186372368,0.5611285266457681,0.9136137992718472
