RMSE,NDCG,F1,MAE
0.05847661611460908,0.03552172578224955,0.05529846450467446,0.054291122148288684
