RMSE,NDCG,F1,MAE
1.0978118772364904,0.7903742444194863,0.6164269911504425,0.8593226771235585
