RMSE,NDCG,F1,MAE
1.1186983375806148,0.7916929743222577,0.6128719723183391,0.873692550641041
