RMSE,NDCG,F1,MAE
1.1862124672344374,0.7515352182073748,0.554675118858954,0.9344303998866701
