RMSE,NDCG,F1,MAE
0.06751412965382264,0.040157756114882925,0.05819685345938508,0.06073784924562908
