RMSE,NDCG,F1,MAE
1.1700456238789814,0.7522716692495872,0.5620094191522763,0.9238643129320934
