RMSE,NDCG,F1,MAE
0.06462481286755573,0.03907950694493911,0.053311147042561347,0.05871457566450944
