RMSE,NDCG,F1,MAE
1.1054208110114256,0.7913511761945263,0.6153205661948377,0.8651497372675839
