RMSE,NDCG,F1,MAE
1.1672231206923243,0.752685996923759,0.5394736842105263,0.9234533242715828
