RMSE,NDCG,F1,MAE
1.1040247515210333,0.7922632984317629,0.5968660968660968,0.8661100832233851
