RMSE,NDCG,F1,MAE
0.06319836917129096,0.03957730150800387,0.05739241265557049,0.05734324104819766
