RMSE,NDCG,F1,MAE
1.0990323135606495,0.7901349217090042,0.5773534238400716,0.867316238887928
