RMSE,NDCG,F1,MAE
0.0544790767703649,0.03954703505901147,0.04194755164663466,0.049210034603735076
