RMSE,NDCG,F1,MAE
1.1535113903310144,0.7505878866499928,0.5354058721934369,0.916526273491663
