RMSE,NDCG,F1,MAE
0.9213166440698414,0.9029360387670848,0.735,0.7315912810398463
