RMSE,NDCG,F1,MAE
0.8942343255979512,0.8871845821399795,0.7669172932330827,0.7118248559592065
