RMSE,NDCG,F1,MAE
0.027082318471890132,0.01575145662710531,0.03191729323308268,0.01976642508063975
