RMSE,NDCG,F1,MAE
0.9337048183878138,0.8919835707796913,0.7160161507402423,0.731888780275877
