RMSE,NDCG,F1,MAE
0.02750005096390762,0.005664091883368361,0.02246776364346803,0.01701010850065343
