RMSE,NDCG,F1,MAE
0.9062047674239062,0.8976476626630596,0.6935483870967742,0.7148786717752236
