RMSE,NDCG,F1,MAE
0.8858883805851425,0.889117084152268,0.7241379310344828,0.6938619297086426
