RMSE,NDCG,F1,MAE
0.9143695158190158,0.9052982608120627,0.7204301075268817,0.7126913115932558
