RMSE,NDCG,F1,MAE
0.0284811352338733,0.016181176659794683,0.0037078235076010158,0.01882938188461325
