RMSE,NDCG,F1,MAE
0.022131995517261305,0.00940504394123709,0.006526806526806483,0.013914939869872689
