RMSE,NDCG,F1,MAE
0.9019887260946252,0.8890286960980764,0.7424242424242424,0.7115913268941689
