RMSE,NDCG,F1,MAE
0.9241207216118865,0.8984337400393135,0.735897435897436,0.7255062667640416
