RMSE,NDCG,F1,MAE
0.0025237124930556076,0.008609780766318798,0.012086791903305638,0.009188008908991852
