RMSE,NDCG,F1,MAE
0.915727305909845,0.8918593050769328,0.746031746031746,0.7028582295542606
