RMSE,NDCG,F1,MAE
0.9182510184029006,0.9004690858432516,0.7339449541284404,0.7120462384632524
