RMSE,NDCG,F1,MAE
0.9196123056353313,0.904169064584666,0.7323232323232324,0.7233867528637606
