RMSE,NDCG,F1,MAE
0.8945681822343676,0.8781362507999718,0.7716535433070866,0.7078335789006466
