RMSE,NDCG,F1,MAE
0.025044123400963625,0.02603281378469413,0.0393303109838542,0.015553173963114064
