RMSE,NDCG,F1,MAE
0.03352123706814858,0.011381162168198955,0.0032707223623960058,0.02600586680209427
