RMSE,NDCG,F1,MAE
0.8819841164614556,0.8927445725710426,0.7241379310344828,0.6873185282241507
