RMSE,NDCG,F1,MAE
0.9155053535296042,0.9041257347392415,0.7208672086720868,0.713324395026245
