RMSE,NDCG,F1,MAE
0.8983960092655107,0.8852671909571024,0.7433628318584071,0.7074296184725883
