RMSE,NDCG,F1,MAE
0.9220700477127135,0.9030200415625137,0.7138964577656676,0.7225335467014501
