RMSE,NDCG,F1,MAE
0.02367403844720284,0.01775285060541132,0.029466374092739556,0.015103928228861752
