RMSE,NDCG,F1,MAE
82.59906425910562,96.13770197343766,83.43440545323332,82.97294308245695
