RMSE,NDCG,F1,MAE
80.74743510527246,93.27941304420658,83.63636363636364,80.10434837272965
