RMSE,NDCG,F1,MAE
79.44749589464722,97.87070008079782,80.07249052133461,79.23162746753609
