RMSE,NDCG,F1,MAE
81.0477775260581,94.10304570353797,82.33736028378289,81.31768128262775
