RMSE,NDCG,F1,MAE
93.19538952645112,106.83559015685363,95.69873492203591,95.06808363095882
