RMSE,NDCG,F1,MAE
92.35330248952003,107.05144368709543,94.68613608296886,93.26944734907563
