RMSE,NDCG,F1,MAE
93.88944558844805,107.86738965517569,96.13333593399518,95.440012962355
