RMSE,NDCG,F1,MAE
93.19192799375466,108.09310420759404,95.31694519684503,95.03711969013276
