RMSE,NDCG,F1,MAE
93.517107360092,108.43808446956098,95.7910014513788,95.20177001267301
