RMSE,NDCG,F1,MAE
92.96374616098129,107.09101210358001,95.16242294291077,94.84213156925608
