RMSE,NDCG,F1,MAE
93.90210040811986,107.87557573759261,96.06047569295065,95.4498329558245
