RMSE,NDCG,F1,MAE
92.62473265097265,108.30883971530218,95.23481415453517,94.3399808505915
