RMSE,NDCG,F1,MAE
99.31821743708484,98.473926127328,100.8723715831392,100.59568375504466
