RMSE,NDCG,F1,MAE
100.85402669223313,97.6719552138149,98.43911474596771,101.37747533003531
