RMSE,NDCG,F1,MAE
101.25740012287199,99.47565754234218,101.93518437348081,102.00846034454538
