RMSE,NDCG,F1,MAE
100.17016076732155,99.46360189509011,102.88423204702275,102.02461573202015
