algorithm,georisk
SVD,0.7509374251179357
BIASEDMF,0.7479551627485169
NMF,0.7301494994775574
StochasticItemKNN,0.7262481324065955
BayesianRidge,0.7080368070213848
Tweedie,0.705000510647552
Ridge,0.707972343046116
RandomForest,0.7096057714567091
Bagging,0.7052629977238344
AdaBoost,0.70991196356187
GradientBoosting,0.71081113790232
LinearSVR,0.7089179182813864
