algorithm,georisk
SVD,0.8191378969278827
BIASEDMF,0.8157884446562732
NMF,0.7954969169905116
StochasticItemKNN,0.7898309054103513
BayesianRidge,0.7748490102170807
Tweedie,0.772341865568059
Ridge,0.7747399616883632
RandomForest,0.7752759615362663
Bagging,0.7718970459210185
AdaBoost,0.7748102505197114
GradientBoosting,0.7757030667468232
LinearSVR,0.7743000257033624
