RMSE,NDCG,F1,MAE
94.93586611824864,96.01632706298867,96.99303105910694,93.84342529571786
