RMSE,NDCG,F1,MAE
95.49234873042865,95.56730420683692,97.7148045030868,95.36896874291355
