RMSE,NDCG,F1,MAE
101.96152315996723,96.88390529286116,106.42930127886214,103.20934214511024
