RMSE,NDCG,F1,MAE
96.07484600522466,96.72751563096693,97.18725833696953,95.57874997189951
