RMSE,NDCG,F1,MAE
99.91143952728297,104.38137362377198,119.32073527377165,98.36137185959734
