RMSE,NDCG,F1,MAE
100.82478291952503,103.78991573832484,114.97474554220555,98.90633227891247
