RMSE,NDCG,F1,MAE
101.30364230938392,103.16474579679877,118.492854049372,100.33611501950006
