RMSE,NDCG,F1,MAE
100.39505200428368,104.12430336663765,119.17331875341716,98.93748997242675
