RMSE,NDCG,F1,MAE
102.02706697790282,104.17898511608419,117.56106282008054,101.29468660444314
