RMSE,NDCG,F1,MAE
100.85609527720135,106.02870221818621,119.61308251389482,99.74753269019536
