RMSE,NDCG,F1,MAE
101.30191779607071,102.94368581260225,118.5763888888889,100.33221944867256
