RMSE,NDCG,F1,MAE
0.9531048484108482,0.8829948943587246,0.7056128293241696,0.7592542816791514
