RMSE,NDCG,F1,MAE
0.9905521385977585,0.8912073690402063,0.6807084729535663,0.7953490481128722
