RMSE,NDCG,F1,MAE
0.03744729018691029,0.008212474681481674,0.024904356370603287,0.03609476643372078
