RMSE,NDCG,F1,MAE
1.0422212142308904,0.8741488497579899,0.6593406593406593,0.8315908375281273
