RMSE,NDCG,F1,MAE
1.5456104737684857,0.8806111523193183,0.5863157894736842,1.129863333931557
