RMSE,NDCG,F1,MAE
0.5033892595375953,0.0064623025613284035,0.0730248698669751,0.29827249640342957
