RMSE,NDCG,F1,MAE
1.559245427718972,0.8241178633428238,0.5771878072763028,1.1405172428700154
