RMSE,NDCG,F1,MAE
0.47414133043184914,0.008634911854773164,0.08314974546631326,0.27119288675216047
