RMSE,NDCG,F1,MAE
1.0851040972871229,0.8154829514880506,0.6603375527426161,0.869324356117855
