RMSE,NDCG,F1,MAE
0.9785676792687427,0.8952431995246602,0.6772639691714836,0.7877620868747611
