RMSE,NDCG,F1,MAE
0.9426703267454255,0.8948635562653148,0.7110609480812641,0.7529876163199454
