RMSE,NDCG,F1,MAE
0.03589735252331716,0.0003796432593454746,0.033796978909780506,0.03477447055481575
