RMSE,NDCG,F1,MAE
1.2417835889891202,0.7516583371761819,0.4779874213836478,0.9912625786078455
