RMSE,NDCG,F1,MAE
1.0248679852896223,0.8195322056766495,0.6409762363519589,0.8121697169170555
