RMSE,NDCG,F1,MAE
0.21691560369949792,0.06787386850046762,0.16298881496831108,0.17909286169078997
