RMSE,NDCG,F1,MAE
0.2255324359414832,0.081343260856099,0.15598066774772917,0.18837641641529834
