RMSE,NDCG,F1,MAE
1.2616372317912568,0.7416919850631039,0.48581997533908755,1.0115467663420636
