RMSE,NDCG,F1,MAE
1.0361047958497736,0.8230352459192029,0.6418006430868167,0.8231703499267653
