RMSE,NDCG,F1,MAE
1.0136473419083698,0.817966241088402,0.6363636363636364,0.8079299932524109
