RMSE,NDCG,F1,MAE
1.2396516937543287,0.7422965451873378,0.4805194805194805,0.9956908540874352
