RMSE,NDCG,F1,MAE
0.2260043518459589,0.0756696959010642,0.15584415584415584,0.1877608608350243
