RMSE,NDCG,F1,MAE
1.2464702864028854,0.7454692017281428,0.4931506849315068,0.9945504653097077
