RMSE,NDCG,F1,MAE
1.0221581189098183,0.8205258165605561,0.6505410566518142,0.808920125892468
