RMSE,NDCG,F1,MAE
0.22431216749306704,0.07505661483241333,0.15739037172030734,0.18563033941723972
