RMSE,NDCG,F1,MAE
1.262636246945987,0.7463336244954099,0.4829329962073325,1.0117030208522213
