RMSE,NDCG,F1,MAE
0.2393225890892383,0.07261701353886052,0.16260387313290042,0.1990183446138597
