RMSE,NDCG,F1,MAE
1.0233136578567488,0.8189506380342704,0.6455368693402329,0.8126846762383616
