RMSE,NDCG,F1,MAE
1.2419361820959216,0.7359426920835185,0.4837905236907731,0.9917713047691555
