RMSE,NDCG,F1,MAE
0.22352137486681523,0.08676115437947585,0.1624026944794124,0.18539028822281123
