RMSE,NDCG,F1,MAE
1.0184148072291064,0.8227038464629943,0.6461932181701855,0.8063810165463443
