RMSE,NDCG,F1,MAE
1.2400328305711206,0.7418540589654169,0.4805194805194805,0.9959833176899794
