RMSE,NDCG,F1,MAE
0.22599107633040005,0.07581084703727259,0.1545072574484339,0.18784249541137443
