RMSE,NDCG,F1,MAE
1.0140417542407205,0.8176649060026895,0.6350267379679144,0.808140822278605
