RMSE,NDCG,F1,MAE
1.236354184919559,0.7438410345534319,0.4699599465954606,0.9950207583307887
