RMSE,NDCG,F1,MAE
0.23160095370922096,0.07504520097056555,0.15183047672168026,0.19017693184127427
