RMSE,NDCG,F1,MAE
1.004753231210338,0.8188862355239974,0.6217904233171409,0.8048438264895145
