algorithm,georisk
SVD,0.9469199106456466
BIASEDMF,0.9505457408742298
NMF,0.9410233346151334
StochasticItemKNN,0.9204270972858787
BayesianRidge,0.9047908540219533
Tweedie,0.90363884298295
Ridge,0.9047785299411653
RandomForest,0.9055898965331198
Bagging,0.9024626939996415
AdaBoost,0.9060150600201436
GradientBoosting,0.9066341061416172
LinearSVR,0.902355731724189
