algorithm,georisk
SVD,0.9252143385332223
BIASEDMF,0.9294835166649156
NMF,0.9186799855300918
StochasticItemKNN,0.8890493597865525
BayesianRidge,0.8703442330820724
Tweedie,0.8704311197390594
Ridge,0.8703230983511479
RandomForest,0.8706711249505478
Bagging,0.8676479494097932
AdaBoost,0.872591554410074
GradientBoosting,0.8722663290109113
LinearSVR,0.8659398982906616
