RMSE,NDCG,F1,MAE
0.002482232896602321,0.018766204220095895,0.10736481979274681,0.011597083026493316
