RMSE,NDCG,F1,MAE
1.077947672511897,0.7980177875897042,0.5991189427312775,0.8699213709756838
