RMSE,NDCG,F1,MAE
1.0754654396152947,0.7792515833696083,0.4917541229385307,0.8583242879491905
