RMSE,NDCG,F1,MAE
1.1115718709060267,0.7585401844325802,0.5198237885462555,0.8819291506615451
