RMSE,NDCG,F1,MAE
0.02769077635816286,0.04692564329383697,0.08721051453667972,0.011576388929864567
