RMSE,NDCG,F1,MAE
1.0838810945478639,0.8054658277264172,0.6070343030829353,0.8703527617316805
