RMSE,NDCG,F1,MAE
0.013238347708619536,0.0077528450237989155,0.09905051622418881,0.003531992779549964
