RMSE,NDCG,F1,MAE
1.0819224896771542,0.8002553943530804,0.609375,0.8663011241514257
