RMSE,NDCG,F1,MAE
1.0951608373857737,0.7925025493292814,0.5103244837758112,0.8698331169309756
