RMSE,NDCG,F1,MAE
1.0754328537070863,0.7962857620688029,0.6119982736296936,0.8640550299822414
