RMSE,NDCG,F1,MAE
1.081211442060856,0.7792188523633375,0.5065885797950219,0.859725335902766
