RMSE,NDCG,F1,MAE
0.005778588353769765,0.017066909705465316,0.10540969383467169,0.004329694079475366
