RMSE,NDCG,F1,MAE
0.02278141931784683,0.01539317669226592,0.10331856764582148,0.01291181821209153
