RMSE,NDCG,F1,MAE
1.1080018209279032,0.7818340762490193,0.5294117647058824,0.87769108287533
