RMSE,NDCG,F1,MAE
1.0852204016100564,0.7972272529412853,0.6327303323517038,0.8647792646632385
