RMSE,NDCG,F1,MAE
1.0746600766201497,0.8040660655453921,0.6120689655172413,0.8616306052517112
