RMSE,NDCG,F1,MAE
1.0812263642900344,0.7784056078689648,0.5151953690303908,0.8589591336776053
