RMSE,NDCG,F1,MAE
0.006566287669884652,0.025660457676427217,0.09687359648685057,0.002671471574105855
