RMSE,NDCG,F1,MAE
1.0821836351962153,0.8010419875613136,0.6105810928013877,0.8665208107203599
