RMSE,NDCG,F1,MAE
0.013114490814664093,0.008539438232032182,0.0958752104484466,0.003422818606969691
