RMSE,NDCG,F1,MAE
1.0952981260108794,0.7925025493292814,0.5147058823529411,0.8699436293273296
