RMSE,NDCG,F1,MAE
1.0839270698862915,0.778403640887335,0.49390243902439024,0.8637480132920674
