RMSE,NDCG,F1,MAE
0.006769358682494397,0.020394139034786485,0.09769720351359013,0.001393971506537528
