RMSE,NDCG,F1,MAE
1.077157711203797,0.7987977799221215,0.5915996425379804,0.8651419847986049
