RMSE,NDCG,F1,MAE
1.04160030828852,0.7315685584443907,0.5966228893058161,0.8555989608682255
