RMSE,NDCG,F1,MAE
0.0744550588840509,0.05384447803282799,0.027432288783622916,0.044904709061319714
