RMSE,NDCG,F1,MAE
1.1160553671725708,0.7854130364772187,0.5691906005221932,0.9005036699295452
