RMSE,NDCG,F1,MAE
1.073655497702819,0.7282480647582771,0.6037383177570094,0.8755637179879604
