RMSE,NDCG,F1,MAE
0.05961390579230308,0.06127182318410307,0.03548992877048329,0.030194202896010824
