RMSE,NDCG,F1,MAE
1.133269403495122,0.7895198879423801,0.5682483889865261,0.9057579208839712
