RMSE,NDCG,F1,MAE
1.0496166459167913,0.7337143872708195,0.5885714285714285,0.8526845524859925
