RMSE,NDCG,F1,MAE
0.07363923284615126,0.051966408035498346,0.021646978839126363,0.04467217273995849
