RMSE,NDCG,F1,MAE
1.1232558787629425,0.7856807953063178,0.5669244497323022,0.897356725225951
