RMSE,NDCG,F1,MAE
1.1197127981328687,0.783049287728455,0.5715948777648429,0.8965948495644215
