RMSE,NDCG,F1,MAE
1.0459444708157668,0.7486115608920596,0.6048689138576779,0.8535463155765383
