RMSE,NDCG,F1,MAE
0.07376832731710192,0.034437726836395344,0.03327403609283508,0.04304853398788322
