RMSE,NDCG,F1,MAE
1.0614281816510651,0.7337143872708195,0.6062846580406654,0.859293091962571
