RMSE,NDCG,F1,MAE
1.1421503532580801,0.7853078214199524,0.5761646184624178,0.9083171467519586
