RMSE,NDCG,F1,MAE
0.080722171607015,0.051593434149132866,0.030120039578247604,0.04902405478938765
