RMSE,NDCG,F1,MAE
1.1209455872692393,0.784460077010692,0.5743944636678201,0.8971347004093873
