RMSE,NDCG,F1,MAE
0.08036795923718532,0.0475702174261623,0.024863421304350597,0.047967065066855
