RMSE,NDCG,F1,MAE
1.040577628032054,0.7368898595845297,0.5992578849721707,0.8491676353425323
