RMSE,NDCG,F1,MAE
0.07344169719946336,0.05144246568692934,0.02263444109789603,0.04452952037601343
