RMSE,NDCG,F1,MAE
1.0500496676207594,0.7337143872708195,0.5891325071496664,0.8530195220489277
