RMSE,NDCG,F1,MAE
1.1234913648202227,0.7851568529577488,0.5664980660517703,0.8975490424249412
