RMSE,NDCG,F1,MAE
1.0241115904867955,0.7381822422939956,0.58984375,0.8353631127834525
