RMSE,NDCG,F1,MAE
1.1110979130220275,0.780299113360649,0.5537318055125425,0.8896265846865763
