RMSE,NDCG,F1,MAE
0.08698632253523209,0.042116871066653405,0.03611194448745747,0.05426347190312375
