RMSE,NDCG,F1,MAE
85.66239433290586,102.2046413262102,97.77200110177662,84.496422579517
