RMSE,NDCG,F1,MAE
85.06504994573815,98.89702243465418,100.77019014783471,83.87305909429801
