RMSE,NDCG,F1,MAE
86.13715901765471,104.9776056268402,98.89471315489901,84.6809594756898
