RMSE,NDCG,F1,MAE
85.85972379587992,103.1632886751368,99.69549067035246,85.10243993124959
