RMSE,NDCG,F1,MAE
86.5679904806584,103.59058456965346,98.90744101633393,85.42999994414406
