RMSE,NDCG,F1,MAE
85.97421743797878,101.62476546290505,100.44182621502209,85.15566111785687
