RMSE,NDCG,F1,MAE
86.14367928965511,104.59769104733014,98.94444444444446,84.67635381218957
