RMSE,NDCG,F1,MAE
85.30071368397812,102.16927293696688,94.89045133340437,83.88904977544118
