RMSE,NDCG,F1,MAE
0.029824847058829373,0.021365649865497716,0.04316781857098506,0.037585567727154934
