RMSE,NDCG,F1,MAE
1.0574104088793057,0.8180676137323093,0.6376811594202898,0.8270581914233136
