RMSE,NDCG,F1,MAE
1.087235255938135,0.7967019638668116,0.5945133408493047,0.8646437591504685
