RMSE,NDCG,F1,MAE
1.091340683259363,0.7934677817760093,0.6213800500536288,0.8723700922746523
