RMSE,NDCG,F1,MAE
0.027234489795988415,0.03356366039559533,0.032271432231259056,0.037610235635341493
