RMSE,NDCG,F1,MAE
1.0641061934633746,0.8270314421716046,0.6536514822848879,0.8347598566393108
