RMSE,NDCG,F1,MAE
1.086069656521176,0.8002796956610356,0.6186012977649603,0.8662267143541204
