RMSE,NDCG,F1,MAE
1.0583821205602164,0.8170051635368661,0.6569978245105149,0.8321415218427559
