RMSE,NDCG,F1,MAE
0.02768753596095963,0.016725467875830513,0.038396526745554604,0.03408519251136444
