RMSE,NDCG,F1,MAE
1.0800149857114998,0.8016211997960128,0.6353688669255206,0.8590569337333002
