RMSE,NDCG,F1,MAE
1.0557542716057664,0.8228892300069898,0.6590421729807004,0.8269556156131107
