RMSE,NDCG,F1,MAE
0.024260714105733383,0.021268030210977007,0.02367330605517981,0.03210131812018946
