RMSE,NDCG,F1,MAE
1.1014339080186284,0.7987774197909403,0.6292768959435626,0.8733614117806924
