RMSE,NDCG,F1,MAE
1.0719358955693736,0.8205771325046299,0.6671388101983002,0.839246156405273
