RMSE,NDCG,F1,MAE
0.029498012449254762,0.021799712713689634,0.037861914254737616,0.03411525537541937
