RMSE,NDCG,F1,MAE
1.0854157988473425,0.8033721049136734,0.6344730348960169,0.863425896763856
