RMSE,NDCG,F1,MAE
0.024763185346153627,0.01671655784281567,0.03505486209969122,0.031798397022107405
