RMSE,NDCG,F1,MAE
1.060652613501189,0.8200886627564891,0.6695278969957081,0.8316274997417485
