RMSE,NDCG,F1,MAE
0.02775195297940458,0.016954848074115847,0.039369716727793325,0.03415401358689518
