RMSE,NDCG,F1,MAE
1.0862045668315081,0.8001247802440885,0.6186012977649603,0.8663126711570869
