RMSE,NDCG,F1,MAE
1.0584526138521035,0.8170796283182044,0.6579710144927536,0.8321586575701917
