RMSE,NDCG,F1,MAE
1.0836659171366285,0.7976482361093007,0.6105733432613552,0.8663286832081405
