RMSE,NDCG,F1,MAE
1.0586578754152718,0.8157691145151741,0.636294608959757,0.8380484556099932
