RMSE,NDCG,F1,MAE
0.025008041721356733,0.018120878405873397,0.02572126569840183,0.0282802275981473
