RMSE,NDCG,F1,MAE
0.7436740045755706,0.922572596624167,0.7470198675496689,0.5797347721527508
