RMSE,NDCG,F1,MAE
0.8618820987659637,0.9026123630019385,0.7353038857522418,0.6812338953412612
