RMSE,NDCG,F1,MAE
0.10171519217684277,0.015505829854850717,0.00882144061851542,0.08783462485865734
