RMSE,NDCG,F1,MAE
0.7335932913007788,0.9261476852737172,0.7599486521181001,0.5699395560230011
