RMSE,NDCG,F1,MAE
0.11702260530516406,0.020592707559562995,0.015114280192878748,0.102837204016752
