RMSE,NDCG,F1,MAE
0.8486824749558443,0.9082035549144705,0.7513278609367455,0.6645874129577033
