RMSE,NDCG,F1,MAE
0.7281460481404229,0.9283173776909899,0.7755102040816326,0.556730153083274
