RMSE,NDCG,F1,MAE
0.12053642681542132,0.020113822776519408,0.024182343144887097,0.10785725987442929
