RMSE,NDCG,F1,MAE
0.11756186587162876,0.010468091747625752,0.01927199190250317,0.10571654119110252
