RMSE,NDCG,F1,MAE
94.17180923890905,102.02986518391415,133.82706424998375,93.40067086874446
