RMSE,NDCG,F1,MAE
94.51346925032175,105.24029067237267,135.65568549955762,93.54192325270712
