RMSE,NDCG,F1,MAE
93.888068783674,102.10674172759833,135.09687567026526,93.38552316006621
