RMSE,NDCG,F1,MAE
93.72649539546458,102.87573615641872,138.16712034974842,93.12261455159017
