RMSE,NDCG,F1,MAE
94.21786818577155,102.19512009274135,133.63624415613674,93.91766404929707
