RMSE,NDCG,F1,MAE
94.36745789332058,103.82634093022935,135.62665335662592,93.70413864821451
