RMSE,NDCG,F1,MAE
93.89485051523991,102.17109074394142,134.822137497407,93.39352681334742
