RMSE,NDCG,F1,MAE
91.91653005597948,101.6606549160474,132.74664233459796,91.2587152912774
