RMSE,NDCG,F1,MAE
0.061787435607553176,0.00957838046457471,0.06714831627326967,0.048990811991771244
