RMSE,NDCG,F1,MAE
0.9864369084207866,0.8813954907727373,0.6672862453531598,0.7917890737533032
