RMSE,NDCG,F1,MAE
0.9246494728132334,0.8718171103081626,0.7344345616264295,0.742798261761532
