RMSE,NDCG,F1,MAE
1.5154740637082809,0.8687072544892945,0.597979797979798,1.0990684408924596
