RMSE,NDCG,F1,MAE
1.0302387051708541,0.8728399779207695,0.6965986394557823,0.811575991219289
