RMSE,NDCG,F1,MAE
0.4852353585374267,0.004132723431474972,0.09861884147598432,0.28749244967317056
