RMSE,NDCG,F1,MAE
1.5325423611952234,0.8188994350186387,0.6002779064381658,1.1199458024986677
