RMSE,NDCG,F1,MAE
0.5191629498182171,0.03051485878227367,0.12281761955941584,0.31593483773132247
