RMSE,NDCG,F1,MAE
1.0133794113770063,0.8494142938009124,0.7230955259975816,0.8040109647673452
