RMSE,NDCG,F1,MAE
0.06864606250750238,0.0027447971397239757,0.07447808243621012,0.05128055023169531
