RMSE,NDCG,F1,MAE
0.9090400468081362,0.8857872942577036,0.7442455242966752,0.7330229636995862
