RMSE,NDCG,F1,MAE
0.9776861093156386,0.8830424971179797,0.6697674418604651,0.7843035139312815
