RMSE,NDCG,F1,MAE
99.86593113579733,100.92946356840467,83.93465817159375,100.80769758371675
