RMSE,NDCG,F1,MAE
99.57820941769789,103.2074759427252,83.93976891953895,100.43032950134783
