RMSE,NDCG,F1,MAE
99.9011775645418,101.41260990215997,82.37250656216224,100.75850279524663
