RMSE,NDCG,F1,MAE
99.32575495409624,101.02813915292776,83.8046490607595,100.50069018108259
