RMSE,NDCG,F1,MAE
99.16165880580282,101.56457102546864,84.21494957484673,99.8727829944557
