RMSE,NDCG,F1,MAE
99.32040075364823,100.86888122103194,84.32076055722692,100.41770351323518
