RMSE,NDCG,F1,MAE
99.29119220478886,102.32241936419095,82.96539917102179,100.49776061840862
