RMSE,F1,MAE
0.06678698001731664,0.036155916197520344,0.05369526620586007
