RMSE,NDCG,F1,MAE
0.0713921531529127,0.005569382581311455,0.0316546007764138,0.056339285993304955
