RMSE,NDCG,F1,MAE
0.0734387441212504,0.007363087592557438,0.03639305128447479,0.05924263786112294
