RMSE,NDCG,F1,MAE
0.9439101948009289,0.8756422443648886,0.7053824362606232,0.745488220396586
