RMSE,F1,MAE
0.06470319228122878,0.030341430734163954,0.050804076532418585
