RMSE,NDCG,F1,MAE
0.8764228046624295,0.8844668512964654,0.7386503067484662,0.6898165407450119
