RMSE,F1,MAE
0.936399562022275,0.7071359380045205,0.7392945116035303
