RMSE,NDCG,F1,MAE
0.9498615487836799,0.877103763703908,0.7022572554639914,0.7490591786061348
