RMSE,F1,MAE
0.9429659360477396,0.7033398821218074,0.7433771378231054
