RMSE,NDCG,F1,MAE
0.8725180416480162,0.8700728617835771,0.737037037037037,0.6891489344032811
