RMSE,NDCG,F1,MAE
0.11206038687752251,0.0012797112756829376,0.04631527347563169,0.08751256922726447
