RMSE,F1,MAE
0.974322965979591,0.7055412371134021,0.7608871821184193
