RMSE,F1,MAE
0.10470264231233462,0.04240718023712542,0.07947055134921155
