RMSE,NDCG,F1,MAE
0.9807981102776232,0.8843780454850003,0.7021877205363444,0.7681843932158144
