RMSE,NDCG,F1,MAE
0.8687377234001007,0.8830983342093174,0.7485029940119761,0.68067182398855
