RMSE,F1,MAE
0.9350470389910921,0.7120283779425992,0.7377377680921356
