RMSE,NDCG,F1,MAE
0.0677825461566024,0.0021902371661249864,0.023167883591911798,0.05503147831731248
