RMSE,NDCG,F1,MAE
0.8748218490867671,0.8812083777697447,0.7334152334152334,0.6890580674629678
