RMSE,F1,MAE
0.06095222393473554,0.02114469898047766,0.049081905958706096
