RMSE,NDCG,F1,MAE
0.9426043952433695,0.8790181406036197,0.7102473498233216,0.7440895457802803
