RMSE,NDCG,F1,MAE
0.9065733992803985,0.8812891931666881,0.721928277483833,0.7188000837212531
