RMSE,NDCG,F1,MAE
0.0681683785526851,0.007780567469437005,0.01628866262826223,0.03934358811965277
