RMSE,F1,MAE
0.062404449406143314,0.01589561567101827,0.03538045636887743
