RMSE,F1,MAE
0.9057502864946231,0.723404255319149,0.7179553763123065
