RMSE,NDCG,F1,MAE
0.9747417778330836,0.8735086256972511,0.7056396148555708,0.7581436718409059
