RMSE,F1,MAE
0.9681547359007664,0.7075086396481307,0.753335832681184
