RMSE,NDCG,F1,MAE
1.2162407394796078,0.799927627581572,0.4869109947643979,0.9728486779572829
