RMSE,NDCG,F1,MAE
0.19171964274524078,0.007277016103444001,0.14427712404748327,0.15436253141508205
