RMSE,NDCG,F1,MAE
1.024521096734367,0.807204643685016,0.6311881188118812,0.8184861465422009
