RMSE,NDCG,F1,MAE
0.1944668919047039,0.005059118242156435,0.14938907283963226,0.15487737748269892
