RMSE,NDCG,F1,MAE
1.236854384842907,0.8082623323108963,0.4725848563968668,0.9821103748376475
