RMSE,NDCG,F1,MAE
1.042387492938203,0.8133214505530527,0.6219739292364991,0.8272329973549486
