RMSE,NDCG,F1,MAE
1.2129192716699684,0.7987644179404375,0.4794701986754967,0.965441142013368
