RMSE,NDCG,F1,MAE
1.0323946440370575,0.8093538529010043,0.6254728877679697,0.8214657929935041
