RMSE,NDCG,F1,MAE
0.18052462763291088,0.010589434960566746,0.14600268909247305,0.14397534901986386
