RMSE,NDCG,F1,MAE
1.2238609581317204,0.8026007622788226,0.4936708860759494,0.9753229127588888
