RMSE,NDCG,F1,MAE
1.027332118407344,0.8091999719046428,0.6489746682750301,0.8136957019530692
