RMSE,NDCG,F1,MAE
0.1965288397243763,0.006599209625820168,0.15530378219908075,0.16162721080581965
