RMSE,NDCG,F1,MAE
0.19133337505555592,0.012024395903113327,0.13723372560703118,0.15165035450272235
