RMSE,NDCG,F1,MAE
1.2301650887042437,0.7939322962396851,0.5051020408163265,0.974852643532345
