RMSE,NDCG,F1,MAE
1.0388317136486878,0.8059566921427984,0.6423357664233577,0.8232022890296227
