RMSE,NDCG,F1,MAE
0.1924711299396047,0.014929691557402425,0.1462760700873944,0.15648161257827597
