RMSE,NDCG,F1,MAE
1.2252405507023443,0.7969622372015186,0.4967989756722151,0.9742075646217775
