RMSE,NDCG,F1,MAE
1.0327694207627396,0.811891928758921,0.6430750457596095,0.8177259520435015
