RMSE,NDCG,F1,MAE
1.2131475034332382,0.7997649512925902,0.48010610079575594,0.9657472664361008
