RMSE,NDCG,F1,MAE
1.0326718439234055,0.8082674696644365,0.6250787649653434,0.8216221115003065
