RMSE,NDCG,F1,MAE
0.1804756595098327,0.008502518371846346,0.14497266416958748,0.14412515493579425
