RMSE,NDCG,F1,MAE
1.2067500022566309,0.7983736089556552,0.4536652835408022,0.9625507099016904
