RMSE,NDCG,F1,MAE
0.1792933039830682,0.009304760817683055,0.16451653464101595,0.14237040365598908
