RMSE,NDCG,F1,MAE
1.0274566982735627,0.8076783697733383,0.6181818181818182,0.8201803062457014
