RMSE,NDCG,F1,MAE
1.0603726900479113,0.8585426692538451,0.6508355321020228,0.829267930174433
