RMSE,NDCG,F1,MAE
0.9258709721498032,0.8842954981163061,0.670404485382459,0.7292471152265124
