RMSE,NDCG,F1,MAE
0.13450171789810816,0.025752828862460997,0.019568953280436174,0.10002081494792059
