RMSE,NDCG,F1,MAE
1.126260996140315,0.8300208384580415,0.6397124887690926,0.8859668572182868
