RMSE,NDCG,F1,MAE
0.13544524394632695,0.04709240078857835,0.011021263851452523,0.10543564902382885
