RMSE,NDCG,F1,MAE
0.990815752193988,0.8771132392466199,0.6507337526205451,0.780531208194458
