RMSE,NDCG,F1,MAE
1.0419925221069692,0.8356657862546679,0.6412213740458015,0.8143063615376728
