RMSE,NDCG,F1,MAE
1.1554470317517953,0.8049787634802988,0.6291390728476821,0.9097669942070304
