RMSE,NDCG,F1,MAE
0.11345450964482606,0.030687022774369077,0.012082301198119372,0.09546063266935767
