RMSE,NDCG,F1,MAE
1.049600036788618,0.8571972478117895,0.6557377049180327,0.8222769044744052
