RMSE,NDCG,F1,MAE
0.13949921533159249,0.030104695607091614,0.02668119776518718,0.10219048397577246
