RMSE,NDCG,F1,MAE
0.9101008214570255,0.8873019434188811,0.6824189026832199,0.7200864204986327
