RMSE,NDCG,F1,MAE
0.8589016899570042,0.897529138854382,0.7647211413748378,0.6662494779109773
