RMSE,NDCG,F1,MAE
0.891803928164332,0.9031321992581447,0.7492861222158766,0.6990836145474504
