RMSE,NDCG,F1,MAE
0.03290223820732774,0.005603060403762683,0.015435019158961172,0.032834136636473055
