RMSE,NDCG,F1,MAE
0.9240981320130949,0.8882817043500876,0.7253653936822254,0.725987709735085
