RMSE,NDCG,F1,MAE
0.8910643881021126,0.8848934680420439,0.7421249332621462,0.6932600949343982
