RMSE,NDCG,F1,MAE
0.03303374391098224,0.003388236308043635,0.016759539579920824,0.032727614800686755
