RMSE,NDCG,F1,MAE
1.0241033672387438,0.8446306900215418,0.7054955378111789,0.7985019375639193
