RMSE,NDCG,F1,MAE
1.0566345031650566,0.8635918074464894,0.7124733583680097,0.8266554289998089
