RMSE,NDCG,F1,MAE
0.03253113592631274,0.01896111742494766,0.006977820556830827,0.028153491435889633
