RMSE,NDCG,F1,MAE
0.03670164218182881,0.0016639753926217526,0.02520593766178958,0.036356634826872236
