RMSE,NDCG,F1,MAE
0.8656123087126738,0.9021785778427828,0.7652128493079133,0.6728450235129441
