RMSE,NDCG,F1,MAE
0.9023139508945026,0.900514602450161,0.7400069116461238,0.7092016583398163
