RMSE,NDCG,F1,MAE
99.48075106468103,98.413604790494,101.21113888454929,100.91707234864225
