RMSE,NDCG,F1,MAE
101.77842496142573,100.54328058356587,103.23797650404467,103.21614393349583
