RMSE,NDCG,F1,MAE
101.4369199682035,99.57437321752725,103.98461376498587,103.25398187308394
