RMSE,NDCG,F1,MAE
100.05980894108602,99.7278205734383,103.1763919265779,101.69845092302745
