RMSE,NDCG,F1,MAE
1.0637248130651675,0.7549683898756359,0.4318936877076412,0.8418069717707655
