RMSE,NDCG,F1,MAE
0.07329846374309845,0.01716770134036849,0.14029456009879332,0.06739971177575943
