RMSE,NDCG,F1,MAE
1.137023276808266,0.7721360912160043,0.5721882478064345,0.9092066835465249
