RMSE,NDCG,F1,MAE
1.0768272532809107,0.737003592607224,0.44970414201183434,0.8554516861785777
