RMSE,NDCG,F1,MAE
0.07105228481021064,0.037693957440052994,0.15553930368104957,0.05927691385744638
