RMSE,NDCG,F1,MAE
1.1478795380911213,0.774697550047277,0.6052434456928839,0.9147286000360241
