RMSE,NDCG,F1,MAE
1.0699083722901042,0.7562518199409103,0.4394904458598726,0.8455750683437256
