RMSE,NDCG,F1,MAE
1.1417933376274947,0.7692762572106652,0.5992376111817027,0.9086485774155431
