RMSE,NDCG,F1,MAE
0.07188496533739053,0.013024437269754885,0.1597471653218301,0.06307350907181741
