RMSE,NDCG,F1,MAE
0.07672086692383218,0.023426673047728497,0.1531952368189302,0.06936588624601969
