RMSE,NDCG,F1,MAE
1.1350118738910797,0.7706629988153852,0.6147336983573918,0.9036654838650794
