RMSE,NDCG,F1,MAE
1.0582910069672475,0.7472363257676568,0.46153846153846156,0.8342995976190597
