RMSE,NDCG,F1,MAE
1.1633534794761349,0.769699553487813,0.6230787997072457,0.9194657094386443
