RMSE,NDCG,F1,MAE
1.0970096154534217,0.7505597863310345,0.46107784431137727,0.8634075928968626
