RMSE,NDCG,F1,MAE
0.0663438640227132,0.019139767156778564,0.1620009553958684,0.05605811654178161
