RMSE,NDCG,F1,MAE
1.0700209127930191,0.7622007053600047,0.4723926380368098,0.8440879974947771
