RMSE,NDCG,F1,MAE
0.06951559312276889,0.007883120186373271,0.14598627302502803,0.06153272068194393
