RMSE,NDCG,F1,MAE
1.139536505915788,0.770083825546378,0.6183789110618378,0.9056207181767211
