RMSE,NDCG,F1,MAE
0.07185295390623514,0.013130080756155293,0.1597471653218301,0.06303451149769801
