RMSE,NDCG,F1,MAE
1.1420880594933955,0.7693819006970656,0.5992376111817027,0.9088630006266947
