RMSE,NDCG,F1,MAE
1.0702351055871604,0.7562518199409103,0.4394904458598726,0.8458284891289967
