RMSE,NDCG,F1,MAE
1.136231371692961,0.7720240435983902,0.5772486772486772,0.9074444334702099
