RMSE,NDCG,F1,MAE
1.0446948628115502,0.7641916232447656,0.43853820598006643,0.8255547637948765
