RMSE,NDCG,F1,MAE
0.09153650888141085,0.007832420353624525,0.1387104712686108,0.0818896696753334
