RMSE,NDCG,F1,MAE
0.906676255533245,0.8564259059501341,0.6589077887197852,0.7222779245808268
