RMSE,NDCG,F1,MAE
0.8847652539011021,0.8846022796179065,0.7489815104982764,0.6999842060745803
