RMSE,NDCG,F1,MAE
0.02191100163214299,0.02817637366777237,0.09007372177849127,0.022293718506246507
