RMSE,NDCG,F1,MAE
0.9262055187198832,0.8583983026467754,0.6462395543175488,0.7372554372554372
