RMSE,NDCG,F1,MAE
0.9019438930402754,0.8850567413961018,0.7276858162934112,0.7103028954880807
