RMSE,NDCG,F1,MAE
0.024261625679607768,0.026658438749326385,0.08144626197586247,0.026952541767356508
