RMSE,NDCG,F1,MAE
0.024179319949460654,0.035516130367042376,0.09002303739145845,0.02507716794503001
