RMSE,NDCG,F1,MAE
0.903542399355918,0.8550727642512053,0.6507177033492823,0.7154469755189545
