RMSE,NDCG,F1,MAE
0.8793630794064573,0.8905888946182476,0.7407407407407407,0.6903698075739245
