RMSE,NDCG,F1,MAE
0.912809275106671,0.8559073224607084,0.6524953789279113,0.7245911459899192
