RMSE,NDCG,F1,MAE
0.884526477013543,0.8873046233137211,0.7430956968529223,0.6951114171302093
