RMSE,NDCG,F1,MAE
0.028282798093127948,0.03139730085301262,0.090600317925011,0.029479728859709953
