RMSE,NDCG,F1,MAE
0.8828552584270515,0.8905132820823889,0.7429130009775171,0.6896705373714389
