RMSE,NDCG,F1,MAE
0.9127646069677531,0.8522993267294382,0.6599078341013825,0.7209474152583445
