RMSE,NDCG,F1,MAE
0.029909348540701597,0.03821395535295069,0.08300516687613457,0.031276877886905585
