RMSE,NDCG,F1,MAE
0.8816641873881355,0.8854987366024046,0.7393548387096774,0.6941760208725871
