RMSE,NDCG,F1,MAE
0.02770591226175123,0.03056396227179292,0.0763311592925554,0.02790446993165263
