RMSE,NDCG,F1,MAE
0.9093700996498867,0.8549347743306117,0.663023679417122,0.7220804908042397
