RMSE,NDCG,F1,MAE
0.9030169959872522,0.8550727642512053,0.6494252873563219,0.7150737642335726
