RMSE,NDCG,F1,MAE
0.8792425963510523,0.8911428255382489,0.7411607738492328,0.6902356040806201
