RMSE,NDCG,F1,MAE
0.023774399636199872,0.0360700612870436,0.09173548649291097,0.024838160152952482
