RMSE,NDCG,F1,MAE
0.884273120933337,0.8904655943811083,0.7242090784044016,0.6973223213645467
