RMSE,NDCG,F1,MAE
0.9082355533661598,0.8561915528128838,0.6446446446446447,0.7191522306446169
