RMSE,NDCG,F1,MAE
0.02396243243282281,0.034274041568224445,0.07956443375975697,0.021829909280070114
