RMSE,NDCG,F1,MAE
86.06117965327141,105.70059759880567,94.90650019595768,84.88150733790029
