RMSE,NDCG,F1,MAE
87.03207287035059,104.74366938640011,102.2018693527269,86.74239394555963
