RMSE,NDCG,F1,MAE
86.616988538648,105.49017487611027,99.48537450337305,85.19312484737681
