RMSE,NDCG,F1,MAE
86.34502601968987,104.32011654219858,103.28970097117194,85.15078162603356
