RMSE,NDCG,F1,MAE
87.07224832734215,106.32976881712155,103.38743824982357,86.01155083822817
