RMSE,NDCG,F1,MAE
86.36709118173987,102.30551553737502,102.64508612274459,85.43506737362246
