RMSE,NDCG,F1,MAE
86.63369492819831,105.42576991955517,100.13927857734,85.19785802998491
