RMSE,NDCG,F1,MAE
85.568762255273,104.82121623025921,95.35952158366284,84.41917429822269
