RMSE,NDCG,F1,MAE
99.81677684615975,97.20181128327611,95.355193040583,101.35921009276849
