RMSE,NDCG,F1,MAE
102.79923436511326,97.86451908980823,97.80660884524407,103.51937805516825
