RMSE,NDCG,F1,MAE
104.48452558401617,98.03727053162696,92.65092897552672,104.13500305270583
