RMSE,NDCG,F1,MAE
100.28820563392202,97.14950200512136,94.33692622169832,102.15859579509203
