RMSE,NDCG,F1,MAE
1.0822354524301114,0.8010033750572871,0.5887969446212603,0.8599535318850275
