RMSE,NDCG,F1,MAE
0.9987294453775631,0.7512992515983908,0.6621067031463749,0.7971456130538721
