RMSE,NDCG,F1,MAE
0.08350600705254829,0.0497041234588963,0.07330975852511457,0.06280791883115544
