RMSE,NDCG,F1,MAE
0.0768136287366854,0.04894256256578111,0.056932381628900464,0.054134476338459026
