RMSE,NDCG,F1,MAE
1.0241611797597205,0.752098724476659,0.6454293628808865,0.8188161334587244
