RMSE,NDCG,F1,MAE
1.100974808496406,0.8010412870424402,0.588496981251986,0.8729506097971834
