RMSE,NDCG,F1,MAE
0.09114440539412128,0.03594084050812707,0.07448799410480655,0.07187524817577484
