RMSE,NDCG,F1,MAE
1.0944346798252955,0.7938436658206554,0.5705824284304047,0.8679561739574114
