RMSE,NDCG,F1,MAE
1.0032902744311742,0.7579028253125283,0.6450704225352113,0.7960809257816366
