RMSE,NDCG,F1,MAE
1.0107773611701545,0.7433983035701204,0.6463245492371706,0.8022729949226431
