RMSE,NDCG,F1,MAE
0.08085284291766337,0.059636559701226055,0.05767659005349712,0.06396774814251893
