RMSE,NDCG,F1,MAE
1.0916302040878179,0.8030348632713464,0.5886479591836735,0.8662407430651621
