RMSE,NDCG,F1,MAE
1.1037176536210105,0.7958199889677554,0.585845763249762,0.870627755470019
