RMSE,NDCG,F1,MAE
0.09066611664958768,0.03388008434715506,0.07533393496697327,0.06926059893403702
