RMSE,NDCG,F1,MAE
1.0130515369714228,0.7619399046206004,0.6611796982167353,0.801367156535982
