RMSE,NDCG,F1,MAE
0.08590833958350885,0.04930282632460381,0.07011337868480727,0.06499541911351614
