RMSE,NDCG,F1,MAE
0.9993913926403407,0.7514640065820843,0.6612244897959184,0.7956890868472856
