RMSE,NDCG,F1,MAE
1.0852997322238496,0.8007668329066882,0.5911111111111111,0.8606845059608017
