RMSE,NDCG,F1,MAE
1.094740258776383,0.793987476060085,0.5701119157340355,0.8681747230667535
