RMSE,NDCG,F1,MAE
1.003503907419734,0.7619399046206004,0.6450704225352113,0.7962491284989501
