RMSE,NDCG,F1,MAE
0.09123635135664898,0.03204757143948467,0.07495850680117577,0.07192559456780334
