RMSE,NDCG,F1,MAE
1.0796673134889607,0.7966072018053532,0.5617137028221694,0.8580846041558088
