RMSE,NDCG,F1,MAE
0.08475071490826425,0.041273611124806764,0.08381943838820527,0.0647910598520941
