RMSE,NDCG,F1,MAE
0.9949165985806965,0.7553335906805464,0.6455331412103746,0.7932935443037147
