RMSE,NDCG,F1,MAE
99.67657051803542,101.19564154363651,83.67706237424547,100.54254667479864
