RMSE,NDCG,F1,MAE
98.82469877398613,100.43169280582053,83.74708045433691,99.74055747236767
