RMSE,NDCG,F1,MAE
100.42356594104041,101.82433224597843,83.4589500530723,101.14737125319088
