RMSE,NDCG,F1,MAE
99.35717041601043,102.26655910873261,84.77209013620151,100.272697719087
