RMSE,NDCG,F1,MAE
100.09325405429523,101.72372262163843,84.91219221422351,100.70076814782225
