RMSE,NDCG,F1,MAE
99.4217113178803,101.55692520580457,84.07485750024154,100.20206132518265
