RMSE,NDCG,F1,MAE
100.43793119350586,101.84874772656431,83.51900018446781,101.16050670954499
