RMSE,NDCG,F1,MAE
99.8296248237789,102.14765459421065,83.74134451234103,100.80691927905411
