RMSE,NDCG,F1,MAE
0.9389206409323297,0.915624582531371,0.7201565557729941,0.7749281341296482
