RMSE,NDCG,F1,MAE
0.1225566340512454,0.01616132312820784,0.06424711395177651,0.1157953219249861
