RMSE,NDCG,F1,MAE
0.8163640068810843,0.9317859056595789,0.7844036697247706,0.6591328122046621
