RMSE,NDCG,F1,MAE
0.8272601268203894,0.9140090967370885,0.772093023255814,0.6589151932873839
