RMSE,NDCG,F1,MAE
0.9456526543602466,0.9133953641693475,0.7054108216432866,0.7717164229395512
