RMSE,NDCG,F1,MAE
0.11839252753985718,0.0006137325677409988,0.06668220161252736,0.11280122965216732
