RMSE,NDCG,F1,MAE
0.8113828521488929,0.9254551423692566,0.7861271676300579,0.6440269466154819
