RMSE,NDCG,F1,MAE
0.11916305323803178,9.232032661732337e-05,0.08000471865046599,0.11279853112251581
