RMSE,NDCG,F1,MAE
0.9305459053869247,0.925547462695874,0.7061224489795919,0.7568254777379977
