RMSE,NDCG,F1,MAE
0.8277431601869714,0.9276461992844682,0.7704728950403691,0.6600296027011412
