RMSE,NDCG,F1,MAE
0.10910595521988475,0.010549969125962733,0.04532669620995977,0.10515836538174284
