RMSE,NDCG,F1,MAE
0.9368491154068561,0.9170962301585055,0.7251461988304093,0.765187968082884
