RMSE,NDCG,F1,MAE
0.811456205935428,0.9248252992380311,0.7850678733031674,0.6389269400346727
