RMSE,NDCG,F1,MAE
0.11543550945656211,0.0072173234651855545,0.05996827170954189,0.11157522284349974
