RMSE,NDCG,F1,MAE
0.9268917153919901,0.9320426227032167,0.7250996015936255,0.7505021628781724
