RMSE,NDCG,F1,MAE
0.8130149556500628,0.9256325157375739,0.7828106852497096,0.651068882476188
