RMSE,NDCG,F1,MAE
0.11894986834733734,0.009234227289479646,0.07644518216962748,0.11367421372790187
