RMSE,NDCG,F1,MAE
0.9319648239974001,0.9163982884480942,0.7063655030800822,0.7647430962040899
