RMSE,NDCG,F1,MAE
0.9323672404541911,0.9299320367265005,0.7008196721311475,0.7582815596872123
