RMSE,NDCG,F1,MAE
0.8120582749364443,0.9261691640922514,0.7806004618937644,0.6442886136741892
