RMSE,NDCG,F1,MAE
0.12030896551774672,0.003762872634249126,0.07978078976261693,0.11399294601302312
