RMSE,NDCG,F1,MAE
0.9314914118711068,0.9128585110727292,0.6908315565031983,0.7591166912355592
