RMSE,NDCG,F1,MAE
0.8167963419754171,0.9238180144889592,0.7651966626936829,0.6492598170614006
