RMSE,NDCG,F1,MAE
0.11469506989568978,0.010959503416229976,0.07436510619048464,0.10985687417415868
