RMSE,NDCG,F1,MAE
0.9414063895778794,0.8890629366768277,0.7316773995706838,0.7420533129993299
