RMSE,NDCG,F1,MAE
0.002135007088424179,0.01815056352841482,0.03826047167099722,0.01252816576769944
