RMSE,NDCG,F1,MAE
0.9392713824894552,0.8709123731484129,0.6934169278996866,0.7545814787670293
