RMSE,NDCG,F1,MAE
0.9769613206748065,0.8712246653798046,0.6811779769526248,0.7819043951794326
