RMSE,NDCG,F1,MAE
0.9837084714380753,0.8804966825615352,0.7047308319738989,0.7717848435218777
