RMSE,NDCG,F1,MAE
0.006747150763268817,0.009272017181730652,0.023552855021274022,0.010119551657554848
