RMSE,NDCG,F1,MAE
1.0561922884321855,0.8218286057862737,0.6506524317912218,0.8365748468666366
