RMSE,NDCG,F1,MAE
1.016237093831386,0.8055107418734958,0.692967409948542,0.7933614540121767
