RMSE,NDCG,F1,MAE
0.03995519460079944,0.016317863912777897,0.042314978157320216,0.04321339285445991
