RMSE,NDCG,F1,MAE
0.9416106874141752,0.8846323583935364,0.7330482590103848,0.7441546060105758
