RMSE,NDCG,F1,MAE
0.9263684884764629,0.8757333848385326,0.700374531835206,0.7424007607132971
