RMSE,NDCG,F1,MAE
0.015242198937712281,0.008898973555003797,0.0326737271751788,0.0017538452972787333
