RMSE,NDCG,F1,MAE
0.059606146476384625,0.033263896976556184,0.05006746970210507,0.05544722229789256
