RMSE,NDCG,F1,MAE
1.0984478893865703,0.7871910092309705,0.5765631961978316,0.8637258522238354
