RMSE,NDCG,F1,MAE
1.158054035862955,0.7539271122544143,0.5264957264957265,0.9191730745217279
