RMSE,NDCG,F1,MAE
0.05522140414657262,0.02952804767279782,0.05411315388892435,0.04498405210836842
