RMSE,NDCG,F1,MAE
1.1156515308339732,0.7888523896026538,0.5928228313082792,0.8747678056411009
