RMSE,NDCG,F1,MAE
1.1708729349805458,0.759324341929856,0.5387096774193548,0.9197518577494693
