RMSE,NDCG,F1,MAE
1.1044586405547534,0.7901159957155462,0.5941101152368758,0.8669751802156986
