RMSE,NDCG,F1,MAE
1.1668591777690143,0.7426977063450382,0.5478119935170178,0.9228453772684804
