RMSE,NDCG,F1,MAE
0.062400537214260865,0.04741828937050807,0.04629812171985803,0.055870197052781734
