RMSE,NDCG,F1,MAE
1.157970015760794,0.7595818232177581,0.5585874799357945,0.9121086825802073
