RMSE,NDCG,F1,MAE
1.099000132200416,0.790798695769558,0.6019444835846132,0.8614126832796372
