RMSE,NDCG,F1,MAE
0.05896988356037802,0.031216872551799835,0.04335700364881867,0.050695999300570116
