RMSE,NDCG,F1,MAE
1.1147061701295506,0.790726701037256,0.6089618703033677,0.8716377961075557
