RMSE,NDCG,F1,MAE
1.1802765677884228,0.7413935268857738,0.5523809523809524,0.930560967562753
