RMSE,NDCG,F1,MAE
0.06557039765887218,0.049333174151482195,0.056580917922415264,0.05892317145519732
