RMSE,NDCG,F1,MAE
1.106414227008547,0.788821390190307,0.60079275198188,0.8660020681650925
