RMSE,NDCG,F1,MAE
1.1698545577441488,0.7582552659698752,0.5573248407643312,0.9207936754062075
