RMSE,NDCG,F1,MAE
0.06344033073560174,0.0305661242204317,0.04346791121754878,0.05479160724111498
