RMSE,NDCG,F1,MAE
1.1045259214931689,0.7902160394054072,0.5943100995732574,0.8670240574299096
