RMSE,NDCG,F1,MAE
0.06241064199714641,0.049109777042316005,0.04649810605623961,0.05586471644859614
