RMSE,NDCG,F1,MAE
1.1669365634903153,0.7411062623630912,0.5478119935170178,0.9228887738785058
