RMSE,NDCG,F1,MAE
0.054546570217987034,0.04729162550171295,0.04606999426276526,0.04976477442674576
