RMSE,NDCG,F1,MAE
1.100269854351648,0.7876416855936421,0.5761904761904761,0.8682820148006907
