RMSE,NDCG,F1,MAE
1.154816424569635,0.7403500600919292,0.5301204819277109,0.9180467892274364
