RMSE,NDCG,F1,MAE
110.51122064596974,107.65894719076685,115.03754693366706,112.1319390093892
