RMSE,NDCG,F1,MAE
109.93795818016147,104.99473288925891,110.96843231674691,111.67349595353483
