RMSE,NDCG,F1,MAE
110.62106911066236,107.62212434807988,110.57310595471064,111.65045893485504
