RMSE,NDCG,F1,MAE
110.13140194470681,106.70247965267146,113.12411473087818,111.90694090918278
