RMSE,NDCG,F1,MAE
109.53837081731004,107.52507153115425,113.00269260835579,110.4852926575303
