RMSE,NDCG,F1,MAE
109.40718371030458,106.59748993165475,111.0428537511871,111.65164057052783
