RMSE,NDCG,F1,MAE
110.78881509359955,107.09365293227205,110.66256639642158,111.6873312308976
