RMSE,NDCG,F1,MAE
108.73798774896642,107.21196014830655,115.98837209302326,111.00026465545373
