RMSE,NDCG,F1,MAE
0.1072808239077856,0.07591094787687547,0.07848639834176185,0.0792865864704867
