RMSE,NDCG,F1,MAE
0.8694572402216338,0.9129466139351987,0.7460650577124869,0.6924893849165561
