RMSE,NDCG,F1,MAE
0.9767380641294194,0.8370356660583232,0.667578659370725,0.7717759713870428
