RMSE,NDCG,F1,MAE
0.8889770142546232,0.901646240675788,0.7321711568938193,0.704504776649171
