RMSE,NDCG,F1,MAE
0.10363295350597523,0.07629513049451386,0.05663924200020232,0.07896198134560628
