RMSE,NDCG,F1,MAE
0.9926099677605984,0.8253511101812742,0.675531914893617,0.7834667579947773
