RMSE,NDCG,F1,MAE
0.1133082469209643,0.07833019044568879,0.08502281278970425,0.0851681576043053
