RMSE,NDCG,F1,MAE
0.8652682735319518,0.9131559144103754,0.7443331576172905,0.6853624033604766
