RMSE,NDCG,F1,MAE
0.9785765204529161,0.8348257239646866,0.6593103448275862,0.7705305609647819
