RMSE,NDCG,F1,MAE
0.11118057216773891,0.0796614830262482,0.0735990341101318,0.08257342398324752
