RMSE,NDCG,F1,MAE
0.9770728182007755,0.8337305775400184,0.6675712347354138,0.770273127739335
