RMSE,NDCG,F1,MAE
0.8658922460330366,0.9133920605662667,0.7411702688455456,0.6876997037560875
