RMSE,NDCG,F1,MAE
0.8603817088732136,0.914223685685009,0.7623409669211196,0.677204473583501
