RMSE,NDCG,F1,MAE
0.12373973071086197,0.07850745198004949,0.07980128438143708,0.0944181021588405
