RMSE,NDCG,F1,MAE
0.9841214395840756,0.8357162337049595,0.6825396825396826,0.7716225757423415
