RMSE,NDCG,F1,MAE
0.8647998974067214,0.9122159914152383,0.7468487394957983,0.6843333679674538
