RMSE,NDCG,F1,MAE
0.11294705100984348,0.08034745211334027,0.08109531483826404,0.08563492381179494
