RMSE,NDCG,F1,MAE
0.9777469484165648,0.8318685393018981,0.6657534246575343,0.7699682917792487
