RMSE,NDCG,F1,MAE
0.1134538928625578,0.07815865943994715,0.08342329322863162,0.08530443364888396
