RMSE,NDCG,F1,MAE
0.865268547587258,0.9129843834046337,0.7436708860759493,0.6853117115007862
