RMSE,NDCG,F1,MAE
0.9787224404498158,0.8348257239646866,0.6602475928473177,0.7706161451496701
