RMSE,NDCG,F1,MAE
0.8741780131402774,0.9130344713240042,0.724194429273621,0.6941288945544588
