RMSE,NDCG,F1,MAE
0.9855519041500729,0.8346885865588378,0.6524822695035462,0.777088600957667
