RMSE,NDCG,F1,MAE
0.11137389100979544,0.07834588476516635,0.07171215977007483,0.08295970640320816
