RMSE,NDCG,F1,MAE
100.50603783239981,101.62989229270909,92.3840983927776,100.58445034406131
