RMSE,NDCG,F1,MAE
100.3318559417394,102.82432011382987,90.3512720346145,100.78962653857413
