RMSE,NDCG,F1,MAE
100.79407723406841,101.25886999912403,92.93038518841314,101.93163971991052
