RMSE,NDCG,F1,MAE
100.62805914563448,100.38787828049406,91.90242600193545,101.05859013658622
