RMSE,NDCG,F1,MAE
100.74262020717497,101.43896250085376,92.65486725663716,101.96466384664149
