RMSE,NDCG,F1,MAE
100.32308949074975,100.2306422367813,91.77211373055705,100.80583138993806
