RMSE,NDCG,F1,MAE
100.80160134135896,101.07461826679867,92.93038518841314,101.94331480327388
