RMSE,NDCG,F1,MAE
100.42348139913899,101.23534164802305,91.73628766443137,101.61024794454715
