RMSE,NDCG,F1,MAE
95.87579275498173,98.51008752296731,93.48919068289987,95.66598130636156
