RMSE,NDCG,F1,MAE
94.00511609938269,95.32770274973196,92.3389411946288,93.68280619638305
