RMSE,NDCG,F1,MAE
93.34308521969,98.26777854707942,93.15691833805873,92.94652962955617
