RMSE,NDCG,F1,MAE
95.82283395179726,98.79992508472102,93.06660417624445,96.56586640781777
