algorithm,georisk
SVD,0.7300031249826803
BIASEDMF,0.7239243626891608
NMF,0.7134870084214834
StochasticItemKNN,0.701833170331269
BayesianRidge,0.6775059053406298
Tweedie,0.6806903094349185
Ridge,0.6774052437049627
RandomForest,0.67985469009416
Bagging,0.6759247872831122
AdaBoost,0.677595666898407
GradientBoosting,0.68031022384224
LinearSVR,0.6755055552791523
