algorithm,georisk
SVD,0.7622369808162627
BIASEDMF,0.7559150018955696
NMF,0.7415174950306274
StochasticItemKNN,0.7279411080778906
BayesianRidge,0.7039970739565465
Tweedie,0.7095038636450189
Ridge,0.7038373896496571
RandomForest,0.7067065991295124
Bagging,0.7025154660358396
AdaBoost,0.7037530355800836
GradientBoosting,0.7066877343442818
LinearSVR,0.6999581854053559
