RMSE,NDCG,F1,MAE
0.06404721616533382,0.013814679746220637,0.059283442600420067,0.05946305217176995
