RMSE,NDCG,F1,MAE
1.0522878956048967,0.791063956978509,0.6732186732186732,0.8229786128730594
