RMSE,NDCG,F1,MAE
1.1163351117702305,0.8048786367247296,0.6139352306182532,0.8824416650448293
