RMSE,NDCG,F1,MAE
0.05771757576569003,0.0001606285331912094,0.05448726206548282,0.061331011158750615
