RMSE,NDCG,F1,MAE
1.068832595940635,0.8129042533781878,0.6677631578947368,0.8292921210316722
