RMSE,NDCG,F1,MAE
1.126550171706325,0.8127436248449966,0.613275895829254,0.8906231321904228
