RMSE,NDCG,F1,MAE
1.1194562396617755,0.8016611086723544,0.6157137300661222,0.8809397672969931
