RMSE,NDCG,F1,MAE
0.06583568635056514,0.001139704934955632,0.05476869021188269,0.0548311392727423
