RMSE,NDCG,F1,MAE
1.0536205533112104,0.8005214037373988,0.6704824202780049,0.8261086280242508
