RMSE,NDCG,F1,MAE
1.0531222299053697,0.7906633705526291,0.673202614379085,0.8220683120305246
