RMSE,NDCG,F1,MAE
1.1161886681749367,0.8043792360447175,0.6158966327329679,0.8798055091060168
