RMSE,NDCG,F1,MAE
0.06306643826956693,0.013715865492088364,0.05730598164611711,0.0577371970754923
