RMSE,NDCG,F1,MAE
0.06167920291437734,0.0032828825679388496,0.052593186890204535,0.05046445875500494
