RMSE,NDCG,F1,MAE
1.0657359184688395,0.7974378396735615,0.6758064516129032,0.8340051720048294
