RMSE,NDCG,F1,MAE
1.1274151213832169,0.8007207222415004,0.6232132647226987,0.8844696307598343
