RMSE,NDCG,F1,MAE
1.1188824069816847,0.804508033404921,0.610336018864217,0.8821546676990474
