RMSE,NDCG,F1,MAE
1.0567443743150036,0.8041706229523421,0.6721446179129006,0.8246652596179803
