RMSE,NDCG,F1,MAE
0.062138032666681164,0.00033741045257895674,0.06180859904868363,0.05748940808106706
