RMSE,NDCG,F1,MAE
1.1195654936828638,0.8011917607217931,0.6157137300661222,0.8809964107689574
