RMSE,NDCG,F1,MAE
0.06582053458219761,0.0011262757107642907,0.05476869021188269,0.054781023690118835
