RMSE,NDCG,F1,MAE
1.0537449591006662,0.8000654850110288,0.6704824202780049,0.8262153870788386
