RMSE,NDCG,F1,MAE
1.1098255563095198,0.8068394526896457,0.6024144869215292,0.8795829982956318
