RMSE,NDCG,F1,MAE
0.06128634196449889,0.006871956178999494,0.06314014193585193,0.05180681690643307
