RMSE,NDCG,F1,MAE
1.048539214345021,0.7999674965106462,0.6655546288573811,0.8277761813891987
