RMSE,NDCG,F1,MAE
101.39952965110601,93.42291702989961,91.29230322649856,101.01343903391017
