RMSE,NDCG,F1,MAE
102.9648301083046,96.69429260356527,90.75243378039228,102.26777618977081
