RMSE,NDCG,F1,MAE
102.39291009248954,95.7427589224557,92.20847531273584,101.95597286239631
