RMSE,NDCG,F1,MAE
101.37364036827282,96.03560857233478,91.19208200433397,100.96882658379988
