RMSE,NDCG,F1,MAE
102.47988987756156,97.36797792662493,92.25897703043225,102.17792845281907
