RMSE,NDCG,F1,MAE
101.18875674746587,94.33019379177303,92.71637948108537,100.84326263997797
