RMSE,NDCG,F1,MAE
102.39463285493993,95.66092249791592,92.20847531273584,101.95772279482276
