RMSE,NDCG,F1,MAE
101.79692116902837,97.4854108698754,89.76628521287016,101.65913311991413
