RMSE,NDCG,F1,MAE
1.1062199848442,0.8119797452551386,0.6296809986130375,0.8600788556737046
