RMSE,NDCG,F1,MAE
1.1148421169908085,0.7897129064706827,0.6602992677491245,0.8838143851140662
