RMSE,NDCG,F1,MAE
0.008622132146608452,0.0222668387844559,0.030618269136087006,0.023735529440361613
