RMSE,NDCG,F1,MAE
1.1186250467718681,0.7879739673527973,0.6483261518064303,0.8879121421172425
