RMSE,NDCG,F1,MAE
1.1217359753292457,0.8083030495126823,0.5994236311239193,0.8768552766191863
