RMSE,NDCG,F1,MAE
0.0031109285573776013,0.020329082159884937,0.048902520682511,0.011056865498056179
