RMSE,NDCG,F1,MAE
1.1113609692435789,0.8159311669736455,0.6167272727272727,0.8682607003123067
