RMSE,NDCG,F1,MAE
1.1137594350880016,0.7916130998172765,0.6369127516778523,0.8851083686809439
