RMSE,NDCG,F1,MAE
0.0023984658444227147,0.024318067156369083,0.02018547895057965,0.01684766836863716
