RMSE,NDCG,F1,MAE
0.005811141072148862,0.023211042188836295,0.028125203569799972,0.02129506056416297
