RMSE,NDCG,F1,MAE
1.1050065792863069,0.8124301966398404,0.6288515406162465,0.8573259886932496
