RMSE,NDCG,F1,MAE
1.1108177203584557,0.7892191544510041,0.6569767441860465,0.8786210492574126
