RMSE,NDCG,F1,MAE
1.1281168264724895,0.7913769607869079,0.6519193233571894,0.8918698592726771
