RMSE,NDCG,F1,MAE
0.0015634312015886387,0.024629139052528948,0.03631648647775676,0.015803034614367606
