RMSE,NDCG,F1,MAE
1.1265533952709008,0.8160060998394368,0.6156028368794326,0.8760668246583095
