RMSE,NDCG,F1,MAE
0.005442339097549542,0.023861538823800266,0.03589587665001892,0.020688970665005635
