RMSE,NDCG,F1,MAE
1.111018708511743,0.8120115989442932,0.6241234221598878,0.8620432411607107
