RMSE,NDCG,F1,MAE
1.1164610476092924,0.7881500601204929,0.6600192988099067,0.8827322118257164
