RMSE,NDCG,F1,MAE
0.002463345009420026,0.024312952536125754,0.021649486046269706,0.01688642235983928
