RMSE,NDCG,F1,MAE
1.1115025740365028,0.8159311669736455,0.6157205240174672,0.8683574654719086
