RMSE,NDCG,F1,MAE
1.1139659190459228,0.7916182144375198,0.637370010063737,0.8852438878317479
