RMSE,NDCG,F1,MAE
1.1114231788764004,0.813118141583283,0.5915279878971256,0.872612209481964
