RMSE,NDCG,F1,MAE
0.0020793779016987646,0.02340499132328966,0.02870302365345201,0.010525519763820879
