RMSE,NDCG,F1,MAE
1.1093438009747016,0.7897131502599933,0.6202310115505776,0.8831377292457849
