RMSE,NDCG,F1,MAE
104.4487706077468,105.94333702881424,111.60111985068657,103.67937227125785
