RMSE,NDCG,F1,MAE
103.0131345005542,102.63893449797081,109.06160081053697,102.43101084231827
