RMSE,NDCG,F1,MAE
103.87134816558563,105.89421244965163,108.94107026471221,103.7779445328944
