RMSE,NDCG,F1,MAE
104.14709847893143,104.79147106766631,110.13290213807201,103.75062808608632
