RMSE,NDCG,F1,MAE
103.80314581359784,105.99335372109407,112.77553013392858,104.10419047944373
