RMSE,NDCG,F1,MAE
104.30004146899418,105.77609513650287,111.54794394125169,103.91051941795544
