RMSE,NDCG,F1,MAE
103.87482857865228,106.00203655645831,109.12051194925812,103.78326962629203
