RMSE,NDCG,F1,MAE
102.53614886646216,104.9409468459573,107.56525126606932,102.4420384466815
