RMSE,NDCG,F1,MAE
102.30192491526611,95.0511425212798,98.58100946156515,99.59803898079232
