RMSE,NDCG,F1,MAE
100.28733486884683,94.72354131511716,93.54320275519166,97.77291480602912
