RMSE,NDCG,F1,MAE
101.75403699646162,96.43754914126495,97.37631316262768,99.45827207263886
