RMSE,NDCG,F1,MAE
101.50643536219361,95.9177179708261,96.56228307480717,98.49823268470337
