RMSE,NDCG,F1,MAE
102.0945152270325,95.98409566904031,98.11517586522874,100.1367712356616
