RMSE,NDCG,F1,MAE
101.32710161520697,95.01404863019127,95.33854830382758,98.35535040302862
