RMSE,NDCG,F1,MAE
101.75597433309005,96.44375834191763,97.39729943701619,99.46372191810443
