RMSE,NDCG,F1,MAE
101.94504525742704,94.08291709977186,96.74331248810158,99.63895770794642
