algorithm,georisk
SVD,0.7761062201639173
BIASEDMF,0.7780522682675766
NMF,0.7663646781374988
StochasticItemKNN,0.7374216304119319
BayesianRidge,0.7088835140206368
Tweedie,0.7078548033037559
Ridge,0.7088266468599465
RandomForest,0.7091693710635191
Bagging,0.7061256911062982
AdaBoost,0.7073731228872613
GradientBoosting,0.7104942113617483
LinearSVR,0.7083447355761241
