algorithm,georisk
SVD,0.7761495866542392
BIASEDMF,0.7788848970572919
NMF,0.7645872729686567
StochasticItemKNN,0.7296473311385657
BayesianRidge,0.696553892116743
Tweedie,0.6962984014124473
Ridge,0.6964777437638553
RandomForest,0.6963246826896936
Bagging,0.6932730746577723
AdaBoost,0.6960512580869879
GradientBoosting,0.6982133266845493
LinearSVR,0.6938956028384249
