RMSE,NDCG,F1,MAE
100.95370910755119,94.02491308770658,93.94004116509346,100.44877815282527
