RMSE,NDCG,F1,MAE
100.61563034708054,95.27848896702996,94.86582939659532,99.67578924205462
