RMSE,NDCG,F1,MAE
100.88895090207433,94.3235480346926,97.19762835340725,100.51595128333088
