RMSE,NDCG,F1,MAE
100.88257834862142,95.04789278040664,97.6816450875857,100.53705159500947
