RMSE,NDCG,F1,MAE
100.87316025437403,94.60831668589867,97.41504809527916,100.42966798188131
