RMSE,NDCG,F1,MAE
100.88694624615053,94.66930810592365,97.27924517789212,100.46450140053832
