RMSE,NDCG,F1,MAE
100.8899421180256,94.44124802603774,97.05527402023225,100.5190445722253
