RMSE,NDCG,F1,MAE
100.59393338849729,94.95577522431415,92.83433532707024,100.0860206875923
