RMSE,NDCG,F1,MAE
82.342024402802,92.77132833875716,79.96972976778154,82.66668875829288
