RMSE,NDCG,F1,MAE
81.77200158520903,92.64334978392478,81.34475831917433,82.12773796990894
