RMSE,NDCG,F1,MAE
81.86351404602054,93.95208478181783,81.41167680098937,82.34846165462093
