RMSE,NDCG,F1,MAE
81.68742555692904,91.96023505612136,80.0974160535419,82.22044374423938
