RMSE,NDCG,F1,MAE
81.11260529812043,94.50299455515123,80.13849330138493,81.22304729260627
