RMSE,NDCG,F1,MAE
81.98948289224533,92.16730941352627,78.5133635300117,82.137476351453
