RMSE,NDCG,F1,MAE
81.89127877589357,94.42102902022482,81.20502328206575,82.38205423974836
