RMSE,NDCG,F1,MAE
82.07517286195764,94.17382154999818,79.20250523869305,82.40842936913667
