RMSE,NDCG,F1,MAE
1.0546825992447304,0.847413973089156,0.655819774718398,0.835307038183475
