RMSE,NDCG,F1,MAE
0.15869000004447154,0.05800260913940103,0.09996726231863906,0.12927765181711137
