RMSE,NDCG,F1,MAE
0.8959925992002589,0.905416582228557,0.7557870370370371,0.7060293863663636
