RMSE,NDCG,F1,MAE
0.12859447144992964,0.09084848514729382,0.12191251558012905,0.11606462413142937
