RMSE,NDCG,F1,MAE
1.10009608837039,0.8084756050133876,0.6045883940620783,0.8743907719214038
