RMSE,NDCG,F1,MAE
0.9715016169204604,0.8993240901606814,0.7265009096422074,0.7583261477899744
