RMSE,NDCG,F1,MAE
1.1857357344422357,0.833672804230215,0.5377358490566038,0.9467099981173309
