RMSE,NDCG,F1,MAE
1.008647221352648,0.8514040068526297,0.6997716894977168,0.7938075813650537
