RMSE,NDCG,F1,MAE
0.17708851308958762,0.017731202622414788,0.16203584044111308,0.15290241675227723
