RMSE,NDCG,F1,MAE
1.042484416442393,0.8649255172623928,0.6472919418758256,0.8224822915633946
