RMSE,NDCG,F1,MAE
0.15618896741228772,0.039411853040768885,0.11609320492901032,0.12585638550180567
