RMSE,NDCG,F1,MAE
0.8862954490301053,0.9043373703031616,0.7633851468048359,0.6966259060615889
