RMSE,NDCG,F1,MAE
1.085963303934032,0.8036948703550213,0.5836575875486382,0.8746506094714229
