RMSE,NDCG,F1,MAE
1.0176951188747405,0.8020594960873998,0.5422343324250681,0.8142313204428516
