RMSE,NDCG,F1,MAE
0.06826818505929144,0.0016353742676215033,0.041423255123570035,0.0604192890285713
