RMSE,NDCG,F1,MAE
1.0328215779140106,0.7961019970256678,0.5725288831835686,0.8246100644789452
