RMSE,NDCG,F1,MAE
1.1076902863444644,0.7960275066190968,0.5826306913996627,0.8884305042231324
