RMSE,NDCG,F1,MAE
0.07486870843045379,7.44904065709262e-05,0.010101808216094077,0.06382043974418716
