RMSE,NDCG,F1,MAE
1.0969515903710632,0.8004078398697402,0.6000835770998746,0.8777640225266249
