RMSE,NDCG,F1,MAE
1.023524779482748,0.8050045320417194,0.5519053876478318,0.8140502199694272
