RMSE,NDCG,F1,MAE
0.07342681088831515,0.004596692171979222,0.048178189452042774,0.06371380255719772
