RMSE,NDCG,F1,MAE
0.07557284015571453,0.00659154868958256,0.03276745097795175,0.06539590110495885
