RMSE,NDCG,F1,MAE
1.0181152929905786,0.8002903608704705,0.5703422053231939,0.8137820122603986
