RMSE,NDCG,F1,MAE
1.093688133146293,0.806881909560053,0.6031096563011457,0.8791779133653574
