RMSE,NDCG,F1,MAE
1.0317328824009009,0.8025444368383631,0.5732323232323232,0.820058043379246
