RMSE,NDCG,F1,MAE
1.103979086230751,0.8005617441318336,0.6087662337662337,0.8804711881035209
