RMSE,NDCG,F1,MAE
0.07224620382985014,0.0019826927065295097,0.03553391053391053,0.060413144724274837
