RMSE,NDCG,F1,MAE
1.015553369449194,0.8005132186422796,0.576874205844981,0.8113719519628135
