RMSE,NDCG,F1,MAE
0.07281869034947297,0.0048917242691310925,0.03612129885465121,0.06152909993646316
