RMSE,NDCG,F1,MAE
1.088372059798667,0.8054049429114107,0.6129955046996322,0.8729010518992767
