RMSE,NDCG,F1,MAE
1.0237310219557614,0.8050045320417194,0.5519053876478318,0.8141051576634025
