RMSE,NDCG,F1,MAE
1.0971734303790908,0.7999297489302215,0.5998329156223893,0.8779095722203939
