RMSE,NDCG,F1,MAE
0.07344240842332939,0.005074783111497894,0.04792752797455746,0.06380441455699137
