RMSE,NDCG,F1,MAE
1.094744275947207,0.8038684951039154,0.5839860748476936,0.878664121747533
