RMSE,NDCG,F1,MAE
1.0283319436069362,0.796537969438633,0.532235939643347,0.8196237901914575
