RMSE,NDCG,F1,MAE
0.06641233234027077,0.007330525665282472,0.05175013520434657,0.059040331556075465
