algorithm,georisk
SVD,0.8749079017424758
BIASEDMF,0.8779452643177484
NMF,0.8699685807809916
StochasticItemKNN,0.8478874180109947
BayesianRidge,0.8254718809477825
Tweedie,0.8247291885737296
Ridge,0.8254485468589964
RandomForest,0.8263542079684982
Bagging,0.8240402789354443
AdaBoost,0.8253029524763899
GradientBoosting,0.8269013790351252
LinearSVR,0.8240457257818423
