algorithm,georisk
SVD,0.9015137480603128
BIASEDMF,0.9042362666683738
NMF,0.8946337793216936
StochasticItemKNN,0.870649952074461
BayesianRidge,0.8450153312826605
Tweedie,0.8451888622232198
Ridge,0.8449821168407247
RandomForest,0.8464498694674472
Bagging,0.8445599446129044
AdaBoost,0.8460550354835924
GradientBoosting,0.847243635798347
LinearSVR,0.8421889500361209
