RMSE,NDCG,F1,MAE
94.13599524676694,101.9390751767116,91.68744942554795,93.00432121364796
