RMSE,NDCG,F1,MAE
92.83667787131044,100.59938566320224,91.51743814071789,91.50453267122461
