RMSE,NDCG,F1,MAE
94.1080219422707,100.65633628195634,92.4732446702625,93.56521619735923
