RMSE,NDCG,F1,MAE
94.05169829031422,101.00332135271945,91.87483271191465,93.0367747121008
