RMSE,NDCG,F1,MAE
94.53988132546426,100.61847503828486,92.10213847231623,94.03786333807894
