RMSE,NDCG,F1,MAE
94.09599468158633,101.20381779908317,91.70137046364972,93.01189133846357
