RMSE,NDCG,F1,MAE
94.10806762344761,100.65630928584794,92.5487947067578,93.56919181746022
