RMSE,NDCG,F1,MAE
94.72738036670587,101.08823323797418,90.59133789049687,94.163089000129
