RMSE,NDCG,F1,MAE
0.8999826993547421,0.8689501090407719,0.7144168962350781,0.7109171124499817
