RMSE,NDCG,F1,MAE
0.9029784220094109,0.8798845739393789,0.7337116024261398,0.7103073766976927
