RMSE,NDCG,F1,MAE
0.002995722654668853,0.010934464898607055,0.01929470619106166,0.0006097357522889535
