RMSE,NDCG,F1,MAE
0.9337905867558397,0.8476364062866958,0.6810506566604128,0.737882535385864
