RMSE,NDCG,F1,MAE
0.032106436376229563,0.02123618815824191,0.01369042736134829,0.022923546523726634
