RMSE,NDCG,F1,MAE
0.9658970231320693,0.8688725944449377,0.694741084021761,0.7608060819095906
