RMSE,NDCG,F1,MAE
1.014123881652196,0.8299524009848819,0.6915387361656551,0.8021959347399965
