RMSE,NDCG,F1,MAE
0.05930879011128343,0.04489504591480742,0.021870295723575683,0.028912424502300693
