RMSE,NDCG,F1,MAE
1.0734326717634795,0.7850573550700745,0.6696684404420794,0.8311083592422972
