RMSE,NDCG,F1,MAE
0.006463048117528736,0.019958136224068057,0.011265949860206681,0.005956713355022125
