RMSE,NDCG,F1,MAE
0.9035937360271425,0.8826906771491441,0.7254863430929456,0.7141116792363601
