RMSE,NDCG,F1,MAE
0.8971306879096138,0.862732540925076,0.7142203932327389,0.708154965881338
