RMSE,NDCG,F1,MAE
104.00258881259275,99.29374113243699,104.35378786165819,104.84452007144142
