RMSE,NDCG,F1,MAE
148.21399760120045,100.34649615774339,109.56545733755641,137.46123190125797
