RMSE,NDCG,F1,MAE
146.08204589507613,99.28642999197194,114.75020552983428,134.63966836853615
