RMSE,NDCG,F1,MAE
103.59164263733416,99.96118868204061,104.2213104276913,104.29519673457919
