RMSE,NDCG,F1,MAE
94.32733427572076,101.08732985007889,91.57126092430805,93.38149348659648
