RMSE,NDCG,F1,MAE
94.66692683239437,100.10180031831794,91.79663090157287,93.04223705829904
