RMSE,NDCG,F1,MAE
94.20280299357849,100.8217173998834,91.72475320604147,93.81868877218234
