RMSE,NDCG,F1,MAE
94.35459513336967,101.16981878129833,91.02992517758963,93.37202394280284
