RMSE,NDCG,F1,MAE
94.57744259223917,101.16188702939317,92.68607434159526,94.23191341252468
