RMSE,NDCG,F1,MAE
94.68333666903916,100.16947804671388,91.76307267374789,93.72071261501874
