RMSE,NDCG,F1,MAE
94.20357069399039,100.80156164941762,91.76443909007158,93.82302451379299
