RMSE,NDCG,F1,MAE
94.69478209572625,101.06580636234472,90.73104278158262,94.24790559636311
