RMSE,NDCG,F1,MAE
102.73167700486195,98.39423310676732,97.97164977220379,102.30757478487236
