RMSE,NDCG,F1,MAE
102.64398934420802,97.48546117349449,97.99993196411742,103.07369874119294
