RMSE,NDCG,F1,MAE
102.76958494910815,98.4913204530835,96.6737868202417,102.7430951911359
