RMSE,NDCG,F1,MAE
102.62369744424453,98.7666653982987,96.0712959856538,102.36066703510625
