RMSE,NDCG,F1,MAE
102.63165190294197,98.57870810710254,95.65900118216493,102.77362771389893
