RMSE,NDCG,F1,MAE
102.65934617825366,97.62635832505077,96.55247738486842,102.4703606168527
