RMSE,NDCG,F1,MAE
102.77193419147,98.48887598784519,96.62660586034896,102.74571643525299
