RMSE,NDCG,F1,MAE
102.51582461659953,97.88892908233183,95.51310612883348,102.77308685654756
