RMSE,NDCG,F1,MAE
0.0033324736654357645,0.011945325923090055,0.05340647117262676,0.011300120031876082
