RMSE,NDCG,F1,MAE
0.8338380418575854,0.9031503204439517,0.7225325884543762,0.6486782881747232
