RMSE,NDCG,F1,MAE
0.8371705155230211,0.9150956463670418,0.7759390596270029,0.6599784082065993
