RMSE,NDCG,F1,MAE
0.0031175310603334117,0.02505833301644933,0.04508129260098903,0.00616770583086601
