RMSE,NDCG,F1,MAE
0.839927198477025,0.917831859784764,0.7805885389778007,0.659408134779734
