RMSE,NDCG,F1,MAE
0.8430447295373584,0.8927735267683147,0.7355072463768116,0.653240428948868
