RMSE,NDCG,F1,MAE
0.8216945705708499,0.9201978346587304,0.7906857727737974,0.6422865748241765
