RMSE,NDCG,F1,MAE
0.004076840926179215,0.014991744157173081,0.04128529315749041,0.0030371636492447784
