RMSE,NDCG,F1,MAE
0.8257714114970292,0.9052060905015573,0.749400479616307,0.6392494111749317
