RMSE,NDCG,F1,MAE
0.8287692708204215,0.8993805249081488,0.7525103366804489,0.6424807978292101
