RMSE,NDCG,F1,MAE
0.0033418879598244855,0.01951717662299579,0.04166739569953071,0.005172188452258197
