RMSE,NDCG,F1,MAE
0.825427382860597,0.9188977015311446,0.7941777323799796,0.6476529862814683
