RMSE,NDCG,F1,MAE
0.00603228664343558,0.015247288353832045,0.03819273819273816,0.001298100900193222
