RMSE,NDCG,F1,MAE
0.82610285786175,0.9053233439006174,0.7567567567567568,0.6367067795838688
