RMSE,NDCG,F1,MAE
0.8200705712183144,0.9205706322544495,0.794949494949495,0.638004880484062
