RMSE,NDCG,F1,MAE
0.001645512968151297,0.018886437298226255,0.037753522185906885,0.00618181627290626
