RMSE,NDCG,F1,MAE
0.8281120083937034,0.8983649371101494,0.7574517825832846,0.6412627518334044
