RMSE,NDCG,F1,MAE
0.8264664954255521,0.9172513744083757,0.7952053047691915,0.6474445681063107
