RMSE,NDCG,F1,MAE
0.8258236188834037,0.9052380699413379,0.749400479616307,0.6392761478830556
