RMSE,NDCG,F1,MAE
0.004125953639889102,0.015209445020989532,0.04108301999996322,0.0030001830337584856
