RMSE,NDCG,F1,MAE
0.8216976652435146,0.9204475149623275,0.7904834996162702,0.6422763309168141
