RMSE,NDCG,F1,MAE
0.004904484740855364,0.01576762436758994,0.047680483777876814,0.007712096411580771
