RMSE,NDCG,F1,MAE
0.8291412542176099,0.9043016862941329,0.7293092719352832,0.6473620824976256
