RMSE,NDCG,F1,MAE
0.8340457389584652,0.9200693106617228,0.77698975571316,0.6550741789092064
