RMSE,NDCG,F1,MAE
0.0843409607864487,0.0957857524825968,0.0723790976955534,0.059754549042095984
