RMSE,NDCG,F1,MAE
1.188502770357939,0.7038826909666229,0.5738396624472574,0.9375698535315694
