RMSE,NDCG,F1,MAE
1.1041618095714902,0.7996684434492197,0.501460564751704,0.8778153044894734
