RMSE,NDCG,F1,MAE
0.058432238841698236,0.045227979728202694,0.05585347985347977,0.040470297035339664
