RMSE,NDCG,F1,MAE
1.1796174382364573,0.7417029119923922,0.576,0.9335443037974683
