RMSE,NDCG,F1,MAE
1.121185199394759,0.7869308917205949,0.5201465201465202,0.8930740067621287
