RMSE,NDCG,F1,MAE
0.09485960354609424,0.1011599452538875,0.03887683104234252,0.0770771598872726
