RMSE,NDCG,F1,MAE
1.1968890519886473,0.6964478631389476,0.5596707818930041,0.9535693307179914
