RMSE,NDCG,F1,MAE
1.102029448442553,0.7976078083928351,0.5207939508506616,0.8764921708307188
