RMSE,NDCG,F1,MAE
0.09506794418860576,0.10995208836429826,0.05169172932330823,0.07153736715345638
