RMSE,NDCG,F1,MAE
1.1969427963353256,0.6878720346040657,0.5714285714285714,0.9471339722100027
