RMSE,NDCG,F1,MAE
1.1018748521467199,0.7978241229683639,0.5197368421052632,0.8755966050565464
