RMSE,NDCG,F1,MAE
1.1034681334570198,0.7978178645130394,0.5332111772789739,0.8737256732808898
