RMSE,NDCG,F1,MAE
0.09609145892714688,0.12409960558070188,0.055498500140380935,0.07942150642734536
