RMSE,NDCG,F1,MAE
1.1995595923841667,0.6737182589323375,0.5887096774193549,0.9531471797082351
