RMSE,NDCG,F1,MAE
1.10560878138311,0.7988598832307824,0.5121140142517815,0.8783855726353215
