RMSE,NDCG,F1,MAE
0.08164048710680327,0.12825620886364963,0.06165647755149717,0.05901467306958008
