RMSE,NDCG,F1,MAE
1.1872492684899132,0.6706036743671328,0.5737704918032787,0.9374002457049015
