RMSE,NDCG,F1,MAE
0.09480027713207351,0.09740161077795917,0.03793165145822153,0.07692119967904842
