RMSE,NDCG,F1,MAE
1.1972019758499588,0.6979960068666885,0.5596707818930041,0.9537380986935056
