RMSE,NDCG,F1,MAE
1.1024016987178853,0.7953976176446477,0.5217391304347826,0.8768168990144571
