RMSE,NDCG,F1,MAE
0.09113678423506322,0.11259482814910704,0.06825236057111117,0.07139627895515488
