RMSE,NDCG,F1,MAE
1.1002858458982636,0.7947354382802706,0.49606299212598426,0.8776319206850807
