RMSE,NDCG,F1,MAE
1.1914226301333268,0.6821406101311636,0.5643153526970954,0.9490281996402355
