algorithm,georisk
SVD,1.003637621996555
BIASEDMF,1.0060990085823134
NMF,0.9967960473521178
StochasticItemKNN,0.974036491740005
BayesianRidge,0.9597521707036094
Tweedie,0.9587743869433178
Ridge,0.959715448542535
RandomForest,0.9599225427583521
Bagging,0.9568611769891396
AdaBoost,0.9578796407613664
GradientBoosting,0.9585570821518574
LinearSVR,0.95839592505802
