algorithm,georisk
SVD,1.0151982255549705
BIASEDMF,1.0177015175241493
NMF,1.0060323893772207
StochasticItemKNN,0.981528120097804
BayesianRidge,0.9646483640076352
Tweedie,0.963987832865424
Ridge,0.96459143441079
RandomForest,0.9659424214355635
Bagging,0.9618273206096053
AdaBoost,0.9654194066136816
GradientBoosting,0.9648044934083301
LinearSVR,0.9619377149878343
