RMSE,NDCG,F1,MAE
0.9403033714526416,0.895809903976596,0.7653822249844624,0.7434712534808559
