RMSE,F1,MAE
0.08168460150732915,0.048385580898133496,0.0758666478526977
