RMSE,NDCG,F1,MAE
0.9217259350214007,0.9022062987444878,0.7756923076923077,0.7217129846295742
