RMSE,F1,MAE
0.8577741908858746,0.7170502092050209,0.666992991791929
