RMSE,NDCG,F1,MAE
0.8310071900578152,0.9074725971919269,0.7408,0.6447278046650812
