RMSE,F1,MAE
0.08533489994296994,0.03384573428965254,0.07387518947406213
