RMSE,NDCG,F1,MAE
0.853597311586608,0.8951893259413757,0.7163370360335952,0.6643482552644201
