RMSE,NDCG,F1,MAE
0.09071874496358545,0.005266298447439088,0.03489230769230767,0.07698517996449306
