RMSE,NDCG,F1,MAE
0.08670605986603364,0.0006205780352203094,0.04904518895086718,0.07912299821643576
