RMSE,F1,MAE
0.9184111440540276,0.7773109243697479,0.716475099942904
