RMSE,NDCG,F1,MAE
0.9193171791092204,0.8974099414168404,0.7785402370555209,0.7172024949254453
