RMSE,NDCG,F1,MAE
0.09932107782694555,0.02013708124408453,0.04668917892533064,0.08284515688029959
