RMSE,NDCG,F1,MAE
0.8199961012822748,0.9175470226609249,0.7318510581301902,0.6343573380451457
