RMSE,F1,MAE
0.8237518564982979,0.7329192546583851,0.6360673594011397
