RMSE,NDCG,F1,MAE
0.9300381274770592,0.899095890467614,0.7693024700947646,0.7347289067689453
