RMSE,NDCG,F1,MAE
0.831448835231573,0.903924341569201,0.7338168143969916,0.6470885698296378
