RMSE,NDCG,F1,MAE
0.09858929224548618,0.004828451101587028,0.035485655697772955,0.0876403369393075
