RMSE,F1,MAE
0.8353030930712342,0.7328838174273858,0.6496168672165998
