RMSE,NDCG,F1,MAE
0.9747623622221344,0.8916626122123559,0.7715142428785607,0.7614793292044318
