RMSE,NDCG,F1,MAE
0.8650426919585009,0.8971928560646759,0.7252049722295689,0.6694240529909534
