RMSE,NDCG,F1,MAE
0.1097196702636335,0.005530243852320038,0.04630927064899182,0.09205527621347842
