RMSE,NDCG,F1,MAE
0.9247139944367403,0.8843754774930301,0.6741303478608557,0.727487519526141
