RMSE,NDCG,F1,MAE
1.0620041636899074,0.8538235784203929,0.6519043401240036,0.8313155300345935
