RMSE,NDCG,F1,MAE
0.13729016925316706,0.030551899072637223,0.022226007736852127,0.10382801050845247
