RMSE,NDCG,F1,MAE
1.0008767681432034,0.8680831767904836,0.6535234899328859,0.7865810516616794
