RMSE,NDCG,F1,MAE
0.14324144462133503,0.027032536854055045,0.04419137648366356,0.10967168306521657
