RMSE,NDCG,F1,MAE
1.1441182127645384,0.8410506399364286,0.6093321134492223,0.8962527347268959
