RMSE,NDCG,F1,MAE
0.10628834692292477,0.030331047915519438,0.020344056521750198,0.09298987770125422
