RMSE,NDCG,F1,MAE
1.0398125703715888,0.8305939951417595,0.6515732924021489,0.8086444365654957
