RMSE,NDCG,F1,MAE
1.1461009172945136,0.80026294722624,0.6312292358803987,0.9016343142667499
