RMSE,NDCG,F1,MAE
1.0526205707339307,0.8527746343351034,0.6597402597402597,0.8242038945747708
