RMSE,NDCG,F1,MAE
0.14201887305267402,0.0385060156668765,0.01740605223071967,0.10406964575720812
