RMSE,NDCG,F1,MAE
0.9106016976812566,0.8912806500019799,0.6771463119709794,0.7201342488175627
