RMSE,NDCG,F1,MAE
0.9446449116816477,0.8875289059238901,0.7493540051679587,0.7573084022284713
