RMSE,NDCG,F1,MAE
0.9721999282923672,0.8822635313595297,0.6706254948535234,0.7800784072826592
