RMSE,NDCG,F1,MAE
0.027555016610719574,0.005265374564360381,0.07872851031443528,0.022770005054187914
