RMSE,NDCG,F1,MAE
1.4868742315997276,0.8679444988384099,0.5952483801295896,1.0915093829104257
