RMSE,NDCG,F1,MAE
0.5187015272611211,0.0392643413979763,0.14626598018372639,0.332196668872787
