RMSE,NDCG,F1,MAE
0.9681727043386066,0.8286801574404336,0.741514360313316,0.7593127140376387
