RMSE,NDCG,F1,MAE
1.4867054542547486,0.8305349689284421,0.6185809486475892,1.083620371748623
