RMSE,NDCG,F1,MAE
0.4280584229382125,0.02858136365535735,0.08759189085858365,0.2408805380473158
