RMSE,NDCG,F1,MAE
1.0586470313165361,0.8019536052730848,0.7061728395061728,0.8427398337013072
