RMSE,NDCG,F1,MAE
0.9595058216318483,0.8809757821098547,0.6850079744816587,0.7697958359698397
