RMSE,NDCG,F1,MAE
0.9551993743139928,0.8908996510276292,0.7539267015706806,0.7624935083958031
