RMSE,NDCG,F1,MAE
0.004306447317855455,0.009923868917774525,0.06891872708902191,0.007302327574036593
