RMSE,NDCG,F1,MAE
1.0616047755332985,0.8061299140418503,0.6257389722601182,0.8468025249546941
