RMSE,NDCG,F1,MAE
0.1261216778458416,0.08810006472609666,0.01747710814189185,0.09120478374829344
