RMSE,NDCG,F1,MAE
1.18772645337914,0.7180298493157536,0.6432160804020101,0.9380073087029875
