RMSE,NDCG,F1,MAE
0.12699499241280687,0.12280424907293064,0.03277221748267756,0.09067976080086426
