RMSE,NDCG,F1,MAE
1.0687802328451195,0.8039201879700232,0.5875486381322957,0.8540656631419087
