RMSE,NDCG,F1,MAE
1.1957752252579263,0.6811159388970925,0.6203208556149733,0.9447454239427729
