RMSE,NDCG,F1,MAE
1.191438934294168,0.7250803651399815,0.6086956521739131,0.9421320887391499
