RMSE,NDCG,F1,MAE
1.0678415225978781,0.806548644461867,0.5929598413485374,0.8505400613369147
