RMSE,NDCG,F1,MAE
0.1235974116962899,0.0814682793218855,0.015735810825375673,0.09159202740223515
