RMSE,NDCG,F1,MAE
1.05732672673459,0.8071972731346002,0.6124583927722301,0.8426633730763438
