RMSE,NDCG,F1,MAE
1.1934093858522612,0.7256918272852367,0.649746192893401,0.9382873954221745
