RMSE,NDCG,F1,MAE
0.13608265911767115,0.08150544584936348,0.03728780012117083,0.09562402234583078
