RMSE,NDCG,F1,MAE
1.076179873217414,0.8041478370741142,0.6072289156626506,0.853604101132783
