RMSE,NDCG,F1,MAE
0.13124371444602279,0.07981063555065082,0.031514539834731625,0.10013866247274883
