RMSE,NDCG,F1,MAE
1.2074235876634367,0.7243372015234634,0.6387434554973822,0.9537427636055318
