RMSE,NDCG,F1,MAE
1.1897272413780324,0.7191232249616898,0.6395939086294417,0.9367344285507939
