RMSE,NDCG,F1,MAE
0.13252309412650565,0.08693794749652106,0.030366036689705278,0.09317105086132738
