RMSE,NDCG,F1,MAE
1.0572041472515268,0.8060611724582109,0.6092278719397364,0.8435633776894665
