RMSE,NDCG,F1,MAE
1.1914198908402402,0.7250803651399815,0.6086956521739131,0.9424657530152075
