RMSE,NDCG,F1,MAE
0.12319224397904183,0.08166512132284565,0.015441683919944826,0.09168042310914204
