RMSE,NDCG,F1,MAE
1.0682276468611984,0.8067454864628272,0.5932539682539683,0.8507853299060655
