RMSE,NDCG,F1,MAE
1.0507676048571626,0.8087827110308873,0.5785970302099335,0.8439274978603187
