RMSE,NDCG,F1,MAE
1.1790946847982042,0.6996039702643083,0.6120218579234973,0.9300844551454651
