RMSE,NDCG,F1,MAE
0.12832707994104164,0.10917874076657896,0.03342482771356381,0.08615695728514638
