RMSE,NDCG,F1,MAE
0.02386793280748889,0.046217646471463425,0.013788676694853175,0.004747981283422242
