RMSE,NDCG,F1,MAE
1.1055469410968617,0.8289899316461483,0.6727066817667045,0.8558809646760382
