RMSE,NDCG,F1,MAE
1.0816790082893728,0.7827722851746849,0.6589180050718513,0.8606289459594605
