RMSE,NDCG,F1,MAE
1.110255838052826,0.8119504768566151,0.6674391657010429,0.8602354471192273
