RMSE,NDCG,F1,MAE
0.021024959168493007,0.020762624806110797,0.01972915918921303,0.004829625005421168
