RMSE,NDCG,F1,MAE
1.089230878884333,0.7911878520505043,0.6477100065118299,0.8650650721246484
