RMSE,NDCG,F1,MAE
1.1073751370982765,0.8136086353439324,0.6734926052332195,0.8541844984215542
