RMSE,NDCG,F1,MAE
1.0902706351059424,0.7864517767609991,0.6505399568034558,0.8616742159666398
