RMSE,NDCG,F1,MAE
0.017104501992334153,0.027156858582933263,0.022952648429763745,0.00748971754508565
