RMSE,NDCG,F1,MAE
1.1064490499666835,0.8202857121262693,0.6742596810933941,0.8504780743754917
