RMSE,NDCG,F1,MAE
0.024006609968501902,0.03378070558606572,0.02016623917311977,0.007821122106931755
