RMSE,NDCG,F1,MAE
1.0824424399981816,0.7865050065402036,0.6540934419202743,0.8582991964824235
