RMSE,NDCG,F1,MAE
0.022065964797523208,0.02798706772803705,0.019805532632485412,0.00015167467144716618
