RMSE,NDCG,F1,MAE
1.1013983493553132,0.7860179215447051,0.6610455311973018,0.8649204819546406
