RMSE,NDCG,F1,MAE
1.1234643141528364,0.8140049892727421,0.6808510638297872,0.8650721566260877
