RMSE,NDCG,F1,MAE
1.1070412228026365,0.8240814758033874,0.6719817767653758,0.8542258912144015
