RMSE,NDCG,F1,MAE
0.02328174705044761,0.03756258218424868,0.01587221117581883,0.0058308523368485465
