RMSE,NDCG,F1,MAE
1.083759475752189,0.7865188936191387,0.656109565589557,0.8600567435512501
