RMSE,NDCG,F1,MAE
1.1074733145224511,0.8136086353439324,0.6734926052332195,0.8542707036800474
