RMSE,NDCG,F1,MAE
1.0903718680764967,0.7862280681755086,0.6506804925469863,0.8617274267457876
