RMSE,NDCG,F1,MAE
0.01710144644595446,0.02738056716842374,0.022812112686233177,0.0074567230657401895
