RMSE,NDCG,F1,MAE
0.022896399877403217,0.04425564545342664,0.02730523772237803,0.0032775899345083293
