RMSE,NDCG,F1,MAE
1.0842669676009398,0.7790844954861214,0.6354306113342257,0.8627203730308401
