RMSE,NDCG,F1,MAE
1.107163367478343,0.823340140939548,0.6627358490566038,0.8594427830963318
