RMSE,NDCG,F1,MAE
0.8556790721824173,0.8977679582850259,0.7689619014330653,0.6713945059834786
