RMSE,NDCG,F1,MAE
0.05677734220600217,0.017966083355645646,0.040944017677476685,0.04567998548741159
