RMSE,NDCG,F1,MAE
0.9124564143884195,0.8798018749293802,0.7280178837555886,0.7170744914708902
