RMSE,NDCG,F1,MAE
0.9451062260917361,0.8663412096436917,0.7062359128474831,0.7377344937267044
