RMSE,NDCG,F1,MAE
0.8941052860774177,0.8808545021722017,0.7361411087113031,0.7012285281100759
