RMSE,NDCG,F1,MAE
0.05100094001431843,0.01451329252851008,0.02990519586382001,0.036505965616628555
