RMSE,NDCG,F1,MAE
1.1224777631737826,0.8303972169296248,0.6819354838709677,0.8623693448693894
