RMSE,NDCG,F1,MAE
0.11645818230314631,0.005070771023242937,0.032445341694944396,0.08017675078890862
