RMSE,NDCG,F1,MAE
1.0060195808706363,0.8354679879528677,0.7143808255659121,0.7821925940804808
