RMSE,NDCG,F1,MAE
0.9216758650162586,0.8759951036027152,0.7234678624813154,0.7239064903138341
