RMSE,NDCG,F1,MAE
0.8637570964400563,0.8957258834201512,0.7528624273383829,0.678756211752295
