RMSE,NDCG,F1,MAE
0.05791876857620237,0.019730779817436095,0.029394564857067484,0.04515027856153919
