RMSE,NDCG,F1,MAE
100.47283990326976,97.82712441795798,95.33173521902387,98.57572217534192
