RMSE,NDCG,F1,MAE
104.02087498544121,99.52844467282105,98.06579109186751,101.59175813742401
