RMSE,NDCG,F1,MAE
104.27666074074224,98.43176134779688,107.4304449648712,105.86165442710734
