RMSE,NDCG,F1,MAE
101.46958319572003,98.63783347882918,95.96719384143864,100.25024578839705
