RMSE,NDCG,F1,MAE
0.9133070905787851,0.8870025002947166,0.7219564061669325,0.7269025361949062
