RMSE,NDCG,F1,MAE
1.102675591575045,0.8614074433884531,0.605927552140505,0.8700578611459645
