RMSE,NDCG,F1,MAE
0.1893685009962599,0.025595056906263514,0.11602885402642749,0.14315532495105832
