RMSE,NDCG,F1,MAE
0.9821881001169807,0.8718023159158801,0.6858108108108109,0.7809741552836263
