RMSE,NDCG,F1,MAE
1.1484071228797037,0.8290840204367478,0.572429906542056,0.9199234002183373
