RMSE,NDCG,F1,MAE
0.16621902276272305,0.04271829547913231,0.1133809042687548,0.13894924493471095
