RMSE,NDCG,F1,MAE
0.2503820275358326,0.0112264898811415,0.13537898882726473,0.20086681524316852
