RMSE,NDCG,F1,MAE
1.2580438327814945,0.8312267472183088,0.5448717948717948,0.9948886920611847
