RMSE,NDCG,F1,MAE
1.0076618052456618,0.8424532370994503,0.6802507836990596,0.7940218768180162
