RMSE,NDCG,F1,MAE
0.8900480042925996,0.8955155974609861,0.7288503253796096,0.7068481334904888
