RMSE,NDCG,F1,MAE
0.20876192401761173,0.06063006929314818,0.1369220742585333,0.1620239241157676
