RMSE,NDCG,F1,MAE
1.0988099283102113,0.8348855281678379,0.5919282511210763,0.8688720576062564
