RMSE,NDCG,F1,MAE
0.03769485657701577,0.01704723080082282,0.01305730993355736,0.03764226825149253
