RMSE,NDCG,F1,MAE
0.8964720152404193,0.908106156510856,0.7602355580482333,0.7014633749142071
