RMSE,NDCG,F1,MAE
0.8587771586634035,0.8910589257100332,0.7732928679817906,0.6638211066627145
