RMSE,NDCG,F1,MAE
0.8871883901999165,0.8853286114018314,0.7591331269349845,0.6882013499571226
