RMSE,NDCG,F1,MAE
0.9287017762403166,0.8952273869780387,0.7352342158859471,0.72850876670346
