RMSE,NDCG,F1,MAE
0.04151338604040011,0.00989877557620733,0.023898911049037408,0.04030741674633742
