RMSE,NDCG,F1,MAE
1.0618091757315935,0.8421939209910414,0.7207464040430219,0.827812356573115
