RMSE,NDCG,F1,MAE
0.03605931267901541,0.00514143814168766,0.009791957188358125,0.02347003857523544
