RMSE,NDCG,F1,MAE
1.025749863052578,0.8370524828493537,0.7109544468546638,0.8043423179978796
