RMSE,NDCG,F1,MAE
0.04019965339490483,0.017303133592060593,0.017229592348409928,0.03803586434369821
