RMSE,NDCG,F1,MAE
0.8626106808220853,0.8863155116894715,0.7700242718446602,0.6720024946037906
