RMSE,NDCG,F1,MAE
0.9028103342169901,0.9036186452815321,0.7527946794962502,0.7100383589474888
