algorithm,georisk
SVD,0.771930320221232
BIASEDMF,0.7736886281591698
NMF,0.7630637132054605
StochasticItemKNN,0.7323728398492945
BayesianRidge,0.7042851007202615
Tweedie,0.7031084038645712
Ridge,0.704226329139536
RandomForest,0.7047780825959158
Bagging,0.7022389620371081
AdaBoost,0.7042886673748796
GradientBoosting,0.7065065412551303
LinearSVR,0.7036930390253344
