algorithm,georisk
SVD,0.7759308973926718
BIASEDMF,0.7787349380133025
NMF,0.7656329769232504
StochasticItemKNN,0.7295310047897463
BayesianRidge,0.6964451650722647
Tweedie,0.696146411934853
Ridge,0.6963686773919082
RandomForest,0.6963117302825454
Bagging,0.6930308470271632
AdaBoost,0.6973282035198576
GradientBoosting,0.6983524686992426
LinearSVR,0.6939880355182994
