RMSE,NDCG,F1,MAE
1.191908325823775,0.575968146411216,0.4251207729468599,0.9683830059690569
