RMSE,NDCG,F1,MAE
0.11837939628980054,0.2585090234629538,0.22620920548592227,0.1166340276104727
