RMSE,NDCG,F1,MAE
1.0735289295339745,0.8344771698741698,0.6513299784327822,0.8517489783585842
