RMSE,NDCG,F1,MAE
1.187579878478866,0.5944263330193762,0.44339622641509435,0.9637516293399692
