RMSE,NDCG,F1,MAE
0.10431654103206367,0.23456265934717824,0.20260233162383856,0.10438325020718209
