RMSE,NDCG,F1,MAE
1.0832633374468024,0.8289889923665544,0.6459985580389329,0.8593683791327871
