RMSE,NDCG,F1,MAE
1.178556118332996,0.569385696698526,0.46511627906976744,0.9620743591966547
