RMSE,NDCG,F1,MAE
1.0768321609870855,0.8345803284019342,0.6487272727272727,0.8530315842649346
