RMSE,NDCG,F1,MAE
0.10172395734591055,0.2651946317034082,0.18361099365750527,0.1090427749317201
