RMSE,NDCG,F1,MAE
1.1901378308187611,0.6158304609265185,0.430622009569378,0.970808162019297
