RMSE,NDCG,F1,MAE
0.11852476560556413,0.22192456759945445,0.2254930983442911,0.12395458043414642
