RMSE,NDCG,F1,MAE
1.071613065213197,0.837755028525973,0.6561151079136691,0.8468535815851506
