RMSE,NDCG,F1,MAE
1.192526287186243,0.5678993694654895,0.4890829694323144,0.9711321154320985
