RMSE,NDCG,F1,MAE
1.0934683952317883,0.834579846120477,0.6685275645498954,0.8580491609456972
