RMSE,NDCG,F1,MAE
0.09905789195445469,0.2666804766549875,0.17944459511758099,0.11308295448640138
