RMSE,NDCG,F1,MAE
1.1888863395956926,0.577305397054722,0.4079601990049751,0.9686105741291358
