RMSE,NDCG,F1,MAE
0.1226160898139832,0.25488691475726155,0.24127727376190938,0.12506744437157258
