RMSE,NDCG,F1,MAE
1.0662702497817094,0.8321923118119835,0.6492374727668845,0.8435431297575632
