RMSE,NDCG,F1,MAE
1.07737329908278,0.8346550996783678,0.6467589220684632,0.853457311337127
