RMSE,NDCG,F1,MAE
1.1787266493550232,0.5678993694654895,0.46511627906976744,0.9621622166333539
