RMSE,NDCG,F1,MAE
0.10135335027224324,0.26675573021287835,0.18164264299869576,0.1087049052962269
