RMSE,NDCG,F1,MAE
0.09517277581345995,0.2323309577808791,0.2235099895556079,0.10207387730152717
