RMSE,NDCG,F1,MAE
1.1751321479797383,0.604035250101015,0.39800995024875624,0.9576402978784331
