RMSE,NDCG,F1,MAE
1.0799593721662784,0.8363662078818941,0.6215199398043642,0.8555664205769059
