RMSE,NDCG,F1,MAE
0.02431560914438724,0.018465072620304612,0.062022117412230515,0.009945932430382332
