RMSE,NDCG,F1,MAE
0.00041775920233311226,0.026777992146199248,0.04224263500226544,0.00114568470723031
