RMSE,NDCG,F1,MAE
0.9333816631654553,0.883499338082681,0.6650173181593271,0.73312945219083
