RMSE,NDCG,F1,MAE
0.9374575305148672,0.9031010379200082,0.7332549941245593,0.7324234979962928
