RMSE,NDCG,F1,MAE
0.9987943910783781,0.8620963020918075,0.6579330422125182,0.7856208028001325
