RMSE,NDCG,F1,MAE
0.03738917516418194,0.04113321116997548,0.05349216391233447,0.02828061589965636
