RMSE,NDCG,F1,MAE
0.0773479939688908,0.01926804859820197,0.007657637111074367,0.05775394410736745
