RMSE,NDCG,F1,MAE
0.9283904971571195,0.912898765817058,0.7484251968503937,0.7218849981733714
