RMSE,NDCG,F1,MAE
0.8510425031882287,0.893630717218856,0.7407675597393193,0.6641310540660039
