RMSE,NDCG,F1,MAE
0.8776060055551775,0.889275775758026,0.724332455810455,0.6844985146540251
