RMSE,NDCG,F1,MAE
0.9607125619787733,0.8891703018747544,0.7325933400605449,0.7481741389885048
