RMSE,NDCG,F1,MAE
0.08310655642359577,0.00010547388327153406,0.008260884250089862,0.06367562433447971
