RMSE,NDCG,F1,MAE
1.0809398105964196,0.8504776124548229,0.7207112970711297,0.836195608395953
