RMSE,NDCG,F1,MAE
1.0032513188223677,0.839212250669452,0.6963455149501662,0.7861734784993001
