RMSE,NDCG,F1,MAE
0.0776884917740519,0.011265361785370853,0.02436578212096352,0.05002212989665289
