RMSE,NDCG,F1,MAE
0.8515484368190899,0.8941474556448937,0.7366482504604052,0.6663113088225516
