RMSE,NDCG,F1,MAE
0.07816698888356022,0.014495555833969775,0.004813226902581347,0.06082027749761154
