RMSE,NDCG,F1,MAE
0.9297154257026501,0.9086430114788635,0.7414614773629865,0.7271315863201632
