RMSE,NDCG,F1,MAE
102.92951018577922,97.03533285018334,125.0395750177238,101.23324187619384
