RMSE,NDCG,F1,MAE
104.11933561956828,98.47632995166866,121.99333805439714,102.6732147229803
