RMSE,NDCG,F1,MAE
102.84001737425153,97.3540849207723,127.46323711442294,101.64484815155836
