RMSE,NDCG,F1,MAE
103.09656331505587,96.33563774903266,121.15422984836393,101.62239749864148
