RMSE,NDCG,F1,MAE
103.3740929714523,97.48657990231915,123.79642365887207,102.08672777248209
