RMSE,NDCG,F1,MAE
103.32218993286615,96.73187165400255,119.1353802502913,101.64594771652409
