RMSE,NDCG,F1,MAE
102.82118610941104,97.29491214246818,127.40036400103997,101.62978735876185
