RMSE,NDCG,F1,MAE
102.11265798220428,96.89022326116536,126.57574218402638,101.03896362158267
