RMSE,NDCG,F1,MAE
1.0822702600191243,0.8039155016696452,0.5857874519846351,0.8624988534168206
