RMSE,NDCG,F1,MAE
0.08187733885123238,0.049095037058735524,0.07532365912647598,0.06437377189733728
