RMSE,NDCG,F1,MAE
1.000392921167892,0.7548204646109097,0.6611111111111111,0.7981250815194834
