RMSE,NDCG,F1,MAE
0.07456680907537505,0.05455996379774819,0.0627638816407825,0.06091656897964304
