RMSE,NDCG,F1,MAE
1.0972622537298686,0.8054400199340092,0.5842122083732822,0.8700529672975095
