RMSE,NDCG,F1,MAE
1.0226954446544936,0.750880056136261,0.6469760900140648,0.8091363983178664
