RMSE,NDCG,F1,MAE
1.0068446486560167,0.7604233942588853,0.6536312849162011,0.7967428866089846
