RMSE,NDCG,F1,MAE
0.08734409086553807,0.037349350759051436,0.07874573880763347,0.07020894308721526
