RMSE,NDCG,F1,MAE
1.0941887395215548,0.7977727450179367,0.5748855461085677,0.8669518296961999
