RMSE,NDCG,F1,MAE
1.0947723995678376,0.8001279849810626,0.5840537944284342,0.8674514031158633
