RMSE,NDCG,F1,MAE
0.08218609793087195,0.04833217139234958,0.0798580513015934,0.06728064788644605
