RMSE,NDCG,F1,MAE
1.0125863016369656,0.7517958135887131,0.6639118457300276,0.8001707552294173
