RMSE,NDCG,F1,MAE
1.013680281457519,0.7604233942588853,0.6621067031463749,0.800366063876345
