RMSE,NDCG,F1,MAE
1.1000001779297894,0.7986035871094742,0.5931078090420487,0.8676430367217174
