RMSE,NDCG,F1,MAE
0.08631989647227045,0.038180192850588934,0.06899889410432614,0.06727697284537237
