RMSE,NDCG,F1,MAE
1.0006600932311367,0.7513329452492843,0.6639344262295082,0.7921696647552515
