RMSE,NDCG,F1,MAE
0.08464295305104241,0.0516204166323998,0.0699566132342625,0.06632305582586373
