RMSE,NDCG,F1,MAE
1.085303046282179,0.8029533618816841,0.5939778129952457,0.8584927205811153
