RMSE,NDCG,F1,MAE
0.0874685714475274,0.037321090195606144,0.08043546398073975,0.07031476786447055
