RMSE,NDCG,F1,MAE
1.0069933535613367,0.7604233942588853,0.6555090655509066,0.7968072117796708
