RMSE,NDCG,F1,MAE
1.094461925008864,0.7977444844544914,0.5750736015701668,0.8671219796441414
