RMSE,NDCG,F1,MAE
1.0797598569826399,0.7990373022202663,0.5531048523922634,0.8574896084384545
