RMSE,NDCG,F1,MAE
1.0010435366564248,0.7589426196699829,0.6458923512747875,0.797534431735949
