RMSE,NDCG,F1,MAE
0.07871632032621512,0.04009468255028337,0.09278749888252413,0.0599551767025055
