RMSE,NDCG,F1,MAE
0.04952879359597284,0.04455585443549415,0.0265077225246112,0.048175920225441704
