RMSE,NDCG,F1,MAE
0.9419132179615186,0.8930445390486145,0.735467827168169,0.7381867242791448
