RMSE,NDCG,F1,MAE
0.9914420115574915,0.8484886846131203,0.7089601046435579,0.7863626445045865
