RMSE,NDCG,F1,MAE
0.9902275853657644,0.8796054169972185,0.709802652863151,0.7707528280113052
