RMSE,NDCG,F1,MAE
1.0353741288574112,0.8466040320327296,0.7030848329048843,0.8098933374481623
