RMSE,NDCG,F1,MAE
0.04514654349164682,0.0330013849644889,0.006717819958266702,0.039140509436857096
