RMSE,NDCG,F1,MAE
1.0390761705270708,0.8149785037265833,0.7159904534606205,0.8079824518539012
