RMSE,NDCG,F1,MAE
0.01701072586916541,0.01595111048253539,0.04828859010658326,0.02007409452137543
