RMSE,NDCG,F1,MAE
1.0560868963962362,0.8309296142091187,0.6677018633540373,0.8280565463752766
