RMSE,NDCG,F1,MAE
0.9721160626944554,0.8593861785903822,0.7182823682498374,0.7691796000236087
