RMSE,NDCG,F1,MAE
0.03688915892729172,0.0353040073666363,0.0240432131455115,0.03383433696743032
