RMSE,NDCG,F1,MAE
0.9352269037671637,0.8946901859570185,0.7423255813953489,0.7353452630561784
