RMSE,NDCG,F1,MAE
0.9280856243292214,0.8682464982152187,0.6541049798115747,0.7391296276299124
