RMSE,NDCG,F1,MAE
0.09691974787847524,0.040935290474189645,0.11949085110909696,0.06872581040135417
