RMSE,NDCG,F1,MAE
0.8311658764507461,0.9091817886894084,0.7735958309206716,0.6704038172285582
