RMSE,NDCG,F1,MAE
0.8440664945156064,0.9010201932849266,0.7703003337041157,0.6718865544390795
