RMSE,NDCG,F1,MAE
0.9459707279858519,0.8603682488270246,0.6679462571976967,0.745708895738123
