RMSE,NDCG,F1,MAE
0.10190423347024546,0.04065194445790199,0.10235407650641892,0.07382234129904353
