RMSE,NDCG,F1,MAE
0.9182396888071372,0.8649803115765295,0.6752910737386805,0.7212551346258884
