RMSE,NDCG,F1,MAE
0.09270428667614417,0.04587866887403158,0.10217211991930364,0.07104774664605207
