RMSE,NDCG,F1,MAE
0.8255354021309931,0.9108589804505611,0.7774631936579841,0.6502073879798363
