RMSE,NDCG,F1,MAE
0.9251302280259899,0.8671472656062303,0.6761658031088082,0.7290787718808878
