RMSE,NDCG,F1,MAE
0.8278747136276853,0.9083304314178885,0.784180790960452,0.6583739656422537
