RMSE,NDCG,F1,MAE
0.0972555143983046,0.04118316581165815,0.10801498785164376,0.07070480623863407
