RMSE,NDCG,F1,MAE
0.09871488020394392,0.044684304324036694,0.1056424625543384,0.07791790380864261
