RMSE,NDCG,F1,MAE
0.9235110654846664,0.8655712313184758,0.6825895663104965,0.723285141604291
