RMSE,NDCG,F1,MAE
0.8247961852807225,0.9102555356425125,0.7882320288648349,0.6453672377956484
