RMSE,NDCG,F1,MAE
0.8272646896242197,0.9084297561574878,0.7839819514946419,0.658562332102143
