RMSE,NDCG,F1,MAE
0.9279755242427457,0.8671481257536358,0.6726920593931569,0.7313257455249166
