RMSE,NDCG,F1,MAE
0.10071083461852592,0.04128163040385202,0.11128989210148499,0.07276341342277359
