RMSE,NDCG,F1,MAE
0.09219537991290261,0.04515567249130148,0.10182589029417144,0.07077175288403148
