RMSE,NDCG,F1,MAE
0.8256078605501174,0.91073856658119,0.7771169640328519,0.6502424146728443
