RMSE,NDCG,F1,MAE
0.91780324046302,0.8655828940898885,0.6752910737386805,0.7210141675568758
