RMSE,NDCG,F1,MAE
0.9276239555576415,0.8687409625601862,0.6536388140161725,0.726904340702572
