RMSE,NDCG,F1,MAE
0.09439763772897636,0.03989847364837429,0.10978643997511917,0.06817401530680522
