RMSE,NDCG,F1,MAE
0.8332263178286652,0.9086394362085605,0.7634252539912917,0.6587303253957668
