algorithm,georisk
SVD,0.7446981830350023
BIASEDMF,0.7421516743293156
NMF,0.7226805218626506
StochasticItemKNN,0.7162742158633617
BayesianRidge,0.7003612037523564
Tweedie,0.7013805948672855
Ridge,0.7003015810707373
RandomForest,0.7001702289667381
Bagging,0.6954829613484067
AdaBoost,0.698237244215064
GradientBoosting,0.6992179561289187
LinearSVR,0.6978501384018648
