algorithm,georisk
SVD,0.7455783958338994
BIASEDMF,0.7418419536215863
NMF,0.7182701425864851
StochasticItemKNN,0.7118719752975782
BayesianRidge,0.6940124551487523
Tweedie,0.6963844291239836
Ridge,0.6939407380217101
RandomForest,0.6947243649370135
Bagging,0.6904335495044593
AdaBoost,0.6943038800825007
GradientBoosting,0.6939749723574927
LinearSVR,0.6888649622588632
