algorithm,georisk
SVD,0.768944091826067
BIASEDMF,0.7653518789724147
NMF,0.7497048100096022
StochasticItemKNN,0.7424638399366775
BayesianRidge,0.7245627475597257
Tweedie,0.7255966385827722
Ridge,0.7244952680997643
RandomForest,0.7258906477833627
Bagging,0.7192286109034178
AdaBoost,0.7242352395754799
GradientBoosting,0.7251327530370033
LinearSVR,0.7240729315474618
