algorithm,georisk
SVD,0.751721268347442
BIASEDMF,0.7467173063888705
NMF,0.725116908150307
StochasticItemKNN,0.7210104655113542
BayesianRidge,0.6986365040656449
Tweedie,0.701082058546714
Ridge,0.6985612325580742
RandomForest,0.7005761538803859
Bagging,0.6930153467840513
AdaBoost,0.7001727192396521
GradientBoosting,0.6993900420176823
LinearSVR,0.6959889663421049
