RMSE,NDCG,F1,MAE
82.89888599729879,89.10432604534053,77.44858109867221,82.61849635971976
