RMSE,NDCG,F1,MAE
82.19741249263681,95.24579325817324,78.42893083671227,82.02776540631355
