RMSE,NDCG,F1,MAE
82.01136533522268,89.92350058913738,75.997287032013,81.6868529231011
