RMSE,NDCG,F1,MAE
82.36543780573254,89.48783119285383,79.52823598946858,82.12816571609152
