RMSE,NDCG,F1,MAE
81.24775774563095,89.71736858236874,78.10844968704863,80.83778552054191
