RMSE,NDCG,F1,MAE
82.2648426614381,89.13897537454002,78.20121951219512,81.90157378603412
