RMSE,NDCG,F1,MAE
82.01969312738694,90.10390420875204,76.05593979729436,81.67830838526112
