RMSE,NDCG,F1,MAE
81.44593772446055,89.87342891789125,76.7670258664878,81.35597805614083
