RMSE,NDCG,F1,MAE
100.74941005401988,102.46226953983258,95.83550254993625,102.76196718551967
