RMSE,NDCG,F1,MAE
99.65834180360106,101.59394777922874,97.42189174606224,102.50149518065967
