RMSE,NDCG,F1,MAE
100.44727253452632,102.02286617596916,96.4272167123085,102.15816193820866
