RMSE,NDCG,F1,MAE
100.6753096084372,103.11068129944343,95.72547781568788,102.81106943521429
