RMSE,NDCG,F1,MAE
100.31545269651292,101.75950666730694,95.73683156532769,102.054759946855
