RMSE,NDCG,F1,MAE
100.70938960861815,102.95398909697528,95.67302785998571,102.77359706116968
