RMSE,NDCG,F1,MAE
100.451725662673,101.95768717109605,96.49182456270199,102.16189155915059
