RMSE,NDCG,F1,MAE
99.99720781260802,101.96506660533882,95.743413129371,101.34272684837329
