RMSE,NDCG,F1,MAE
96.80652531172733,102.78106373139005,82.71714083985604,98.8869228918824
