RMSE,NDCG,F1,MAE
96.90642416557883,104.70164121508611,85.54136281000511,98.2775978183455
