RMSE,NDCG,F1,MAE
97.08616202226857,101.45258710410556,84.95992786432225,98.52652888576823
