RMSE,NDCG,F1,MAE
96.830076539693,104.30781545658259,84.0023251954116,98.5822750709562
