RMSE,NDCG,F1,MAE
96.69421736883007,101.22275419997742,85.6179831030641,98.04023334975662
