RMSE,NDCG,F1,MAE
96.94798008648327,103.09282112408398,85.93850700897754,98.65479599075694
