RMSE,NDCG,F1,MAE
97.09413622303093,101.43410769273746,84.77916757710662,98.52929745578048
