RMSE,NDCG,F1,MAE
96.25466521925543,102.14584841646908,83.43801475061956,98.20710881249514
