RMSE,NDCG,F1,MAE
105.99122769772367,99.51266567873992,100.26755301615206,106.60774158034963
