RMSE,NDCG,F1,MAE
105.34042808037935,100.23711868892295,100.91348267466739,106.49519359971333
