RMSE,NDCG,F1,MAE
104.97538707446152,98.79970841224683,96.76141208942626,103.83355552492431
