RMSE,NDCG,F1,MAE
105.89327531286843,99.68955376698065,101.90423846800122,107.0313674742269
