RMSE,NDCG,F1,MAE
0.942066525187033,0.8914862445722588,0.7127856701667696,0.7402728156076099
