RMSE,NDCG,F1,MAE
0.09419677519428027,0.0065623044760625415,0.045043393228211714,0.0678247363195219
