RMSE,F1,MAE
0.09414227024662714,0.04596448881646609,0.06714885909077706
