RMSE,NDCG,F1,MAE
0.8594283426504619,0.887512744703742,0.7425742574257426,0.6787148028804652
