RMSE,NDCG,F1,MAE
0.8513936751896064,0.8956780020991498,0.7477386934673367,0.6721801411445096
