RMSE,NDCG,F1,MAE
0.09067284999742664,0.004191757526891049,0.03495302330056704,0.0680926744631003
