RMSE,NDCG,F1,MAE
0.9536251178447421,0.8809504402276794,0.6975308641975309,0.7465395391999871
