RMSE,F1,MAE
0.09053264716301024,0.030406533459522156,0.06823501718471947
