RMSE,F1,MAE
0.8602010452229861,0.7414903403863845,0.6748910131493457
