RMSE,NDCG,F1,MAE
0.8631430386790329,0.8937846629890909,0.7392550143266475,0.6775605667507024
