RMSE,NDCG,F1,MAE
0.12952954357030444,0.012391243521035045,0.03436666188247128,0.0944084248021747
