RMSE,NDCG,F1,MAE
0.9926725822493373,0.8813934194680558,0.7048883524441762,0.7719689915528771
