RMSE,F1,MAE
0.12947282763952883,0.03971710019294017,0.09594586808339634
