RMSE,NDCG,F1,MAE
0.8526659588107405,0.9016782264196193,0.7409638554216867,0.6731620390597578
