RMSE,F1,MAE
0.9396194950360798,0.7116228070175439,0.7385976456563869
