RMSE,NDCG,F1,MAE
0.09086378683333107,0.012122307332051996,0.031805439580102624,0.06814654085622218
