RMSE,F1,MAE
0.08969536776264697,0.02868727050183595,0.06703996177947125
