RMSE,NDCG,F1,MAE
0.9435297456440715,0.8895559190875673,0.7091584158415841,0.74130857991598
