RMSE,F1,MAE
1.018443799797437,0.6990291262135923,0.7946334225643342
