RMSE,NDCG,F1,MAE
0.14760846901306068,0.008559196365804822,0.023309925584320323,0.10336081380870499
