RMSE,F1,MAE
0.8769959208609682,0.7193149381541389,0.6964372442546269
