RMSE,NDCG,F1,MAE
1.026317815073579,0.8708780916769282,0.6978723404255319,0.8008163393645925
