RMSE,NDCG,F1,MAE
0.8787093460605183,0.879437288042733,0.7211822660098522,0.6974555255558875
