RMSE,F1,MAE
0.1414478789364687,0.020285811940546683,0.09819617830970728
