RMSE,NDCG,F1,MAE
0.024991286405195434,0.00951413041207172,0.08580089823249781,0.02019468261895485
