RMSE,NDCG,F1,MAE
0.8580970610169922,0.8935436965428185,0.7503678273663561,0.6881501839116189
