RMSE,F1,MAE
0.8604544679466126,0.7478952291861553,0.6901099536435511
