RMSE,NDCG,F1,MAE
0.8830883474221877,0.9030578269548902,0.6645669291338583,0.7083448665305737
