RMSE,F1,MAE
0.8811534158910498,0.6646058732612056,0.7061741752046992
