RMSE,F1,MAE
0.020698947944437163,0.08328935592494968,0.016064221561148062
