RMSE,F1,MAE
0.02489036116567711,0.08074530552050896,0.016870443330375462
