RMSE,NDCG,F1,MAE
0.029787420832112943,0.012242129611110375,0.08686773484134469,0.02130104094702423
