RMSE,NDCG,F1,MAE
0.9013057588194691,0.9007596568875997,0.6666666666666666,0.7119674903180059
