RMSE,NDCG,F1,MAE
0.8715183379873561,0.8885175272764894,0.7535344015080113,0.6906664493709816
