RMSE,NDCG,F1,MAE
0.8520804494454981,0.894459170562718,0.7580105212816834,0.6686198607414375
