RMSE,NDCG,F1,MAE
0.8697631807494659,0.901680117549676,0.6816816816816816,0.6873740045657403
