RMSE,NDCG,F1,MAE
0.017682731303967802,0.007220946986958077,0.07632883960000181,0.018754143824302738
