RMSE,F1,MAE
0.8545827422027334,0.75564681724846,0.6709960559996349
