RMSE,F1,MAE
0.8789619027180393,0.6735905044510386,0.695945657735057
