RMSE,NDCG,F1,MAE
0.026155429642729322,0.004401723457832185,0.09173376123919685,0.021616379273072805
