RMSE,NDCG,F1,MAE
0.8809448622125385,0.8977554646136473,0.6737160120845922,0.6982976764359893
