RMSE,NDCG,F1,MAE
0.8547894325698092,0.8933537411558151,0.765449773323789,0.6766812971629165
