RMSE,NDCG,F1,MAE
0.8528124918349425,0.8942737564810733,0.767719298245614,0.6651592890334858
