RMSE,F1,MAE
0.8714829560532772,0.6905444126074498,0.6866176920709857
