RMSE,NDCG,F1,MAE
0.873238552530816,0.9030764251714755,0.689051094890511,0.6887882837299132
