RMSE,NDCG,F1,MAE
0.020426060695873494,0.008802668690402138,0.07866820335510305,0.02362899469642743
