RMSE,NDCG,F1,MAE
0.8845344058509205,0.9039191800232905,0.6796407185628742,0.701922246631234
