RMSE,F1,MAE
0.025334241538251145,0.08093384693577288,0.02076900377672919
