RMSE,NDCG,F1,MAE
0.8550498476568021,0.891375306576559,0.7631077216396568,0.6771080741154265
