RMSE,NDCG,F1,MAE
0.029484558194118327,0.01254387344673158,0.08346700307678256,0.02481417251580753
