RMSE,NDCG,F1,MAE
0.016815745358879974,0.007810533860171498,0.07603178399638577,0.01792648117490281
