RMSE,NDCG,F1,MAE
0.852102047413623,0.8938695836895045,0.7577134656780674,0.668683915355732
