RMSE,F1,MAE
0.8671856024064918,0.6814159292035398,0.6845709256043678
