RMSE,NDCG,F1,MAE
0.868917792772503,0.901680117549676,0.6816816816816816,0.6866103965306348
