RMSE,F1,MAE
0.8759431338008723,0.6615146831530139,0.693706271071905
