RMSE,F1,MAE
0.013100718415500645,0.078461870188135,0.015313077783347229
