RMSE,NDCG,F1,MAE
0.017485473569451737,0.0014438200383003474,0.08158022016289723,0.01994853936885166
