RMSE,NDCG,F1,MAE
0.8776048551134833,0.8950143340571491,0.6614173228346457,0.695692637045395
