RMSE,NDCG,F1,MAE
0.8601193815440316,0.8935705140188488,0.742997542997543,0.6757440976765433
