RMSE,NDCG,F1,MAE
110.71826216335452,142.17126004548243,146.97295526724298,113.29001573493802
