RMSE,NDCG,F1,MAE
109.85650098975235,131.21750403242424,140.0727272727273,112.00671599265807
