RMSE,NDCG,F1,MAE
109.11791026429383,141.09073992900824,141.5920716112532,111.81536672487134
