RMSE,NDCG,F1,MAE
110.80638420269689,139.6914082603387,149.21550530687588,114.16694027216634
