RMSE,NDCG,F1,MAE
108.75858423324377,145.65957492919787,141.96686426508586,112.29098535869797
