RMSE,NDCG,F1,MAE
110.92150851547105,141.4022426945323,160.17393912130754,114.07436749877053
