RMSE,NDCG,F1,MAE
109.05030162893385,140.95660683950027,141.9375418673642,111.81049661637186
