RMSE,NDCG,F1,MAE
108.81574720735121,147.67204489398028,152.23947128709037,111.03986604477443
