RMSE,NDCG,F1,MAE
102.96353695923844,103.25973274765228,107.25083887886306,104.64105596363771
