RMSE,NDCG,F1,MAE
103.97998136533069,101.62750155299192,105.12719036641786,105.37875188679126
