RMSE,NDCG,F1,MAE
102.53398632170891,102.33304345815016,105.59986167844559,104.0397579853688
