RMSE,NDCG,F1,MAE
102.48552006538945,103.04857512916195,104.67630730659026,104.0747195962866
