RMSE,NDCG,F1,MAE
102.57830916132902,102.26542667862195,104.46359372944565,103.86894295162993
