RMSE,NDCG,F1,MAE
102.62075438718587,103.09661606143234,104.90847779010761,104.11809627636404
