RMSE,NDCG,F1,MAE
102.53616280107794,102.33684576868545,105.59986167844559,104.04361539530849
