RMSE,NDCG,F1,MAE
102.5337120631421,103.12391978542921,106.25179340028697,103.56167961914223
