RMSE,NDCG,F1,MAE
91.59123968120208,102.43875473863073,100.99395610561585,91.9118209960877
