RMSE,NDCG,F1,MAE
90.61784148154007,100.24574074791981,100.06185615268105,90.85125537112081
