RMSE,NDCG,F1,MAE
92.80677643186618,99.1886604774374,106.72007673111423,93.56122125894905
