RMSE,NDCG,F1,MAE
91.32136987006248,101.13399236157738,100.85441952221565,91.17504448486122
