RMSE,NDCG,F1,MAE
91.61354072307242,99.61103247549462,97.34635625724735,91.56768742139913
