RMSE,NDCG,F1,MAE
62.67431850020465,97.44597848956035,80.22316506443165,66.11632272820347
