RMSE,NDCG,F1,MAE
64.82013020141824,102.14695214836527,90.57081070989622,70.62459441211674
