RMSE,NDCG,F1,MAE
92.82168348155594,100.83706354924044,98.25476495588462,92.4237539268433
