RMSE,NDCG,F1,MAE
0.9534922310234433,0.8807740762418416,0.6996578046854436,0.7502965561438905
