RMSE,NDCG,F1,MAE
0.057519718122344354,0.013713655425653615,0.025821647369350886,0.04602545514065515
