RMSE,NDCG,F1,MAE
0.8959725129010989,0.867060420816188,0.7254794520547945,0.7042711010032353
