RMSE,NDCG,F1,MAE
0.11320922850370674,0.016447428037005052,0.05947701396582006,0.08746254582682622
