RMSE,NDCG,F1,MAE
1.03906046614435,0.8634795195094023,0.634007405297636,0.8199407188683719
