RMSE,NDCG,F1,MAE
0.9258512376406434,0.8470320914723972,0.693484419263456,0.7324781730415457
