RMSE,NDCG,F1,MAE
1.0885561174240486,0.8379585174036448,0.6489836390679227,0.8580392998012346
