RMSE,NDCG,F1,MAE
0.0858765402999524,0.013839604835139574,0.02686486068613536,0.06452002799205347
