RMSE,NDCG,F1,MAE
1.0026795771240962,0.8241189125685052,0.675848499754058,0.7935192718091811
