RMSE,NDCG,F1,MAE
0.04792128537269369,0.008901776126389316,0.01768242915147067,0.039143772725697024
