RMSE,NDCG,F1,MAE
0.9438291891996244,0.8759149146350674,0.703068122724909,0.7439418532537444
