RMSE,NDCG,F1,MAE
0.8959079038269308,0.8670131385086781,0.7207505518763797,0.7047980805280474
