RMSE,NDCG,F1,MAE
106.00039319620595,99.56737124241913,100.16205501779905,106.54091783135284
