RMSE,NDCG,F1,MAE
105.35103100356432,100.80433332453913,100.71569183845979,106.47882984443599
