RMSE,NDCG,F1,MAE
105.10464843628964,100.64614373275435,95.50576278529928,103.333591212116
