RMSE,NDCG,F1,MAE
105.8697882400686,99.50340039237452,102.66885442895908,106.81255972021313
