RMSE,NDCG,F1,MAE
0.9620000316872152,0.8598176233414566,0.6913793103448276,0.7540852219858103
