RMSE,NDCG,F1,MAE
0.03314464755574609,0.027551860991953614,0.00991939095387373,0.024392483674375964
