RMSE,NDCG,F1,MAE
0.9288553841314691,0.8873694843334102,0.7012987012987013,0.7296927383114343
