RMSE,NDCG,F1,MAE
0.010000425741274022,0.015512774693385634,0.006620506766218837,0.002407868833485871
