RMSE,NDCG,F1,MAE
1.0130610057481848,0.8590108216766421,0.6696269982238011,0.7883512452692635
