RMSE,NDCG,F1,MAE
1.0030605800069108,0.8745235963700277,0.67624750499002,0.7859433764357776
