RMSE,NDCG,F1,MAE
0.023509974437277537,0.00531206771149173,0.015616014879090367,0.016303668345306166
