RMSE,NDCG,F1,MAE
1.063614545214416,0.8459740205033315,0.6751023446222553,0.8267704570615454
