RMSE,NDCG,F1,MAE
1.0401045707771384,0.8406619527918398,0.6594863297431649,0.8104667887162392
