RMSE,NDCG,F1,MAE
0.9480252549027143,0.8764550333018308,0.6964746345657782,0.7375769246567703
