RMSE,NDCG,F1,MAE
0.9195013419237432,0.8922311805509483,0.7152724481964697,0.7260241406269332
