RMSE,NDCG,F1,MAE
0.028523912978971055,0.015776147249117467,0.01879781363069155,0.01155278402983706
