RMSE,NDCG,F1,MAE
103.92897908864356,99.07850013736689,103.65859356246064,104.75397601366096
