RMSE,NDCG,F1,MAE
148.2996558373716,99.26615708371303,112.45487008503166,135.86769874594017
