RMSE,NDCG,F1,MAE
143.69546955147007,98.95222367590144,114.40601211912104,131.19582292197904
