RMSE,NDCG,F1,MAE
103.8080494850467,99.9575932819655,104.9902224905195,104.61819952959759
