RMSE,NDCG,F1,MAE
0.00044070156366238233,0.017089349730211145,0.035667613486068506,0.012276173246792421
