RMSE,NDCG,F1,MAE
0.9415484477580344,0.8869123449203489,0.7278306228904572,0.7427554082990467
