RMSE,NDCG,F1,MAE
0.941107746194372,0.8698229951901377,0.6921630094043887,0.7550315815458392
