RMSE,NDCG,F1,MAE
0.020204619197110918,0.002774607437923571,0.01666284074484148,0.013531968969685004
