RMSE,NDCG,F1,MAE
0.9977080679412474,0.8662937732142995,0.6946068875893437,0.7899409985346064
