RMSE,NDCG,F1,MAE
0.9775034487441365,0.869068380652223,0.6779440468445023,0.7764090295649214
