RMSE,NDCG,F1,MAE
0.042142454899608994,0.006218016448673813,0.053727942492318825,0.04920500794643068
