RMSE,NDCG,F1,MAE
1.058412883898425,0.8263887072311861,0.6505455617811855,0.8393572804662796
