RMSE,NDCG,F1,MAE
1.016270428998816,0.8201706907825123,0.7042735042735043,0.7901522725198489
