RMSE,NDCG,F1,MAE
0.014494025073473527,0.015718867601439035,0.028482190743603586,0.0017034366204176088
