RMSE,NDCG,F1,MAE
0.9408167775656658,0.8875669619571119,0.7319304666056725,0.7436732605621525
