RMSE,NDCG,F1,MAE
0.9263227524921923,0.8718480943556729,0.7034482758620689,0.7419698239417349
