algorithm,georisk
SVD,0.7926034376696927
BIASEDMF,0.79617880569661
NMF,0.7864217951291814
StochasticItemKNN,0.7677657792676813
BayesianRidge,0.7430638562390773
Tweedie,0.7416958153707163
Ridge,0.7430403232650785
RandomForest,0.7434640326354459
Bagging,0.7400296319181489
AdaBoost,0.7431108082213708
GradientBoosting,0.7438563281416549
LinearSVR,0.7411284822848486
