algorithm,georisk
SVD,0.8443513261178934
BIASEDMF,0.8484957248411863
NMF,0.8367361724863532
StochasticItemKNN,0.8147511002190855
BayesianRidge,0.7892737609746866
Tweedie,0.7890054732848726
Ridge,0.7892422652017204
RandomForest,0.790007041830842
Bagging,0.7862978625598066
AdaBoost,0.7899277848470336
GradientBoosting,0.7904766414147278
LinearSVR,0.786124748407016
