RMSE,NDCG,F1,MAE
0.9349459040831856,0.8946772788472124,0.719656283566058,0.7347692733033409
