RMSE,NDCG,F1,MAE
0.9711374947252146,0.8890159582287,0.7268170426065163,0.7652607185745358
