RMSE,NDCG,F1,MAE
0.03619159064202904,0.005661320618512322,0.007160759040458209,0.03049144527119496
