RMSE,NDCG,F1,MAE
0.9716500110610743,0.8643343660061571,0.7008733624454149,0.755566398322484
