RMSE,NDCG,F1,MAE
1.0496251335336337,0.8793969589886499,0.6811397557666214,0.8288744757033697
