RMSE,NDCG,F1,MAE
0.07797512247255944,0.015062592982492795,0.019733606678793425,0.07330807738088574
