RMSE,NDCG,F1,MAE
1.0852500260715991,0.848044193302666,0.6740196078431373,0.848254307710812
