RMSE,NDCG,F1,MAE
0.02093061962378928,0.005138992693521138,0.07277993842164965,0.005210203226415855
