RMSE,NDCG,F1,MAE
1.0643194064478099,0.8429052006091449,0.6012396694214877,0.8534645109372279
