RMSE,NDCG,F1,MAE
0.023099733904283215,0.006351008867792607,0.004835626792143555,0.01867810286668725
