RMSE,NDCG,F1,MAE
0.9555986416446208,0.8925905358984939,0.7299177735610373,0.7501273431196395
