RMSE,NDCG,F1,MAE
0.9324989077403376,0.8989415447662865,0.7250821467688937,0.7314492402529522
