algorithm,georisk
SVD,0.7253566370136344
BIASEDMF,0.7234034240857394
NMF,0.7023273786289644
StochasticItemKNN,0.6990014663473705
BayesianRidge,0.6803920095974124
Tweedie,0.6773717030023988
Ridge,0.6803139963337766
RandomForest,0.6823479400938786
Bagging,0.679297420520936
AdaBoost,0.6817508560877162
GradientBoosting,0.682121417545279
LinearSVR,0.6775880879101055
