algorithm,georisk
SVD,0.7882910786069076
BIASEDMF,0.7855822353358407
NMF,0.7613040781867193
StochasticItemKNN,0.7559391907462625
BayesianRidge,0.7424190874758138
Tweedie,0.7402417678953042
Ridge,0.742291770067686
RandomForest,0.7422507306487106
Bagging,0.7401591090655917
AdaBoost,0.7412244336188298
GradientBoosting,0.7418814390790655
LinearSVR,0.7363480792230048
