RMSE,NDCG,F1,MAE
0.9844695592645784,0.8880485261274332,0.6638965835641736,0.7902285642318375
