RMSE,NDCG,F1,MAE
0.9284821586416712,0.8660971701105241,0.7251908396946565,0.7474631971260992
