RMSE,NDCG,F1,MAE
0.05598740062290719,0.021951356016909118,0.061294256130482894,0.042765367105738306
