RMSE,NDCG,F1,MAE
1.0146539237429424,0.8720910453751728,0.6925133689839572,0.8057410256607591
