RMSE,NDCG,F1,MAE
1.5197750433498896,0.8585111900224891,0.5863979848866498,1.1130808685858884
