RMSE,NDCG,F1,MAE
0.5051211196069472,0.01357985535268369,0.10611538409730736,0.3073398429251293
