RMSE,NDCG,F1,MAE
0.5216667428926667,0.02212854348511828,0.11394606776673244,0.3124436589595758
