RMSE,NDCG,F1,MAE
1.5320572208132128,0.8207795127591814,0.5986143187066975,1.119886287419871
