RMSE,NDCG,F1,MAE
1.0103904779205461,0.8429080562442997,0.7125603864734299,0.8074426284602951
