RMSE,NDCG,F1,MAE
0.9776106904727152,0.8815443085803757,0.6734979040521658,0.7839537531519574
