RMSE,NDCG,F1,MAE
0.9105905818009166,0.8852473186104253,0.7458492975734355,0.7334802384378741
