RMSE,NDCG,F1,MAE
0.06702010867179864,0.0037030100300495805,0.07235139352126974,0.050473514714083234
