RMSE,NDCG,F1,MAE
85.950512207841,103.82840957683908,98.61210530501869,84.6585076465606
