RMSE,NDCG,F1,MAE
86.14708800337296,104.83064528936956,101.51706700379268,85.06048073288417
