RMSE,NDCG,F1,MAE
86.3210477387249,105.88976377697567,98.38709677419355,84.88201824259451
