RMSE,NDCG,F1,MAE
85.96885509727457,105.02069446662172,101.10642222431217,84.66924389719732
