RMSE,NDCG,F1,MAE
86.74121088055105,106.42573092243872,102.13721352505274,85.67424927109228
