RMSE,NDCG,F1,MAE
86.28930801908506,104.38501013034993,103.38040222507487,85.12350306991718
