RMSE,NDCG,F1,MAE
86.32775414119381,105.93205216617363,98.42237361061312,84.8734250655867
