RMSE,NDCG,F1,MAE
85.41133613913905,106.85008304206865,96.23421354764639,84.19078786316568
