RMSE,NDCG,F1,MAE
0.8356413358914224,0.9151924152467187,0.7007481296758105,0.6607147023488813
