RMSE,NDCG,F1,MAE
0.046655405114751414,0.022502194028514055,0.06705918417350665,0.030368353069241794
