RMSE,NDCG,F1,MAE
0.8822967410061738,0.8926902212182046,0.7678073138493171,0.6910830554181231
