RMSE,NDCG,F1,MAE
0.033355474371600025,0.017515940505425043,0.0700257843995451,0.022930716680475416
