RMSE,NDCG,F1,MAE
0.8576033205863852,0.9051810750196403,0.6876574307304786,0.6762727191791055
