RMSE,NDCG,F1,MAE
0.8947340552038192,0.891387914783857,0.7638518518518519,0.6982513266367708
