RMSE,NDCG,F1,MAE
0.8298545433595139,0.9040215165082746,0.7194679564691656,0.6451598538907265
