RMSE,NDCG,F1,MAE
0.0648795118443053,0.01263360172441752,0.04438389538268628,0.05309147274604431
