RMSE,NDCG,F1,MAE
0.028020238815065657,0.009066636932491656,0.08831609136305263,0.021168188212442485
