RMSE,NDCG,F1,MAE
99.51836643061523,100.16606191174094,109.55901641453364,99.8634388023599
