RMSE,NDCG,F1,MAE
99.05734664254189,99.21688182158623,110.59312972541326,98.97953742404304
