RMSE,NDCG,F1,MAE
103.75463633043476,102.06223707192521,118.81917169550835,104.24016857326912
