RMSE,NDCG,F1,MAE
98.2491445002168,99.57008016813398,108.57993095685745,98.20139260079185
