RMSE,NDCG,F1,MAE
0.8359352900447179,0.8875843700187538,0.7058823529411765,0.6606304726229845
