RMSE,NDCG,F1,MAE
0.04956176615129393,0.0023195388619661195,0.06000685988681187,0.033223133331157895
