RMSE,NDCG,F1,MAE
0.8854970561960118,0.8899039088807199,0.7658892128279884,0.6938536059541424
