RMSE,NDCG,F1,MAE
0.9208258181859801,0.8775087535008635,0.7405405405405405,0.7239143462801476
