RMSE,NDCG,F1,MAE
0.03988250451915454,0.0017333988251114762,0.07964780236599023,0.03251677190211166
