RMSE,NDCG,F1,MAE
0.8809433136668255,0.8757753546757521,0.6608927381745503,0.691397574378036
