RMSE,NDCG,F1,MAE
1.0499540169871513,0.8440548946803124,0.7253426498253158,0.8071771632853771
