RMSE,NDCG,F1,MAE
0.0269077363545287,0.005682523911798687,0.13654072327504485,0.0041790215127891495
