RMSE,NDCG,F1,MAE
1.0230462806326226,0.849737418592111,0.588801926550271,0.8113561847981663
