RMSE,NDCG,F1,MAE
0.8905890016155783,0.8910296066102514,0.7602459016393442,0.6983481434888358
