RMSE,NDCG,F1,MAE
0.029771056926955697,0.017458480986102698,0.07986004954931214,0.021104773271481303
