RMSE,NDCG,F1,MAE
0.8608179446886226,0.8735711256241487,0.6803858520900321,0.6772433702173545
