RMSE,NDCG,F1,MAE
0.2425181214978921,0.039093673774659554,0.1334904047635973,0.1959680148339814
