RMSE,NDCG,F1,MAE
0.8703797124699874,0.9117436764114739,0.7054673721340388,0.6944334047969667
