RMSE,NDCG,F1,MAE
1.1128978339678794,0.8726500026368144,0.5719769673704415,0.8904014196309481
