RMSE,NDCG,F1,MAE
0.8804837664537631,0.8935447039162169,0.7001703577512777,0.7059937541544906
