RMSE,NDCG,F1,MAE
1.1203067504678184,0.8641742304200061,0.6024955436720143,0.8980756500102723
