RMSE,NDCG,F1,MAE
0.23982298401405522,0.029370473496210803,0.09767481407926337,0.19208189585578173
