RMSE,NDCG,F1,MAE
0.27748690421990074,0.03872689809224672,0.13359816653934298,0.22426603370711995
