RMSE,NDCG,F1,MAE
0.8516306000685411,0.9083887947703523,0.7226890756302521,0.6791442477721452
