RMSE,NDCG,F1,MAE
1.1291175042884418,0.8696618966781056,0.5890909090909091,0.9034102814792652
