RMSE,NDCG,F1,MAE
0.8644116265712121,0.9060295424744667,0.7257383966244726,0.6871454901367205
