RMSE,NDCG,F1,MAE
0.2548226307839436,0.03311647564475295,0.13814715574856018,0.20936273377167158
