RMSE,NDCG,F1,MAE
1.1192342573551557,0.8729130668297137,0.5875912408759124,0.8965082239083921
