RMSE,NDCG,F1,MAE
0.8494409541911346,0.9083158232759097,0.7329498767460969,0.6745930239607645
