RMSE,NDCG,F1,MAE
1.135445537969981,0.8692378950945996,0.5886524822695035,0.9069032613037011
