RMSE,NDCG,F1,MAE
0.2860045837788464,0.03907792818131006,0.1442973944765934,0.23231023734293665
