RMSE,NDCG,F1,MAE
1.110853783847207,0.8693717747099553,0.5882352941176471,0.8890242172115363
