RMSE,NDCG,F1,MAE
0.25140065579976456,0.045417101917704095,0.1359893496375918,0.20461591961860504
