RMSE,NDCG,F1,MAE
0.8594531280474424,0.9147888766276594,0.7242246437552389,0.6844082975929313
