RMSE,NDCG,F1,MAE
0.2775983788411991,0.03893542522917448,0.13806241368449101,0.22426405040937936
