RMSE,NDCG,F1,MAE
0.85229889726259,0.9097592361445753,0.7265100671140939,0.6794566998591639
