RMSE,NDCG,F1,MAE
1.129897276103789,0.8708238109154008,0.5884476534296029,0.9037207502685433
