RMSE,NDCG,F1,MAE
0.273394380940309,0.03968096561827039,0.14909694701246057,0.22240442955124562
