RMSE,NDCG,F1,MAE
0.8511253210793983,0.9110621292333562,0.7124239791485665,0.6819040716726994
