RMSE,NDCG,F1,MAE
1.1245197020197073,0.8713811636150858,0.5633270321361059,0.904308501223945
