RMSE,NDCG,F1,MAE
104.29638187666228,98.50356871772662,101.97116451016637,105.60674186684358
