RMSE,NDCG,F1,MAE
104.65885233374017,99.81438531489506,103.47249231594249,105.82620250701149
