RMSE,NDCG,F1,MAE
103.56469939197382,97.12638843415266,99.56606055876387,103.49772875489674
