RMSE,NDCG,F1,MAE
104.60857149797617,97.38039599625652,102.46730144962952,105.2569311128502
