RMSE,NDCG,F1,MAE
0.857759285337501,0.8933335690262032,0.7534905012588693,0.6684574096264072
