RMSE,NDCG,F1,MAE
0.8717891834908448,0.9016310090102397,0.7404239832590301,0.680634971125964
