RMSE,NDCG,F1,MAE
0.014029898153343767,0.008297439984036536,0.013066517999839156,0.012177561499556844
