RMSE,NDCG,F1,MAE
0.9028726496710386,0.8743675710226789,0.7331600094540298,0.7048317249426215
