RMSE,NDCG,F1,MAE
0.008996160621929317,0.010767315005268174,0.022250574778287735,0.010219490766676498
