RMSE,NDCG,F1,MAE
0.911868810292968,0.8851348860279471,0.7109094346757421,0.715051215709298
