RMSE,NDCG,F1,MAE
1.0168894332332272,0.8239829739303405,0.6898488120950323,0.7982751706528756
