RMSE,NDCG,F1,MAE
0.02219881042927163,0.022207348613365485,0.015098597332314778,0.005621219365510632
