RMSE,NDCG,F1,MAE
1.0390882436624989,0.846190322543706,0.7049474094273471,0.8038963900183862
