RMSE,NDCG,F1,MAE
0.019119935399569687,0.001834016991584475,0.027902320376468115,0.017807884610373304
