RMSE,NDCG,F1,MAE
0.869897058621652,0.8935276870612608,0.7516218721037998,0.6771733132961795
