RMSE,NDCG,F1,MAE
0.8890169940212217,0.8953617040528453,0.7237195517273317,0.6949811979065528
