RMSE,NDCG,F1,MAE
0.7373390953150379,0.9086893186734208,0.7482993197278912,0.5743835324349283
