RMSE,F1,MAE
0.11494516294461565,0.012945044496079361,0.10412894450691557
