RMSE,NDCG,F1,MAE
0.8580987500493501,0.9009870605919594,0.7313009571074087,0.6842030278984392
