RMSE,F1,MAE
0.8586191675201863,0.7340748230535895,0.6838637166596664
