RMSE,NDCG,F1,MAE
0.12075965473431216,0.0077022580814614106,0.016998362620482488,0.10981949546351089
