RMSE,F1,MAE
0.7601669065891209,0.7441253263707572,0.5933992704826039
