RMSE,NDCG,F1,MAE
0.7548755479208257,0.9225296472591186,0.7453083109919572,0.5882194147500269
