RMSE,NDCG,F1,MAE
0.8611640601096013,0.8999459628517054,0.7327044025157232,0.6818645477628928
