RMSE,NDCG,F1,MAE
0.10628851218877566,0.022583684407413207,0.012603908476233938,0.09364513301286592
