RMSE,NDCG,F1,MAE
0.8474091725860923,0.91004825294811,0.7388046698031016,0.6683264004850928
