RMSE,NDCG,F1,MAE
0.7223580958513612,0.9154779189839772,0.7696404793608522,0.5555795380135994
