RMSE,F1,MAE
0.7271422176346026,0.7688311688311689,0.560582529079007
