RMSE,F1,MAE
0.8477452369363799,0.7425070375890048,0.6675395548825009
