RMSE,NDCG,F1,MAE
0.12505107673473104,0.005429666035867253,0.03083580955775067,0.11274686247149346
