RMSE,F1,MAE
0.1206030193017773,0.02632413124216404,0.10695702580349398
