RMSE,NDCG,F1,MAE
0.8500677849024725,0.9046485203497558,0.7424529929273762,0.6734183411699236
