RMSE,F1,MAE
0.8506158966059428,0.7448343719252214,0.6727767600397531
