RMSE,NDCG,F1,MAE
0.7280817633184238,0.9170811829828341,0.761528326745718,0.5644063606413523
