RMSE,NDCG,F1,MAE
0.1219860215840487,0.012432662633078295,0.01907533381834181,0.1090119805285713
