RMSE,NDCG,F1,MAE
0.8484570208450937,0.9097647214272938,0.7481381178063643,0.6656327272076416
