RMSE,NDCG,F1,MAE
0.12472597299597254,0.0052258730405384535,0.028332470428929835,0.11374281027741584
