RMSE,F1,MAE
0.7281460481404229,0.7755102040816326,0.556730153083274
