RMSE,NDCG,F1,MAE
0.7237310478491211,0.9149905944678323,0.7764705882352941,0.5518899169302257
