RMSE,NDCG,F1,MAE
0.8527060509024289,0.9049586050204751,0.7419021364576155,0.6750513483268804
