RMSE,F1,MAE
0.8533462393331893,0.7442241520563657,0.674557035502914
