RMSE,NDCG,F1,MAE
0.12238672720155042,0.0010378579063440307,0.02326936750016817,0.11127556436337094
