RMSE,F1,MAE
0.7357843734615606,0.7634961439588689,0.5688404943118115
