RMSE,NDCG,F1,MAE
0.7303193237008785,0.9039207471141311,0.7651715039577837,0.5637757839635095
