RMSE,F1,MAE
0.7271438013215964,0.7688311688311689,0.5605705709488723
