RMSE,NDCG,F1,MAE
0.1250307968855927,0.005538980216237999,0.03039644522045859,0.11272528337160037
