RMSE,F1,MAE
0.12058822142798742,0.02590781177107948,0.10693735177977093
