RMSE,F1,MAE
0.8477320227495838,0.7429233570600894,0.6675079227286432
