RMSE,NDCG,F1,MAE
0.8473984441520206,0.9099389387677392,0.7392440341403936,0.668297781255489
