RMSE,F1,MAE
0.8611955809166554,0.7292132897228438,0.6814644262766042
