RMSE,NDCG,F1,MAE
0.1343723038848066,0.008608632472910327,0.016920996326349358,0.12062254192450395
