RMSE,F1,MAE
0.12929890005558198,0.01434166278733251,0.11450835913197766
