RMSE,F1,MAE
0.7318966808610734,0.7435549525101763,0.5669560671446265
