RMSE,NDCG,F1,MAE
0.8609813177922233,0.9055987018723243,0.7268115942028985,0.6824066425340132
