RMSE,NDCG,F1,MAE
0.7266090139074167,0.9142073343452346,0.7437325905292479,0.5617841006095092
