RMSE,NDCG,F1,MAE
0.928803709760091,0.9133949003989971,0.7481816394731668,0.7221760177813565
