RMSE,NDCG,F1,MAE
0.07761417868680964,0.019119451246980113,0.005510629701179881,0.05809259426970126
