RMSE,NDCG,F1,MAE
0.8511895310732813,0.894275449152017,0.742671009771987,0.6640834235116553
