RMSE,NDCG,F1,MAE
0.8761381841644431,0.8845788115051003,0.7168966803431556,0.685414461468769
