RMSE,NDCG,F1,MAE
0.08742251621017305,0.005597085883848774,0.009421235229456038,0.06689179299645209
