RMSE,NDCG,F1,MAE
0.9635607003746162,0.8901758973889491,0.7263179155726116,0.7523062544652211
