RMSE,NDCG,F1,MAE
0.0696878206454794,0.02119254438301732,0.05000498633939343,0.04161627966676551
