RMSE,NDCG,F1,MAE
1.0819310418708075,0.8441073732862784,0.7244313248827922,0.8363777395943465
