RMSE,NDCG,F1,MAE
1.012243221225328,0.8229148289032611,0.6744263385433987,0.794761459927581
