RMSE,NDCG,F1,MAE
0.8509841432545214,0.8986334926448498,0.7402741756206003,0.6651357474074464
