RMSE,NDCG,F1,MAE
0.9290042652858035,0.9091388231137281,0.7420634920634921,0.7267488611009222
