RMSE,NDCG,F1,MAE
0.8898933703641548,0.9031663718398706,0.7513873473917869,0.6969214962363015
