RMSE,NDCG,F1,MAE
0.8584109913595346,0.9008140323734626,0.7588559433219627,0.6649914170600254
