RMSE,NDCG,F1,MAE
0.034834078658930956,0.0003819069837319722,0.016512380061327825,0.03752784884238525
