RMSE,NDCG,F1,MAE
0.8795938260514975,0.8936511482090808,0.7489384288747346,0.6832114906159967
