RMSE,NDCG,F1,MAE
0.9144279047104285,0.8932692412253488,0.7324260488134068,0.720739339458382
