RMSE,NDCG,F1,MAE
0.03148237900462025,0.0023523394664080044,0.007468595930175792,0.031930079176276105
