RMSE,NDCG,F1,MAE
0.8893141743323727,0.9068406450664469,0.7493522586459389,0.6942528613196352
