RMSE,NDCG,F1,MAE
0.03521383340891371,0.0026037657943381864,0.018059042273903425,0.03489209683521877
