RMSE,NDCG,F1,MAE
0.854100340923459,0.9094444108607851,0.7674113009198423,0.6593607644844164
