RMSE,NDCG,F1,MAE
0.900415254926905,0.9044234701914136,0.7404836542767578,0.7078494303646348
