RMSE,NDCG,F1,MAE
0.03384707470301196,0.003427827833389907,0.022701999731681077,0.035798994392844063
