RMSE,NDCG,F1,MAE
0.866568180223893,0.9009956423580237,0.7631856540084389,0.6720504359717907
