RMSE,NDCG,F1,MAE
0.890122609375853,0.8918194910702478,0.7633548387096775,0.6807522288223887
