RMSE,NDCG,F1,MAE
0.04958592463678124,0.006795479844461494,0.01774734217043772,0.05476512005810841
