RMSE,NDCG,F1,MAE
0.9397085340126342,0.8986149709147093,0.7456074965392397,0.7355173488804971
