RMSE,NDCG,F1,MAE
96.038243215592,99.44176929703487,100.69726414830164,95.87859289012695
