RMSE,NDCG,F1,MAE
91.86297488974374,100.41402673797315,98.58008075370122,91.40552028554877
