RMSE,NDCG,F1,MAE
98.61038634064825,100.78655772209603,109.18552017545306,101.08920367031774
