RMSE,NDCG,F1,MAE
97.58440550696308,99.79904517634776,100.36960299932454,97.61167407139338
