algorithm,georisk
SVD,0.730016883604826
BIASEDMF,0.723995644991803
NMF,0.7099855111954114
StochasticItemKNN,0.7000559325897251
BayesianRidge,0.6778059139107959
Tweedie,0.6809613095789
Ridge,0.6777122175583705
RandomForest,0.6814429235380782
Bagging,0.6798680783956229
AdaBoost,0.6793316806742534
GradientBoosting,0.6820396685729033
LinearSVR,0.6763835793164074
