algorithm,georisk
SVD,0.7621991939609963
BIASEDMF,0.7557920211293832
NMF,0.7374555070995065
StochasticItemKNN,0.727053585661736
BayesianRidge,0.7041704178786721
Tweedie,0.7093822197759234
Ridge,0.7040183128678209
RandomForest,0.7081461035844894
Bagging,0.7062274895913692
AdaBoost,0.7071811303883493
GradientBoosting,0.70805669865887
LinearSVR,0.7004870115314265
