RMSE,NDCG,F1,MAE
0.03449487309226251,0.024486968520473718,0.13333910903273444,0.01174377296058593
