RMSE,NDCG,F1,MAE
1.0918900694660703,0.7850391285965753,0.6197391090327344,0.881764793353209
