RMSE,NDCG,F1,MAE
1.1263849425583328,0.809526097117049,0.4864,0.8935085663137949
