RMSE,NDCG,F1,MAE
1.1067653362527148,0.7797483121437347,0.6433926897844423,0.8815088403796775
