RMSE,NDCG,F1,MAE
1.1390601442863315,0.8014316371429595,0.527086383601757,0.893488805718069
