RMSE,NDCG,F1,MAE
0.03229480803361673,0.021683324999224762,0.11630630618268534,0.011979965338391518
