RMSE,NDCG,F1,MAE
1.1015861616838205,0.785529874960461,0.6464361326746648,0.8767866481403382
