RMSE,NDCG,F1,MAE
0.030818107939450723,0.017251901605583098,0.1280267070487443,0.01453023812297638
