RMSE,NDCG,F1,MAE
1.1324042696232712,0.8027817765660441,0.5184094256259205,0.8913168862633146
