RMSE,NDCG,F1,MAE
1.1287018182405104,0.8123135126900575,0.5131964809384164,0.8907197881988146
