RMSE,NDCG,F1,MAE
0.034910571238967014,0.0324216418438138,0.13331514696856028,0.014293433483531737
