RMSE,NDCG,F1,MAE
1.0937912470015434,0.7798918708462437,0.6465116279069767,0.8764263547152829
