RMSE,NDCG,F1,MAE
0.03538743247545373,0.019487713772849635,0.11664251598748632,0.01695315823937038
