RMSE,NDCG,F1,MAE
1.1141005920989497,0.7832940627931945,0.6545538178472861,0.8835101634783457
