RMSE,NDCG,F1,MAE
1.1494880245744035,0.8027817765660441,0.5379113018597997,0.900463321717716
