RMSE,NDCG,F1,MAE
1.090504863138579,0.7857946065949422,0.6543693797555914,0.8732143284600657
