RMSE,NDCG,F1,MAE
1.1322479624271,0.8088598100054931,0.5381294964028777,0.8919055179897832
