RMSE,NDCG,F1,MAE
0.041743099288521046,0.02306520341055096,0.11623988335271374,0.01869118952971749
