RMSE,NDCG,F1,MAE
1.1324862414327879,0.8027817765660441,0.5162241887905604,0.8914302148209595
