RMSE,NDCG,F1,MAE
1.1018961273588748,0.7849757627360059,0.6467404095081195,0.8770294550117719
