RMSE,NDCG,F1,MAE
0.0305901140739131,0.017806013830038214,0.13051622071755908,0.014400759809187647
