RMSE,NDCG,F1,MAE
1.1224369338884985,0.8036356459479752,0.49221183800623053,0.8860852125955273
