RMSE,NDCG,F1,MAE
1.0995277285897143,0.7874861830465787,0.6277939747327502,0.8770459016443508
