RMSE,NDCG,F1,MAE
0.022909205298784263,0.016149462901396516,0.1355821367265197,0.009039310951176494
