RMSE,NDCG,F1,MAE
1.0228579607727786,0.8223753821351607,0.6482758620689655,0.8170492980748856
