RMSE,NDCG,F1,MAE
0.21191425704282807,0.06564895629480161,0.1464751417808502,0.17143382082095915
