RMSE,NDCG,F1,MAE
1.2347722178156066,0.7567264258403591,0.5018007202881153,0.9884831188958447
