RMSE,NDCG,F1,MAE
1.0356972714269124,0.8253561255684025,0.6240208877284595,0.8259715360224171
