RMSE,NDCG,F1,MAE
0.2202348915183434,0.060331029545758974,0.13201596767925905,0.17761536561984537
