RMSE,NDCG,F1,MAE
1.2559321629452558,0.7650250960226436,0.4920049200492005,1.0035869016422625
