RMSE,NDCG,F1,MAE
0.2216828097553254,0.08338933082311939,0.16311268370073478,0.18128825979637375
