RMSE,NDCG,F1,MAE
1.0170868776653836,0.8225159632933663,0.6292585170340681,0.8137967579946991
