RMSE,NDCG,F1,MAE
1.238769687420709,0.7391266324702469,0.4661458333333333,0.9950850177910728
