RMSE,NDCG,F1,MAE
0.2159222967206662,0.06632663358670332,0.15318247205217356,0.17432522996560185
