RMSE,NDCG,F1,MAE
1.238155341361951,0.760352703127202,0.4899497487437186,0.9878066574290734
