RMSE,NDCG,F1,MAE
1.0222330446412848,0.8266793367139054,0.6431322207958922,0.8134814274634715
