RMSE,NDCG,F1,MAE
0.23533068185491213,0.08148944906730782,0.15113931073635867,0.19285784808403472
