RMSE,NDCG,F1,MAE
1.0227291907063605,0.8218472860021258,0.6417525773195877,0.8149770129530086
