RMSE,NDCG,F1,MAE
1.2580598725612726,0.7403578369348179,0.490613266583229,1.0078348610370433
