RMSE,NDCG,F1,MAE
0.21903398446108713,0.07158977554154777,0.15509592973408948,0.1782635539633749
