RMSE,NDCG,F1,MAE
1.0193555401780374,0.8240531219174997,0.6427196921103271,0.8117594242500842
