RMSE,NDCG,F1,MAE
1.2383895246391246,0.7524633463759519,0.4876237623762376,0.9900229782134591
