RMSE,NDCG,F1,MAE
0.22159420890469006,0.08141178018543238,0.16180086580086578,0.18137611949994148
