RMSE,NDCG,F1,MAE
1.2391064267867842,0.7414506114014401,0.4675324675324675,0.9953579136485181
