RMSE,NDCG,F1,MAE
1.0175122178820941,0.8228623915868725,0.6293333333333333,0.8139817941485766
