RMSE,NDCG,F1,MAE
0.2270500000876312,0.09125836763980599,0.1642576308641407,0.18332486450862784
