RMSE,NDCG,F1,MAE
1.0064460964517046,0.8241190500581957,0.6262068965517241,0.8095707045875542
