RMSE,NDCG,F1,MAE
1.2334960965393358,0.7328606824183898,0.46194926568758343,0.992895569096182
