RMSE,NDCG,F1,MAE
0.041999561386623085,0.03609746557379545,0.007315033370693391,0.03541178160871228
