RMSE,NDCG,F1,MAE
0.9178848250753054,0.8567021083215658,0.7115697990222705,0.7267675559922223
