RMSE,NDCG,F1,MAE
0.9598843864619285,0.8927995738953612,0.7188848323929639,0.7621793376009346
