RMSE,NDCG,F1,MAE
0.940792843244343,0.8581925461431158,0.701098901098901,0.7453866735866762
