RMSE,NDCG,F1,MAE
1.030788109321584,0.8707074312931622,0.681216457960644,0.8184269020522629
