RMSE,NDCG,F1,MAE
0.08999526607724107,0.012514885150046395,0.019882443138257044,0.07304022846558667
