RMSE,NDCG,F1,MAE
0.05444470261119716,0.023573981587670878,0.026584565300993623,0.03098649203461812
