RMSE,NDCG,F1,MAE
1.069921715873646,0.8315813856766463,0.6790668348045398,0.838490092096986
