RMSE,NDCG,F1,MAE
1.0154770132624489,0.8080074040889754,0.6524822695035462,0.8075036000623679
