RMSE,NDCG,F1,MAE
0.9519211259126494,0.8940614344163338,0.7333333333333333,0.7573179758474136
