RMSE,NDCG,F1,MAE
0.9169689298812229,0.8571649633500982,0.7049891540130152,0.7255300821516818
