RMSE,NDCG,F1,MAE
0.03495219603142652,0.036896471066235614,0.028344179320318075,0.03178789369573176
