RMSE,NDCG,F1,MAE
0.0585261930307881,0.007056637906619256,0.030225259358733214,0.04659473062823405
