RMSE,NDCG,F1,MAE
0.9525137214445595,0.8789986324149817,0.6980536559705418,0.7496337558949533
