RMSE,NDCG,F1,MAE
0.8939875284137714,0.8719419945083624,0.728278915329275,0.7030390252667192
