RMSE,NDCG,F1,MAE
0.0946454497557434,0.016793905220849892,0.039978661539034954,0.07185565809612227
