RMSE,NDCG,F1,MAE
1.0322572781152692,0.8593913382713514,0.6498335183129855,0.8144668697018864
