RMSE,NDCG,F1,MAE
0.9376118283595258,0.8425974330505015,0.6898121798520205,0.7426112116057642
