RMSE,NDCG,F1,MAE
1.089556645939605,0.8353927143094676,0.653922542204568,0.8582446855811847
