RMSE,NDCG,F1,MAE
0.06887889178064066,0.04440472179797894,0.01241844460539776,0.05294520780573175
