RMSE,NDCG,F1,MAE
1.0206777541589644,0.7909879925114887,0.6663409868099658,0.805299477775453
