RMSE,NDCG,F1,MAE
0.04827416860338296,0.014334409643260049,0.011583528374557117,0.0397452831015892
