RMSE,NDCG,F1,MAE
0.9445775748397996,0.8789305359501116,0.704752012464295,0.7444904266984583
