RMSE,NDCG,F1,MAE
0.8963034062364167,0.8645961263068516,0.7163355408388521,0.7047451435968691
