RMSE,NDCG,F1,MAE
0.2180733447023926,0.13101763523342025,0.20051770173042827,0.19264962520523665
