RMSE,NDCG,F1,MAE
0.9905473189624467,0.8325301915438009,0.6257668711656442,0.776760761641329
