RMSE,NDCG,F1,MAE
1.2086206636648393,0.7015125563103807,0.42524916943521596,0.9694103868465657
