RMSE,NDCG,F1,MAE
0.21495657427672632,0.08148669392704389,0.15634837848759087,0.1833513315722971
