RMSE,NDCG,F1,MAE
1.2205298263745223,0.7520824021093028,0.47468354430379744,0.978412418243476
