RMSE,NDCG,F1,MAE
1.005573252097796,0.8335690960363467,0.6310319227913883,0.7950610866711789
