RMSE,NDCG,F1,MAE
0.9899863286028254,0.8285129000058347,0.639344262295082,0.7841647258709805
