RMSE,NDCG,F1,MAE
0.21530035688552251,0.11342865205884867,0.18309426229508202,0.1867523940746646
