RMSE,NDCG,F1,MAE
1.205286685488348,0.715084247946986,0.45625,0.9709171199456451
