RMSE,NDCG,F1,MAE
0.9965500510265017,0.8310222314855987,0.6241457858769932,0.7854338812592825
