RMSE,NDCG,F1,MAE
1.216627536600124,0.6939769554493679,0.43506493506493504,0.9775249323170002
