RMSE,NDCG,F1,MAE
0.22007748557362228,0.13704527603623085,0.18908085081205817,0.19209105105771773
