RMSE,NDCG,F1,MAE
1.21663727090336,0.729562159350689,0.5058823529411764,0.9756077346499316
