RMSE,NDCG,F1,MAE
0.22287184348144795,0.0980413536535184,0.14694513453198033,0.19370384034048094
