RMSE,NDCG,F1,MAE
0.993765427421912,0.8276035130042074,0.6528274874731568,0.7819038943094506
