RMSE,NDCG,F1,MAE
0.22202911850020024,0.13693763626014754,0.19078725924079037,0.1946021898540773
