RMSE,NDCG,F1,MAE
1.2111725936610183,0.6950478966383734,0.43278688524590164,0.9721872403742785
