RMSE,NDCG,F1,MAE
0.989143475160818,0.831985532898521,0.623574144486692,0.7775850505202012
