RMSE,NDCG,F1,MAE
0.9902771755749809,0.8281954358819253,0.6433878157503715,0.7843392135305447
