RMSE,NDCG,F1,MAE
0.2151020594536952,0.1023819930315889,0.1808878157503715,0.1866421278438929
