RMSE,NDCG,F1,MAE
1.205379235028676,0.7258134428503364,0.4625,0.9709813413744376
