RMSE,NDCG,F1,MAE
0.9895012552449565,0.8280178817810141,0.6231772831926324,0.7836170232578986
