RMSE,NDCG,F1,MAE
0.21292482423561276,0.12412883209113235,0.19364708185035057,0.1870244855751666
