RMSE,NDCG,F1,MAE
1.2024260794805692,0.7038890496898818,0.42953020134228187,0.9706415088330652
