RMSE,NDCG,F1,MAE
92.7104741607122,100.0072499890072,91.72260172260172,92.12473621002911
