RMSE,NDCG,F1,MAE
88.0239133211187,99.47409748736513,86.81687066344429,88.14485618684151
