RMSE,NDCG,F1,MAE
90.86353777233049,104.74835915882441,95.54507642778674,90.86297534877174
