RMSE,NDCG,F1,MAE
94.04443927312876,97.88395008837813,91.2945785562021,93.2729836921739
