RMSE,NDCG,F1,MAE
97.7511140397466,97.82528877762682,93.98695267336224,98.87491161429793
