RMSE,NDCG,F1,MAE
100.29619091016212,96.66267086213406,93.98137422025411,100.8842878517469
