RMSE,NDCG,F1,MAE
98.78682144152755,97.48278653352203,90.68037321443315,99.04537287233705
