RMSE,NDCG,F1,MAE
97.15181866984585,97.7868590663042,93.42701711712766,98.51963366062296
