RMSE,NDCG,F1,MAE
0.9408083450015728,0.7760382793646353,0.5737704918032787,0.7491258221065024
