RMSE,NDCG,F1,MAE
0.1528375799188325,0.03137764851955749,0.01965939163013708,0.13419166087490508
