RMSE,NDCG,F1,MAE
1.0936459249204054,0.8074159278841928,0.5934298834334157,0.8833174829814074
