RMSE,NDCG,F1,MAE
0.14014674607391764,0.08260279996532116,0.03303876517026039,0.12110080753835561
