RMSE,NDCG,F1,MAE
1.1170048942843744,0.8146527769175683,0.591304347826087,0.8940234841603364
