RMSE,NDCG,F1,MAE
0.9768581482104568,0.7320499769522472,0.5582655826558266,0.7729226766219808
