RMSE,NDCG,F1,MAE
0.15196236328307755,0.040311393564905096,0.005682499340638247,0.13544409802049107
