RMSE,NDCG,F1,MAE
1.1015686776399258,0.8068289736573117,0.592274678111588,0.8838021201262017
