RMSE,NDCG,F1,MAE
0.9496063143568483,0.7665175800924066,0.5865921787709497,0.7483580221057107
