RMSE,NDCG,F1,MAE
1.1010343035242995,0.8115922438660399,0.6013162452372706,0.8857129624063227
