RMSE,NDCG,F1,MAE
0.9490019593783849,0.7815724951660422,0.5822102425876011,0.7563271107354484
