RMSE,NDCG,F1,MAE
0.1520323441459146,0.030019748699997684,0.01910600264966944,0.12938585167087424
