RMSE,NDCG,F1,MAE
0.959227641316079,0.7645530884409287,0.5844504021447721,0.7577406334824167
