RMSE,NDCG,F1,MAE
1.106129552832027,0.8071308250385657,0.6083964211975224,0.8844635964412779
