RMSE,NDCG,F1,MAE
0.146901911515948,0.04257773659763697,0.02394601905275029,0.1267229629588612
