RMSE,NDCG,F1,MAE
0.15274247983656164,0.0205372797161123,0.02180816495332616,0.13252747002200194
