RMSE,NDCG,F1,MAE
0.9430633919512182,0.7866788527359874,0.5860215053763441,0.7486988800948843
