RMSE,NDCG,F1,MAE
1.0958058717877799,0.8072161324520997,0.6078296703296703,0.8812263501168862
