RMSE,NDCG,F1,MAE
0.1518659184808543,0.03299012141741675,0.009429871340742246,0.1354358587964869
