RMSE,NDCG,F1,MAE
0.9498505476677178,0.7739856188604946,0.5826330532212886,0.748454715895838
