RMSE,NDCG,F1,MAE
1.101716466148572,0.8069757402779113,0.5920629245620308,0.8838905746923249
