RMSE,NDCG,F1,MAE
0.9414090317889932,0.7665655877000289,0.5953757225433526,0.7452942589587596
