RMSE,NDCG,F1,MAE
0.16151180556064437,0.043884743033071105,0.02596221103629992,0.14207091445316156
