RMSE,NDCG,F1,MAE
1.1029208373496375,0.8104503307331,0.5694135115070527,0.8873651734119211
