RMSE,NDCG,F1,MAE
91.66859266593714,102.1561533446576,101.03374358263868,91.99956443844854
