RMSE,NDCG,F1,MAE
91.3494878996459,99.98813935045273,101.14048241022789,91.48919736512597
