RMSE,NDCG,F1,MAE
92.81287533195889,101.3423733717405,103.49909371107348,94.01789134092576
