RMSE,NDCG,F1,MAE
91.59237475010336,101.62115943432563,100.65339555202542,91.63558857270824
