algorithm,georisk
SVD,1.1275236577989176
BIASEDMF,1.123838915044661
NMF,1.1093259657127281
StochasticItemKNN,1.0995666048481196
BayesianRidge,1.0984234935399102
Tweedie,1.097422163655369
Ridge,1.098388703406412
RandomForest,1.0995928976631644
Bagging,1.0937267094003391
AdaBoost,1.0987453030843677
GradientBoosting,1.0991606231477893
LinearSVR,1.0987065910710274
