algorithm,georisk
SVD,1.1151024915053627
BIASEDMF,1.1109829641496725
NMF,1.0944912850357853
StochasticItemKNN,1.0794634997697956
BayesianRidge,1.0806715990132887
Tweedie,1.080047421801323
Ridge,1.0806113857128075
RandomForest,1.0818041296810936
Bagging,1.075600633874422
AdaBoost,1.0814064339478326
GradientBoosting,1.0810279090219532
LinearSVR,1.0796537903108128
