RMSE,NDCG,F1,MAE
88.87715687514982,97.49141729664734,83.34642003345134,87.16048791423962
