RMSE,NDCG,F1,MAE
88.02996792060756,96.11746085621841,85.00042478176837,87.34258420742279
