RMSE,NDCG,F1,MAE
89.56019626643014,98.65792525392443,80.2714369641291,88.52957852608186
