RMSE,NDCG,F1,MAE
88.58479077642045,98.020809182712,84.67525838968993,87.27912109745748
