RMSE,NDCG,F1,MAE
89.142670110123,98.02015670643257,85.63277826905879,88.03696409649876
