RMSE,NDCG,F1,MAE
88.80668007410135,99.31538200443121,83.52868001186916,87.51907520061799
