RMSE,NDCG,F1,MAE
89.57267169860134,98.37555032032388,79.82759598480122,88.52618347179839
