RMSE,NDCG,F1,MAE
90.0247374111446,98.34549635470864,81.12958547835885,88.95051440332495
