RMSE,NDCG,F1,MAE
0.04582857261102968,0.002466281885369903,0.03723533352885944,0.01543452255713651
