RMSE,NDCG,F1,MAE
0.8876864528034585,0.887872319080532,0.7352837504406062,0.7003671076670753
