RMSE,NDCG,F1,MAE
0.9017512929650299,0.8838938717768953,0.7259414225941423,0.707035855730568
