RMSE,NDCG,F1,MAE
0.855954532602895,0.8648481809059703,0.7446153846153846,0.6929270299126599
