RMSE,NDCG,F1,MAE
0.8299654200149856,0.8892384208473988,0.7680491551459293,0.6669808662697768
