RMSE,NDCG,F1,MAE
0.8909410785566926,0.8869764672997428,0.731933072267711,0.6952240197681816
