RMSE,NDCG,F1,MAE
0.060975658541706945,0.002261953547656015,0.036116082878218325,0.028243153498404783
