RMSE,NDCG,F1,MAE
0.051514356913014425,0.008630143739772,0.037302786169855606,0.018369882800805648
