RMSE,NDCG,F1,MAE
0.8896216149192917,0.8873021165557813,0.7361111111111112,0.6955592790581459
