RMSE,NDCG,F1,MAE
0.886674644291955,0.8872040795430399,0.7395833333333334,0.6938237360111827
