RMSE,NDCG,F1,MAE
0.8299237790912223,0.8892384208473988,0.7699386503067485,0.6668451106109583
