RMSE,NDCG,F1,MAE
0.8910897617544961,0.8870350132251357,0.7294117647058823,0.6953216586008293
