RMSE,NDCG,F1,MAE
0.06078969440950044,0.00012145287691067708,0.03845244337517861,0.026311444612172274
