RMSE,NDCG,F1,MAE
0.8339005751766834,0.8863202544602725,0.7601246105919003,0.6734993720618158
