RMSE,NDCG,F1,MAE
0.8946902695861838,0.8861988015833618,0.7216721672167217,0.699810816673988
