RMSE,NDCG,F1,MAE
0.026132834810785432,0.039465781759566054,0.009063135581492299,0.0031396112183074143
