RMSE,NDCG,F1,MAE
1.1079685326377,0.823854105261956,0.669683257918552,0.85763125427079
