RMSE,NDCG,F1,MAE
1.0818356978269146,0.78438832350239,0.6606201223370597,0.8607708654890974
