RMSE,NDCG,F1,MAE
1.0964723333968789,0.7854263094518348,0.6367986080904742,0.8701983018530506
