RMSE,NDCG,F1,MAE
1.1217986511580644,0.839494728721803,0.6666666666666666,0.8722651963639811
