RMSE,NDCG,F1,MAE
0.025326317761185546,0.05406841926996819,0.029868058576192458,0.0020668945109305614
