RMSE,NDCG,F1,MAE
1.0897568077838022,0.784064691020946,0.652211249463289,0.8618113373559273
