RMSE,NDCG,F1,MAE
0.01951911055005806,0.04719650369579098,0.022845958774697306,0.006083654092724933
