RMSE,NDCG,F1,MAE
1.1092759183338603,0.831261194716737,0.6750572082379863,0.8557276832632024
