RMSE,NDCG,F1,MAE
0.024384715710902283,0.03979219449587412,0.02584483013670058,0.006744572468974641
