RMSE,NDCG,F1,MAE
1.1063195728491002,0.8245289345945139,0.6772366930917327,0.8503182283549637
