RMSE,NDCG,F1,MAE
1.081934857138198,0.7847367400986398,0.6513918629550322,0.8570628008239384
