RMSE,NDCG,F1,MAE
1.097813648289681,0.7836495524756253,0.6591966173361522,0.8641520478564608
