RMSE,NDCG,F1,MAE
0.023141505745685853,0.047494782312438755,0.015011527460227936,0.0007324878758576681
