RMSE,NDCG,F1,MAE
1.1209551540353668,0.831144334788064,0.6742081447963801,0.8634195599806032
