RMSE,NDCG,F1,MAE
1.1060070942501465,0.8245947593508552,0.6757990867579908,0.8522360586846354
