RMSE,NDCG,F1,MAE
0.019858781810284443,0.03730071308297356,0.023606481426950432,0.008899750592697875
