RMSE,NDCG,F1,MAE
1.086148312439862,0.7872940462678817,0.6521926053310404,0.8611358092773332
