RMSE,NDCG,F1,MAE
1.109384504854802,0.831261194716737,0.6750572082379863,0.8558188606399317
