RMSE,NDCG,F1,MAE
0.01953562891322136,0.047114764986764035,0.02342490583248802,0.00604873320373478
