RMSE,NDCG,F1,MAE
1.0898488759415805,0.784146429729973,0.6516323024054983,0.8618675938436665
