RMSE,NDCG,F1,MAE
1.0841843563417015,0.7835017709594312,0.6353517364203027,0.8617102302306495
