RMSE,NDCG,F1,MAE
1.1070203047734608,0.8365036131765022,0.6603325415676959,0.8603558007347935
