RMSE,NDCG,F1,MAE
0.02283594843175929,0.05300184221707105,0.024980805147393204,0.0013544294958560688
