RMSE,F1,MAE
0.8418578801924288,0.7725190839694657,0.6849325851099388
