RMSE,NDCG,F1,MAE
0.053587591400381385,0.010924236942734589,0.03938005294836944,0.020676153357582883
