RMSE,NDCG,F1,MAE
0.8405135878963762,0.904950722848578,0.7744945567651633,0.6845155590041648
