RMSE,NDCG,F1,MAE
0.8941011792967576,0.8940264859058434,0.7351145038167939,0.7051917123617477
