RMSE,NDCG,F1,MAE
0.9082572110430053,0.8850262431031123,0.7245938798639969,0.7116276998080676
