RMSE,F1,MAE
0.04579676036213487,0.018673962021242274,0.014108825817908177
