RMSE,NDCG,F1,MAE
0.8547640815988611,0.853383056103108,0.7441130298273155,0.6926946320654106
