RMSE,F1,MAE
0.9017512929650299,0.7259414225941423,0.707035855730568
