RMSE,F1,MAE
0.855954532602895,0.7446153846153846,0.6929270299126599
