RMSE,NDCG,F1,MAE
0.053493129444144194,0.031643187000004236,0.019519149963318605,0.018933067742657017
