RMSE,NDCG,F1,MAE
0.06932034206263715,0.004841065238368469,0.0389611566219652,0.03450527920355939
