RMSE,F1,MAE
0.8909410785566926,0.731933072267711,0.6952240197681816
