RMSE,NDCG,F1,MAE
0.8283234192149963,0.8967176211990674,0.7699530516431925,0.6659433686999597
