RMSE,F1,MAE
0.8299654200149856,0.7680491551459293,0.6669808662697768
