RMSE,NDCG,F1,MAE
0.8976437612776335,0.8918765559606989,0.7309918950212273,0.7004486479035191
