RMSE,F1,MAE
0.051514356913014425,0.037302786169855606,0.018369882800805648
