RMSE,NDCG,F1,MAE
0.8967917266323817,0.8950663468345574,0.7351392024078255,0.7009958027060248
