RMSE,F1,MAE
0.8381072580062773,0.7734138972809668,0.6771893962573402
