RMSE,NDCG,F1,MAE
0.06049997768729676,0.0010083131565851167,0.03835848634410055,0.024396415277284866
