RMSE,NDCG,F1,MAE
0.836291748945085,0.8940580336779723,0.773497688751926,0.6765993874287399
