RMSE,F1,MAE
0.8896216149192917,0.7361111111111112,0.6955592790581459
