RMSE,F1,MAE
0.8915112506953261,0.7372440124956612,0.6921792617709182
