RMSE,F1,MAE
0.8326452199605008,0.7687687687687688,0.6667640487163359
