RMSE,F1,MAE
0.058866030734825325,0.03152475627310758,0.025415213054582275
