RMSE,NDCG,F1,MAE
0.8306253319673822,0.901261276219008,0.7706422018348624,0.6654648069057655
