RMSE,NDCG,F1,MAE
0.06787388020571528,0.009362371468372266,0.03427514655092112,0.032162120003865646
