RMSE,NDCG,F1,MAE
0.8984992121730975,0.8918989047506357,0.7363670552839413,0.6976269269096311
