RMSE,NDCG,F1,MAE
0.8934308845605514,0.8903683721455103,0.7384267971396311,0.6989325985435689
