RMSE,F1,MAE
0.8364553032943164,0.7727272727272727,0.6759048456091614
