RMSE,NDCG,F1,MAE
0.05842995529959594,0.014685407862348399,0.03626456088506025,0.023519372756183876
