RMSE,F1,MAE
0.050219340997638584,0.03314393939393934,0.017918890402021326
