RMSE,NDCG,F1,MAE
0.8977901057978462,0.891529655870506,0.7287480680061824,0.7005414086385485
