RMSE,NDCG,F1,MAE
0.8282783833429651,0.8967176211990674,0.771875,0.6658052420900212
