RMSE,F1,MAE
0.06116598266327378,0.04052688560086615,0.02847654798987098
