RMSE,NDCG,F1,MAE
0.06951172245488113,0.005187965328561361,0.04312693199381756,0.03473616654852729
