RMSE,NDCG,F1,MAE
0.9011147261803665,0.8910963556361053,0.720763723150358,0.70506168559212
