RMSE,NDCG,F1,MAE
0.0689964316923225,0.00888968283248448,0.04114103875440389,0.03292086371062375
