RMSE,NDCG,F1,MAE
0.832118294488044,0.8999860384685898,0.7619047619047619,0.6721408218814963
