RMSE,NDCG,F1,MAE
96.01425645326086,98.97011342583593,93.35294117647061,95.77827266927663
