RMSE,NDCG,F1,MAE
92.62447440806268,96.10963111829005,95.46269861286257,92.0214684989116
