RMSE,NDCG,F1,MAE
93.48661100680566,102.1252302148955,93.31225436078606,93.25528285533562
