RMSE,NDCG,F1,MAE
95.69707049823913,98.64153318775782,92.07921322434461,96.58108667127364
