RMSE,NDCG,F1,MAE
0.8621507662110428,0.8924396249047536,0.7563209967020886,0.6786578480690294
