RMSE,NDCG,F1,MAE
0.8500144259521877,0.8963150482570406,0.7680553028924868,0.667707016667456
