RMSE,NDCG,F1,MAE
0.9113509602906918,0.8857937934551088,0.7272727272727273,0.7143698487509943
