RMSE,NDCG,F1,MAE
0.9249636263465046,0.8744665304006833,0.7174852652259333,0.7233141492576786
