RMSE,NDCG,F1,MAE
0.06281286013546183,0.017973094504070253,0.03883573147615538,0.04465630118864916
