RMSE,NDCG,F1,MAE
0.06133653433850417,0.010521254801931779,0.04078257561975951,0.046662832083538275
