RMSE,NDCG,F1,MAE
0.8649191237256662,0.8931441611195171,0.768755676657584,0.6708870614955083
