RMSE,NDCG,F1,MAE
0.036568832218852654,0.015689470801481642,0.04134012284768618,0.03898287962632163
