RMSE,NDCG,F1,MAE
0.9014879559445188,0.8774546903180355,0.7274155538098979,0.7098699411218299
