RMSE,NDCG,F1,MAE
0.05874156716929313,0.017817775483260356,0.029279900064764774,0.044225746193741644
