RMSE,NDCG,F1,MAE
0.9188773394197637,0.878289929987828,0.7243539545810493,0.7197747150539406
