RMSE,NDCG,F1,MAE
0.8601357722504706,0.8961077054710883,0.7536338546458141,0.675548968860199
