RMSE,NDCG,F1,MAE
0.9745877122180998,0.8687272249519034,0.730332967435053,0.7462721099756612
