RMSE,NDCG,F1,MAE
0.07573106468246482,0.019033739971522023,0.022192285090199437,0.04236257178411207
