RMSE,NDCG,F1,MAE
0.898856647535635,0.8877609649234254,0.7525252525252525,0.7039095381915491
