RMSE,NDCG,F1,MAE
109.09689493582648,103.40710267244133,107.96279800949755,109.28444028917646
