RMSE,NDCG,F1,MAE
108.63146339812062,105.94294322515158,108.11360832347592,109.55504812026338
