RMSE,NDCG,F1,MAE
109.20918622920081,103.99653537235427,108.49149498967043,109.3675166404378
