RMSE,NDCG,F1,MAE
108.49054843457398,103.76154164724178,105.29427075291491,108.56315019376525
