RMSE,NDCG,F1,MAE
109.13436281516225,103.56236062830739,106.52690828397473,108.84835657465347
