RMSE,NDCG,F1,MAE
108.74511438765822,103.81748629426365,106.53894832491373,108.9002269400797
