RMSE,NDCG,F1,MAE
109.22654076405931,104.04444697441055,108.53155831869172,109.37502847411899
