RMSE,NDCG,F1,MAE
108.41889888083529,103.75533210317056,108.95785659801678,108.92002024855987
