RMSE,NDCG,F1,MAE
0.8603385156012525,0.9258556225379839,0.7555404023184453,0.6858914737148333
