RMSE,NDCG,F1,MAE
0.861312560182295,0.9022776148722388,0.7478134110787172,0.6596248049447991
