RMSE,NDCG,F1,MAE
0.0009740445810424436,0.023578007665745138,0.007726991239728087,0.02626666877003414
