RMSE,NDCG,F1,MAE
0.0012751169930399486,0.019043705262406285,0.00800051203277008,0.02299268366747287
