RMSE,NDCG,F1,MAE
0.8682133550392984,0.9157360433921781,0.7540322580645161,0.689543040527108
