RMSE,NDCG,F1,MAE
0.8694884720323384,0.8966923381297718,0.746031746031746,0.6665503568596352
