RMSE,NDCG,F1,MAE
0.005279508712536463,0.02382776570722056,0.002271415839418145,0.017781033948333635
