RMSE,NDCG,F1,MAE
0.8449186314808508,0.9224097594997117,0.7579877634262406,0.6664392313261711
