RMSE,NDCG,F1,MAE
0.8501981401933872,0.8985819937924912,0.7602591792656588,0.6486581973778375
