RMSE,NDCG,F1,MAE
0.8533052612387938,0.9011050823815959,0.7671428571428571,0.6505891304797384
