RMSE,NDCG,F1,MAE
0.8536186739804582,0.9259106385645155,0.7603748326639893,0.6753795913073222
