RMSE,NDCG,F1,MAE
0.00031341274166440947,0.024805556182919575,0.006768024478867818,0.024790460827583738
