RMSE,NDCG,F1,MAE
0.007888080743724823,0.022985952546386246,0.009226706693088893,0.01706437459963739
