RMSE,NDCG,F1,MAE
0.8438670288394561,0.9225723024654405,0.7690271343481139,0.6600975471812516
