RMSE,NDCG,F1,MAE
0.8517551095831809,0.8995863499190543,0.759800427655025,0.6430331725816142
