RMSE,NDCG,F1,MAE
0.8513169390806496,0.9246560828951664,0.7669773635153129,0.6720194412034974
