RMSE,NDCG,F1,MAE
0.8537471553101184,0.9034201139584636,0.7694503925767309,0.6500968573974775
