RMSE,NDCG,F1,MAE
0.002430216229468707,0.021235968936702876,0.0024730290614179973,0.02192258380601997
