RMSE,NDCG,F1,MAE
0.8502593333518076,0.8985819937924912,0.7579250720461095,0.6486227401021248
