RMSE,NDCG,F1,MAE
0.8449038177166683,0.9225645914585846,0.7570506286102616,0.6663547970159933
