RMSE,NDCG,F1,MAE
0.005355515635139252,0.023982597666093453,0.0008744434358478603,0.017732056913868477
