RMSE,NDCG,F1,MAE
0.006426902268910739,0.02545087832595383,0.00012034151655648806,0.017311962262283376
