RMSE,NDCG,F1,MAE
0.8503620619244362,0.9247947347382988,0.7415254237288136,0.6753684626991159
