RMSE,NDCG,F1,MAE
0.8567889641933469,0.8993438564123449,0.7414050822122571,0.6580565004368325
