RMSE,NDCG,F1,MAE
104.3893641320973,98.12277114535574,101.71753475555387,105.67054404773822
