RMSE,NDCG,F1,MAE
104.67920753911642,98.89427248091438,103.25051671054774,105.85692206922417
