RMSE,NDCG,F1,MAE
103.5154099432882,99.38951849288611,98.64141435414312,102.91791666931758
