RMSE,NDCG,F1,MAE
104.66023135217775,98.0851287562056,102.28875054748521,105.66007784928297
