RMSE,NDCG,F1,MAE
0.18652443821333875,0.07226750542405513,0.10327868852459021,0.17974286191029687
