RMSE,NDCG,F1,MAE
0.17510973484597891,0.10302345334771723,0.10448961684703129,0.17839885276412426
