RMSE,NDCG,F1,MAE
0.8588086316136774,0.9271799405232456,0.7775665399239544,0.6806135277847625
