RMSE,NDCG,F1,MAE
1.0339183664596563,0.8241564871755284,0.6730769230769231,0.8590123805488867
