RMSE,NDCG,F1,MAE
0.8270511625254475,0.9329508146521868,0.7935909519321395,0.6444965127782597
