RMSE,NDCG,F1,MAE
0.18654816612343916,0.07350234630645225,0.11017386650500383,0.18179404274937871
