RMSE,NDCG,F1,MAE
1.0198442955651619,0.8444358742103834,0.6915887850467289,0.8420928728981032
