RMSE,NDCG,F1,MAE
0.8300073348066184,0.9316509628856994,0.8011100832562442,0.6415456083543737
