RMSE,NDCG,F1,MAE
0.1847833165036865,0.062077557342413714,0.08957162171778266,0.17907604581599457
