RMSE,NDCG,F1,MAE
0.8332919435638236,0.9277574277061037,0.7962616822429907,0.6608163380329195
