RMSE,NDCG,F1,MAE
0.1833677891867852,0.07377638805020237,0.1066065098291975,0.17833142963210735
