RMSE,NDCG,F1,MAE
0.18549836945812492,0.07852835975494066,0.11244368597455767,0.18204450624370228
