RMSE,NDCG,F1,MAE
0.8271438352293297,0.9317754979184082,0.7958607714016933,0.6438742919627098
