RMSE,NDCG,F1,MAE
1.0126422046874546,0.8532471381634675,0.6834170854271356,0.8259187982064121
