RMSE,NDCG,F1,MAE
0.19296588811552584,0.08130055399281422,0.1145129426067576,0.18473908807819905
