RMSE,NDCG,F1,MAE
1.0227269478992032,0.8529748640371589,0.6631578947368421,0.8346686434488391
