RMSE,NDCG,F1,MAE
93.61511125678102,103.15173923372353,101.87145382108153,93.99906404239599
