RMSE,NDCG,F1,MAE
94.62051495330974,104.5868756376821,101.16172612560459,94.45616895326152
