RMSE,NDCG,F1,MAE
93.17827185296863,103.07214480646823,99.46941635799378,93.67390820848124
