RMSE,NDCG,F1,MAE
93.56514296162666,102.89097303015582,99.63053916645744,94.00840491087592
