RMSE,NDCG,F1,MAE
93.47897278702118,103.04612527478716,100.6261587434848,94.10090015638494
