RMSE,NDCG,F1,MAE
93.54642062003455,104.14545550911298,100.33119980169324,94.06736569293425
