RMSE,NDCG,F1,MAE
93.18222528000604,103.09272368857825,99.48684572830358,93.67872522517288
