RMSE,NDCG,F1,MAE
92.53825338992591,103.62431753266223,99.60008845342587,92.98565776028852
