RMSE,NDCG,F1,MAE
0.08740145152206802,0.0014469395453265976,0.030504311731101574,0.07062931635165226
