RMSE,NDCG,F1,MAE
0.9133592343284027,0.9019890322750602,0.762545899632803,0.7150852648126432
