RMSE,NDCG,F1,MAE
0.08705698358834357,0.0012700130071081617,0.02811417509384806,0.07373172716248066
