RMSE,NDCG,F1,MAE
0.8492965220056161,0.8885238089143257,0.7177284657599619,0.6640451503995982
