RMSE,F1,MAE
0.8267557921781454,0.7360510134365749,0.6436562172743976
