RMSE,F1,MAE
0.8497316416360982,0.7215451828006438,0.6633834102541544
