RMSE,NDCG,F1,MAE
0.8259577828063347,0.9005420927297336,0.7320415879017014,0.644455948460991
