RMSE,NDCG,F1,MAE
0.9363535055939597,0.8897938219214339,0.7458426408538099,0.7377768775620789
