RMSE,F1,MAE
0.08652867151152177,0.02406251876373644,0.07485728968331629
