RMSE,F1,MAE
0.8199250638357374,0.740186067619696,0.6363589806435719
