RMSE,F1,MAE
0.913504462783558,0.7625377643504532,0.7132862019442574
