RMSE,NDCG,F1,MAE
0.818408543792773,0.9141132061449774,0.7366439162155801,0.6364266915220343
