RMSE,F1,MAE
0.09357939894782064,0.02235169673075721,0.07692722130068552
