RMSE,NDCG,F1,MAE
0.9144723656786435,0.9047790777933835,0.762284859067099,0.7141314838911991
