RMSE,NDCG,F1,MAE
0.09606382188587059,0.009334128351593862,0.025640942851518855,0.07770479236916472
