RMSE,F1,MAE
0.09714415438574708,0.013800438818593053,0.08410167279349634
