RMSE,NDCG,F1,MAE
0.09830904498430237,0.0009025040027863529,0.017569665992527184,0.08307433059573188
