RMSE,NDCG,F1,MAE
0.8282609322181218,0.8999278915819973,0.7346263008514664,0.6459512224495138
