RMSE,NDCG,F1,MAE
0.9265699772024242,0.9008303955847836,0.7521959668439936,0.7290255530452456
