RMSE,F1,MAE
0.10048734752213173,0.03438222052821294,0.08274600661843545
