RMSE,F1,MAE
0.962417078077373,0.762348132167594,0.7510735797384234
