RMSE,NDCG,F1,MAE
0.1030234402043313,0.009281835378511905,0.03871486203262109,0.08312808269816896
