RMSE,NDCG,F1,MAE
0.8607859208129058,0.9008070728118716,0.7241379310344828,0.6686564545363944
