RMSE,NDCG,F1,MAE
0.9638093610172371,0.8915252374333597,0.7628527930671039,0.7517845372345634
