RMSE,NDCG,F1,MAE
96.55461055467796,96.89510835357939,98.58556832694764,96.76528819777947
