RMSE,NDCG,F1,MAE
99.01285058999105,98.22614566859305,99.02099353899774,99.69456903278393
