RMSE,NDCG,F1,MAE
102.26034718987067,99.37207673253002,97.68686703527476,102.01163928890051
