RMSE,NDCG,F1,MAE
96.99122857419043,98.23183188471673,97.37193657073057,98.43368418348865
