RMSE,NDCG,F1,MAE
99.4984493979359,95.83935625735185,93.00109121414921,99.09046466343173
