RMSE,NDCG,F1,MAE
95.74701505285445,96.93630136756774,89.97913081682715,94.87131822536735
