RMSE,NDCG,F1,MAE
100.80451337797707,101.0009612689584,96.03194518018731,100.44762403498606
