RMSE,NDCG,F1,MAE
101.02568269162535,97.12472724707094,91.8331419823957,100.05549509843279
