RMSE,NDCG,F1,MAE
90.36917019640362,99.26572388307923,105.47216053767092,89.58595361225312
