RMSE,NDCG,F1,MAE
89.68987779692405,99.3665577997352,106.6632219432782,89.00999129649453
