RMSE,NDCG,F1,MAE
93.78601156420892,102.6549338520389,114.37295712638561,93.2538513991256
