RMSE,NDCG,F1,MAE
89.42852381084178,99.71798159638759,105.21376428035818,88.32773298825451
