RMSE,NDCG,F1,MAE
82.79704519029353,92.364016484017,79.19740514445198,82.60598652491328
