RMSE,NDCG,F1,MAE
81.91212413592353,91.10927037615247,77.02651061596548,81.45639798941787
