RMSE,NDCG,F1,MAE
81.97705512227277,90.81203770387236,75.92367087876897,81.53135764400297
