RMSE,NDCG,F1,MAE
81.90720866977817,93.03280188781353,78.7087135589114,81.93713302564021
