RMSE,NDCG,F1,MAE
81.20980001922177,90.76491726390208,78.28830496854935,80.61850352145966
