RMSE,NDCG,F1,MAE
82.16977061238421,90.6743647646684,78.69780395173068,81.79814973142783
