RMSE,NDCG,F1,MAE
81.98578924547196,90.95815389797428,75.66097664356528,81.52264841749236
