RMSE,NDCG,F1,MAE
81.35218942377094,90.26844982399987,76.87834145182369,81.20075354971692
