RMSE,NDCG,F1,MAE
122.17896068391103,116.2011166419544,147.7110408617258,124.97884100508185
