RMSE,NDCG,F1,MAE
120.80748912588572,108.1965364989032,125.22584033613447,121.9734598779735
