RMSE,NDCG,F1,MAE
122.20678018599467,112.02444514996579,133.74496644295303,123.85590684969996
