RMSE,NDCG,F1,MAE
122.55250736509925,114.36339798350474,135.84764749813294,125.47771206433256
