RMSE,NDCG,F1,MAE
122.8984287996144,111.1736489122556,129.12628621773027,124.8958701676514
