RMSE,NDCG,F1,MAE
122.470097438782,115.09671898578453,141.11978698900077,125.03938042342806
