RMSE,NDCG,F1,MAE
122.1687714087013,112.49355655063735,135.10887569183535,123.8571460811781
