RMSE,NDCG,F1,MAE
121.97886838785163,112.66295457782729,146.57085640240314,123.57501830527384
