RMSE,NDCG,F1,MAE
105.42639728769217,104.41208393170656,109.50956810900372,106.41953950494045
