RMSE,NDCG,F1,MAE
104.94970002912052,103.88872660103993,110.0449567099201,105.14239913932364
