RMSE,NDCG,F1,MAE
105.64987541615123,106.38460156338208,108.45146186424628,106.44426718638952
