RMSE,NDCG,F1,MAE
105.36577583865332,104.10974454596058,107.7619003658661,105.88521625982523
