RMSE,NDCG,F1,MAE
105.88230328457333,106.6541144968862,110.24309721009243,106.76005236559595
