RMSE,NDCG,F1,MAE
105.73386794809461,104.03111268621853,107.79938521274875,106.32696032207048
