RMSE,NDCG,F1,MAE
105.65044611291474,106.62655000184786,108.48796788068043,106.44327178350667
