RMSE,NDCG,F1,MAE
104.95756291079424,106.38773845656753,108.69047619047618,105.73140679853526
