RMSE,NDCG,F1,MAE
0.9117718488210045,0.8852799281394743,0.7257203842049093,0.7259773729600412
