RMSE,NDCG,F1,MAE
1.1045011409471321,0.852965332520741,0.6039387308533917,0.8729257813796566
