RMSE,NDCG,F1,MAE
0.19272929212612766,0.03231459561873329,0.12178165335151758,0.14694840841961543
