RMSE,NDCG,F1,MAE
0.17987943914069604,0.06328004477309668,0.10603066160266827,0.154232137453581
