RMSE,NDCG,F1,MAE
0.9853624241718123,0.8785383708426057,0.6903262736119061,0.7734663220227215
