RMSE,NDCG,F1,MAE
1.1652418633125083,0.815258326069509,0.5842956120092379,0.9276984594763025
