RMSE,NDCG,F1,MAE
0.24719420112130663,0.014737799180220335,0.13760102558385823,0.20112499971094877
