RMSE,NDCG,F1,MAE
1.0160645218820152,0.8342571582052005,0.6805194805194805,0.8039212471938633
