RMSE,NDCG,F1,MAE
1.2632587230033219,0.8195193590249802,0.5429184549356223,1.005046246904812
