RMSE,NDCG,F1,MAE
0.2073235066035961,0.05408814573458054,0.12955686172923286,0.1621648923538307
