RMSE,NDCG,F1,MAE
0.890099393405553,0.8967395159548659,0.727076591154261,0.705976384448738
