RMSE,NDCG,F1,MAE
1.097422900009149,0.8426513702202854,0.5975197294250282,0.8681412768025687
