RMSE,NDCG,F1,MAE
82.8377854647784,92.01715448675579,77.40543025720928,82.65687925834746
