RMSE,NDCG,F1,MAE
82.46442777594962,92.69030329129617,78.84430308738234,82.30194462191596
