RMSE,NDCG,F1,MAE
82.10459845712725,89.86167630239937,74.0785894373673,81.78163106115251
