RMSE,NDCG,F1,MAE
82.56096876477913,91.97673987469491,76.18180723979178,82.35229245981076
