RMSE,NDCG,F1,MAE
81.29415880853075,90.08459960198772,76.44897487320998,80.86414198000777
