RMSE,NDCG,F1,MAE
82.31299763901708,91.3124805140032,75.8688069405743,81.99399833273975
