RMSE,NDCG,F1,MAE
82.11661209123722,90.1062703779144,74.29011666299802,81.77779901954051
