RMSE,NDCG,F1,MAE
81.59296971229688,88.92655525517074,73.76943119460307,81.53633975066424
