algorithm,georisk
SVD,0.7232974511120166
BIASEDMF,0.7182782850188018
NMF,0.6986303781788237
StochasticItemKNN,0.6970587708751665
BayesianRidge,0.6861977188135672
Tweedie,0.6850840869991933
Ridge,0.6861689053903612
RandomForest,0.6873355975492021
Bagging,0.6847633069223451
AdaBoost,0.6864435288391714
GradientBoosting,0.6875166527407747
LinearSVR,0.6865124229902875
