algorithm,georisk
SVD,0.7375817474266575
BIASEDMF,0.7326349701631345
NMF,0.7057277032220514
StochasticItemKNN,0.7031697417758707
BayesianRidge,0.6949079930318576
Tweedie,0.6943914967862981
Ridge,0.694849926568903
RandomForest,0.6948226202828016
Bagging,0.6912654936786173
AdaBoost,0.6952436685933969
GradientBoosting,0.6954068550952335
LinearSVR,0.6936180789777154
