RMSE,NDCG,F1,MAE
91.12272604995346,101.19154718296357,104.57391406522112,91.09688424210843
