RMSE,NDCG,F1,MAE
89.29976784483796,101.20977131833826,102.0893619581179,89.59421910009003
