RMSE,NDCG,F1,MAE
94.95228047335976,100.12403123524784,107.99579184447606,95.34518129320203
