RMSE,NDCG,F1,MAE
92.22529415131856,102.04534598895636,103.77773425186938,91.3811383464046
