RMSE,NDCG,F1,MAE
0.9906579572053338,0.8180353347332728,0.6511194029850746,0.7765422269889086
