RMSE,NDCG,F1,MAE
1.0696003085422958,0.8108560081055586,0.593103448275862,0.865650846149843
