RMSE,NDCG,F1,MAE
0.07894235133696204,0.007179326627714255,0.058015954709212614,0.08910861916093438
