RMSE,NDCG,F1,MAE
0.0823207852377894,0.011541209745453918,0.08509734379597533,0.09226913758980926
