RMSE,NDCG,F1,MAE
0.9898745112551308,0.823432486866997,0.6691380908248378,0.779095742337235
