RMSE,NDCG,F1,MAE
1.0721952964929202,0.8349736966124509,0.5840407470288624,0.8713648799270443
