RMSE,NDCG,F1,MAE
1.0657344072008654,0.810472606813627,0.5759717314487632,0.8681979650407077
