RMSE,NDCG,F1,MAE
0.9826966768650444,0.8162646133852588,0.647887323943662,0.7758433341817501
