RMSE,NDCG,F1,MAE
0.08303773033582107,0.005792006571631814,0.07191559249489876,0.09235463085895756
