RMSE,NDCG,F1,MAE
1.0635220604631934,0.8039134448693815,0.6016806722689075,0.863455634304431
