RMSE,NDCG,F1,MAE
0.9870507473290275,0.8208849079004048,0.666058394160584,0.7713921035482582
