RMSE,NDCG,F1,MAE
0.07647131313416589,0.01697146303102326,0.06437772189167645,0.0920635307561728
