RMSE,NDCG,F1,MAE
0.9888540926429978,0.8189756479179109,0.6779661016949152,0.7752292202826658
