RMSE,NDCG,F1,MAE
0.0752914169091059,0.008423250475820043,0.05773392922393683,0.08758806615203829
