RMSE,NDCG,F1,MAE
1.0641455095521037,0.8105523974420908,0.6202321724709784,0.8628172864347041
