RMSE,NDCG,F1,MAE
0.9874078533316767,0.8155527256561975,0.6654445462878094,0.775339951247945
