RMSE,NDCG,F1,MAE
1.0697781914747462,0.7997281445643935,0.596252129471891,0.8699686392752429
