RMSE,NDCG,F1,MAE
0.08237033814306949,0.01582458109180407,0.06919241681591837,0.09462868802729796
