RMSE,NDCG,F1,MAE
1.0661998485481354,0.815466112192347,0.5774647887323944,0.8686162770359921
