RMSE,NDCG,F1,MAE
0.0829826559294955,0.0023187724351710903,0.07103145186910942,0.09224586835730297
