RMSE,NDCG,F1,MAE
0.9832171926186399,0.8131473397571759,0.6484962406015038,0.7763704086786891
