RMSE,NDCG,F1,MAE
0.08241494395890847,0.0036084202803519094,0.08570027199357921,0.08920051388942118
