RMSE,NDCG,F1,MAE
0.9852649643225516,0.8131134564029217,0.6341463414634146,0.7793642110414245
