RMSE,NDCG,F1,MAE
1.06767990828146,0.8095050361225697,0.5484460694698354,0.8685647249308457
