RMSE,NDCG,F1,MAE
106.70811756813528,99.79651801598546,92.90281562216167,107.42040836696259
