RMSE,NDCG,F1,MAE
107.24894890186805,100.00935776791022,98.26617300372105,107.73946893123527
