RMSE,NDCG,F1,MAE
107.1739162900797,100.57429374663886,91.9714201003664,107.82676559679459
