RMSE,NDCG,F1,MAE
107.42281750171234,99.1830838426931,94.56691654069782,108.03604652348018
