RMSE,NDCG,F1,MAE
107.00241361521105,100.24766268449159,94.16296296296296,107.36693520806502
