RMSE,NDCG,F1,MAE
107.17034599461451,99.39263791311632,94.10741211351123,107.58334075852835
