RMSE,NDCG,F1,MAE
107.17399461853007,100.63440359835157,92.00985362318312,107.8373676860271
