RMSE,NDCG,F1,MAE
106.45825822616435,99.08809392208674,91.13846418035854,107.20334527409021
