RMSE,NDCG,F1,MAE
0.8350813757329605,0.8968570282365061,0.7206728640991589,0.6553278246605218
