RMSE,NDCG,F1,MAE
0.9006168075489409,0.8933433046955233,0.7653052024163737,0.7048844144247978
