RMSE,NDCG,F1,MAE
0.06553543181598043,0.0035137235409828937,0.044632338317214804,0.049556589764276016
