RMSE,NDCG,F1,MAE
0.8614083341529413,0.8921473489100618,0.7015682656826568,0.6784615434521752
