RMSE,NDCG,F1,MAE
0.06841706224176414,0.014144867694830365,0.04194275859867169,0.05368996806428872
