RMSE,NDCG,F1,MAE
0.9298253963947054,0.8780024812152314,0.7435110242813285,0.732151511516464
