RMSE,NDCG,F1,MAE
0.029542399212881376,0.001966037424859124,0.07903133120481709,0.027369746966844466
