RMSE,NDCG,F1,MAE
1.0588047627177282,0.8434261209481664,0.7368334430546412,0.8284244914248576
