RMSE,NDCG,F1,MAE
1.0292623635048468,0.8414600835233073,0.6578021118498241,0.8010547444580132
