RMSE,NDCG,F1,MAE
0.06532550953730809,0.007559479659409396,0.03615214551301371,0.056070568183752334
