RMSE,NDCG,F1,MAE
0.9131106779364518,0.8880049019019807,0.7538940809968847,0.7176038615664327
