RMSE,NDCG,F1,MAE
0.8477851683991438,0.8955643815613901,0.717741935483871,0.6615332933826804
