RMSE,NDCG,F1,MAE
84.81161624574007,93.26746995014362,86.99745547073792,84.27781296224516
