RMSE,NDCG,F1,MAE
90.69343928308132,97.16019262580986,85.95154460379086,88.11042947599191
