RMSE,NDCG,F1,MAE
85.36276738920422,98.30192519763665,79.30442910299868,84.06320530848562
