RMSE,NDCG,F1,MAE
84.81072381853818,95.22274719633425,85.59564382810359,84.38989216378422
