RMSE,NDCG,F1,MAE
93.41798238254103,100.61408114529742,96.00131151967521,93.39135251701816
