RMSE,NDCG,F1,MAE
87.2549033875156,100.11030321896438,91.96862056546013,86.83879698574096
