RMSE,NDCG,F1,MAE
92.44328279605125,102.38544344601496,98.12690298647253,92.75241531183981
