RMSE,NDCG,F1,MAE
95.07762430140933,102.20234907602695,98.52416059798114,94.76273621412032
