RMSE,NDCG,F1,MAE
91.76179264946673,102.35899434651789,97.91939235258073,92.25074469524341
