RMSE,NDCG,F1,MAE
87.44194306081991,101.04073178491659,95.57056083167768,88.21245577102805
