RMSE,NDCG,F1,MAE
92.47713305291707,98.20657788960952,106.99309303793297,93.69368384840577
