RMSE,NDCG,F1,MAE
92.61122465475749,101.37465579941363,101.40390645299617,92.92195966238216
