RMSE,NDCG,F1,MAE
0.1602884640437814,0.060918002868092125,0.09851551956815108,0.13141836432602283
