RMSE,NDCG,F1,MAE
0.8950474205188186,0.9048307607537757,0.7576633892423366,0.7044600284856023
