RMSE,NDCG,F1,MAE
1.0553358845626,0.8439127578856835,0.6591478696741855,0.8358783928116251
