RMSE,NDCG,F1,MAE
1.0741394401714786,0.8580471213688726,0.6322751322751323,0.8609302614708643
