RMSE,NDCG,F1,MAE
0.9741740009875495,0.8831262044461395,0.7356181150550796,0.7585693508707586
