RMSE,NDCG,F1,MAE
0.09996543918392908,0.025079083077266917,0.10334298277994725,0.10236091060010566
