RMSE,NDCG,F1,MAE
1.008224315779393,0.8539215028445307,0.6927053417576106,0.7936573898036298
