RMSE,NDCG,F1,MAE
0.17288115516027425,0.01450022587176536,0.14335932511076155,0.15046243871249176
