RMSE,NDCG,F1,MAE
1.1811054709396673,0.8394212769727654,0.549346016646849,0.9441198285161215
