RMSE,NDCG,F1,MAE
0.8856818519411916,0.9071205668305886,0.7665903890160183,0.696184746237938
