RMSE,NDCG,F1,MAE
0.15862223139171905,0.04333544271154288,0.11042241001339359,0.12877749555137497
