RMSE,NDCG,F1,MAE
1.0443040833329107,0.8637851241190457,0.6561679790026247,0.824962241789313
