RMSE,NDCG,F1,MAE
95.00436808016978,95.01079145694561,96.39580121041107,93.87357467167163
