RMSE,NDCG,F1,MAE
95.6395913097164,96.24816033112342,99.05356510979935,95.16720194782906
