RMSE,NDCG,F1,MAE
101.6371009509858,98.08032952373256,107.23205861131153,102.48447159654468
