RMSE,NDCG,F1,MAE
96.2052721539191,96.05405223833176,96.76109597350566,95.6012435890926
