RMSE,NDCG,F1,MAE
1.2602143502427692,0.7227470213553033,0.5670498084291188,1.0137281342934763
