RMSE,NDCG,F1,MAE
1.0883597926955322,0.8109040828373669,0.6017535763728658,0.8662933359855804
