RMSE,NDCG,F1,MAE
0.171854557547237,0.08815706148206359,0.034703767943746966,0.14743479830789585
