RMSE,NDCG,F1,MAE
1.2798712819591824,0.7863319313182462,0.5490196078431373,1.0215513670256835
