RMSE,NDCG,F1,MAE
1.1042306934124861,0.8106352459270542,0.5818181818181818,0.8780038956188924
