RMSE,NDCG,F1,MAE
0.17564058854669629,0.02430331460880797,0.03279857397504449,0.14354747140679114
