RMSE,NDCG,F1,MAE
1.2531331587242238,0.7064619650127648,0.5439330543933054,1.0149263623652787
