RMSE,NDCG,F1,MAE
0.1655700118440171,0.10064780949154595,0.03355954185546062,0.14820739307104347
