RMSE,NDCG,F1,MAE
1.0875631468802067,0.8071097745043108,0.577492596248766,0.8667189692942352
