RMSE,NDCG,F1,MAE
0.17772606414852388,0.09976820182212454,0.045009373828271415,0.14839055647568578
