RMSE,NDCG,F1,MAE
1.2664345509120556,0.7161099237286292,0.5511811023622047,1.01211502023614
