RMSE,NDCG,F1,MAE
1.0887084867635317,0.8158781255507538,0.5961904761904762,0.8637244637604542
