RMSE,NDCG,F1,MAE
0.16914621184835887,0.10038322691750823,0.02505092812946219,0.15180732088342586
