RMSE,NDCG,F1,MAE
1.2677373447221199,0.7065583423759078,0.568,1.0237285965027116
