RMSE,NDCG,F1,MAE
1.098591132873761,0.806941569293416,0.5930509281294621,0.8719212756192858
