RMSE,NDCG,F1,MAE
1.0867333083373036,0.8104825862074295,0.5944155229531471,0.8630021874103078
