RMSE,NDCG,F1,MAE
0.18118689226062856,0.0817333245176528,0.0432344205909424,0.1529731044461513
