RMSE,NDCG,F1,MAE
1.2679202005979322,0.7287492616897767,0.5511811023622047,1.015975291856459
