RMSE,NDCG,F1,MAE
1.253400812230463,0.7064619650127648,0.5439330543933054,1.0152131452291249
