RMSE,NDCG,F1,MAE
1.0879658740860025,0.8080680359186626,0.5780403741999015,0.8669291256549565
