RMSE,NDCG,F1,MAE
0.16543493814446042,0.1016060709058978,0.03410731980659609,0.14828401957416837
