RMSE,NDCG,F1,MAE
1.2465221750617648,0.7065965147600617,0.5454545454545454,1.015245452114177
