RMSE,NDCG,F1,MAE
0.16750066820948972,0.09990821925781579,0.027716186252771613,0.15244059263166676
