RMSE,NDCG,F1,MAE
1.079021506852275,0.8065047340178775,0.573170731707317,0.8628048594825102
