RMSE,NDCG,F1,MAE
99.57226165045076,100.38770140379576,109.75044900274126,99.95436050369482
