RMSE,NDCG,F1,MAE
99.26011211442345,100.03158625402786,109.73194911956084,99.34387432285901
