RMSE,NDCG,F1,MAE
103.2300900576995,101.22389217583272,117.52341501063567,103.4219708358445
