RMSE,NDCG,F1,MAE
98.35723127735316,99.284046143572,108.42900440852314,98.34353144589534
