RMSE,NDCG,F1,MAE
0.8949367216233478,0.8961281231622873,0.7524752475247525,0.7019682940483831
