RMSE,NDCG,F1,MAE
0.8443498023964939,0.8917609832556537,0.7544885177453027,0.6584590233715004
