RMSE,NDCG,F1,MAE
0.05058691922685388,0.004367139906633621,0.0020132702205502007,0.043509270676882705
