RMSE,NDCG,F1,MAE
0.04679061484128477,0.0020988315375256583,0.006653740983525447,0.04434737403064326
