RMSE,NDCG,F1,MAE
0.9229491200591069,0.8851396518170139,0.7283926852743022,0.7271195400920292
