RMSE,NDCG,F1,MAE
0.8761585052178221,0.8872384833545396,0.7350464262578277,0.6827721660613859
