RMSE,NDCG,F1,MAE
1.014525113429902,0.8401873436435771,0.6915887850467289,0.7997464204568382
