RMSE,NDCG,F1,MAE
0.05047655136075746,0.010207214342214166,0.023147358331963352,0.030658723086807504
