RMSE,NDCG,F1,MAE
1.0650016647906595,0.8503945579857912,0.7147361433786923,0.8304051435436457
