RMSE,NDCG,F1,MAE
0.8567917608356603,0.889714420658782,0.7525295109612141,0.6664535644413597
