RMSE,NDCG,F1,MAE
0.907284858159679,0.8924851070538895,0.7384673319525513,0.7133143636023154
