RMSE,NDCG,F1,MAE
0.05049309732401863,0.002770686395107469,0.0140621790086628,0.046860799160955646
