RMSE,NDCG,F1,MAE
0.8692190418945901,0.9013535056468984,0.7622226231282699,0.6774451722902056
