RMSE,NDCG,F1,MAE
0.8651935498962992,0.897506884601724,0.6958343030020945,0.6768573594980797
