RMSE,NDCG,F1,MAE
0.004025491998290942,0.0038466210451744143,0.06638832012617546,0.0005878127921259413
