RMSE,NDCG,F1,MAE
0.8978845273366886,0.8851429491608019,0.6723466407010711,0.7022773308508308
