RMSE,NDCG,F1,MAE
0.9088825926687679,0.8809342855293911,0.7386023916292974,0.7121743018635555
