RMSE,NDCG,F1,MAE
0.010998065332079365,0.004208663631410814,0.06625575092822633,0.009896971012724687
