RMSE,NDCG,F1,MAE
0.03180401382448128,0.009431400529672396,0.11022909627849942,0.02795728698081612
