RMSE,NDCG,F1,MAE
1.0203430669192797,0.8487884434592026,0.7308606752258678,0.7908845145536844
