RMSE,NDCG,F1,MAE
1.052147080743761,0.8393570429295302,0.6206315789473684,0.8188418015345005
