RMSE,NDCG,F1,MAE
0.8773535232510525,0.896850269999009,0.6890676762896356,0.6846034546558892
