RMSE,NDCG,F1,MAE
0.012452540577264415,0.0028766215694386865,0.06005932242383616,0.01014005496705861
