RMSE,NDCG,F1,MAE
0.889806063828317,0.8939736484295703,0.7491269987134718,0.6947435096229478
