RMSE,NDCG,F1,MAE
0.09785030943716788,0.08073634263185547,0.05728770737378697,0.087556989287772
