RMSE,F1,MAE
0.8131900292956282,0.6837060702875399,0.637559180149122
