RMSE,NDCG,F1,MAE
0.8138849110345104,0.8206589259153236,0.6776315789473685,0.6392822469869321
