RMSE,NDCG,F1,MAE
0.9117352204716783,0.9013952685471791,0.7349192863211554,0.7268392362747041
