RMSE,NDCG,F1,MAE
0.924879580508359,0.9013108439795688,0.7312186978297162,0.737290409121395
