RMSE,NDCG,F1,MAE
0.8509013878781237,0.7928168274361285,0.6624203821656051,0.6597389213328753
