RMSE,NDCG,F1,MAE
0.0739781926302352,0.10849401654344037,0.0687983156641111,0.07755148778851972
