RMSE,NDCG,F1,MAE
0.8103290932950216,0.8379001644790872,0.6819672131147541,0.6284359722244061
