RMSE,NDCG,F1,MAE
0.9096285407386328,0.8984462867176407,0.7447346251053075,0.7182710129721152
