RMSE,F1,MAE
0.809533022247246,0.6878980891719745,0.6269099799638091
