RMSE,F1,MAE
0.09138356990715579,0.05770566229344165,0.08293372231745466
