RMSE,NDCG,F1,MAE
0.09929944744361119,0.06054612223855349,0.06276741199055347,0.0898350407477091
