RMSE,NDCG,F1,MAE
0.9079093637734728,0.9023191623845692,0.7426655490360435,0.7189003805000977
