RMSE,F1,MAE
0.08616737718274425,0.056861461126973434,0.08067291491446837
