RMSE,NDCG,F1,MAE
0.09386769320760757,0.08117193416177204,0.06113688661566141,0.08684784364068343
