RMSE,NDCG,F1,MAE
0.8140416705658652,0.8211472282227972,0.6815286624203821,0.6320525368594143
