RMSE,NDCG,F1,MAE
0.9081463464025608,0.8987940673369619,0.7551020408163265,0.7124781096763285
