RMSE,F1,MAE
0.8134516321471701,0.691358024691358,0.6319416592562305
