RMSE,F1,MAE
0.08599776045705432,0.06431519769895977,0.07242000129555193
