RMSE,NDCG,F1,MAE
0.0941116954596235,0.0636430773323533,0.06938775510204076,0.07933184021022577
