RMSE,NDCG,F1,MAE
0.8140346509429373,0.8351509900046086,0.6857142857142857,0.6331462694661028
