RMSE,F1,MAE
0.8123348323442915,0.6896551724137931,0.6301069865162184
