RMSE,NDCG,F1,MAE
0.8131032148275524,0.8188825236340287,0.6838709677419355,0.6318510815652443
