RMSE,NDCG,F1,MAE
0.9082588642667256,0.9018926482545865,0.7426408746846089,0.7190864882810333
