RMSE,NDCG,F1,MAE
0.0951556494391732,0.08301012462055779,0.05876990694267348,0.087235406715789
