RMSE,NDCG,F1,MAE
0.09864219347574721,0.05921784090090987,0.055681056696579745,0.08924886165891255
