RMSE,F1,MAE
0.0907166297193539,0.05084585389660512,0.0822822037261528
