RMSE,NDCG,F1,MAE
0.8109735600173461,0.8379001644790872,0.6885245901639344,0.6289286675681263
