RMSE,NDCG,F1,MAE
0.9096157534930933,0.8971180053799971,0.7442056468605142,0.7181775292270388
