RMSE,F1,MAE
0.805516159359215,0.6822742474916388,0.6237068789909971
