RMSE,NDCG,F1,MAE
0.11062212442275088,0.06960410879902379,0.04621356867740267,0.09952017344321917
