RMSE,NDCG,F1,MAE
0.9164233465043886,0.8995068957031387,0.7220756376429199,0.7244054252647852
