RMSE,F1,MAE
0.9075576957774623,0.7234910277324633,0.7158106768511173
