RMSE,NDCG,F1,MAE
0.8058012220816377,0.8299027869041149,0.6758620689655173,0.6248852518215661
