RMSE,NDCG,F1,MAE
88.71160984404366,96.52307918577525,83.65445502221694,86.99984276181682
