RMSE,NDCG,F1,MAE
89.90308813044795,97.51730044199108,86.59368269921033,88.53699043569664
