RMSE,NDCG,F1,MAE
89.5846815190292,97.40595098247663,83.1392032991138,88.08063377032786
