RMSE,NDCG,F1,MAE
88.78965697480882,96.62371831929421,84.39761819208458,87.1452847331753
