RMSE,NDCG,F1,MAE
89.179605554616,97.58534775169254,85.9467937595187,87.69168430475993
