RMSE,NDCG,F1,MAE
88.79808075125288,97.70159102475235,85.36717062634989,87.2230936416988
