RMSE,NDCG,F1,MAE
89.5916376904205,97.46087030431633,82.9544616141329,88.07178526061537
