RMSE,NDCG,F1,MAE
90.08775630633288,98.24065930059551,83.87302835241512,88.53537981785819
