RMSE,NDCG,F1,MAE
0.002606355509116476,0.011487738657902424,0.007059951718668467,0.0063913805862471085
