RMSE,NDCG,F1,MAE
0.9344889809724863,0.8692768370151828,0.7130017974835231,0.7286006675200342
