RMSE,NDCG,F1,MAE
0.9318826254633699,0.8807645756730852,0.7059418457648546,0.7349920481062813
