RMSE,NDCG,F1,MAE
0.998260687707565,0.8618292195153587,0.6442698455703062,0.7897491294483509
