RMSE,NDCG,F1,MAE
0.0012988647192303526,0.008303837570979522,0.03207084843600294,0.008091361167102296
