RMSE,NDCG,F1,MAE
0.9995595524267954,0.8535253819443792,0.6763406940063091,0.7816577682812486
