RMSE,NDCG,F1,MAE
0.025632079928112006,0.00715534100514259,0.03188248671094085,0.037155668302420786
