RMSE,NDCG,F1,MAE
1.0388669611037538,0.8294648748846175,0.6804932735426009,0.8071372273114231
