RMSE,NDCG,F1,MAE
1.0644990410318658,0.8366202158897601,0.6486107868316601,0.8442928956138439
