RMSE,NDCG,F1,MAE
0.9256626041754566,0.8693602784220318,0.7246722288438617,0.7203716480146679
