RMSE,NDCG,F1,MAE
0.9266280367557611,0.8755205318431308,0.7020100502512563,0.7328512434503225
