RMSE,NDCG,F1,MAE
0.0009654325803044594,0.006160253421099049,0.022662178592605442,0.012479595435654578
