algorithm,georisk
SVD,0.7936459014834408
BIASEDMF,0.7897270115100475
NMF,0.7648159551122391
StochasticItemKNN,0.7672576616710299
BayesianRidge,0.758171813681096
Tweedie,0.7575643140523399
Ridge,0.7581212966671428
RandomForest,0.7597075543950399
Bagging,0.7557357768756399
AdaBoost,0.7584122895919135
GradientBoosting,0.760476189182288
LinearSVR,0.7582254903625977
