algorithm,georisk
SVD,0.8045800661921291
BIASEDMF,0.7998387073959452
NMF,0.771799876091966
StochasticItemKNN,0.773061476534333
BayesianRidge,0.7654014021000884
Tweedie,0.7658961070516904
Ridge,0.7652666985180047
RandomForest,0.766379424080576
Bagging,0.7617633240521924
AdaBoost,0.7650940577684516
GradientBoosting,0.766721619962723
LinearSVR,0.7642616980209074
