RMSE,NDCG,F1,MAE
96.59664920391403,97.79518365949195,98.96288670233413,97.03151600921525
