RMSE,NDCG,F1,MAE
97.3045034267692,98.26784035703274,96.9931461641862,96.4313334439273
