RMSE,NDCG,F1,MAE
99.29214854171853,95.41363427869406,98.76046168152726,99.1881813894224
