RMSE,NDCG,F1,MAE
96.8736125785607,97.799464450203,97.57861402274159,98.18790221794389
