RMSE,NDCG,F1,MAE
104.09093846794251,105.90178285799095,110.615973462618,103.1542762989385
