RMSE,NDCG,F1,MAE
103.10848693393156,104.85697553453741,108.60051385861102,103.1984135011027
