RMSE,NDCG,F1,MAE
104.23641876842747,105.532117085503,110.46492816147297,103.40092073048316
