RMSE,NDCG,F1,MAE
103.38513163238095,106.89344206618716,111.21872909698997,103.45130484218177
