RMSE,NDCG,F1,MAE
104.39677156614013,105.02997639998904,111.49649106243706,103.72352756140239
