RMSE,NDCG,F1,MAE
103.4601954018457,107.2809204386633,110.0217124022288,103.09758369601684
