RMSE,NDCG,F1,MAE
102.19630379260715,106.57031776139738,108.8427535691612,102.29859553615451
