RMSE,NDCG,F1,MAE
93.63952413007134,105.83795998089612,95.58324592685825,95.65156264377892
