RMSE,NDCG,F1,MAE
94.1561548335496,107.10487446447968,98.77862113877856,95.6516760327127
