RMSE,NDCG,F1,MAE
93.48936825253857,105.82310367472292,96.03951339979876,95.25846777695845
