RMSE,NDCG,F1,MAE
93.19767239372732,107.29800357336184,96.30337783573185,95.36710293803618
