RMSE,NDCG,F1,MAE
93.10567622057285,106.26352310252139,95.12095820966088,94.88772192255493
