RMSE,NDCG,F1,MAE
93.12567462464074,106.6940184046369,95.75988532548718,95.23835194990451
