RMSE,NDCG,F1,MAE
93.50031262639045,105.79046250781134,96.13955455959022,95.26646150811082
