RMSE,NDCG,F1,MAE
92.20655683584475,106.28065218395106,95.26704519513724,94.09553243014301
