RMSE,NDCG,F1,MAE
95.62451874632208,104.2135376139691,101.0280134683547,95.35387803608324
