RMSE,NDCG,F1,MAE
91.269275880911,101.4582840653057,97.16410293796021,91.07553426183411
