RMSE,NDCG,F1,MAE
94.91133773588844,102.917545243815,104.0743735950436,96.3044891851824
