RMSE,NDCG,F1,MAE
96.32824662884582,104.30447727611632,104.0205128205128,95.80256976468013
