RMSE,NDCG,F1,MAE
92.71957325185332,100.7186877737049,93.61285340264827,92.12920175281714
