RMSE,NDCG,F1,MAE
89.88335608597632,99.58306113456847,90.06211180124225,90.12401876999544
