RMSE,NDCG,F1,MAE
91.20273635633495,102.77831809035946,95.63694802235494,91.21370740866443
