RMSE,NDCG,F1,MAE
93.90897327174986,98.32180975694304,90.79971799901911,93.12693365708067
