RMSE,NDCG,F1,MAE
1.0991339880511315,0.7881746401042998,0.5863173216885007,0.8642660282921352
