RMSE,NDCG,F1,MAE
0.06140262026572274,0.03910696156357696,0.042076921020721025,0.057418333258711596
