RMSE,NDCG,F1,MAE
1.1605366083168542,0.7490676785407229,0.5442404006677797,0.9216843615508468
