RMSE,NDCG,F1,MAE
0.0509378124653832,0.01024343595769317,0.03908695191539824,0.04386789867063079
