RMSE,NDCG,F1,MAE
1.118834274525463,0.7925627465000298,0.5944641589779985,0.8766635503739552
