RMSE,NDCG,F1,MAE
1.1697720869908461,0.7823193105423366,0.5553772070626003,0.920531449044586
