RMSE,NDCG,F1,MAE
1.1057254620242454,0.7910950598495369,0.5976684674438442,0.8685526125999299
