RMSE,NDCG,F1,MAE
1.1690708706902249,0.7464911028119748,0.5472312703583062,0.9246683068506033
