RMSE,NDCG,F1,MAE
0.06334540866597949,0.044603957037562036,0.050437197085537955,0.05611569425067342
