RMSE,NDCG,F1,MAE
1.155575236472163,0.7573692228984159,0.5454545454545454,0.911477901673734
