RMSE,NDCG,F1,MAE
0.05627023943186016,0.03365873010094311,0.06342376290562823,0.05092815553173091
