RMSE,NDCG,F1,MAE
1.0993049970403028,0.791027952999359,0.6088783083601736,0.8605497461420031
