RMSE,NDCG,F1,MAE
1.1195182246929298,0.7910433689946035,0.612256190344446,0.8753897285537681
