RMSE,NDCG,F1,MAE
0.06655610054326,0.04455226618262864,0.057581071485491964,0.05901889525415782
