RMSE,NDCG,F1,MAE
1.1860743252361898,0.7464911028119748,0.554675118858954,0.9344086238079259
