RMSE,NDCG,F1,MAE
0.06339831855709477,0.017290117696440843,0.05503172079991492,0.05835086514000565
