RMSE,NDCG,F1,MAE
1.1053619894880862,0.7875152598905816,0.6107617051013278,0.8645559392715997
