RMSE,NDCG,F1,MAE
1.168760308045181,0.7702251421941407,0.5557299843014128,0.9229068044116053
