RMSE,NDCG,F1,MAE
0.06337521229179899,0.04443485768049937,0.050437197085537955,0.05612503599762142
