RMSE,NDCG,F1,MAE
1.1691779604907657,0.7464911028119748,0.5472312703583062,0.9247351475843361
