RMSE,NDCG,F1,MAE
1.1058027481989667,0.7909259604924742,0.5976684674438442,0.8686101115867146
