RMSE,NDCG,F1,MAE
0.05356747520684513,0.044564741096086324,0.05103566337929255,0.050452015549021456
