RMSE,NDCG,F1,MAE
1.100373324859803,0.7892874962984767,0.5760788412722114,0.8681630733286269
