RMSE,NDCG,F1,MAE
1.1539408000666482,0.7447227552023904,0.5250431778929189,0.9186150888776483
