RMSE,NDCG,F1,MAE
1.1164032695566453,0.8078661642379426,0.5957792207792207,0.8972108339552306
