RMSE,NDCG,F1,MAE
0.11116703761155167,0.06721752005394654,0.08114385614385622,0.1027250562716775
