RMSE,NDCG,F1,MAE
1.0052362319450936,0.8750836842918891,0.676923076923077,0.7944857776835531
