RMSE,NDCG,F1,MAE
1.0396321248241855,0.8735258311032077,0.6766169154228856,0.8119437266724089
