RMSE,NDCG,F1,MAE
1.1391931661457262,0.8133778491792367,0.5711947626841244,0.9121666971749345
