RMSE,NDCG,F1,MAE
0.09956104132154064,0.06014798192397097,0.10542215273876121,0.1002229705025256
