RMSE,NDCG,F1,MAE
1.0117669270877108,0.8672709473803651,0.6632124352331606,0.8035492479739619
