RMSE,NDCG,F1,MAE
1.1218169316401938,0.8104208699000424,0.591869918699187,0.8970649155096737
