RMSE,NDCG,F1,MAE
0.11005000455248304,0.05685007748032278,0.07134251653397361,0.09351566753571183
