RMSE,NDCG,F1,MAE
1.1150978187918554,0.8108565381467092,0.5885206143896524,0.8953503094303862
