RMSE,NDCG,F1,MAE
1.0047098811487416,0.8675705714153127,0.6802030456852792,0.7954350467763496
