RMSE,NDCG,F1,MAE
0.11038793764311383,0.05671403326860347,0.09168243129562681,0.09991526265403661
