RMSE,NDCG,F1,MAE
1.1305859546651846,0.8134144502781814,0.6045066045066045,0.8993684550301434
