RMSE,NDCG,F1,MAE
1.0288435940253804,0.8631247798836896,0.68,0.8153055302113806
