RMSE,NDCG,F1,MAE
0.10174236063980424,0.04971032960550825,0.07549339549339551,0.08406292481876276
