RMSE,NDCG,F1,MAE
1.0092151331437944,0.8702702110643293,0.6836734693877551,0.7990068015875189
