RMSE,NDCG,F1,MAE
1.1144682860854245,0.8112413455020483,0.5882352941176471,0.896441574754991
