RMSE,NDCG,F1,MAE
0.10525315294163007,0.05902886556228104,0.095438175270108,0.09743477316747207
