RMSE,NDCG,F1,MAE
1.0111811525073469,0.8670295555689617,0.6632124352331606,0.8033988575513764
