RMSE,NDCG,F1,MAE
0.11168445071271793,0.05603657204880663,0.07086092994430793,0.09411237611054502
