RMSE,NDCG,F1,MAE
1.1228656032200648,0.810992983520155,0.5923515052888527,0.8975112336619214
