RMSE,NDCG,F1,MAE
1.1097574220972448,0.8116319457222728,0.5743073047858942,0.8937371555916653
