RMSE,NDCG,F1,MAE
1.0185182756837112,0.8737656235478231,0.6631016042780749,0.8065288038671862
