RMSE,NDCG,F1,MAE
0.09123914641353359,0.06213367782555024,0.08879429949218065,0.08720835172447916
