RMSE,NDCG,F1,MAE
0.9081213316225829,0.8731545932214042,0.6584615384615384,0.7242555296227557
