RMSE,NDCG,F1,MAE
0.013693407113284706,0.028802039177249328,0.09253447747471655,0.013880136305137958
