RMSE,NDCG,F1,MAE
0.8944279245092982,0.9019566323986535,0.750996015936255,0.7103753933176178
