RMSE,NDCG,F1,MAE
0.9098981577631648,0.9001603283408515,0.7462102689486553,0.7201449079089923
