RMSE,NDCG,F1,MAE
0.9276737401912531,0.8678690588100523,0.6526315789473685,0.743331866197183
