RMSE,NDCG,F1,MAE
0.0177755824280883,0.032291269530799194,0.09357869000128682,0.02318695828819073
