RMSE,NDCG,F1,MAE
0.8917497558245934,0.9010490830315498,0.7619990103908956,0.7004643541755379
