RMSE,NDCG,F1,MAE
0.015268533763927006,0.028944788336345173,0.0993850286279776,0.01812772690645248
