RMSE,NDCG,F1,MAE
0.9070182895885204,0.8721042946952047,0.662613981762918,0.7185920810819904
