RMSE,NDCG,F1,MAE
0.9055529636346493,0.8732406836633959,0.6716417910447762,0.7184930515179013
