RMSE,NDCG,F1,MAE
0.014624572031452843,0.029932493087616585,0.0850084552606426,0.01658638512553179
