RMSE,NDCG,F1,MAE
0.8909283916031965,0.9031731767510125,0.7566502463054188,0.7019066663923695
