RMSE,NDCG,F1,MAE
0.909642812855177,0.870902789322482,0.6755162241887905,0.7185788019169056
