RMSE,NDCG,F1,MAE
0.8899128268716512,0.9016153006765517,0.7704839482510781,0.6949634474070199
