RMSE,NDCG,F1,MAE
0.019729985983525822,0.030712511354069716,0.0949677240622876,0.023615354509885722
