RMSE,NDCG,F1,MAE
0.8901570154584502,0.9046228248776016,0.7618110236220472,0.7012268111652749
