RMSE,NDCG,F1,MAE
0.9087376531919903,0.8677611887065981,0.6554878048780488,0.7212452564799459
