RMSE,NDCG,F1,MAE
0.01858063773354013,0.036861636171003465,0.10632321874399842,0.020018445314671007
