RMSE,NDCG,F1,MAE
0.015339558159969235,0.029130739695405028,0.0957326431731319,0.018378618467431718
