RMSE,NDCG,F1,MAE
0.8918097444963414,0.8999075477745818,0.7613861386138614,0.7004001949993511
