RMSE,NDCG,F1,MAE
0.9071493026563107,0.8707768080791768,0.6656534954407295,0.7187788134667829
