RMSE,NDCG,F1,MAE
0.8963273787499835,0.9024451890200721,0.7451181911613566,0.7051307457051192
