RMSE,NDCG,F1,MAE
0.0180995089227749,0.03309362376668323,0.11728647595100061,0.01816227701651807
