RMSE,NDCG,F1,MAE
0.9144268876727584,0.8693515652533889,0.627831715210356,0.7232930227216373
