RMSE,NDCG,F1,MAE
0.8936478364131715,0.8669201304551977,0.7326493663246831,0.7075975995433099
