RMSE,NDCG,F1,MAE
0.04150483145987138,0.02192343073243741,0.018076141144354962,0.03368278190512497
