RMSE,NDCG,F1,MAE
0.06321226691191273,0.020507578870456844,0.0038076213556271776,0.04581690765579327
