RMSE,NDCG,F1,MAE
0.8903402655767485,0.8618273787700772,0.738569753810082,0.6983060087241881
