RMSE,NDCG,F1,MAE
0.8957839635328853,0.8576601463844944,0.7309334960341671,0.707789973276903
