RMSE,NDCG,F1,MAE
0.930681443085434,0.8863623310361389,0.750991626267078,0.7348900025216221
