RMSE,NDCG,F1,MAE
0.03489747955254874,0.028702184651644536,0.02005813023291092,0.027100029244719104
