RMSE,NDCG,F1,MAE
0.05558109179662474,0.015088534462644465,0.026035050977952112,0.02780056743858228
