RMSE,NDCG,F1,MAE
0.9163001960013395,0.8787401836069967,0.7394293571674114,0.7212882598118097
