RMSE,NDCG,F1,MAE
0.8698641995915337,0.8691600144135996,0.6758053461274846,0.6901846368852691
