RMSE,NDCG,F1,MAE
0.04643599640980578,0.009580169193397103,0.06362401103992688,0.031103622926540564
