RMSE,NDCG,F1,MAE
0.9754291278638739,0.8686491259933429,0.702894690108329,0.7702200644331375
