RMSE,NDCG,F1,MAE
0.8881006042700321,0.8594212932162215,0.6533700137551581,0.7028134303244388
