RMSE,NDCG,F1,MAE
0.0873285235938418,0.009227832777121359,0.049524676353170816,0.06740663410869874
