RMSE,NDCG,F1,MAE
0.996783013953784,0.7961859730412489,0.631578947368421,0.7932425751081453
