RMSE,NDCG,F1,MAE
1.0528911837976076,0.8155774821811203,0.69625,0.8208779928491737
