RMSE,NDCG,F1,MAE
0.05610816984382361,0.01939150913987131,0.06467105263157902,0.0276354177410284
