RMSE,NDCG,F1,MAE
0.8732567360606328,0.8646410289515247,0.6735253772290809,0.6951341848798491
