RMSE,NDCG,F1,MAE
0.9120930542384831,0.878540151825735,0.7329662766689607,0.7195583798308149
