RMSE,NDCG,F1,MAE
0.03883631817785027,0.013899122874210246,0.059440899439879846,0.024424194950965816
