RMSE,NDCG,F1,MAE
96.3139479565094,99.47664466129683,100.96223958333334,96.0420412428277
