RMSE,NDCG,F1,MAE
90.25618219635686,98.53695474449981,97.70964360587003,92.09679050742594
