RMSE,NDCG,F1,MAE
97.03635956714794,98.87340769259468,107.61765145600425,99.60126346753381
