RMSE,NDCG,F1,MAE
97.78586899604986,98.4717735541561,100.2746383363472,97.72312766389913
