RMSE,NDCG,F1,MAE
109.93543146403917,105.8728001180392,115.32069038994246,111.63805047538318
