RMSE,NDCG,F1,MAE
109.03870773617848,106.50608962673105,114.71759228018085,110.184745659294
