RMSE,NDCG,F1,MAE
109.87135084345061,105.4438253807052,114.98290598290599,110.81843969107676
