RMSE,NDCG,F1,MAE
109.25713458795579,106.02190974464393,115.56276970584743,110.66529538060175
