RMSE,NDCG,F1,MAE
108.87377197318733,105.30645300079004,114.46416662391627,110.16496181482785
