RMSE,NDCG,F1,MAE
109.31123728526944,106.0128292290791,116.53273212630879,111.62959049643482
