RMSE,NDCG,F1,MAE
110.01255006564439,105.12619582936611,113.7875888853985,110.86217908530315
