RMSE,NDCG,F1,MAE
108.49564303467616,105.6107422266226,119.66535647148386,109.98138755433
