RMSE,NDCG,F1,MAE
0.07226851379040511,0.05967014964984996,0.022624590483808493,0.04125875234152798
