RMSE,NDCG,F1,MAE
1.0415134119795846,0.7262450583815698,0.5955473098330241,0.8547984382201185
