RMSE,NDCG,F1,MAE
1.1137819257699897,0.7859152080314198,0.5729227193492156,0.8960571905616465
