RMSE,NDCG,F1,MAE
1.0635694770510526,0.728093912745518,0.5844402277039848,0.8644253657492846
