RMSE,NDCG,F1,MAE
0.0701950205930093,0.058737178265741985,0.0165317501445833,0.043154684731374404
