RMSE,NDCG,F1,MAE
1.133764497644062,0.78683109101126,0.5679084775594015,0.907580050480659
