RMSE,NDCG,F1,MAE
1.1201911760167966,0.7897715062205138,0.5655419528217378,0.894748048210566
