RMSE,NDCG,F1,MAE
0.07056119653745463,0.052461871905664426,0.028536366184947926,0.04217581180496843
