RMSE,NDCG,F1,MAE
1.049629979479342,0.7373096343148494,0.5940783190066857,0.8525722364055975
