RMSE,NDCG,F1,MAE
1.117429594765113,0.7871572500966894,0.5729257641921397,0.895958191548636
