RMSE,NDCG,F1,MAE
0.07491681713247389,0.06486764454143268,0.024116749671076576,0.04285900625069006
