RMSE,NDCG,F1,MAE
1.042512777632639,0.7222896055552567,0.5970425138632163,0.8530991852979459
