RMSE,NDCG,F1,MAE
1.139506145478764,0.7897816616341617,0.5767333913548013,0.9061662081999334
