RMSE,NDCG,F1,MAE
0.07694903987605128,0.04982897858386948,0.032122697206084294,0.04667764470807367
