RMSE,NDCG,F1,MAE
1.0625571056027128,0.7399526830502923,0.6088560885608856,0.8594885634918598
