RMSE,NDCG,F1,MAE
0.07713442263506076,0.057186436811183294,0.02304585686217353,0.043984426324981896
