RMSE,NDCG,F1,MAE
1.1194052356696875,0.7851317830140774,0.5791439241597243,0.8969533599124685
