RMSE,NDCG,F1,MAE
1.0422708130346268,0.7279453462028941,0.6021897810218978,0.8529689335874866
