RMSE,NDCG,F1,MAE
1.050060949279187,0.7373096343148494,0.5946462715105163,0.8528700329879181
