RMSE,NDCG,F1,MAE
1.1203932080286472,0.7896817359149082,0.5647761194029851,0.8949046488075063
