RMSE,NDCG,F1,MAE
0.07033225874946014,0.052372101600058785,0.02987015210753119,0.04203461581958823
