RMSE,NDCG,F1,MAE
0.0856470239014504,0.04573612983026165,0.03742603819615131,0.05270635546822855
