RMSE,NDCG,F1,MAE
1.023167136573342,0.7447708093817808,0.5901960784313726,0.8348429466233585
