RMSE,NDCG,F1,MAE
1.1088141604747923,0.7905069392120424,0.5527700402352212,0.887549302091587
