RMSE,NDCG,F1,MAE
107.63846023792294,113.60819831370719,87.3868778280543,106.80718925000386
