RMSE,NDCG,F1,MAE
105.211649143535,106.0978565672217,90.30321530321531,104.53157260528343
