RMSE,NDCG,F1,MAE
108.60771948337269,114.52512824117966,93.05362504169909,108.79382183348206
