RMSE,NDCG,F1,MAE
108.62783500352968,115.98438122689288,90.95394736842107,108.17012842904256
