RMSE,NDCG,F1,MAE
108.7081317542089,118.42010424021554,90.57285751040105,109.08998199962616
