RMSE,NDCG,F1,MAE
107.38421116777597,119.12548555369736,89.25415676959621,106.71853852204391
