RMSE,NDCG,F1,MAE
108.59943133635662,113.9544653292783,93.22250639386189,108.77277796145444
