RMSE,NDCG,F1,MAE
108.28300978103194,116.50610247753129,87.90528022232515,108.13510507906581
