RMSE,NDCG,F1,MAE
88.68131159718236,98.06201832331054,80.94812642477204,86.86257302311199
