RMSE,NDCG,F1,MAE
89.69375674032386,98.01009569783658,84.16578054067317,88.93413415829404
