RMSE,NDCG,F1,MAE
89.18808269882894,96.94192833994508,80.76190939061829,87.76386633063439
