RMSE,NDCG,F1,MAE
88.46802269773517,97.78348844882898,83.39851850296351,86.87535267791964
