RMSE,NDCG,F1,MAE
88.97677382448823,97.58251411313508,82.43711890243901,87.49722266612385
