RMSE,NDCG,F1,MAE
88.54353995000673,98.38477536241604,83.14960965374742,86.96693306548454
