RMSE,NDCG,F1,MAE
89.2056350158386,96.3383206791953,81.28394188387658,87.76511131507566
