RMSE,NDCG,F1,MAE
89.54432357372367,97.71941082689294,80.54659136748688,88.13026710486899
