RMSE,NDCG,F1,MAE
0.90321091743229,0.8954754256929633,0.7372981488775109,0.7188501125073308
