RMSE,NDCG,F1,MAE
0.09002088813666176,0.09152653276392175,0.05359207858997095,0.08129093235820872
