RMSE,NDCG,F1,MAE
0.9167268170541063,0.897497484172255,0.7310077519379845,0.730028898604089
