RMSE,NDCG,F1,MAE
0.06709238283301111,0.12409513096092406,0.062277101783185795,0.07252619004504257
