RMSE,NDCG,F1,MAE
0.8496344342210952,0.7734023532113309,0.6687306501547987,0.6575027085590465
