RMSE,NDCG,F1,MAE
0.9009165921544018,0.8950623021467137,0.7456037514654161,0.7098437022812638
