RMSE,NDCG,F1,MAE
0.8994405630520806,0.8969146975864333,0.7441679626749611,0.7109502262417546
