RMSE,NDCG,F1,MAE
0.8132731858693364,0.8013044353105483,0.6873065015479877,0.6302773113272863
