RMSE,NDCG,F1,MAE
0.08616737718274425,0.09561026227588498,0.056861461126973434,0.08067291491446837
