RMSE,NDCG,F1,MAE
0.8994493926042244,0.8952951879134083,0.7556732223903178,0.7043616605517824
