RMSE,NDCG,F1,MAE
0.8999399644509559,0.8979537667543708,0.7433697347893916,0.7115313191978248
