RMSE,NDCG,F1,MAE
0.08760513210666443,0.10256205907999816,0.05371456237559846,0.08142433268160632
