RMSE,NDCG,F1,MAE
0.9008914325630993,0.8953251227665391,0.745113369820172,0.70972822706091
