RMSE,NDCG,F1,MAE
0.8101748028437454,0.8018389320676877,0.6942675159235668,0.6274460233347572
