RMSE,NDCG,F1,MAE
0.10204153641824731,0.09069302677896929,0.041216780240824535,0.09210379786012024
