algorithm,value
RandomForest,0.667357231208527
BIAS,0.6670478329678254
GradientBoosting,0.6667231069440089
AdaBoost,0.666643212027933
BIASEDMF,0.6662192053638328
