algorithm,value
SVD,0.6680917005968265
BIAS,0.6679761501981012
Ridge,0.6673153881188079
BayesianRidge,0.6672583558066536
LinearSVR,0.6669635855485674
