algorithm,value
AdaBoost,0.6741288349395843
RandomForest,0.6733714662801498
itemKNN,0.6730886415898318
GradientBoosting,0.6730681829945019
Tweedie,0.6728910834742492
