algorithm,value
BIAS,0.6682730945753829
RandomForest,0.6681724032261338
GradientBoosting,0.667871280404076
BayesianRidge,0.6676281117789762
Ridge,0.6675995569671017
