algorithm,value
Ridge,0.6738823668404018
BayesianRidge,0.6738245578425911
LinearSVR,0.673613800094017
Tweedie,0.6734667391991507
RandomForest,0.6733199726502404
