algorithm,value
Ridge,0.66917287014308
GradientBoosting,0.6683600045466312
BayesianRidge,0.6682494853448906
RandomForest,0.6681859028279159
BIAS,0.667998320349302
