algorithm,value
AdaBoost,0.6648924624165149
GradientBoosting,0.6647898658139907
itemKNN,0.6647391110135297
LinearSVR,0.6636849552982078
RandomForest,0.6636396130943876
