algorithm,value
RandomForest,0.67294725608097
BayesianRidge,0.6726064888616876
Ridge,0.6726016419498108
GradientBoosting,0.6724947810776424
LinearSVR,0.6723485166189276
