algorithm,value
itemKNN,0.6736556676452101
LinearSVR,0.6735854636754781
Tweedie,0.6731866228809585
BIASEDMF,0.6729481256805747
BayesianRidge,0.6728993000376536
