algorithm,value
BIAS,0.6702168778801282
SVD,0.6701405800604343
Tweedie,0.6698668124158814
Ridge,0.669720919308246
LinearSVR,0.6694990824029778
