algorithm,value
BayesianRidge,0.6683640015525332
LinearSVR,0.6682789163493819
BIASEDMF,0.6681722053399387
AdaBoost,0.6681274323410938
Tweedie,0.6681113121604162
