algorithm,value
LinearSVR,0.6747695261994571
BayesianRidge,0.6744378129551508
Ridge,0.6744378129551508
Tweedie,0.674096281238595
itemKNN,0.6738383416873936
