algorithm,value
RandomForest,0.6690367565012186
Tweedie,0.6689950138031492
BayesianRidge,0.668777414305792
AdaBoost,0.6686761138024284
Ridge,0.6686600718685133
