algorithm,value
Tweedie,0.6755938025451431
LinearSVR,0.6752210866618562
Ridge,0.6749882614704757
BayesianRidge,0.6749793863111754
BIAS,0.6744316351195684
