algorithm,value
LinearSVR,0.6710532981393241
Ridge,0.6705446779704933
RandomForest,0.6705293835302443
BayesianRidge,0.6702294445172573
Tweedie,0.670149920231294
