algorithm,value
Tweedie,0.6658541740862985
Ridge,0.6657429992578626
BayesianRidge,0.6655821053039659
GradientBoosting,0.6654037475673328
LinearSVR,0.6653416542467597
