algorithm,value
BayesianRidge,0.6711329705595003
Ridge,0.6707287263631988
Tweedie,0.6704060683722352
RandomForest,0.6703658254777758
userKNN,0.6700202528402032
