algorithm,value
Tweedie,0.6726748222733104
AdaBoost,0.6715564655098293
SVD,0.671524965937635
RandomForest,0.6714439190247301
BIAS,0.6713622131844018
