algorithm,value
Tweedie,0.6718144723345436
BIAS,0.6715252804734353
SVD,0.6713174297078931
LinearSVR,0.6712972235394918
RandomForest,0.6709043308023172
