algorithm,value
LinearSVR,0.6720662177421903
BayesianRidge,0.6720256398768993
Ridge,0.6719863370891811
Tweedie,0.6711996738557168
GradientBoosting,0.6710385787560418
