RMSE,NDCG,F1,MAE
1.1498274107856594,0.7428880811099794,0.5593869731800766,0.901805570566001
