RMSE,NDCG,F1,MAE
0.08679286589659418,0.06591185852724324,0.07460910634946694,0.06225966484982093
