RMSE,NDCG,F1,MAE
1.0630345448890652,0.8087999396372226,0.6339960795295435,0.83954590571618
