RMSE,NDCG,F1,MAE
1.1470137432315364,0.7557832762376212,0.6025408348457351,0.9055649241146712
