RMSE,NDCG,F1,MAE
0.07507683728277326,0.05487366154068529,0.04609304493568567,0.05539480823121978
