RMSE,NDCG,F1,MAE
1.0719369059487631,0.8106569377783065,0.6486338797814207,0.8501701158834514
