RMSE,NDCG,F1,MAE
1.1488800293491739,0.74911288024618,0.5940959409594095,0.9073676167092429
