RMSE,NDCG,F1,MAE
0.08567776426252971,0.06239560473286465,0.049233717254482445,0.061732710358790244
