RMSE,NDCG,F1,MAE
1.0632022650866442,0.8115084849790446,0.643329658213892,0.8456349063504527
