RMSE,NDCG,F1,MAE
1.0578715895825497,0.8110703109340704,0.649470540320391,0.8371075154375204
