RMSE,NDCG,F1,MAE
0.08430442494146151,0.08379320145566449,0.05714878529296863,0.05918533235965939
