RMSE,NDCG,F1,MAE
1.1421760145240112,0.727277109478406,0.5923217550274223,0.8962928477971798
