RMSE,NDCG,F1,MAE
0.08619557574496595,0.06204435315375956,0.04352893473402142,0.06724788760786404
