RMSE,NDCG,F1,MAE
1.1606233593809516,0.74911288024618,0.6064981949458483,0.9167155178942049
