RMSE,NDCG,F1,MAE
1.0744277836359857,0.8111572333999395,0.6500271296798698,0.8494676302863409
