RMSE,NDCG,F1,MAE
1.1506834202398497,0.746571073794813,0.6039783001808319,0.9031438244965714
