RMSE,NDCG,F1,MAE
0.08664988081563285,0.06266800451318699,0.05375421121021606,0.061218209928371015
