RMSE,NDCG,F1,MAE
1.0640335394242169,0.809239078308,0.6577325113910479,0.8419256145682004
