RMSE,NDCG,F1,MAE
1.1490570464517025,0.7488842145180205,0.5940959409594095,0.9075194038081583
