RMSE,NDCG,F1,MAE
0.08574748939096755,0.06262427046102415,0.049233717254482445,0.06182340135185094
