RMSE,NDCG,F1,MAE
1.063309557060735,0.8115084849790446,0.643329658213892,0.8456960024563074
