RMSE,NDCG,F1,MAE
0.06893898328307113,0.05727814240668749,0.06000629386103917,0.04912165308734007
