RMSE,NDCG,F1,MAE
1.1318362082776152,0.7527859134874753,0.5692007797270955,0.8973624273042408
