RMSE,NDCG,F1,MAE
1.062897224994544,0.8100640558941627,0.6292070735881347,0.8482407742169007
