RMSE,NDCG,F1,MAE
103.55611461340818,98.15625798724875,97.48052757425374,104.97674619365742
