RMSE,NDCG,F1,MAE
104.2376484944928,98.83298974644423,96.41770383899845,104.38780111154331
