RMSE,NDCG,F1,MAE
108.16290306978844,100.69432905176416,94.48134106529919,107.5967437706959
