RMSE,NDCG,F1,MAE
103.83786031268028,98.58125049126897,96.48494120392579,104.75931605476725
