RMSE,NDCG,F1,MAE
1.060360528186194,0.8170727650538739,0.6305189775367932,0.8273578260552069
