RMSE,NDCG,F1,MAE
1.0869537225877612,0.7953010358531294,0.5913773368943152,0.8633206407430634
