RMSE,NDCG,F1,MAE
0.026593194401567155,0.02177172920074455,0.03914164064247805,0.03596281468785645
