RMSE,NDCG,F1,MAE
0.03176193841232067,0.021842008574965766,0.030762987012986964,0.03755008901663237
