RMSE,NDCG,F1,MAE
1.0679284838753573,0.8224765819239792,0.6642857142857143,0.8393435847806517
