RMSE,NDCG,F1,MAE
1.099690422287678,0.8006345733490134,0.6335227272727273,0.8768936737972841
