RMSE,NDCG,F1,MAE
1.0869746257124275,0.7951775258527014,0.6180904522613065,0.8675895775647473
