RMSE,NDCG,F1,MAE
1.0570920203253908,0.8199647582170795,0.6623188405797101,0.8312318538303113
