RMSE,NDCG,F1,MAE
0.029882605387036687,0.024787232364378076,0.04422838831840359,0.03635772373443602
