RMSE,NDCG,F1,MAE
0.028389454333212605,0.022889456832988153,0.027403201802349897,0.03541186289327891
