RMSE,NDCG,F1,MAE
1.0542278737671353,0.8214746606168678,0.6604046242774566,0.8256471568351534
