RMSE,NDCG,F1,MAE
1.082617328100348,0.7985852037838796,0.6330014224751067,0.8610590197284324
