RMSE,NDCG,F1,MAE
0.03178309631216969,0.024322611025791918,0.041326825164021974,0.036344382838093714
