RMSE,NDCG,F1,MAE
1.0670204262141378,0.8193095614884566,0.6699787083037615,0.8363747792662927
