RMSE,NDCG,F1,MAE
1.0988035225263075,0.7949869504626647,0.6286518831397395,0.8727191621043864
