RMSE,NDCG,F1,MAE
0.02749601823365544,0.019555408472627822,0.032361558936617296,0.033768730042627815
