RMSE,NDCG,F1,MAE
1.0613042809376056,0.8200384832888943,0.6657183499288762,0.8313441878805249
