RMSE,NDCG,F1,MAE
1.088800299171261,0.8004830748162665,0.633356790992259,0.8651129179231527
