RMSE,NDCG,F1,MAE
1.0871078910551464,0.7952245493582898,0.6180904522613065,0.8676784837187723
