RMSE,NDCG,F1,MAE
1.0571614827593558,0.8199647582170795,0.6618392469225199,0.8312683556526098
