RMSE,NDCG,F1,MAE
0.02994640829579054,0.024740208858789692,0.0437487946612134,0.036410128066162506
