RMSE,NDCG,F1,MAE
1.057003654296304,0.8190197096312863,0.6419939577039275,0.8360254166993388
