RMSE,NDCG,F1,MAE
0.027323242150810945,0.017845311998533453,0.03536946942703878,0.031316312685451986
