RMSE,NDCG,F1,MAE
1.0843268964471149,0.8011743976327529,0.6066244882768888,0.8673417293847908
