RMSE,NDCG,F1,MAE
101.07514255948615,95.42110450012125,94.79448439664841,100.71485619811666
