RMSE,NDCG,F1,MAE
100.73961877602811,97.82633817531273,93.92814895237478,100.84150112778924
