RMSE,NDCG,F1,MAE
102.19075384495034,96.36549160535111,90.21609186164494,101.59797108958615
