RMSE,NDCG,F1,MAE
100.58579627135806,94.24851395252254,94.45923559342091,100.23249517685748
