RMSE,NDCG,F1,MAE
102.29843988514666,96.26534635336262,92.22384437216638,101.82637745469303
