RMSE,NDCG,F1,MAE
100.93274831234802,95.26656468972409,92.94221209610605,100.45406199221061
