RMSE,NDCG,F1,MAE
102.19272573992555,96.49675586127861,90.16184285872153,101.603551122497
