RMSE,NDCG,F1,MAE
101.73046045793251,95.33795716705662,87.76149717104308,101.40334002033937
