RMSE,NDCG,F1,MAE
0.9543406129804043,0.8770059194624129,0.6978094484032726,0.7502397539085804
