RMSE,NDCG,F1,MAE
0.058665282591253254,0.010143822861237828,0.03336152465884945,0.04606645363459949
