RMSE,NDCG,F1,MAE
0.895675330389151,0.8668620966011751,0.7311709730621221,0.704173300273981
