RMSE,NDCG,F1,MAE
1.0380760544688057,0.8664063034889733,0.6481012658227848,0.8192120789228463
