RMSE,NDCG,F1,MAE
0.12008689158464847,0.0003213416391221191,0.051729146839736395,0.09122741347476848
