RMSE,NDCG,F1,MAE
0.9179891628841572,0.8667276451280954,0.6998304126625212,0.7279846654480778
