RMSE,NDCG,F1,MAE
1.0140985266289473,0.802470444369595,0.6669945892769307,0.7970666348010123
