RMSE,NDCG,F1,MAE
1.089280192267293,0.8374272616106317,0.6457664774129844,0.8614522413900498
