RMSE,NDCG,F1,MAE
0.07518166563834572,0.03495681724103672,0.021228111863946242,0.06438560658903758
