RMSE,NDCG,F1,MAE
0.8973643053443228,0.8667637959954101,0.7175234936428966,0.7045780038714498
