RMSE,NDCG,F1,MAE
0.04654453255312363,0.012558529895944082,0.013598357172920017,0.03971895430677497
