RMSE,NDCG,F1,MAE
0.9439088378974464,0.8793223258913542,0.7039251364699766,0.7442969581782247
