RMSE,NDCG,F1,MAE
100.57217582793633,101.37517564612561,92.58629346722932,100.71233086101799
