RMSE,NDCG,F1,MAE
100.58859781937444,100.29549298496141,91.69313984168865,101.30825600193587
