RMSE,NDCG,F1,MAE
100.59141858409461,101.8934852308883,93.15237203803143,101.5259517315292
