RMSE,NDCG,F1,MAE
100.18006134017389,101.59304078979467,92.56581109082009,100.76665582945954
