RMSE,NDCG,F1,MAE
100.48480385326309,102.19804929084874,93.28759813796425,101.47201029094705
