RMSE,NDCG,F1,MAE
100.34648886552972,101.51884589736828,92.54394607207674,101.00315411153309
