RMSE,NDCG,F1,MAE
100.59957747237395,101.86445952309882,93.17328166138452,101.53432985822073
