RMSE,NDCG,F1,MAE
100.2467539724454,101.59736797208242,91.56427950153555,101.4055672176234
