RMSE,NDCG,F1,MAE
112.53955579556147,118.00777401382238,99.54992178968803,109.87537472779871
