RMSE,NDCG,F1,MAE
113.46095572981034,110.13044535586106,98.88072040904582,111.34738514292675
