RMSE,NDCG,F1,MAE
111.76504247368912,112.43229074585797,97.72759276209251,110.25446728654578
