RMSE,NDCG,F1,MAE
112.87463064651347,110.76067178624496,97.19414265470006,110.34554979709088
