RMSE,NDCG,F1,MAE
112.01411425265681,112.18982605988572,97.09546539379475,111.03322253620705
