RMSE,NDCG,F1,MAE
113.31397252947912,112.1216336771048,97.97860516810223,111.03023536789789
