RMSE,NDCG,F1,MAE
111.72336307120561,112.28035713714173,97.82401860596237,110.25416660067992
