RMSE,NDCG,F1,MAE
112.26676412910325,113.36177839532604,94.73373682006775,109.27024332422069
