algorithm,value
itemKNN,0.5861054241034758
BIASEDMF,0.5807923167251152
LinearSVR,0.5780471238965477
Bagging,0.5738743725450031
GradientBoosting,0.5710403602953212
