algorithm,value
GradientBoosting,0.5669845617155297
LinearSVR,0.5645400974806913
itemKNN,0.5634550991693349
RandomForest,0.5617308287872554
BIASEDMF,0.5600424591149387
