algorithm,value
itemKNN,0.5718148801835379
LinearSVR,0.554658153735195
BIASEDMF,0.5535131495987009
Ridge,0.553272510885641
Bagging,0.551497440800107
