algorithm,value
itemKNN,0.593310227469743
userKNN,0.592643627561891
LinearSVR,0.5912216271062364
BIASEDMF,0.5910271464556869
Ridge,0.5855872719549076
