algorithm,value
AdaBoost,0.5874900521762277
RandomForest,0.5841293205863299
GradientBoosting,0.5808960632452433
LinearSVR,0.5791298458007169
BIASEDMF,0.5681598112371384
