algorithm,value
LinearSVR,0.5903665130226464
AdaBoost,0.588406856371267
RandomForest,0.5853680311776214
Ridge,0.5848789935910435
BayesianRidge,0.5826403676717113
