algorithm,value
BIASEDMF,0.5999592173192365
LinearSVR,0.5978287949105419
userKNN,0.5977444761005484
itemKNN,0.5972200022116784
SVD,0.5968688149729082
