algorithm,value
itemKNN,0.5981726823737749
AdaBoost,0.5866438907861398
RandomForest,0.5839765015658543
GradientBoosting,0.5836090293454234
LinearSVR,0.5831999284005122
