algorithm,value
BIASEDMF,0.6035407573861319
itemKNN,0.5973572108202326
SVD,0.5908007579294919
LinearSVR,0.5895291265013523
userKNN,0.5892944678658227
