algorithm,value
BIASEDMF,0.6005881642674729
itemKNN,0.5952454687946519
GradientBoosting,0.5915506421069839
RandomForest,0.5905715662890708
LinearSVR,0.5892112771757604
