algorithm,value
itemKNN,0.5991421122177943
userKNN,0.5978017629238938
BIASEDMF,0.5972085222331638
LinearSVR,0.5936043546108255
SVD,0.5931556755192132
