algorithm,value
itemKNN,0.5737668050980328
GradientBoosting,0.5695766122665245
userKNN,0.5692407488537892
BIASEDMF,0.5684115576447292
LinearSVR,0.5681948219398396
