algorithm,value
LinearSVR,0.5600679790855905
itemKNN,0.5589905812792519
GradientBoosting,0.5539573374395
SVD,0.5527000545460162
BIAS,0.5525004582783059
