algorithm,value
userKNN,0.593319379991861
BIASEDMF,0.5901709943262459
itemKNN,0.5899505460607165
LinearSVR,0.5849596077232957
SVD,0.579958649368684
