algorithm,value
AdaBoost,0.5809180649661959
itemKNN,0.578353306007864
GradientBoosting,0.5713452336712526
Bagging,0.5697335506123808
BIASEDMF,0.5694836816513653
