algorithm,value
itemKNN,0.5985269537964507
BIASEDMF,0.5960899698808186
userKNN,0.5919192772434486
SVD,0.5897804447336129
BIAS,0.5889114169926273
