algorithm,value
BIASEDMF,0.5595529058161387
LinearSVR,0.5556473455037567
userKNN,0.5546472064752505
itemKNN,0.5528439053939217
GradientBoosting,0.5516877461989287
