algorithm,value
itemKNN,0.5762246466597829
BIASEDMF,0.5604577991107734
AdaBoost,0.5580614426866811
GradientBoosting,0.5544074909483713
RandomForest,0.5541752161108254
