algorithm,value
itemKNN,0.5857843732072299
BIASEDMF,0.5684076920040966
LinearSVR,0.5565496337172683
BIAS,0.55433890619635
SVD,0.5512739572933886
