algorithm,value
AdaBoost,0.5744802499140191
RandomForest,0.5701655039329752
itemKNN,0.5688959437945865
GradientBoosting,0.5681850599558206
LinearSVR,0.5653705632683644
