RMSE,NDCG,F1,MAE
0.0672417037546138,0.02774898603886966,0.05063833765428305,0.04965435845595778
