RMSE,NDCG,F1,MAE
0.962541891568441,0.8630415112737947,0.6810933940774487,0.753112732295409
