RMSE,NDCG,F1,MAE
0.9514366885219716,0.8596488574605975,0.6758620689655173,0.7430792283526814
