RMSE,NDCG,F1,MAE
0.8953001878138273,0.8907904973126644,0.7317317317317318,0.7034583738394512
