RMSE,NDCG,F1,MAE
0.8859637958901666,0.8982391563522162,0.7482376636455186,0.6995038233893699
