RMSE,NDCG,F1,MAE
0.065472892631805,0.03859029889161869,0.07237559468000132,0.04357540496331147
