RMSE,NDCG,F1,MAE
0.9850398239757202,0.8602770369873608,0.6972677595628415,0.7697074498861876
