RMSE,NDCG,F1,MAE
0.06139171809924704,0.03248545155022653,0.02776913173081319,0.05047764455686243
