RMSE,NDCG,F1,MAE
0.9236481058764732,0.8927624885375873,0.7250368912936547,0.7192298053293251
