RMSE,NDCG,F1,MAE
0.8877350133082486,0.8969486478842966,0.743810005053057,0.7005046066145393
