RMSE,NDCG,F1,MAE
0.9499890261439217,0.8650936299776582,0.6727480045610034,0.7429642595333041
