RMSE,NDCG,F1,MAE
0.06225401283567311,0.03185501790663847,0.07106200049205369,0.042459652918764856
