RMSE,NDCG,F1,MAE
0.06308143133810273,0.03501031865189608,0.031230040154184957,0.049183100442316774
