RMSE,NDCG,F1,MAE
1.0106971168388592,0.8430717254969388,0.6846846846846847,0.7917001599755842
