RMSE,NDCG,F1,MAE
0.9476156855007565,0.8780820441488348,0.7159147248388696,0.7425170595332674
