RMSE,NDCG,F1,MAE
1.0179903647353976,0.8038330591377177,0.5586734693877551,0.8183310117174816
