RMSE,NDCG,F1,MAE
0.07025277365852522,0.000589331943514626,0.04306710251444135,0.058679132183030336
