RMSE,NDCG,F1,MAE
1.0882431383939228,0.8044223910812324,0.6017405719021964,0.8770101439005119
