RMSE,NDCG,F1,MAE
1.1124296209280917,0.8093215125516383,0.5977198697068404,0.8875089253672811
