RMSE,NDCG,F1,MAE
0.06651900581077252,0.010235093241630522,0.04188230625506384,0.049462745474625924
