RMSE,NDCG,F1,MAE
1.0459106151173192,0.7990864193100078,0.5558375634517766,0.8380461798926552
