RMSE,NDCG,F1,MAE
1.097632758763659,0.8037576862090663,0.6014219991635299,0.8784834932241928
