RMSE,NDCG,F1,MAE
0.07633650607096776,0.003395468667350743,0.040478355651079045,0.06367432161065856
