RMSE,NDCG,F1,MAE
1.0212962526926912,0.8003622175417155,0.5609436435124509,0.8148091716135343
