RMSE,NDCG,F1,MAE
1.0213473065131806,0.810262047989845,0.568922305764411,0.8201016488458541
