RMSE,NDCG,F1,MAE
1.0969191738116393,0.8078565170132898,0.6089430894308943,0.8805411314654996
