RMSE,NDCG,F1,MAE
0.07557186729845866,0.00240553097655527,0.040020783666483206,0.06043948261964549
