RMSE,NDCG,F1,MAE
1.027496208187612,0.8006658857874884,0.5728643216080402,0.8190174690067473
