RMSE,NDCG,F1,MAE
1.1025802617555411,0.8037350192393511,0.6161900926298832,0.879763374258571
