RMSE,NDCG,F1,MAE
0.07508405356792913,0.00306913345186266,0.043325771021842985,0.06074590525182366
