RMSE,NDCG,F1,MAE
0.0736655865174558,0.005075553343925621,0.037800111922119184,0.058851635220477205
