RMSE,NDCG,F1,MAE
1.0911763323569121,0.806633633645938,0.6145791381393476,0.8752092714034694
