RMSE,NDCG,F1,MAE
1.0175107458394563,0.8015580803020124,0.5767790262172284,0.8163576361829922
