RMSE,NDCG,F1,MAE
1.0978054389742107,0.8048892037954313,0.6023391812865497,0.878594489251982
