RMSE,NDCG,F1,MAE
1.0214137873771356,0.8006561144516418,0.5552631578947368,0.8148297142919924
