RMSE,NDCG,F1,MAE
0.07639165159707506,0.00423308934378952,0.04707602339181294,0.06376477495998967
