RMSE,NDCG,F1,MAE
0.06814829933199529,0.0041580812411846635,0.04071598270544663,0.058461671779108326
