RMSE,NDCG,F1,MAE
1.0277509972316887,0.8030842350547971,0.5414965986394558,0.8213630534200381
