RMSE,NDCG,F1,MAE
1.095899296563684,0.8072423162959818,0.5822125813449024,0.8798247251991465
