RMSE,NDCG,F1,MAE
1.1517494064231797,0.7400436558038711,0.5590551181102362,0.9037728469576524
