RMSE,NDCG,F1,MAE
1.063405513443492,0.8096296172399778,0.6160508083140878,0.8429440087403443
