RMSE,NDCG,F1,MAE
0.08834389297968759,0.06958596143610674,0.056995690203851535,0.06082883821730811
