RMSE,NDCG,F1,MAE
1.0690106204308458,0.8099036409918248,0.6403292181069958,0.8505659946693367
