RMSE,NDCG,F1,MAE
0.08431135883028196,0.0658236205624364,0.06462828352755656,0.06144874777255416
