RMSE,NDCG,F1,MAE
1.1533219792611278,0.7440800204293884,0.5757009345794393,0.9120147424418908
