RMSE,NDCG,F1,MAE
0.08340431123783465,0.06708974695441206,0.059078498819972514,0.060555816982623134
