RMSE,NDCG,F1,MAE
1.0637428767820831,0.8115231082137448,0.6390041493775933,0.845710188560347
