RMSE,NDCG,F1,MAE
1.1471471880199178,0.7444333612593328,0.5799256505576208,0.9062660055429701
