RMSE,NDCG,F1,MAE
1.058443422911608,0.813588503712323,0.6502035278154681,0.8393228842420905
