RMSE,NDCG,F1,MAE
0.08546701951128832,0.05914592169818167,0.05422546565824693,0.05968099016261652
