RMSE,NDCG,F1,MAE
1.1439104424228963,0.7544425820141414,0.5959780621572212,0.899003874404707
