RMSE,NDCG,F1,MAE
1.0784193336381978,0.8113186347165056,0.6498781478472786,0.8518658786308976
