RMSE,NDCG,F1,MAE
1.1625057604789588,0.7476085890009044,0.5884476534296029,0.918660267072289
