RMSE,NDCG,F1,MAE
0.08408642684076106,0.06371004571560113,0.061430494417675674,0.0667943884413914
