RMSE,NDCG,F1,MAE
1.0630212986414713,0.8142091517055294,0.652197504069452,0.8433111638564551
