RMSE,NDCG,F1,MAE
1.1524853680833713,0.7516516770254166,0.604735883424408,0.9060779928818306
