RMSE,NDCG,F1,MAE
0.0894640694419,0.06255747468011286,0.047461620645044,0.06276682902537545
