RMSE,NDCG,F1,MAE
1.147282407148568,0.7432417042058928,0.5799256505576208,0.9063694577542063
