RMSE,NDCG,F1,MAE
1.0638530477399757,0.8115488629501476,0.6393805309734514,0.8457663723499562
