RMSE,NDCG,F1,MAE
0.08342935940859242,0.06830715874425486,0.05945488041583058,0.06060308540425008
