RMSE,NDCG,F1,MAE
1.0643630019427643,0.8083659441689556,0.6281133695963356,0.8490961791740109
