RMSE,NDCG,F1,MAE
1.1346218580727738,0.7521178695505362,0.5568627450980392,0.9006912293699253
