RMSE,NDCG,F1,MAE
0.07025885613000948,0.05624807461841941,0.07125062449829633,0.05159505019591437
