RMSE,NDCG,F1,MAE
115.9810342229665,109.89818464901404,103.29058811074057,117.27509107204315
