RMSE,NDCG,F1,MAE
115.86340121416912,112.5134136399871,105.65757493923844,115.97845263131748
