RMSE,NDCG,F1,MAE
115.18671627785942,110.34896658366844,104.26790281329923,116.95283024689299
