RMSE,NDCG,F1,MAE
116.43561147537528,108.55981552845087,106.46728016359918,116.98180181332009
