RMSE,NDCG,F1,MAE
115.20606062255906,110.61901358503567,106.09898008077212,117.08140763525763
