RMSE,NDCG,F1,MAE
116.20777326009211,110.63740718814516,104.55165984084174,117.14690173543426
