RMSE,NDCG,F1,MAE
115.17418667954347,110.64634554792654,104.09207161125317,116.95928979145975
