RMSE,NDCG,F1,MAE
115.25736253892987,110.77683273546286,105.00255232261357,117.23440802331757
