RMSE,NDCG,F1,MAE
100.22730460314521,97.95846134400128,94.77085506625642,98.3397199480472
