RMSE,NDCG,F1,MAE
100.69062619169082,98.9469560345467,96.6578934888794,98.70578145871241
