RMSE,NDCG,F1,MAE
103.93168039656591,98.01444439900385,106.50346883985797,105.44687325504935
