RMSE,NDCG,F1,MAE
101.64537105129516,98.99404837833832,95.54275905118602,100.23623969560506
