RMSE,NDCG,F1,MAE
0.03664554621752636,0.02563624281556931,0.10207677312940477,0.010589917418872274
