RMSE,NDCG,F1,MAE
1.1541608343042105,0.7887713812043071,0.49122807017543857,0.9091313307802895
