RMSE,NDCG,F1,MAE
1.117515288086684,0.7631351383887378,0.5933048433048433,0.8985414133614172
