RMSE,NDCG,F1,MAE
0.03201642902736457,0.03281910134202737,0.08661805660148902,0.01003554460318079
