RMSE,NDCG,F1,MAE
1.162121997089539,0.7948121128322998,0.533724340175953,0.9151541203762033
