RMSE,NDCG,F1,MAE
1.1301055680621743,0.7619930114902724,0.6203423967774421,0.9051185757730225
