RMSE,NDCG,F1,MAE
1.157976109418178,0.7820383556710464,0.5227272727272727,0.9105472001920082
