RMSE,NDCG,F1,MAE
0.0350166740521165,0.019651650192777037,0.09386542102486117,0.012800634402418964
