RMSE,NDCG,F1,MAE
1.1229594353660615,0.7623867054782694,0.6165926937521339,0.8977465657895892
