RMSE,NDCG,F1,MAE
0.03598997740022791,0.026567782879747925,0.10269467178656277,0.012815806370027771
