RMSE,NDCG,F1,MAE
1.1513594378545773,0.7874790670660565,0.5325443786982249,0.9048938738811132
