RMSE,NDCG,F1,MAE
1.1153694604543494,0.7609112841863086,0.6352390504847877,0.8920780675110854
