RMSE,NDCG,F1,MAE
1.142993828371612,0.7627502321333692,0.6402359108781127,0.9071721755859279
