RMSE,NDCG,F1,MAE
1.184426588222827,0.7810717838477002,0.5459811730629979,0.9267189410248448
