RMSE,NDCG,F1,MAE
0.041432759851215195,0.01832155171433092,0.09425473781511484,0.01954676543891687
