RMSE,NDCG,F1,MAE
1.1210868039147002,0.761648716268432,0.6365748423498174,0.89535978954267
