RMSE,NDCG,F1,MAE
0.03458023209932093,0.026075958302576918,0.09284306392416142,0.011312184325752317
