RMSE,NDCG,F1,MAE
1.155667036014021,0.7877246745710089,0.543731778425656,0.9066719738684224
