RMSE,NDCG,F1,MAE
1.1582362313490486,0.7820383556710464,0.5227272727272727,0.9107628039751678
