RMSE,NDCG,F1,MAE
1.1232756527948629,0.7625264275086701,0.6165926937521339,0.8979666279779764
