RMSE,NDCG,F1,MAE
0.03496057855418577,0.019511928162376346,0.09386542102486117,0.012796175997191406
