RMSE,NDCG,F1,MAE
1.1569333882859834,0.787114523916066,0.49920760697305866,0.9095105944036703
