RMSE,NDCG,F1,MAE
1.1122570405689725,0.7646913186925486,0.5973749556580348,0.8934767395767685
