RMSE,NDCG,F1,MAE
0.0446763477170109,0.022423205223517373,0.09816734868497612,0.016033854826901783
