RMSE,NDCG,F1,MAE
100.02810733405434,96.47922560501199,94.84420353378917,101.76280425378887
