RMSE,NDCG,F1,MAE
104.12504328852327,97.191045988085,97.0520456544009,104.91862219280902
