RMSE,NDCG,F1,MAE
104.36809016260776,99.1538117542015,94.78333777100481,104.44328067030601
