RMSE,NDCG,F1,MAE
100.12707416595529,97.2042708708734,94.16655883592891,102.02879336664752
