RMSE,NDCG,F1,MAE
0.0026268869717518406,0.010210033373191041,0.005059490293081947,0.007217718258097139
