RMSE,NDCG,F1,MAE
0.9314713241422331,0.8794551629557877,0.7057041898031298,0.7339580753493499
