RMSE,NDCG,F1,MAE
0.9340982111139849,0.8692451295825967,0.7107636800962117,0.7267403570912527
