RMSE,NDCG,F1,MAE
0.03326522448874114,0.00651958180030332,0.010650906629198764,0.026888593090744983
