RMSE,NDCG,F1,MAE
0.9659518945840955,0.8740714030644391,0.6623122142390594,0.7637795848482628
