RMSE,NDCG,F1,MAE
0.9992171190728366,0.8675518212641358,0.6516613076098606,0.7906681779390078
