RMSE,NDCG,F1,MAE
1.0696976850134587,0.8249395321248357,0.6415094339622641,0.8470410766452182
