RMSE,NDCG,F1,MAE
0.02429523883257545,0.014392637586865487,0.03831018272319242,0.03347514356147607
