RMSE,NDCG,F1,MAE
1.0454024461808833,0.8105468945379702,0.6798196166854565,0.8135659330837421
