RMSE,NDCG,F1,MAE
0.9272860952234828,0.8758459968129122,0.701181201306861,0.7336518207513061
