RMSE,NDCG,F1,MAE
4.193176034916757e-05,0.006168781820499847,0.019152728329394186,0.012974309268275142
