RMSE,NDCG,F1,MAE
0.927328026983832,0.8696772149924124,0.7203339296362552,0.7206775114830309
