RMSE,NDCG,F1,MAE
0.06336082975937485,0.008633967217267946,0.05660476732204889,0.05846743243672192
