RMSE,NDCG,F1,MAE
1.0535889931111697,0.794052257154672,0.6715686274509803,0.8249257064582262
