RMSE,NDCG,F1,MAE
1.1169498228705446,0.8026862243719399,0.6149638601289314,0.8833931388949481
