RMSE,NDCG,F1,MAE
1.0640971559078165,0.8053895780971553,0.6726677577741408,0.8275242844914213
