RMSE,NDCG,F1,MAE
0.05994604641539425,0.0008198891542025022,0.05518141897632656,0.06188283925701732
