RMSE,NDCG,F1,MAE
1.1240432023232108,0.8062094672513578,0.6174863387978142,0.8894071237484387
