RMSE,NDCG,F1,MAE
0.06486188758318501,0.006554351115800383,0.055893614335529196,0.054382717835608
