RMSE,NDCG,F1,MAE
1.1188491181399924,0.8041948923445175,0.6195377743251117,0.8797925849594871
