RMSE,NDCG,F1,MAE
1.0539872305568074,0.7976405412287171,0.6754313886606409,0.8254098671238791
