RMSE,NDCG,F1,MAE
1.0540318044692156,0.7970236667258402,0.6765188834154351,0.82342054895342
