RMSE,NDCG,F1,MAE
0.06306461566734245,0.009323732544751606,0.060684250030099696,0.05845018082515374
