RMSE,NDCG,F1,MAE
1.117096420136558,0.8063473992705918,0.6158346333853354,0.8818707297785737
