RMSE,NDCG,F1,MAE
1.0611913821864298,0.7954735016215425,0.6795803066989508,0.8292900784636971
