RMSE,NDCG,F1,MAE
0.060842956129997905,0.009242503437600358,0.049703998421120166,0.0507621760557081
