RMSE,NDCG,F1,MAE
1.1220343383164277,0.8047160050591429,0.6298763082778306,0.8800522545194052
