RMSE,NDCG,F1,MAE
1.0604231074930226,0.8056600794032854,0.6704918032786885,0.8287450672141933
