RMSE,NDCG,F1,MAE
0.059544929966069526,0.0013654169657262294,0.0552279225645429,0.05552591631798587
