RMSE,NDCG,F1,MAE
1.1199680374590921,0.8070254963690117,0.6152638807141456,0.8842709835321791
