RMSE,NDCG,F1,MAE
0.06486003923560846,0.006393580678696553,0.05562556341792246,0.05434837313904439
