RMSE,NDCG,F1,MAE
1.0541053757029133,0.7976405412287171,0.6754313886606409,0.8255057441454191
