RMSE,NDCG,F1,MAE
1.1189654149385218,0.8040341219074136,0.6198058252427184,0.8798541172844635
