RMSE,NDCG,F1,MAE
1.1096571672845543,0.8048505930839303,0.6053793657165797,0.8794594255908802
