RMSE,NDCG,F1,MAE
0.05886973071483714,0.00848768652545362,0.06184471455097884,0.050587336401670124
