RMSE,NDCG,F1,MAE
1.0507874365697172,0.7963629065584766,0.6672240802675585,0.8288720891892101
