RMSE,NDCG,F1,MAE
87.315618446187,97.08775755193612,97.08102291868285,87.93866116022578
