RMSE,NDCG,F1,MAE
87.97390263797678,94.63097822704997,98.30633284241532,88.0993687106005
