RMSE,NDCG,F1,MAE
90.18089912154471,96.32783544819947,98.11573636076947,89.50713388403776
