RMSE,NDCG,F1,MAE
86.70929778562055,96.60716446860303,96.09020241668588,87.57225413729795
