RMSE,NDCG,F1,MAE
107.5416696355818,114.06329695591579,87.93064477320284,107.00782813689733
