RMSE,NDCG,F1,MAE
109.44649837209997,118.52857738159818,92.5925925925926,109.17583375910964
