RMSE,NDCG,F1,MAE
108.95973166368631,112.9939731392853,92.34068627450979,109.05229810699375
