RMSE,NDCG,F1,MAE
108.56918149917185,113.2913039109417,90.88918558077438,108.28048716377374
