RMSE,NDCG,F1,MAE
109.17056911457392,112.88724959007273,91.68399168399168,109.45424798850371
