RMSE,NDCG,F1,MAE
107.76879348026338,113.77198647309585,89.95437413211664,107.31671795346102
