RMSE,NDCG,F1,MAE
108.95540670184126,113.20037088421589,92.00943185623396,109.02123455166499
