RMSE,NDCG,F1,MAE
108.62332299428716,113.57471004377577,89.90625140848245,108.52766325533361
