RMSE,NDCG,F1,MAE
0.006245462685348091,0.014169653794813275,0.0302998858059228,0.02105933293817719
