RMSE,NDCG,F1,MAE
1.1123060674191882,0.7906969737664868,0.6362722091853839,0.8828032831535364
