RMSE,NDCG,F1,MAE
1.1060606047338402,0.8048666275613001,0.605972323379461,0.8617439502153592
