RMSE,NDCG,F1,MAE
1.1134186026303559,0.8062405248440079,0.6091954022988506,0.8678208861257575
