RMSE,NDCG,F1,MAE
1.120444954338271,0.7857606742139938,0.6367265469061876,0.890290393274658
