RMSE,NDCG,F1,MAE
0.007026351707915213,0.020479850630014118,0.027531144607336966,0.022469507148900503
