RMSE,NDCG,F1,MAE
1.1153312241657118,0.7917523354339353,0.6335903452899765,0.8870813850949985
