RMSE,NDCG,F1,MAE
1.1120234321894737,0.8123799519799956,0.6103423160961399,0.8692047051093519
