RMSE,NDCG,F1,MAE
0.0033077919762380947,0.020627616546060268,0.023248029193836617,0.01787667998564657
