RMSE,NDCG,F1,MAE
1.110377160414472,0.7865032726266619,0.6482395524843698,0.8813523067785188
