RMSE,NDCG,F1,MAE
1.1066460003969647,0.8102746068320443,0.6152748037116346,0.8608703113055316
