RMSE,NDCG,F1,MAE
0.0037311600175073956,0.023771334205382466,0.03296474877273525,0.020481995472987236
