RMSE,NDCG,F1,MAE
1.1293238441985451,0.8123799519799956,0.6168091168091168,0.8788008967278682
