RMSE,NDCG,F1,MAE
0.0026098055471932557,0.021275201684044176,0.03226224193966132,0.01695040136386672
