RMSE,NDCG,F1,MAE
1.1319336497457384,0.7911047502959514,0.6490713587487781,0.8957512980917349
