RMSE,NDCG,F1,MAE
1.1144311213566693,0.7912688129676952,0.6426446280991736,0.8838785590958592
