RMSE,NDCG,F1,MAE
1.110545452332292,0.8145979596967488,0.6130653266331658,0.863572282428945
