RMSE,NDCG,F1,MAE
0.0038856690243773695,0.023329146729053507,0.029579301466007735,0.020306276666914203
