RMSE,NDCG,F1,MAE
1.1121745338309856,0.8123799519799956,0.6097738876732313,0.8693085610591585
