RMSE,NDCG,F1,MAE
0.003392166024478671,0.02065647726903186,0.02427436969942287,0.01795031315088136
