RMSE,NDCG,F1,MAE
1.1155666998554643,0.7917234747109637,0.6340482573726541,0.8872588742100399
