RMSE,NDCG,F1,MAE
0.00219152453050131,0.022383047930709332,0.026620016489575904,0.010228542682330422
