RMSE,NDCG,F1,MAE
1.1091132876283996,0.7927695940703284,0.6246518105849582,0.8826289061741065
