RMSE,NDCG,F1,MAE
1.1113048121589009,0.8151526420010378,0.5980317940953823,0.8724003634917761
