RMSE,NDCG,F1,MAE
86.74760939343953,96.98230703445529,89.2168730524633,87.02997956488466
