RMSE,NDCG,F1,MAE
88.40385934457537,97.24322117947858,86.22366288492707,86.91083636236945
