RMSE,NDCG,F1,MAE
87.43644046083794,100.85216734308138,91.1921486852514,88.0907049379143
