RMSE,NDCG,F1,MAE
85.7989594856443,97.16383263015706,89.79664531374888,85.82010581973503
