RMSE,NDCG,F1,MAE
102.70080424360104,98.4996802115799,96.5380519242463,102.28573731312622
