RMSE,NDCG,F1,MAE
102.34201451821367,98.4611050770569,97.00199644743188,102.90592510752519
