RMSE,NDCG,F1,MAE
102.71312101950443,98.57435068125056,95.31646685440253,102.77682836892924
