RMSE,NDCG,F1,MAE
102.67267707610111,98.34791781039056,95.86087213381087,102.48875643166045
