RMSE,NDCG,F1,MAE
102.57688726906818,98.60422994162178,95.43910013903267,102.79722228975103
