RMSE,NDCG,F1,MAE
102.54256467607759,97.60321225947575,95.68287150742695,102.34577044454115
