RMSE,NDCG,F1,MAE
102.71508875784909,98.64565871806438,95.20428887709733,102.7793656184006
