RMSE,NDCG,F1,MAE
102.57683136864185,98.4654001493817,95.57935794169153,102.84321643295546
