RMSE,NDCG,F1,MAE
93.32514070455971,102.52856567428614,100.62853689172215,93.60247253692894
