RMSE,NDCG,F1,MAE
93.38232000350143,102.54826820046044,98.63988246243684,92.66933666324903
