RMSE,NDCG,F1,MAE
93.0275017136939,103.37344045268415,101.76958261863922,93.29892956737886
