RMSE,NDCG,F1,MAE
93.2936848602249,103.00535467736727,99.3792926419252,93.73420916793663
