RMSE,NDCG,F1,MAE
93.3273253361503,103.30429298362169,102.06313736286265,93.67940055082
