RMSE,NDCG,F1,MAE
93.52642135592947,104.09930620853783,101.010849039138,93.86920911795312
