RMSE,NDCG,F1,MAE
93.02836962076698,103.37344045268415,101.82786989390765,93.30010504556913
