RMSE,NDCG,F1,MAE
92.86446015969109,103.66803610349216,101.08575924468921,93.28858932054396
