RMSE,NDCG,F1,MAE
0.8989646538983944,0.8733556250713141,0.708171206225681,0.7246128226208777
