RMSE,NDCG,F1,MAE
0.9878932473470261,0.8799350632953679,0.7072792978833248,0.7749636804951754
