RMSE,NDCG,F1,MAE
0.08892859344863169,0.006579438224053713,0.0008919083423561958,0.050350857874297716
