RMSE,NDCG,F1,MAE
0.9347363896268411,0.8826043424538157,0.7019867549668874,0.7390737745273551
