RMSE,NDCG,F1,MAE
1.0523291102180021,0.8737760858421947,0.6706915477497256,0.8298274077238498
