RMSE,NDCG,F1,MAE
0.11759272059116099,0.00882825661162101,0.031295207217161836,0.09075363319649465
