RMSE,NDCG,F1,MAE
1.0053468292760683,0.8225920357690523,0.6452410383189122,0.8158616204242524
