RMSE,NDCG,F1,MAE
0.08037108502171919,0.020913515535807448,0.021761988926294662,0.036270544722046716
