RMSE,NDCG,F1,MAE
1.0857179142977875,0.8435055513048597,0.6670030272452069,0.8521321651462991
