RMSE,NDCG,F1,MAE
0.8896570377527954,0.9046331485111755,0.7080581241743725,0.7180417666491843
