RMSE,NDCG,F1,MAE
0.9679192914775813,0.8916805288038945,0.7217346411977285,0.7573405949020628
