RMSE,NDCG,F1,MAE
0.0782622537247859,0.01295261970728101,0.013676517023355927,0.03929882825287856
