RMSE,NDCG,F1,MAE
0.16160362139279383,0.07801154199740568,0.03168322905165011,0.1354431358448882
