RMSE,NDCG,F1,MAE
1.2523051057700973,0.726529650867583,0.5668016194331984,1.001346984517137
