RMSE,NDCG,F1,MAE
1.0907014843773035,0.8045411928649887,0.5984848484848485,0.8659038486722488
