RMSE,NDCG,F1,MAE
0.18587439890986812,0.0863940029741278,0.06516006378020367,0.15012536784410113
