RMSE,NDCG,F1,MAE
1.1123797195215472,0.813637442778393,0.5893536121673004,0.8859661814516734
