RMSE,NDCG,F1,MAE
1.2982541184314154,0.7272434398042652,0.5241935483870968,1.0360915492957745
