RMSE,NDCG,F1,MAE
1.085621445673218,0.8110416178586135,0.5875429131927415,0.8640101947618343
