RMSE,NDCG,F1,MAE
0.161113370668289,0.08313760674102777,0.0513727004267841,0.1419377169082926
