RMSE,NDCG,F1,MAE
1.246734816341507,0.7279040111175857,0.5361702127659574,1.0059479116701269
