RMSE,NDCG,F1,MAE
1.093471815911606,0.8026200549805761,0.6034889203206035,0.8662760797831233
