RMSE,NDCG,F1,MAE
0.17099433498991612,0.05883601512115011,0.029783741037734957,0.14157427402299927
