RMSE,NDCG,F1,MAE
1.264466150901522,0.743784039859426,0.5737051792828686,1.0078503538061225
