RMSE,NDCG,F1,MAE
1.0974193732106072,0.811224755207325,0.5964745116722249,0.8702442217012791
