RMSE,NDCG,F1,MAE
1.2616248345827215,0.7285757754831315,0.582995951417004,1.0148003665902041
