RMSE,NDCG,F1,MAE
0.16420546137211423,0.0826489797241935,0.013478560255220873,0.144556144888925
