RMSE,NDCG,F1,MAE
1.086897067615551,0.8093643379542411,0.5936902485659655,0.8615297317710308
