RMSE,NDCG,F1,MAE
1.2610780714268928,0.7422663023284952,0.5748987854251012,1.00732603083841
