RMSE,NDCG,F1,MAE
0.17418100381134183,0.0670980356257459,0.01879146314086433,0.14579629906737923
