RMSE,NDCG,F1,MAE
1.247044140796465,0.7285757754831315,0.5361702127659574,1.0063248175654738
