RMSE,NDCG,F1,MAE
0.16102561889925648,0.08194296756426,0.05096773519673281,0.14208513435869385
