RMSE,NDCG,F1,MAE
1.0860185218972085,0.8105187430473915,0.5871379479626903,0.8642396832067799
