RMSE,NDCG,F1,MAE
1.0778826242397104,0.8105849535985893,0.5775075987841946,0.8607488462446311
