RMSE,NDCG,F1,MAE
0.16203633461622036,0.08658500190409213,0.040711061987657726,0.14376264228939428
