RMSE,NDCG,F1,MAE
1.2399189588559307,0.7239999516944972,0.5367965367965368,1.0045114885340254
