RMSE,NDCG,F1,MAE
108.16463268422302,108.87238067257205,113.33765531315814,107.41587379867094
