RMSE,NDCG,F1,MAE
107.00384853493996,107.26050221881766,107.64977944565143,106.5157322277385
