RMSE,NDCG,F1,MAE
108.05846329301676,108.3292660396334,108.2871660720278,107.30016108549883
