RMSE,NDCG,F1,MAE
107.9692493655803,111.52149577700305,109.64826714668328,107.07021873154797
