RMSE,NDCG,F1,MAE
108.02246340403356,108.28237703420211,107.17709221507377,107.9164744141217
