RMSE,NDCG,F1,MAE
108.14352909049482,108.39411098459068,108.90002359258966,107.27121361662908
