RMSE,NDCG,F1,MAE
108.06420753218808,108.3623435034385,108.2871660720278,107.31035752472356
