RMSE,NDCG,F1,MAE
106.48595006760178,107.60882229335718,110.54220162695654,105.79100351933558
