RMSE,NDCG,F1,MAE
1.0974345817649118,0.7780596578695488,0.5946433945230214,0.8909662250357708
