RMSE,NDCG,F1,MAE
0.0014732933067420628,0.007231781060351383,0.0955314939901617,0.007138653935995221
