RMSE,NDCG,F1,MAE
1.0989078750716539,0.7852914389299002,0.4991119005328597,0.8838275710997756
