RMSE,NDCG,F1,MAE
1.1104395430403438,0.7770737014721224,0.6040548598688134,0.8946948653198652
