RMSE,NDCG,F1,MAE
0.004703568624191634,0.024924452031962474,0.0970126063476866,0.0038336386743248463
