RMSE,NDCG,F1,MAE
1.1151431116645354,0.8019981535040849,0.5070422535211268,0.8908612266455403
