RMSE,NDCG,F1,MAE
1.104058912182668,0.79391652994925,0.4927797833935018,0.8797116845276878
