RMSE,NDCG,F1,MAE
1.1029678542767558,0.782857803102788,0.5982333231800183,0.8863843222449416
