RMSE,NDCG,F1,MAE
0.0010910579059122405,0.01105872684646203,0.1054535397865165,0.006672637717253793
