RMSE,NDCG,F1,MAE
0.007439260069916909,0.00798500074843922,0.0970468217543301,0.004410540097152138
