RMSE,NDCG,F1,MAE
1.1033466415678368,0.7846309173737098,0.5021795989537925,0.8808920693463057
