RMSE,NDCG,F1,MAE
1.0959073814979199,0.7766459166252706,0.5992264207081226,0.8853026094434578
