RMSE,NDCG,F1,MAE
0.009412406303003218,0.012231020649616675,0.09636896062318401,0.0011343640591281456
