RMSE,NDCG,F1,MAE
1.1227417152054524,0.7939801678929157,0.5141388174807198,0.891676434510331
