RMSE,NDCG,F1,MAE
1.1133293089024492,0.781749147243299,0.6105077781039038,0.8905420704512028
