RMSE,NDCG,F1,MAE
0.007513220046704516,0.006785164929730025,0.09465837680706324,0.003687392841681403
