RMSE,NDCG,F1,MAE
1.0980236220020534,0.7809082260601067,0.6037179108881676,0.8864649431481003
