RMSE,NDCG,F1,MAE
1.105536842048758,0.7876933909898367,0.5090595340811044,0.8827775503064189
