RMSE,NDCG,F1,MAE
0.0009428957702581897,0.01105872684646203,0.10415693652388713,0.00674493193425052
