RMSE,NDCG,F1,MAE
1.1032821317153103,0.782857803102788,0.5982958003651856,0.8866181158965484
