RMSE,NDCG,F1,MAE
1.1042250274855685,0.79391652994925,0.49413886384129846,0.8798731839622979
