RMSE,NDCG,F1,MAE
0.007751826996083233,0.01812108037321969,0.09979325210047074,0.004337941338251827
