RMSE,NDCG,F1,MAE
1.0858911956196704,0.7802673648276417,0.5858267716535434,0.8758294129055363
