RMSE,NDCG,F1,MAE
1.0936430226157536,0.7983884452008614,0.4860335195530726,0.8714914715672845
