RMSE,NDCG,F1,MAE
93.85279408700403,101.17017722899757,95.43724711620698,93.85976904121601
