RMSE,NDCG,F1,MAE
88.4317829057238,99.96292472717025,92.60833111797304,88.86400532634721
