RMSE,NDCG,F1,MAE
93.0980416083893,104.35615012195223,96.81734871538328,92.52592268085064
