RMSE,NDCG,F1,MAE
95.06895892014303,101.4488987604197,98.10482063745668,94.66356084485513
