RMSE,NDCG,F1,MAE
0.08904024439775227,0.022172259083793056,0.037138101654230704,0.07523522626290469
