RMSE,NDCG,F1,MAE
1.0926944952992421,0.7913054245531602,0.5988065988065988,0.8687462714259025
