RMSE,NDCG,F1,MAE
1.0036542509014899,0.8134776836369533,0.6359447004608295,0.7935110451629979
