RMSE,NDCG,F1,MAE
1.1039771792850221,0.7814994514228467,0.583424607520993,0.8741276003845017
