RMSE,NDCG,F1,MAE
0.07937699246740881,0.02927763004654582,0.03837634034630555,0.062289820514942695
