RMSE,NDCG,F1,MAE
1.0246001868176133,0.8107770814693925,0.6218009478672986,0.811837779869559
