RMSE,NDCG,F1,MAE
0.08878811146700882,0.024919328311672317,0.032643339097412905,0.07134235310740444
