RMSE,NDCG,F1,MAE
1.0122899496166033,0.8159436349754765,0.6130268199233716,0.8012896912408946
