RMSE,NDCG,F1,MAE
1.1010780610836122,0.7910243066638042,0.5803834808259587,0.872632044348299
