RMSE,NDCG,F1,MAE
0.08447420255407878,0.016677524764586393,0.039508125668627825,0.06833757919486871
