RMSE,NDCG,F1,MAE
1.0165144175444836,0.8085649794733489,0.6319702602230484,0.8040046234221591
