RMSE,NDCG,F1,MAE
1.1009886200985624,0.7918874547087625,0.5924621345544205,0.8723422026170278
