RMSE,NDCG,F1,MAE
1.1133492241843095,0.7917112654830403,0.5918003565062389,0.8775150604883485
