RMSE,NDCG,F1,MAE
0.09105554270181138,0.023381483072112963,0.02972097930081119,0.06987307718782532
