RMSE,NDCG,F1,MAE
1.022293681482498,0.8150927485551532,0.62152133580705,0.8076419833005232
