RMSE,NDCG,F1,MAE
1.0067276706507882,0.814194012231966,0.6381039197812215,0.7956565079490865
