RMSE,NDCG,F1,MAE
1.093262395147546,0.7920143232522348,0.6048302415120757,0.8662304465164643
