RMSE,NDCG,F1,MAE
0.08653472449675781,0.022179688979731216,0.033273678269145845,0.07057393856737781
