RMSE,NDCG,F1,MAE
0.0889554414723861,0.02782880634796836,0.032707828045711596,0.07145867942542361
