RMSE,NDCG,F1,MAE
1.1013916995450943,0.7908159612761441,0.5809067453004054,0.8728187184714576
