RMSE,NDCG,F1,MAE
1.0124362580727082,0.8186447676241124,0.613614573346117,0.801360039046034
