RMSE,NDCG,F1,MAE
0.07943828119307383,0.019978394722390713,0.03729236440468431,0.06532881704570703
