RMSE,NDCG,F1,MAE
1.0848706670814319,0.7913208296847903,0.5685899885364921,0.8629043013851163
