RMSE,NDCG,F1,MAE
1.005432385888358,0.811299224407181,0.6058823529411764,0.7975754843394093
