algorithm,georisk
SVD,0.9143022078817393
BIASEDMF,0.9185321781274308
NMF,0.9092425128572781
StochasticItemKNN,0.8869208051793235
BayesianRidge,0.870338570386229
Tweedie,0.869530958676028
Ridge,0.8703226048569908
RandomForest,0.8718280136745576
Bagging,0.8677726656248704
AdaBoost,0.8720478527151536
GradientBoosting,0.8728920957317516
LinearSVR,0.8686536975351599
