algorithm,georisk
SVD,0.899199146646789
BIASEDMF,0.9041141623892984
NMF,0.8927371724806749
StochasticItemKNN,0.8627276607636442
BayesianRidge,0.842612795927522
Tweedie,0.8427243256702222
Ridge,0.8425899830010113
RandomForest,0.8435560142424013
Bagging,0.8389751415971348
AdaBoost,0.8451684613092741
GradientBoosting,0.8451967186628655
LinearSVR,0.8390616540800273
