RMSE,F1,MAE
0.0526535622385641,0.024004622953737176,0.045432892254072654
