RMSE,F1,MAE
0.8673159904242207,0.7506124448799608,0.6843453246682537
