RMSE,NDCG,F1,MAE
0.05381610034896234,0.010945600664414634,0.03312901257199352,0.04668944445062717
