RMSE,F1,MAE
0.8146624281856566,0.774617067833698,0.638912432414181
