RMSE,NDCG,F1,MAE
0.8132854459325304,0.9290658885131965,0.7828054298642534,0.6368435973585999
