RMSE,NDCG,F1,MAE
0.8671015462814927,0.9181202878487819,0.7496764172922599,0.683533041809227
