RMSE,NDCG,F1,MAE
0.05923394259103387,0.007658291803263939,0.025570826101775856,0.05968383348842943
