RMSE,F1,MAE
0.8176086773283671,0.7665198237885462,0.6321928009129417
