RMSE,NDCG,F1,MAE
0.8164679887484239,0.9031954335242114,0.7744874715261959,0.6301173946725463
