RMSE,NDCG,F1,MAE
0.8757019313394577,0.9108537253274753,0.74891664542442,0.6898012281609758
