RMSE,F1,MAE
0.8546579602313411,0.7554797856794935,0.6692544896138073
