RMSE,NDCG,F1,MAE
0.06549835208297472,0.00973800867139718,0.039024418396615634,0.056772993264668226
