RMSE,F1,MAE
0.06537765910720916,0.029769672021157323,0.05646347380018091
