RMSE,NDCG,F1,MAE
0.8543665141578394,0.9147020197496426,0.7546975546975547,0.6679496593403311
