RMSE,NDCG,F1,MAE
0.7888681620748647,0.9244400284210398,0.7937219730941704,0.6111766660756629
