RMSE,F1,MAE
0.06245556098265359,0.032659193779560725,0.05768554220472166
