RMSE,NDCG,F1,MAE
0.7980853934876315,0.9224699550783914,0.8009049773755657,0.6165175357425277
