RMSE,NDCG,F1,MAE
0.06295741141616318,0.004082212437553467,0.04266878883020331,0.0584066438313533
