RMSE,F1,MAE
0.8613292100281659,0.7594633445136559,0.6757450301412516
