RMSE,NDCG,F1,MAE
0.8610428049037947,0.9183877426408379,0.7582361885453623,0.674924179573881
