RMSE,NDCG,F1,MAE
0.7810687401210312,0.9238074085082332,0.8,0.6019639524584486
