RMSE,NDCG,F1,MAE
0.8551034892188097,0.915202142469488,0.7622166246851385,0.6622651587637769
