RMSE,F1,MAE
0.7818880838862494,0.7914893617021277,0.6037285183667522
