RMSE,NDCG,F1,MAE
0.07403474909777852,0.00860526603874523,0.037783375314861534,0.060301206305328314
