RMSE,NDCG,F1,MAE
0.796697859886359,0.92816580302652,0.7918552036199095,0.6167773620590752
