RMSE,F1,MAE
0.7977709775061222,0.7833698030634574,0.6186723730107391
