RMSE,NDCG,F1,MAE
0.06288337134370658,0.010532482063066007,0.0267782417223571,0.05528855950483724
