RMSE,F1,MAE
0.8596738876416753,0.7658152303652423,0.6728756638338049
