RMSE,NDCG,F1,MAE
0.8595812312300656,0.917633320963454,0.7650769618975524,0.6720659215639124
