RMSE,F1,MAE
0.061902910135553046,0.017554572698215032,0.05420329082306585
