RMSE,NDCG,F1,MAE
0.06552158839887456,0.009618101214525665,0.041616846326477996,0.05677272852738535
