RMSE,NDCG,F1,MAE
0.8543779827260592,0.9148219272065141,0.7530260108163791,0.667880337481665
