RMSE,F1,MAE
0.06541196203231014,0.032278470353950595,0.05647547134439179
