RMSE,NDCG,F1,MAE
0.7888563943271847,0.9244400284210398,0.7946428571428571,0.6111076089542796
