RMSE,NDCG,F1,MAE
0.8593255375200343,0.9167861878086103,0.737516688918558,0.6770581372245884
