RMSE,NDCG,F1,MAE
0.05820813666140201,0.007691867926229556,0.038953899316736096,0.05704998583054932
