RMSE,NDCG,F1,MAE
0.8011174008586323,0.9244780557348399,0.7764705882352941,0.6200081513940391
