RMSE,NDCG,F1,MAE
103.74742153029284,99.3474104841551,101.9410480059056,104.84365595382248
