RMSE,NDCG,F1,MAE
103.31174165171531,99.34150508267304,102.97234446699322,104.54689862590787
