RMSE,NDCG,F1,MAE
103.49644443694808,100.57568295413475,99.44834813613221,103.80095453720548
