RMSE,NDCG,F1,MAE
103.91028317105004,100.0099698486129,103.57537937182626,105.13374008592731
