RMSE,NDCG,F1,MAE
0.004860528988252399,0.03784650464092998,0.04916699838044891,0.006916098461168696
