RMSE,NDCG,F1,MAE
0.9642398904408759,0.909630984575516,0.7024952015355086,0.7534829957910181
