RMSE,NDCG,F1,MAE
0.9691004194291283,0.8717844799345861,0.6533282031550597,0.7603990942521868
