RMSE,NDCG,F1,MAE
1.0074388284858689,0.8797968289333363,0.6875,0.7846450813587783
