RMSE,NDCG,F1,MAE
0.04474940728288135,0.026954323416213066,0.06889347563431336,0.04241740289473395
