RMSE,NDCG,F1,MAE
1.0521882357687502,0.8528425055171233,0.6186065243656866,0.8270624842535123
