RMSE,NDCG,F1,MAE
1.0695264446910695,0.8257530291034955,0.6371873867343241,0.8339061557625307
