RMSE,NDCG,F1,MAE
1.0781309280196116,0.8175694753088276,0.6635160680529301,0.837638920144952
