RMSE,NDCG,F1,MAE
0.008604483328542134,0.008183553794667842,0.026328681318605995,0.0037327643824213164
