RMSE,NDCG,F1,MAE
0.9515413183198518,0.8756095569785306,0.6559510141599694,0.7509914238843601
