RMSE,NDCG,F1,MAE
0.9613011129255222,0.9015310331334156,0.7142857142857143,0.7514081873142666
