RMSE,NDCG,F1,MAE
0.009759794605670447,0.025921476154885048,0.05833470012574493,0.00041676342990648596
