RMSE,NDCG,F1,MAE
1.1887941782689138,0.7403739430538228,0.559322033898305,0.9345086353265764
