RMSE,NDCG,F1,MAE
0.08633764408068179,0.05663534206220433,0.054486443956332065,0.06107763111653963
