RMSE,NDCG,F1,MAE
1.102456534188232,0.7970092851160271,0.504835589941973,0.8734310042100367
