RMSE,NDCG,F1,MAE
1.1110706936895078,0.7983107484657626,0.526906878802059,0.8802895812908585
