RMSE,NDCG,F1,MAE
0.09968449344917096,0.14257915696499412,0.0317975746392366,0.0735024161381772
