RMSE,NDCG,F1,MAE
1.2107551871386788,0.6557315915007684,0.5587044534412956,0.9537919974290358
