RMSE,NDCG,F1,MAE
1.2030692638730671,0.711016092475985,0.563265306122449,0.9577446199722831
