RMSE,NDCG,F1,MAE
1.1042317173805822,0.7969690834522888,0.5009633911368016,0.8766456679787938
