RMSE,NDCG,F1,MAE
0.09883754649248488,0.08595299097630382,0.06230191498564741,0.08109895199348927
