RMSE,NDCG,F1,MAE
0.09198490695454953,0.08399232665626499,0.04579299488390398,0.06767004699319867
