RMSE,NDCG,F1,MAE
1.1939915330186743,0.7104771120591843,0.5619834710743802,0.940536601639197
