RMSE,NDCG,F1,MAE
1.1020066260641248,0.7944694387154493,0.5161904761904762,0.8728665546459983
