RMSE,NDCG,F1,MAE
1.107132456225977,0.7953888026931086,0.525929325378614,0.8757483337704962
