RMSE,NDCG,F1,MAE
1.2084255820836618,0.7102420206121145,0.5952380952380952,0.9599369900136426
