RMSE,NDCG,F1,MAE
0.1012931258576848,0.08514678208099413,0.0693087698594812,0.08418865624314642
