RMSE,NDCG,F1,MAE
0.08613394691096277,0.09788621330228175,0.0697267497603068,0.06465015027079424
