RMSE,NDCG,F1,MAE
1.1898837994461409,0.6982522825748233,0.575,0.9388971171886181
