RMSE,NDCG,F1,MAE
1.103749852535178,0.7961384958771051,0.5052732502396932,0.8742469669178239
