RMSE,NDCG,F1,MAE
0.09898953742577854,0.09111095882690601,0.05569192640709719,0.08101548578605478
