RMSE,NDCG,F1,MAE
1.2035937830053933,0.704287960797476,0.5573770491803278,0.9579750059473617
