RMSE,NDCG,F1,MAE
1.1046042455796148,0.795398919624382,0.5016851227732306,0.876959520161307
