RMSE,NDCG,F1,MAE
1.1013349616668424,0.7966794956417004,0.4915590863952334,0.8772593337193285
