RMSE,NDCG,F1,MAE
1.1969835579873458,0.7136111134181637,0.5423728813559322,0.953875355973706
