RMSE,NDCG,F1,MAE
0.09564859632050338,0.08306838222353663,0.05081379496069882,0.07661602225437747
