RMSE,NDCG,F1,MAE
0.024256170516407494,0.009943587995056347,0.03117997590081112,0.02758234496618217
