RMSE,NDCG,F1,MAE
0.8596360498385293,0.9122894514352894,0.7481186365648517,0.6843996078010673
