RMSE,NDCG,F1,MAE
0.8353798793221218,0.902345863440233,0.7169386606640406,0.6568172628348852
