RMSE,NDCG,F1,MAE
0.8665629273645626,0.9069786156559414,0.7561133953689677,0.6825467047254192
