RMSE,NDCG,F1,MAE
0.8476157563738898,0.8961374273880627,0.721081081081081,0.6600087058577199
