RMSE,NDCG,F1,MAE
0.01894717099067289,0.01084118826787872,0.03503231428788667,0.02253799886769936
