RMSE,NDCG,F1,MAE
0.025439528966781033,0.010219906229592346,0.03097071334545687,0.030407380652221483
