RMSE,NDCG,F1,MAE
0.8217218933650133,0.9058161752038634,0.7389162561576355,0.6328530803725644
