RMSE,NDCG,F1,MAE
0.8471614223317944,0.9160360814334557,0.7698869695030923,0.6632604610247859
