RMSE,NDCG,F1,MAE
0.8302692927327903,0.9013409052238168,0.7312534209085934,0.6448944391468898
