RMSE,NDCG,F1,MAE
0.022103960199090777,0.009378371269191721,0.033185255275702596,0.02695159821786708
