RMSE,NDCG,F1,MAE
0.852373252931881,0.9107192764930085,0.764438676184296,0.6718460373647569
