RMSE,NDCG,F1,MAE
0.02316300540047267,0.013027074746522649,0.031071459420772718,0.029707129475021965
