RMSE,NDCG,F1,MAE
0.8245860844980033,0.9034577020169574,0.7450980392156863,0.630569203646568
