RMSE,NDCG,F1,MAE
0.847749089898476,0.9164847767634801,0.776169498636459,0.66027633312159
