RMSE,NDCG,F1,MAE
0.8306678193586169,0.9011472576435134,0.7329328235936646,0.6427927262680471
