RMSE,NDCG,F1,MAE
0.022546314459228833,0.010599678861435868,0.03004784119017201,0.02809506933773631
