RMSE,NDCG,F1,MAE
0.8532141338178457,0.9117469365049493,0.7629806647838366,0.6708877956057834
