RMSE,NDCG,F1,MAE
0.8217345949016805,0.9058161752038634,0.7396061269146609,0.6328500658307095
