RMSE,NDCG,F1,MAE
0.8471613394215988,0.9160551674064575,0.7697228144989339,0.6632374658463787
