RMSE,NDCG,F1,MAE
0.02542674451991822,0.010238992202594166,0.030116687584272994,0.030387400015669197
