RMSE,NDCG,F1,MAE
0.8272152779130133,0.9061592368962408,0.7231638418079096,0.6411480374554396
