RMSE,NDCG,F1,MAE
0.03202808489454967,0.00946489991469468,0.026170674607352118,0.035016080044482645
