RMSE,NDCG,F1,MAE
0.859243362807563,0.9156241368109355,0.7493345164152617,0.6761641174999222
