RMSE,NDCG,F1,MAE
101.65492234051361,99.07435503830222,101.89983433497201,101.8943983383848
