RMSE,NDCG,F1,MAE
101.18110339516986,99.34521902738712,102.49567869852567,101.83900222057449
