RMSE,NDCG,F1,MAE
102.6060985720715,98.32949349615507,99.04710545056714,101.19826321402749
