RMSE,NDCG,F1,MAE
102.08105208936608,99.82609682938812,103.76804076700337,102.24169208656859
