RMSE,NDCG,F1,MAE
0.08033300910082497,0.01887865393686805,0.0627330458388019,0.08290913143859491
