RMSE,NDCG,F1,MAE
0.7931504802319715,0.8909860942538909,0.8019639934533551,0.6084137013634852
