RMSE,NDCG,F1,MAE
0.08182090034994693,0.015893636802684186,0.06887197592620709,0.08203094648312825
