RMSE,NDCG,F1,MAE
0.08291813715639818,0.017792673001043147,0.060254185632686696,0.08760323372407586
