RMSE,NDCG,F1,MAE
0.7709114883941769,0.8985938530465098,0.810064935064935,0.5821948152142996
