RMSE,NDCG,F1,MAE
0.8593971061037072,0.9114966273561761,0.7442572741194488,0.6789048360986382
