RMSE,NDCG,F1,MAE
0.07910713500827193,0.01921407359121108,0.05672151870273723,0.08472943543893818
