RMSE,NDCG,F1,MAE
0.7767316533019181,0.8988250624007005,0.8141025641025641,0.5805433716532238
