RMSE,NDCG,F1,MAE
0.07745519125412226,0.017248889449651528,0.057535786448106085,0.08623606617065016
