RMSE,NDCG,F1,MAE
0.8541868445560403,0.916073951850352,0.756566777654458,0.6667794378238739
