RMSE,NDCG,F1,MAE
0.8600101668709882,0.9116973952578283,0.7429449030524093,0.6774811658222488
