RMSE,NDCG,F1,MAE
0.8538333130561293,0.9163992840734976,0.7499054105183504,0.6697839825229369
