RMSE,NDCG,F1,MAE
0.7755371958166845,0.8973815875869422,0.7890365448504983,0.5894728054230791
