RMSE,NDCG,F1,MAE
0.08953881346626713,0.018958770085007792,0.05825215383749083,0.09277239044805208
