RMSE,NDCG,F1,MAE
0.9302788891462852,0.8812141769970288,0.7037884566488686,0.733550059781387
