RMSE,NDCG,F1,MAE
0.9351345654210336,0.8672346375076602,0.7123123123123123,0.726884007541521
