RMSE,NDCG,F1,MAE
0.004855676274748366,0.013979539489368586,0.008523855663443713,0.006666052239865938
