RMSE,NDCG,F1,MAE
0.9895321456077768,0.8602979278880687,0.6704190118824265,0.7756149615698348
