RMSE,NDCG,F1,MAE
0.017598086678820346,0.0046485767879344,0.021027155721665025,0.02494489353381424
