RMSE,NDCG,F1,MAE
1.0071302322865971,0.8556493511001343,0.6493918561607614,0.800559855103649
