RMSE,NDCG,F1,MAE
1.0518250880285678,0.8255938293410998,0.6703539823008849,0.8181783767348128
