RMSE,NDCG,F1,MAE
1.0669389727490244,0.829122798029099,0.6446665117359981,0.8448017528032561
