RMSE,NDCG,F1,MAE
0.015113884720456605,0.0035289686879992344,0.02568747056488685,0.02662337606844334
