RMSE,NDCG,F1,MAE
0.0005541286734195294,0.00237943859307832,0.022273090269867124,0.012236101912469044
