RMSE,NDCG,F1,MAE
0.9270521795625457,0.874216917544622,0.7012072434607646,0.7326632715511718
