RMSE,NDCG,F1,MAE
0.9264980508891262,0.8718374789515437,0.7234803337306317,0.7204271696387028
