RMSE,NDCG,F1,MAE
0.008300522120274767,0.019447383343631275,0.027429242229678907,0.023811606405961916
