RMSE,NDCG,F1,MAE
1.1076075208426128,0.8092627560730398,0.6312154696132597,0.8621248844229723
