RMSE,NDCG,F1,MAE
1.1159080429628876,0.7898153727294085,0.6586447118429386,0.8859364908289342
