RMSE,NDCG,F1,MAE
0.0038544069538539727,0.012539486317084014,0.01642161363069261,0.021843149622699065
