RMSE,NDCG,F1,MAE
1.124292669416386,0.7866936721823737,0.636963696369637,0.8950468955894891
