RMSE,NDCG,F1,MAE
1.12814707637024,0.7992331584994578,0.6205420827389444,0.8732037459667901
