RMSE,NDCG,F1,MAE
0.004975063908732036,0.01605586032584061,0.022597704680608177,0.018764340456985162
