RMSE,NDCG,F1,MAE
1.1172865797501617,0.7937183643969012,0.6324958123953098,0.8882236764213749
