RMSE,NDCG,F1,MAE
1.1123115158414296,0.8097742247227419,0.6098981077147017,0.8694593359643897
