RMSE,NDCG,F1,MAE
0.007463967326535315,0.024576293095696866,0.027936070791665712,0.024099540597374736
