RMSE,NDCG,F1,MAE
1.1052659747887204,0.814637721120939,0.6256123163051085,0.8573086205370649
