RMSE,NDCG,F1,MAE
1.1127299421152557,0.7900614280252422,0.6535483870967742,0.8814081611344396
