RMSE,NDCG,F1,MAE
0.003566716562291017,0.013964668872035402,0.027582768867442264,0.018060890485922743
