RMSE,NDCG,F1,MAE
1.1342327725885348,0.793669562696773,0.6470016207455429,0.8970390170338238
