RMSE,NDCG,F1,MAE
1.1306660560262438,0.8076342315688084,0.6194188518781006,0.8789781265479011
