RMSE,NDCG,F1,MAE
1.1180424381474545,0.7911754116334369,0.656,0.8851098131640005
