RMSE,NDCG,F1,MAE
0.007875409539251699,0.02337123539760111,0.02838493723849378,0.023886854666991697
