RMSE,NDCG,F1,MAE
1.1101670286082028,0.814546647031038,0.6276150627615062,0.8612229584970088
