RMSE,NDCG,F1,MAE
1.1174818940249949,0.7936035755898073,0.6320723133578842,0.8883582226495181
