RMSE,NDCG,F1,MAE
1.1124566418874788,0.8091398509784886,0.6098981077147017,0.8695592936776907
