RMSE,NDCG,F1,MAE
3.1021791199847826e-05,0.015635849626135512,0.026507197179021613,0.011718744106649526
