RMSE,NDCG,F1,MAE
1.1110211044214415,0.8113264172463366,0.5962264150943396,0.8727571151829367
