RMSE,NDCG,F1,MAE
1.1109900826302417,0.7956905676202011,0.6227336122733612,0.8844758592895863
