RMSE,NDCG,F1,MAE
0.8862480463201563,0.8919041538746616,0.7640875912408759,0.6936312858793077
