RMSE,NDCG,F1,MAE
0.8395181596889495,0.8806035892669235,0.6997422680412371,0.6630744179994843
