RMSE,NDCG,F1,MAE
0.04672988663120681,0.011300564607738095,0.06434532319963882,0.03055686787982337
