RMSE,NDCG,F1,MAE
0.8772773272624632,0.8762260181635056,0.6749185667752443,0.6867588490948413
