RMSE,NDCG,F1,MAE
0.04618063178003584,0.0018884723716239282,0.06285521060249344,0.03815589570715194
