RMSE,NDCG,F1,MAE
0.923457959042499,0.8781144905351296,0.7377737773777377,0.7249147448019932
