RMSE,NDCG,F1,MAE
0.016849086217826326,0.0047121937734130315,0.13208875761102112,0.005115557274846028
