RMSE,NDCG,F1,MAE
1.0298940293902707,0.8338735308186095,0.5938650306748466,0.8103965212983006
