RMSE,NDCG,F1,MAE
1.046743115608097,0.8385857245920225,0.7259537882858678,0.8052809640234546
