RMSE,NDCG,F1,MAE
0.8603565000449368,0.8724674317199564,0.6735483870967742,0.6779994800052881
