RMSE,NDCG,F1,MAE
0.029660512319994004,0.020233084931890577,0.0868088080430296,0.020096826122930733
