RMSE,NDCG,F1,MAE
0.8900170123649308,0.892700516651847,0.7603571951398038,0.6980963061282188
