RMSE,NDCG,F1,MAE
0.08603588112523997,0.022638880098238112,0.03725178428395526,0.0728579732441973
