RMSE,NDCG,F1,MAE
1.089815972519496,0.7881793353143518,0.592274678111588,0.8679474131011046
