RMSE,NDCG,F1,MAE
1.003780091394256,0.8108182154125899,0.6295264623955432,0.7950894398569073
