RMSE,NDCG,F1,MAE
1.0336492509647952,0.8052350153778758,0.6320667284522706,0.8197642792838101
