RMSE,NDCG,F1,MAE
0.07270867062063813,0.014119684468430593,0.04568680013685844,0.05910339137552523
