RMSE,NDCG,F1,MAE
1.1063579215854333,0.7911153309094452,0.5863799283154122,0.8788676706593354
