RMSE,NDCG,F1,MAE
0.09140554615052654,0.03650736927713483,0.03396434869441434,0.07554338257707027
