RMSE,NDCG,F1,MAE
1.0106690759707178,0.8144210706540627,0.6091954022988506,0.7994973492534322
