RMSE,NDCG,F1,MAE
1.1020746221212443,0.7779137013769278,0.5752310536044363,0.8750407318305025
