RMSE,NDCG,F1,MAE
1.0159408251127657,0.8159145761866288,0.6181139122315593,0.8032164942006131
