RMSE,NDCG,F1,MAE
1.098889701995926,0.7871032115092819,0.5922469490308686,0.8732958664226137
