RMSE,NDCG,F1,MAE
0.08294887688316033,0.028811364677346907,0.025866963200690707,0.07007937222200056
