RMSE,NDCG,F1,MAE
0.09183060014299249,0.03477723386311793,0.034149064331916446,0.07208007438921304
