RMSE,NDCG,F1,MAE
1.019713053450457,0.815460607533041,0.6246524559777572,0.8051861116080932
