RMSE,NDCG,F1,MAE
1.1115436535934495,0.780683373669923,0.5905033916458408,0.8772661859973062
