RMSE,NDCG,F1,MAE
1.0080411700236902,0.8144116379694992,0.6303142329020333,0.7974831996319482
