RMSE,NDCG,F1,MAE
0.08391244264188513,0.02829577968913566,0.0359510505973597,0.07007098303947357
