RMSE,NDCG,F1,MAE
1.0919536126655753,0.7861158582803636,0.5943631823046736,0.8675541826714218
