RMSE,NDCG,F1,MAE
1.0108502997838662,0.8152257287649279,0.6091954022988506,0.7996809666213532
