RMSE,NDCG,F1,MAE
1.1024007933212758,0.7783560126414799,0.5747041420118343,0.8752595864571714
