RMSE,NDCG,F1,MAE
0.09155049353740963,0.036869716123448026,0.03449126028701632,0.07557861983581815
