RMSE,NDCG,F1,MAE
1.0867003666671986,0.7803730259903665,0.5657643919176516,0.8657427863144799
