RMSE,NDCG,F1,MAE
1.0020339153000977,0.8160674842151385,0.6086956521739131,0.7928168596063435
