RMSE,NDCG,F1,MAE
0.08466645136710094,0.03569445822477202,0.04293126025626148,0.07292592670813636
