RMSE,NDCG,F1,MAE
1.179252514960922,0.5973216191441021,0.42574257425742573,0.9626120692917931
