RMSE,NDCG,F1,MAE
1.0668199695236302,0.8405070991620811,0.6422287390029325,0.8444794886592887
