RMSE,NDCG,F1,MAE
0.11243254543729186,0.24318548001797902,0.2164861647455068,0.11813258063250442
