RMSE,NDCG,F1,MAE
1.1967726313069647,0.6109378653342121,0.45226130653266333,0.9756973575068135
