RMSE,NDCG,F1,MAE
1.0776645416981303,0.8295510213470386,0.6347569955817378,0.8578546275599673
