RMSE,NDCG,F1,MAE
0.11910808960883434,0.2186131560128265,0.18249568904907448,0.11784272994684619
