RMSE,NDCG,F1,MAE
0.09948903273036591,0.23830609010436554,0.19051878354203938,0.10869651151837767
