RMSE,NDCG,F1,MAE
1.1713007128177186,0.5990450727972965,0.4519230769230769,0.9552146232136618
