RMSE,NDCG,F1,MAE
1.0718116800873527,0.837351162901662,0.6424418604651163,0.8465181116952841
