RMSE,NDCG,F1,MAE
1.0658720369472676,0.8436085008703647,0.6487272727272727,0.8419092198285766
