RMSE,NDCG,F1,MAE
1.1827884867332459,0.6142968696451735,0.4368932038834951,0.9637225332898295
