RMSE,NDCG,F1,MAE
0.11691644978597826,0.22931163122519116,0.2118340688437776,0.1218133134612529
