RMSE,NDCG,F1,MAE
0.09662828718927141,0.23079485974392988,0.1866380935373137,0.11089889622312576
