RMSE,NDCG,F1,MAE
1.1763998642871694,0.606249161133604,0.4672897196261682,0.9579651726022793
