RMSE,NDCG,F1,MAE
1.079771577097898,0.8370440208775339,0.6539278131634819,0.8470662763791535
