RMSE,NDCG,F1,MAE
1.0652055987140605,0.8415263058563883,0.6407053637031594,0.8416602454156868
