RMSE,NDCG,F1,MAE
0.11570166116460756,0.24270157984689145,0.2592620647340873,0.12127664517644221
