RMSE,NDCG,F1,MAE
1.180907259878668,0.5988247260094969,0.38144329896907214,0.9629368905921291
