RMSE,NDCG,F1,MAE
1.072314748316208,0.8377560914790573,0.6433770014556041,0.8468577926424614
