RMSE,NDCG,F1,MAE
0.09883821980099539,0.2387110186817608,0.1840468579149342,0.10833845964778988
