RMSE,NDCG,F1,MAE
1.1711529681172035,0.5990450727972965,0.45933014354066987,0.9551962522902513
