RMSE,NDCG,F1,MAE
1.1729935520057755,0.6112790309181142,0.375,0.9550761739951166
