RMSE,NDCG,F1,MAE
0.09850586719216348,0.22161058592734129,0.2531859070464768,0.10542722400506122
