RMSE,NDCG,F1,MAE
1.074487684813612,0.8328896168454555,0.6281859070464768,0.8496489499900554
