RMSE,NDCG,F1,MAE
93.99647924919793,97.37039204640413,95.51180074565376,93.98263175040964
