RMSE,NDCG,F1,MAE
94.86592887772798,98.11420929725072,95.92402270116189,96.48536487467182
