RMSE,NDCG,F1,MAE
89.94356727766257,98.51819459615758,96.85248985474267,91.20992065393317
