RMSE,NDCG,F1,MAE
94.04877715630755,97.79325639083714,96.18161243099725,94.14052592969358
