RMSE,NDCG,F1,MAE
108.30763917083847,109.40295358123421,110.19500374068893,107.21623709126398
