RMSE,NDCG,F1,MAE
107.88685885985882,108.84630936931372,111.22601678157234,107.2244538528069
