RMSE,NDCG,F1,MAE
107.84064580438273,109.01218973326485,110.18725396318756,107.16035088636065
