RMSE,NDCG,F1,MAE
108.0747839384917,107.8396849685074,109.09856739725801,107.11061157548546
