RMSE,NDCG,F1,MAE
107.79719207713792,108.52184507413732,110.43941530901604,107.84095127143043
