RMSE,NDCG,F1,MAE
108.41601852721428,108.32266814432951,107.84832220907505,107.44290265746552
