RMSE,NDCG,F1,MAE
107.8421883159359,109.19043675263578,110.2521556614477,107.16546405550092
