RMSE,NDCG,F1,MAE
106.60102389896747,107.47862494638416,112.79500651201799,106.0764671260334
