RMSE,NDCG,F1,MAE
82.67286287952123,96.19307046669743,82.39627124548007,83.12521288640423
