RMSE,NDCG,F1,MAE
84.62962221979355,96.64722866464862,82.26450552031947,83.40653803356864
