RMSE,NDCG,F1,MAE
79.59913333682125,98.87924758136259,78.96379916158159,79.67278944535492
