RMSE,NDCG,F1,MAE
81.13638315495521,94.16081621584925,81.56328964657524,81.45030453328143
