algorithm,georisk
SVD,0.9418905186870016
BIASEDMF,0.9463740492304827
NMF,0.9355379981851455
StochasticItemKNN,0.9081694052415987
BayesianRidge,0.888679980483493
Tweedie,0.8886612285444914
Ridge,0.8886598962785752
RandomForest,0.8890076143412715
Bagging,0.8850278566417238
AdaBoost,0.8907371983086204
GradientBoosting,0.8905726473898911
LinearSVR,0.8851064938958891
