RMSE,NDCG,F1,MAE
0.964182834257357,0.9108027982349943,0.7023923444976077,0.755261268263035
