RMSE,NDCG,F1,MAE
0.972173580265059,0.868482792596359,0.6507324595219738,0.7625068427812259
