RMSE,NDCG,F1,MAE
0.007990746007701999,0.04232000563863536,0.051659884975633896,0.007245574518190967
