RMSE,NDCG,F1,MAE
1.043148501432868,0.8564793200044696,0.6266025641025641,0.8251078550254464
