RMSE,NDCG,F1,MAE
0.029611320926212104,0.010807707559854052,0.044643755818927544,0.026770838212623937
