RMSE,NDCG,F1,MAE
1.013537180506656,0.8672870275643236,0.6712463199214916,0.7983370168128224
