RMSE,NDCG,F1,MAE
1.0797686163475029,0.8324568608379568,0.6603053435114504,0.8457073153957511
