RMSE,NDCG,F1,MAE
1.0725847475287766,0.8219047864386859,0.6349549549549549,0.8361683991017574
