RMSE,NDCG,F1,MAE
0.007183868818726236,0.010552074399270861,0.025350388556495518,0.009538916293993616
