RMSE,NDCG,F1,MAE
0.012060092475280615,0.02956938316203872,0.058439105023909366,0.002648718335179878
