RMSE,NDCG,F1,MAE
0.9633291965554768,0.9032673499355528,0.7153846153846154,0.7530579230748855
