RMSE,NDCG,F1,MAE
0.9512691040801962,0.8736979667735141,0.656945510360706,0.7504092047397056
