RMSE,NDCG,F1,MAE
92.7220144316227,97.87742162362399,88.83285981251615,91.86404646598264
