RMSE,NDCG,F1,MAE
86.3569157993725,100.43535254329169,84.59306061255087,86.14996268539944
