RMSE,NDCG,F1,MAE
92.16705288163826,101.15924964390834,92.66504242469851,91.56987109801972
