RMSE,NDCG,F1,MAE
94.50810896557027,98.70097229850197,86.78482998185031,92.43018814031443
