RMSE,NDCG,F1,MAE
0.04333005382585342,0.03692443809434953,0.007405405405405352,0.03654761746932933
