RMSE,NDCG,F1,MAE
0.9612010396233639,0.8944032909801811,0.722,0.7635083125051698
