RMSE,NDCG,F1,MAE
0.9178709857975105,0.8574788528858316,0.7145945945945946,0.7269606950358405
