RMSE,NDCG,F1,MAE
0.9354951828065392,0.8570274726390437,0.6953605366126328,0.7418083807151175
