RMSE,NDCG,F1,MAE
0.09619193073536403,0.01076453761696372,0.018900235808155696,0.08504716928006584
