RMSE,NDCG,F1,MAE
1.0316871135419032,0.8677920102560074,0.676460300804477,0.8268555499951833
