RMSE,NDCG,F1,MAE
1.0654390326682641,0.8333127314794208,0.6763498579096937,0.8397711006013422
