RMSE,NDCG,F1,MAE
1.0202115189867955,0.8120452929308155,0.6533742331288344,0.804169461462763
