RMSE,NDCG,F1,MAE
0.0452275136814686,0.021267438548605244,0.02297562478085935,0.035601639138579166
