RMSE,NDCG,F1,MAE
0.9160951579192748,0.8576516337579859,0.7065868263473054,0.7246118051234878
