RMSE,NDCG,F1,MAE
0.9515403866043571,0.892425283961006,0.7346534653465346,0.7566898837929783
