RMSE,NDCG,F1,MAE
0.035445228685082375,0.034773650203020035,0.028066638999229232,0.03207807866949053
