RMSE,NDCG,F1,MAE
115.8987217156491,110.8523952398861,110.12769788734178,114.49263226746575
