RMSE,NDCG,F1,MAE
118.04404371277168,116.72991807594848,112.55838755838757,117.30949890604785
