RMSE,NDCG,F1,MAE
116.95356628768616,115.28231660492831,107.22781774580336,116.15724860948701
