RMSE,NDCG,F1,MAE
116.74500182243166,115.51272106327144,109.49555994079923,115.10978423440127
