RMSE,NDCG,F1,MAE
118.40145366943584,115.22321000097593,110.61756430492042,117.22238357739838
