RMSE,NDCG,F1,MAE
116.62701420258176,112.937342311478,111.3303032617829,115.26794775961106
