RMSE,NDCG,F1,MAE
116.94393489527131,115.39041502936462,105.8994380201016,116.15508632129558
