RMSE,NDCG,F1,MAE
117.41643539452976,119.74595754274083,104.1416326203637,116.83715594932423
