RMSE,NDCG,F1,MAE
93.55347729126053,102.27396293283174,132.48358660748985,92.58697576739597
