RMSE,NDCG,F1,MAE
93.81012706887627,105.11448761147919,134.58702937118076,93.5197266320183
