RMSE,NDCG,F1,MAE
93.70420522099396,101.72223549435854,136.34826805148887,93.05853653001729
