RMSE,NDCG,F1,MAE
93.24052296820338,103.13510896618439,133.19230131076822,92.32394204663721
