RMSE,NDCG,F1,MAE
94.2971878115164,102.5500656317253,135.13527214429874,93.90318573424489
