RMSE,NDCG,F1,MAE
93.89966071627492,101.03425779206671,130.9035876663371,93.20546455630704
