RMSE,NDCG,F1,MAE
93.70863277056696,101.73620484737229,136.34826805148887,93.06446500141017
