RMSE,NDCG,F1,MAE
91.9438495396388,101.02492884184832,131.63019079685748,90.97579238409402
