RMSE,NDCG,F1,MAE
0.9254640997313128,0.9061236402079929,0.7500434253951711,0.7203209624715253
