RMSE,NDCG,F1,MAE
0.06773948589708167,0.011259720947170426,0.007697922510111255,0.05263952731039234
