RMSE,NDCG,F1,MAE
0.8577246138342312,0.8948639192608224,0.7577413479052824,0.667681435161133
