RMSE,NDCG,F1,MAE
0.07392462432555247,0.0013867213558430569,0.024781014025568204,0.06027469288966547
