RMSE,NDCG,F1,MAE
0.8956217663855194,0.8906198227611043,0.7395588925387142,0.6952615137005232
