RMSE,NDCG,F1,MAE
0.9695463907110718,0.8920065441169474,0.714777878513146,0.7555362065901887
