RMSE,NDCG,F1,MAE
0.06591990245766088,0.007476819609558372,0.037182628909615656,0.049115551015277426
