RMSE,NDCG,F1,MAE
1.0788062438292643,0.8472791822626747,0.7115291065347819,0.8407619911691929
