RMSE,NDCG,F1,MAE
1.0128863413716034,0.8547560018722331,0.6743464776251662,0.7916464401539155
