RMSE,NDCG,F1,MAE
0.06155895018974411,0.00044912371544436613,0.009168508343301962,0.05087107087531351
