RMSE,NDCG,F1,MAE
0.8665467516114591,0.9041876685974938,0.7488372093023256,0.6752055987528904
