RMSE,NDCG,F1,MAE
0.9281057018012032,0.9046367923129381,0.7396687009590236,0.7260766696282039
