RMSE,NDCG,F1,MAE
92.63394820529031,101.15106503797904,99.17958924479987,92.63970522357486
