RMSE,NDCG,F1,MAE
92.89353370573767,100.35822325574418,97.75821057767787,92.6237473637824
