RMSE,NDCG,F1,MAE
95.31193308584929,99.07871615038334,106.20463316199587,96.10783547762031
