RMSE,NDCG,F1,MAE
94.07518873059844,100.43789179721156,99.50120404611351,93.68731093295968
