algorithm,georisk
SVD,0.7469687998368107
BIASEDMF,0.7434049565003226
NMF,0.726465005729771
StochasticItemKNN,0.7181799610475379
BayesianRidge,0.710102439962387
Tweedie,0.7093103872347121
Ridge,0.7100664660992567
RandomForest,0.7109628848127258
Bagging,0.702898733307679
AdaBoost,0.710400425271319
GradientBoosting,0.7106830695987562
LinearSVR,0.7097023068365917
