algorithm,georisk
SVD,0.7356223835046907
BIASEDMF,0.7316270451765566
NMF,0.7096716800629675
StochasticItemKNN,0.7010568426143073
BayesianRidge,0.6929969139047866
Tweedie,0.6933709161456759
Ridge,0.6928690754596802
RandomForest,0.6923767311513226
Bagging,0.6837818021899355
AdaBoost,0.6909660292470358
GradientBoosting,0.6909547934689564
LinearSVR,0.6913091054986648
