RMSE,NDCG,F1,MAE
0.041567307725960734,0.019307645388178862,0.04520877237076992,0.03563189845750325
