RMSE,NDCG,F1,MAE
0.9470600447786102,0.8906698219190413,0.7248677248677249,0.7474757502357187
