RMSE,NDCG,F1,MAE
0.9886273525045709,0.8713621765308625,0.679658952496955,0.7831076486932219
