RMSE,NDCG,F1,MAE
0.07140585554232759,0.0069448430311931375,0.048739992103176255,0.06269337334905689
