RMSE,NDCG,F1,MAE
1.079075717237242,0.8560824006846446,0.6478527607361964,0.8514771597638521
