RMSE,NDCG,F1,MAE
1.0076698616949145,0.8630272437158377,0.6965927528393726,0.7887837864147952
