RMSE,NDCG,F1,MAE
1.0513963293990507,0.8290149577130098,0.656084656084656,0.8338389736671271
