RMSE,NDCG,F1,MAE
1.1143260349853286,0.8382723126150394,0.6263982102908278,0.879974105588918
