RMSE,NDCG,F1,MAE
0.06292970558627786,0.009257354902029613,0.029686445793828287,0.04613513192179086
