RMSE,NDCG,F1,MAE
0.93205701651385,0.8964246880983658,0.7348886532343585,0.7377113652954737
