RMSE,NDCG,F1,MAE
0.9748480285438363,0.8854450935157904,0.6781750924784217,0.7646767937780415
