RMSE,NDCG,F1,MAE
0.042791012029986364,0.01097959458257547,0.05671356075593681,0.026965428482567888
