RMSE,NDCG,F1,MAE
0.9712713574556909,0.8860780964740677,0.72875,0.7651676440694716
