RMSE,NDCG,F1,MAE
0.035801567719334404,0.004661734459144529,0.00694548872180456,0.03028501977549669
