RMSE,NDCG,F1,MAE
0.9354697897363565,0.8907398309332122,0.7218045112781954,0.7348826242939749
