RMSE,NDCG,F1,MAE
0.9668179101791996,0.8894151534442281,0.7027624309392265,0.7690526958816317
