RMSE,NDCG,F1,MAE
1.0711930049022444,0.8764026072400625,0.6866666666666666,0.8350483134584604
