RMSE,NDCG,F1,MAE
0.10437509472304485,0.013012546204165587,0.016095764272559876,0.0659956175768287
