RMSE,NDCG,F1,MAE
1.086389736463593,0.846784791954669,0.6650276582667486,0.8473488419373982
