RMSE,NDCG,F1,MAE
1.054193050975403,0.8564333036718939,0.6179540709812108,0.8439701525471647
