RMSE,NDCG,F1,MAE
0.0321966854881901,0.009648511717224806,0.04707358728553779,0.003378689390233558
