RMSE,NDCG,F1,MAE
0.021144841114389634,0.013866230477202812,0.0020038758091782682,0.01706880516952647
