RMSE,NDCG,F1,MAE
0.9549950331153007,0.8934751203358741,0.7316455696202532,0.7496601763257733
