RMSE,NDCG,F1,MAE
0.933850192000911,0.9073413508130769,0.7296416938110749,0.7325913711562468
