RMSE,NDCG,F1,MAE
100.57920893624821,101.60693338348672,92.25402177669096,100.77016338351774
