RMSE,NDCG,F1,MAE
99.56841485527555,101.2876919279633,92.68705616779795,99.9694530685275
