RMSE,NDCG,F1,MAE
100.92669686288487,101.61073729770742,92.20583729195451,101.87900624960771
