RMSE,NDCG,F1,MAE
100.69925543444191,100.86139301975712,92.17583712451771,101.04736647877274
