RMSE,NDCG,F1,MAE
100.81818908332095,101.78000132711512,92.58855532724124,101.85119733972658
