RMSE,NDCG,F1,MAE
100.59627441033068,101.21733153597931,91.89756958441954,100.96482970965393
