RMSE,NDCG,F1,MAE
100.93487719044023,101.69676251690602,92.24946257407738,101.88888715736641
