RMSE,NDCG,F1,MAE
100.44141378687908,101.05800284742938,92.15670139636161,101.55460730159496
