RMSE,NDCG,F1,MAE
102.62814361459378,102.4828031331392,106.29982168011529,104.16937623895681
