RMSE,NDCG,F1,MAE
102.54486837891781,101.68103223703756,105.40408214670853,104.06581613610801
