RMSE,NDCG,F1,MAE
102.66760752922832,102.62531275670186,106.76349788743372,104.18027438239581
