RMSE,NDCG,F1,MAE
102.56838171357423,102.64394166790962,104.82368960606014,103.92885375465706
