RMSE,NDCG,F1,MAE
102.75164391576924,102.8015833598688,105.63497004247142,104.05656786432115
