RMSE,NDCG,F1,MAE
102.47792247512146,102.52362000378317,105.42955278673935,103.96174837429872
