RMSE,NDCG,F1,MAE
102.67264980451485,102.63230319534003,106.80191584277286,104.1852935861857
