RMSE,NDCG,F1,MAE
102.47451075166352,101.89184225778094,105.81987005735374,103.67659848839885
