RMSE,NDCG,F1,MAE
1.0456835946202039,0.735187431723392,0.5907808090310442,0.8591030751890761
