RMSE,NDCG,F1,MAE
0.06873230085736526,0.05267738966454072,0.02669339024781925,0.03979222442178798
