RMSE,NDCG,F1,MAE
1.1144158954775691,0.7878648213879327,0.564087418783225,0.8988952996108641
