RMSE,NDCG,F1,MAE
0.06949126169156616,0.04587595793878463,0.009006078789125072,0.046612553021072034
