RMSE,NDCG,F1,MAE
1.0589776858512074,0.7447410228760717,0.5863678804855276,0.8585796178911801
