RMSE,NDCG,F1,MAE
1.1284689475427736,0.7906169808148563,0.5773618016964025,0.9051921709122521
