RMSE,NDCG,F1,MAE
0.07041925712146946,0.04627289840107318,0.017348403362692166,0.04093610185736507
