RMSE,NDCG,F1,MAE
1.0498268839990337,0.7464623086904767,0.5848513902205177,0.8537844539910835
