RMSE,NDCG,F1,MAE
1.1202461411205031,0.7927352070915499,0.5675029868578255,0.8947205558484486
