RMSE,NDCG,F1,MAE
1.0423054535090477,0.7356487940091754,0.5897674418604651,0.8532939153105481
