RMSE,NDCG,F1,MAE
0.07324117890915005,0.05071117945175929,0.020003387097866865,0.04095315932377386
