RMSE,NDCG,F1,MAE
1.1155466324181977,0.7863599734609347,0.5697640547625983,0.894247074634322
