RMSE,NDCG,F1,MAE
1.0557355125978294,0.7523920266185378,0.6073394495412844,0.8564628126897156
