RMSE,NDCG,F1,MAE
0.07915704984057692,0.038369920237756094,0.02812016136677231,0.045670176524784334
