RMSE,NDCG,F1,MAE
1.1348925624384063,0.7907619468562939,0.5792192881745121,0.9021329892144999
