RMSE,NDCG,F1,MAE
0.07446122870713512,0.05108836213209422,0.020745444601321883,0.04300785285409259
