RMSE,NDCG,F1,MAE
1.0435086697632365,0.7392678727348196,0.5953917050691244,0.8531024935325482
