RMSE,NDCG,F1,MAE
1.1179698984703716,0.7903562348669139,0.5746462604678025,0.8961103463866408
