RMSE,NDCG,F1,MAE
1.1204916750707132,0.7927352070915499,0.568019093078759,0.8949160467836212
