RMSE,NDCG,F1,MAE
0.07029490631445023,0.04627289840107318,0.016832297141758712,0.0408592337809921
