RMSE,NDCG,F1,MAE
1.050196768756263,0.7464623086904767,0.5848513902205177,0.8540568130026291
