RMSE,NDCG,F1,MAE
1.107984123441423,0.79109787721689,0.5558650572578149,0.8870475968390338
