RMSE,NDCG,F1,MAE
0.0833963332287817,0.03994648833616865,0.019773449618412986,0.050073958825395004
