RMSE,NDCG,F1,MAE
1.0245877902126412,0.7511513888807213,0.5756385068762279,0.8369736380136388
