algorithm,georisk
SVD,0.7736038614782049
BIASEDMF,0.773427186314135
NMF,0.7525919111233942
StochasticItemKNN,0.7376571188065084
BayesianRidge,0.7298341746665555
Tweedie,0.7320192784034314
Ridge,0.7297785822176321
RandomForest,0.7320575929261822
Bagging,0.7258455726136591
AdaBoost,0.7302622486202427
GradientBoosting,0.7292514267585137
LinearSVR,0.7288041229202741
