algorithm,georisk
SVD,0.7543328031915192
BIASEDMF,0.7534609411241827
NMF,0.7285257250918633
StochasticItemKNN,0.7130526404145776
BayesianRidge,0.6973607352698199
Tweedie,0.7021314951494613
Ridge,0.6972524316645567
RandomForest,0.7008021559945252
Bagging,0.6947959635689653
AdaBoost,0.7008636939644166
GradientBoosting,0.69730440520998
LinearSVR,0.6940150071529005
