RMSE,NDCG,F1,MAE
1.092142660317865,0.8082980306971915,0.5712166172106825,0.8814018978927265
