RMSE,NDCG,F1,MAE
0.9367679956443801,0.7579274439826066,0.5925925925925926,0.741518039300214
