RMSE,NDCG,F1,MAE
0.15537466467348493,0.05037058671458494,0.02137597538191005,0.1398838585925125
