RMSE,NDCG,F1,MAE
0.955293396718267,0.7736369102683294,0.5738161559888579,0.7631370552633068
