RMSE,NDCG,F1,MAE
0.15738359968998827,0.024928149951468637,0.007129402750397085,0.129718875502008
