RMSE,NDCG,F1,MAE
1.1126769964082552,0.798565060219798,0.580945558739255,0.8928559307653148
