RMSE,NDCG,F1,MAE
0.9543707897916237,0.7535284943298944,0.5905292479108635,0.7493356728907429
