RMSE,NDCG,F1,MAE
1.100804720782919,0.8071707679354712,0.5881932021466905,0.8827722168990347
