RMSE,NDCG,F1,MAE
0.1464339309912953,0.05364227360557672,0.0023360457641730115,0.13343654400829186
