RMSE,NDCG,F1,MAE
0.15349736581933304,0.03442511415977367,0.002395926924228853,0.13417217765590106
