RMSE,NDCG,F1,MAE
0.9444962155676733,0.7739957559295534,0.5929919137466307,0.7497280699891432
