RMSE,NDCG,F1,MAE
1.0979935813870063,0.8084208700893271,0.5953878406708596,0.8839002476450443
