RMSE,NDCG,F1,MAE
1.1076674380245757,0.8072310262951555,0.6008316008316008,0.8853126879858949
