RMSE,NDCG,F1,MAE
0.9644973585607037,0.7469123363685072,0.5945945945945946,0.7581704012713067
