RMSE,NDCG,F1,MAE
0.14317007946387195,0.06031868992664835,0.006237006237006182,0.12714228671458816
