RMSE,NDCG,F1,MAE
0.9420810052123814,0.766610428341597,0.6,0.7456192365876982
