RMSE,NDCG,F1,MAE
1.092939903260227,0.8081621315201428,0.6047486033519553,0.8783123162064532
