RMSE,NDCG,F1,MAE
0.15085889804784558,0.04155170317854584,0.004748603351955372,0.13269307961875498
