RMSE,NDCG,F1,MAE
1.1010005608617,0.8067344586367458,0.5879828326180258,0.8828981216226561
