RMSE,NDCG,F1,MAE
0.14626301146145293,0.05266548167665619,0.0025464152928377226,0.13344786385357021
