RMSE,NDCG,F1,MAE
0.954737549400247,0.7540689769600896,0.5905292479108635,0.7494502577690859
