RMSE,NDCG,F1,MAE
1.1015559668751882,0.8067005795732825,0.567910447761194,0.8857085544919561
