RMSE,NDCG,F1,MAE
0.15694940105595245,0.04938854804091264,0.03151318336272524,0.1396728031894291
