RMSE,NDCG,F1,MAE
0.9446065658192357,0.7573120315323698,0.5994236311239193,0.746035751302527
