RMSE,NDCG,F1,MAE
0.8441359725562461,0.8930271611769012,0.7519298977675777,0.6586172148519782
