RMSE,NDCG,F1,MAE
0.050904914419311,0.003146018785615823,0.0005425503757907624,0.04346871584437639
