RMSE,NDCG,F1,MAE
0.8950408869755571,0.896173179962517,0.7513873473917869,0.7020859306963546
