RMSE,NDCG,F1,MAE
0.9236463182361675,0.8808662877487735,0.7293577981651376,0.727759436273911
