RMSE,NDCG,F1,MAE
0.03931743286643807,0.0054264916953274955,0.0070996394960833875,0.03874527413990092
