RMSE,NDCG,F1,MAE
0.8843288853697294,0.875439796053446,0.736457437661221,0.6890141621340101
