RMSE,NDCG,F1,MAE
0.06141103479842269,0.003106305723521219,0.032403673132025745,0.037596153153485634
