RMSE,NDCG,F1,MAE
1.068394977336431,0.8446850873091775,0.7173931023075014,0.8337123521954564
