RMSE,NDCG,F1,MAE
1.0069839425380083,0.8415787815856562,0.6849894291754757,0.7961161990419707
