RMSE,NDCG,F1,MAE
0.04964110868605631,0.006309634400245678,0.016377553517922583,0.04542553107898961
