RMSE,NDCG,F1,MAE
0.8581325431253429,0.8869759027437935,0.7536354056902002,0.6683238983183996
