RMSE,NDCG,F1,MAE
0.9077736518113992,0.8932855371440391,0.7372578521722776,0.7137494293973892
