algorithm,value
userKNN,0.191716139396514
BIAS,0.2162807990050965
SVD,0.2197599818041504
BIASEDMF,0.2283455258618196
itemKNN,0.2511588165560207
