algorithm,value
Bagging,0.0003642746459806
AdaBoost,0.0006371084526155
GradientBoosting,0.0015568100679972
RandomForest,0.0019488625966903
Tweedie,0.006491463148346
