algorithm,value
BIASEDMF,0.0010015438526853
itemKNN,0.0121034862278236
AdaBoost,0.0136934071132847
GradientBoosting,0.0146245720314528
BayesianRidge,0.015268533763927
