algorithm,value
BIASEDMF,0.1621265178487354
userKNN,0.1665483253161844
SVD,0.1672646835691149
BIAS,0.1717762926732345
itemKNN,0.17581654468945
