algorithm,value
userKNN,0.0060231020430053
itemKNN,0.0137902071962375
BIASEDMF,0.0273697411783591
SVD,0.0283768276625727
BIAS,0.0310115555345631
