algorithm,value
BIASEDMF,0.1840750237024695
userKNN,0.1850084669412394
itemKNN,0.187655653331649
SVD,0.1997935382376201
BIAS,0.202017389298496
