algorithm,value
userKNN,0.012470302362023
itemKNN,0.0148357921528292
BIASEDMF,0.0284760711846591
SVD,0.0338495052443013
BIAS,0.0355077976033424
