algorithm,value
itemKNN,0.0365688322188526
SVD,0.0587415671692931
BIASEDMF,0.0613365343385041
BIAS,0.0628128601354618
userKNN,0.0757310646824648
