algorithm,value
AdaBoost,0.0456131773876034
BIAS,0.0481108647162017
itemKNN,0.0491107236018345
SVD,0.0492325479337011
RandomForest,0.0503925032908334
