algorithm,value
Bagging,0.0155697923688937
GradientBoosting,0.0190040213496343
RandomForest,0.0193383252093412
LinearSVR,0.0209536793489961
AdaBoost,0.0214554864092635
