algorithm,value
userKNN,0.2286469084660426
Bagging,0.2503893139967628
AdaBoost,0.2556617194955763
BIASEDMF,0.255991523683502
RandomForest,0.2654168321516195
