algorithm,value
userKNN,0.0240483252002308
SVD,0.0299052742145818
BIAS,0.0312182318152337
BIASEDMF,0.0366201783123428
itemKNN,0.0559284267108801
