algorithm,value
BIAS,0.0057026491020514
BIASEDMF,0.0057109634600562
SVD,0.0069302567332032
itemKNN,0.0077314536861103
Bagging,0.0241451087929519
