algorithm,value
itemKNN,0.0022527601740007
GradientBoosting,0.0129775666776791
Tweedie,0.0133010675057979
RandomForest,0.01348136209593
Bagging,0.0141080175036828
