algorithm,value
SVD,0.000276669475737
GradientBoosting,0.0003134127416644
AdaBoost,0.0009740445810424
Bagging,0.0012751169930399
RandomForest,0.0024302162294687
