algorithm,value
BIAS,0.0016924270730317
SVD,0.0017768570980226
BIASEDMF,0.0048449915831182
userKNN,0.0078319938857777
AdaBoost,0.0219110016321429
