algorithm,value
Tweedie,0.0149286343850156
Bagging,0.0155578633085544
BayesianRidge,0.0156863249904309
Ridge,0.0161264735816396
GradientBoosting,0.0190289982424342
