algorithm,value
userKNN,0.0459258584908995
BIAS,0.0625133648661254
SVD,0.0633264165534766
BIASEDMF,0.0818103131580999
itemKNN,0.094811070013413
