algorithm,value
LinearSVR,0.0025237124930556
GradientBoosting,0.0221319955172613
Tweedie,0.0236740384472028
RandomForest,0.0250441234009636
itemKNN,0.0268543605823572
