algorithm,value
RandomForest,0.0021303168326234
AdaBoost,0.0030982516412336
Bagging,0.0031375478690828
Tweedie,0.0040433503981485
GradientBoosting,0.004077778804579
