RMSE,NDCG,F1,MAE
82.8384466576249,89.27919117034577,74.64216838619808,82.36975963884926
