RMSE,NDCG,F1,MAE
82.62912485777854,90.34775743853119,79.1102686217989,82.43895033782024
