RMSE,NDCG,F1,MAE
82.05003429122547,90.67304479341323,74.85796822339913,81.71830473787026
