RMSE,NDCG,F1,MAE
82.28639184681134,91.74374696479141,77.68262553418803,81.83541914722142
