RMSE,NDCG,F1,MAE
81.26377480022975,90.53752165356791,75.33404529478715,80.74085052050604
