RMSE,NDCG,F1,MAE
82.21149154842136,90.6533400876695,78.05126266664729,81.84356205288428
