RMSE,NDCG,F1,MAE
82.06756996228654,90.51723366978355,74.43065150972998,81.72047699317282
