RMSE,NDCG,F1,MAE
81.45519307138342,90.27840331161032,75.13210039630118,81.33714487145281
