RMSE,NDCG,F1,MAE
92.71601064522774,99.77896825677813,106.17867082350476,92.94938651247043
