RMSE,NDCG,F1,MAE
92.86752978102157,98.29657410583276,106.1404422516399,92.7848290675133
