RMSE,NDCG,F1,MAE
97.06579247309824,100.31440875613397,111.90618556701031,96.72036626127661
