RMSE,NDCG,F1,MAE
92.90226635271361,98.98025709858767,104.71576849385087,92.1834484847448
