RMSE,NDCG,F1,MAE
0.12492117890213117,0.028022382125033052,0.07544525065963059,0.1174496261722745
