RMSE,NDCG,F1,MAE
0.9394433255739766,0.893449089611943,0.71875,0.7760918608831754
