RMSE,NDCG,F1,MAE
0.8145221466718454,0.9214714717369761,0.7941952506596306,0.6586422347109009
