RMSE,NDCG,F1,MAE
0.8261759194269349,0.912221873874864,0.7813333333333333,0.6596476549063357
