RMSE,NDCG,F1,MAE
0.12142326503357792,0.017745636076547666,0.07949847094801221,0.11193004014681696
