RMSE,NDCG,F1,MAE
0.9475991844605128,0.8944762377983163,0.7018348623853211,0.7715776950531527
