RMSE,NDCG,F1,MAE
0.8139342047301675,0.9217226999010838,0.7952127659574468,0.6476531992748711
