RMSE,NDCG,F1,MAE
0.11534281307204519,0.03332572781923837,0.09732049429468337,0.10879901444326057
