RMSE,NDCG,F1,MAE
0.9292770178022127,0.8883969720818454,0.6978922716627635,0.7564522137181316
