RMSE,NDCG,F1,MAE
0.9381676601081276,0.8815521693903002,0.7244444444444444,0.7662752559600688
