RMSE,NDCG,F1,MAE
0.8267279492251607,0.9195711269732751,0.7814569536423841,0.6590753336230625
