RMSE,NDCG,F1,MAE
0.11143971088296689,0.03801895758297491,0.057012509197939654,0.10719992233700637
