RMSE,NDCG,F1,MAE
0.8141694231967157,0.9195680292235872,0.7948051948051948,0.64343526141541
