RMSE,NDCG,F1,MAE
0.10986619226511307,0.026216326168002735,0.07791021763624506,0.1054452604933862
