RMSE,NDCG,F1,MAE
0.9240356154618288,0.8933517030555844,0.7168949771689498,0.7488805219087962
