RMSE,NDCG,F1,MAE
0.12094595664285779,0.02974074644144309,0.09188093929160446,0.1149288598691327
