RMSE,NDCG,F1,MAE
0.8128464053688991,0.9223265508855992,0.7930574098798397,0.6517135790002248
