RMSE,NDCG,F1,MAE
0.9337923620117569,0.8925858044441561,0.7011764705882353,0.7666424388693575
