RMSE,NDCG,F1,MAE
0.8145993667604869,0.9210564384700362,0.7904509283819628,0.648098248404455
