RMSE,NDCG,F1,MAE
0.9305362335225943,0.8899441048060058,0.691764705882353,0.7575347146879672
