RMSE,NDCG,F1,MAE
0.11593686676210735,0.031112333664030323,0.0986862224996099,0.10943646628351222
