RMSE,NDCG,F1,MAE
0.9324427081273569,0.8972064269132091,0.6878048780487804,0.760614297473866
