RMSE,NDCG,F1,MAE
0.11237349119574969,0.0243855154117516,0.09027731373204151,0.10834643789761966
