RMSE,NDCG,F1,MAE
0.8200692169316072,0.9215919423249607,0.7780821917808219,0.6522678595762463
