RMSE,NDCG,F1,MAE
0.9054680567213669,0.8830849243164826,0.741738969909544,0.7154479904540448
