RMSE,NDCG,F1,MAE
0.9052053374009525,0.8790551087090968,0.7486631016042781,0.7110381184364832
