RMSE,NDCG,F1,MAE
0.048737473179706,0.007167852319683754,0.05542318043585981,0.0310109472130482
