RMSE,NDCG,F1,MAE
0.8632245571617608,0.8919068104102725,0.6737438075017693,0.6855787968881073
