RMSE,NDCG,F1,MAE
0.04198078023919172,0.012851701701175777,0.07491929410250875,0.025459321548375935
