RMSE,NDCG,F1,MAE
0.8646192626955028,0.8927618729433495,0.6960167714884696,0.6814311214560566
