RMSE,NDCG,F1,MAE
0.8659624964279987,0.8875623411903945,0.6816269284712483,0.6896730311003652
