RMSE,NDCG,F1,MAE
0.9022383952923312,0.8819268689634457,0.743300683792275,0.7117884251846051
