RMSE,NDCG,F1,MAE
0.8906607274945505,0.8923401304491908,0.6816976127320955,0.7077656448633178
