RMSE,F1,MAE
0.8632245571617608,0.6737438075017693,0.6855787968881073
