RMSE,NDCG,F1,MAE
0.04673583272333148,0.001379338450184342,0.05955061048270471,0.029206128747361837
