RMSE,NDCG,F1,MAE
0.039630475573626645,0.007029545893414535,0.07646644381033951,0.023885823057471445
