RMSE,F1,MAE
0.8567305835416609,0.6863157894736842,0.6844370432409966
