RMSE,NDCG,F1,MAE
0.8644605368091386,0.8752014573080025,0.6734842951059167,0.6863438870946313
