RMSE,NDCG,F1,MAE
0.8584898858212919,0.8846221934936288,0.6831036983321247,0.6859199577534065
