RMSE,NDCG,F1,MAE
0.9052257185446234,0.8832428550434445,0.7426543088148294,0.7151260865007684
