RMSE,NDCG,F1,MAE
0.9040910123827652,0.882231003201417,0.7499507389162562,0.7102297101521028
