RMSE,NDCG,F1,MAE
0.06209215781587063,0.015079008391424287,0.05329343715493717,0.04121006132204574
