RMSE,F1,MAE
0.06407934207579702,0.047444552941135254,0.04283655333087055
