RMSE,NDCG,F1,MAE
0.8652100912797359,0.8734958251232885,0.6931407942238267,0.6817237414403094
