RMSE,F1,MAE
0.9286986047712998,0.7434613244296049,0.7242676747869271
