RMSE,NDCG,F1,MAE
0.9273022490956065,0.8885748335147128,0.7464342313787639,0.7229338027623552
