RMSE,NDCG,F1,MAE
0.9021826314717523,0.880801065582861,0.7444247089007302,0.7116252478834674
