RMSE,NDCG,F1,MAE
0.8676777259039891,0.8871238701031001,0.6792179580014482,0.6909767796233497
