RMSE,F1,MAE
0.03627589886433247,0.0616737553210267,0.022115394084239903
