RMSE,NDCG,F1,MAE
0.0345049055677632,0.006322804520239145,0.06520675089928196,0.02064846826011768
