RMSE,F1,MAE
0.9022383952923312,0.743300683792275,0.7117884251846051
