RMSE,NDCG,F1,MAE
0.8915082973871749,0.8832453741905795,0.6830601092896175,0.7078970511581387
