RMSE,NDCG,F1,MAE
0.06312762484731349,0.005260509223980581,0.06101845801252004,0.03579683457450955
