RMSE,NDCG,F1,MAE
0.9546359222344883,0.8779848649665989,0.7440785673021375,0.7436938857326483
