RMSE,F1,MAE
0.954116213950556,0.7425063199711087,0.743326445824791
