RMSE,F1,MAE
0.06345548645600552,0.060808707239013216,0.03556080096147318
