RMSE,NDCG,F1,MAE
0.046644021875178465,0.058314839131607954,0.11678354394997292,0.018214495972168954
