RMSE,NDCG,F1,MAE
1.0787883086608592,0.7680980273635658,0.6355596218359256,0.871806243646583
