RMSE,NDCG,F1,MAE
1.1254323305360376,0.8264128664951738,0.5187760778859527,0.8900207396187519
