RMSE,NDCG,F1,MAE
1.091037105197756,0.7622132299477921,0.6578793204452256,0.8759935650303186
