RMSE,NDCG,F1,MAE
0.05157834988423082,0.04869936969820177,0.09484862155561091,0.022654266257736477
