RMSE,NDCG,F1,MAE
1.142615455081987,0.8109125996459938,0.5630306988896147,0.898647831288055
