RMSE,NDCG,F1,MAE
0.04986464210264341,0.04633415768145077,0.12715531717606254,0.02410336743189545
