RMSE,NDCG,F1,MAE
1.1360972233022588,0.8180047743370283,0.5402906208718626,0.892803854928052
