RMSE,NDCG,F1,MAE
1.0862325811996154,0.7716706166555776,0.6674459380479252,0.8687004874961566
