RMSE,NDCG,F1,MAE
1.0774894321097965,0.7701955525925754,0.6633692173407041,0.8678280843581857
