RMSE,NDCG,F1,MAE
1.12901000818859,0.8209965301568238,0.5394300861497681,0.889884032303833
