RMSE,NDCG,F1,MAE
0.05152057607879357,0.050800977564248395,0.12393913119093602,0.022055947945647247
