RMSE,NDCG,F1,MAE
1.0989944288693572,0.7719528902762378,0.6742661726987745,0.8755342591752365
