RMSE,NDCG,F1,MAE
1.1519771710647746,0.8169188751889152,0.5591810620601407,0.9022692252851892
