RMSE,NDCG,F1,MAE
0.05298274219541743,0.04496598491267734,0.1150851106386338,0.02673496610995263
