RMSE,NDCG,F1,MAE
1.077139407287536,0.7707267299442515,0.6676308938385884,0.8657336525051509
