RMSE,NDCG,F1,MAE
0.052378710236208326,0.05129785557181188,0.12015217740112938,0.024078675436361885
