RMSE,NDCG,F1,MAE
1.1295181175237443,0.8220245855160634,0.547478716437459,0.8898123279415128
