RMSE,NDCG,F1,MAE
1.1362575998289555,0.8180047743370283,0.5389696169088507,0.8929323154375967
