RMSE,NDCG,F1,MAE
1.0865657270989924,0.7715947836334839,0.6668614845119814,0.8689496631573795
