RMSE,NDCG,F1,MAE
0.049691872729963116,0.04640999070354446,0.12789186760313065,0.02398265228021712
