RMSE,NDCG,F1,MAE
1.1332423895983006,0.8128191297404618,0.525085910652921,0.8926693754736543
