RMSE,NDCG,F1,MAE
0.05090572244153213,0.04140639692974113,0.1241161369231103,0.024902213640574322
