RMSE,NDCG,F1,MAE
1.0823366671567685,0.7714127328107206,0.6492020475760313,0.86776716183308
