RMSE,NDCG,F1,MAE
92.61216877941064,98.07986505350333,89.08533285224608,91.51927120258624
