RMSE,NDCG,F1,MAE
84.8061710835963,100.75926721041655,83.25717564796021,83.75747598956511
