RMSE,NDCG,F1,MAE
93.62853037029029,102.8111134991212,92.88154649869863,93.26516001394374
