RMSE,NDCG,F1,MAE
94.33225863706595,99.23554686247357,87.26451992895335,92.34800491640564
