RMSE,NDCG,F1,MAE
1.0175563604768085,0.8734503800330028,0.6733668341708543,0.7981594372141348
