RMSE,NDCG,F1,MAE
0.10068548659628918,0.04915676146693526,0.08399485349452585,0.10105980574813234
