RMSE,NDCG,F1,MAE
1.1182418470730977,0.8242936185660675,0.5893719806763285,0.8992192429622672
