RMSE,NDCG,F1,MAE
1.054075739962973,0.8592596660903838,0.6262626262626263,0.8352569623887456
