RMSE,NDCG,F1,MAE
1.1316143965717074,0.8198847844348973,0.5660377358490566,0.9121056806394533
