RMSE,NDCG,F1,MAE
0.07753865660873438,0.03937488165548653,0.06022489041356971,0.07684871825070771
