RMSE,NDCG,F1,MAE
1.0216524067367148,0.8804173218974846,0.673469387755102,0.8088020854860529
