RMSE,NDCG,F1,MAE
1.1268369492881092,0.8184865297664776,0.5883306320907618,0.9028007927394303
