RMSE,NDCG,F1,MAE
0.10518454255139442,0.06193079213100694,0.08513875566434026,0.09399870725337733
