RMSE,NDCG,F1,MAE
1.1139065266647459,0.8224203837167637,0.5906148867313916,0.8969825677504426
