RMSE,NDCG,F1,MAE
0.07632233036737301,0.048179305814361695,0.07943587468992819,0.0856058242593547
