RMSE,NDCG,F1,MAE
1.0375841962973729,0.8705996895311254,0.6700507614213198,0.8113767434910879
