RMSE,NDCG,F1,MAE
1.0401123909748746,0.8802138044280082,0.7024390243902439,0.8185460460373697
