RMSE,NDCG,F1,MAE
1.1330261603791425,0.8194667388707294,0.6049004594180705,0.9041069071906969
