RMSE,NDCG,F1,MAE
0.09291376940426788,0.06074706555727882,0.09753856497217339,0.08556086115332717
