RMSE,NDCG,F1,MAE
1.026491522007657,0.8772180627609044,0.6564102564102564,0.8064849481562343
