RMSE,NDCG,F1,MAE
1.11854775570698,0.8227362596481064,0.583739837398374,0.8995686100018326
