RMSE,NDCG,F1,MAE
0.09205623369932314,0.054481803112798044,0.07267041901188243,0.09308366184559835
