RMSE,NDCG,F1,MAE
1.1278432731265378,0.8189775462943707,0.5901374292643492,0.9031827354260765
