RMSE,NDCG,F1,MAE
0.10691618628553923,0.060710272490450135,0.08333195849075281,0.09436581718851134
