RMSE,NDCG,F1,MAE
1.0209270868409985,0.8796878187848208,0.673469387755102,0.8088169182375652
