RMSE,NDCG,F1,MAE
1.1145028818357898,0.813995181471514,0.5661948376353039,0.8988634823567968
