RMSE,NDCG,F1,MAE
1.0280339573370825,0.8759538705869162,0.6666666666666666,0.8114008838077695
