RMSE,NDCG,F1,MAE
0.08646892449870736,0.061958689115402255,0.10047182903136276,0.08746259854902727
