RMSE,NDCG,F1,MAE
0.21969136455246874,0.11572190863567144,0.20402747736922217,0.1944086814142696
