RMSE,NDCG,F1,MAE
1.2102308568373188,0.7142835348521478,0.4276315789473684,0.9727021233506586
