RMSE,NDCG,F1,MAE
0.99053949228485,0.8300054434878192,0.6316590563165906,0.778293441936389
