RMSE,NDCG,F1,MAE
1.0103598395881557,0.8281255868816866,0.6279761904761905,0.797997872660959
