RMSE,NDCG,F1,MAE
1.2205903533427775,0.7653901073719503,0.5014749262536873,0.9733456150371969
