RMSE,NDCG,F1,MAE
0.21023051375462187,0.06273547950973624,0.12650126422250318,0.17534774237623785
