RMSE,NDCG,F1,MAE
1.2030817712620332,0.7388481163857908,0.4716981132075472,0.9665552352804295
