RMSE,NDCG,F1,MAE
0.21861775917450188,0.08884238649636478,0.1591743700139293,0.18616836487193833
