RMSE,NDCG,F1,MAE
0.9844640120875313,0.8276905028821556,0.6308724832214765,0.7803868704084912
