RMSE,NDCG,F1,MAE
0.22362041997839588,0.10429584207105835,0.16751237148660253,0.19862658593945848
