RMSE,NDCG,F1,MAE
0.9915545813076906,0.8304181857590502,0.6348020911127707,0.7796091950404181
