RMSE,NDCG,F1,MAE
1.2151750012860865,0.7261223436879919,0.4672897196261682,0.9782357809798766
