RMSE,NDCG,F1,MAE
0.22649623780437955,0.08315562906097484,0.1486564163041426,0.19389320771326946
