RMSE,NDCG,F1,MAE
0.9891344064977681,0.8273675665755597,0.6590421729807004,0.778816753170595
