RMSE,NDCG,F1,MAE
1.2156306443021476,0.7442119375145848,0.5103857566765578,0.9727099608838644
