RMSE,NDCG,F1,MAE
0.22189219203283606,0.1092881656313629,0.18536538896628924,0.1943826053174874
