RMSE,NDCG,F1,MAE
1.2093921022462373,0.7239199837678078,0.4507936507936508,0.9706901737572148
