RMSE,NDCG,F1,MAE
0.9874999102134012,0.8332081493991707,0.63615903975994,0.7763075684397274
