RMSE,NDCG,F1,MAE
0.21833801295368716,0.0917229722241093,0.16391525559595044,0.18621931326393737
