RMSE,NDCG,F1,MAE
1.203228013975525,0.7341622207603501,0.4668769716088328,0.9667792034967999
