RMSE,NDCG,F1,MAE
0.9848900010218378,0.8258851929844594,0.6307922272047832,0.7805598902328625
