RMSE,NDCG,F1,MAE
0.9826964946677317,0.8305939242709948,0.6309341500765697,0.7797561683979034
