RMSE,NDCG,F1,MAE
1.1986820638827838,0.737237832420969,0.4304635761589404,0.9635838278342111
