RMSE,NDCG,F1,MAE
0.21598556921505208,0.0933560918500258,0.20047057391762935,0.18382765943630774
