RMSE,NDCG,F1,MAE
95.7499608805249,106.26534041020759,82.20286153815218,97.66425421378906
