RMSE,NDCG,F1,MAE
95.30655871870363,106.11727275567762,83.78999748047367,97.47682308264423
