RMSE,NDCG,F1,MAE
95.8485364531359,105.53112811918382,81.01378032540096,97.41007113433557
