RMSE,NDCG,F1,MAE
95.66368609640077,106.2086848659753,82.02199809421298,97.53976417349533
