RMSE,NDCG,F1,MAE
95.38284665838121,105.77987763156173,82.92137984629997,96.86709759484683
