RMSE,NDCG,F1,MAE
95.30834826845677,107.10034046578112,81.51483938965674,97.10541814631067
