RMSE,NDCG,F1,MAE
95.86014565690661,105.55545104603645,81.01378032540096,97.41671041346594
