RMSE,NDCG,F1,MAE
95.78596151862257,105.81987765823246,81.18372505713081,97.39801893858365
