RMSE,NDCG,F1,MAE
0.0030982516412336736,0.0113314785927916,0.052194774485167406,0.011868185863762148
