RMSE,NDCG,F1,MAE
0.8316687718764096,0.9006999683465537,0.7262284620293554,0.6462615041010797
