RMSE,NDCG,F1,MAE
0.8347670235176433,0.9120314469393453,0.7784232365145228,0.6581296899648419
