RMSE,NDCG,F1,MAE
0.836711795943569,0.9152914280078651,0.7832699619771863,0.6566392910200591
