RMSE,NDCG,F1,MAE
0.003137547869082824,0.025604252905509828,0.04473216767731025,0.006868386094515011
