RMSE,NDCG,F1,MAE
0.8398493438126519,0.8896871751023553,0.7385377942998761,0.6497709049255441
