RMSE,NDCG,F1,MAE
0.8230025475447517,0.9055543146499133,0.7533908754623921,0.6364220619207759
