RMSE,NDCG,F1,MAE
0.004165005451500892,0.011085072236139415,0.03949897102292965,0.0042293637900803205
