RMSE,NDCG,F1,MAE
0.8188375420932508,0.9166393868860527,0.7928898464853218,0.6406514257108562
