RMSE,NDCG,F1,MAE
0.8265553091828228,0.8969340151355841,0.7568223165554882,0.6398966193186533
