RMSE,NDCG,F1,MAE
0.004077778804579046,0.01521771414845674,0.03973774794330254,0.005654118365699845
