RMSE,NDCG,F1,MAE
0.8224775303782438,0.9121517292840409,0.7965600644987907,0.6455507376843531
