RMSE,NDCG,F1,MAE
0.8235091578058071,0.903813604353899,0.7608695652173914,0.6340073555668687
