RMSE,NDCG,F1,MAE
0.0064931959000739115,0.013222550910303998,0.036686226493554464,0.0022225624096596786
