RMSE,NDCG,F1,MAE
0.8170159619057332,0.917036155264203,0.7975557917109458,0.6362299179765284
