RMSE,NDCG,F1,MAE
0.0021303168326234356,0.020581185800831903,0.037922901442214774,0.006546888866787781
