RMSE,NDCG,F1,MAE
0.8235246546568673,0.9142240700420191,0.7982832618025751,0.6451928871753972
