RMSE,NDCG,F1,MAE
0.8256549714894907,0.8936428842411872,0.7603603603603604,0.6386459983086095
