RMSE,NDCG,F1,MAE
0.004210320251420652,0.01070638666178969,0.03928548425758627,0.004195794964960475
