RMSE,NDCG,F1,MAE
0.8188435696322423,0.9167436743251665,0.7926763597199784,0.6406440667500862
