RMSE,NDCG,F1,MAE
0.8230538898836629,0.9060372876633768,0.7533908754623921,0.6364482717851258
