RMSE,NDCG,F1,MAE
0.8307809728644293,0.9147760862408059,0.7790987005805916,0.6534364318476863
