RMSE,NDCG,F1,MAE
0.004043350398148515,0.013546338661526547,0.04589332630036125,0.008581258517246115
