RMSE,NDCG,F1,MAE
0.8267376224662808,0.9012297475792793,0.7332053742802304,0.6448551733304402
