RMSE,NDCG,F1,MAE
1.109369662615074,0.8027493813079295,0.6172372269052124,0.8786518007489659
