RMSE,NDCG,F1,MAE
1.0385376439060776,0.7782218576935885,0.6058981233243967,0.825924468895686
