RMSE,NDCG,F1,MAE
0.07083201870899636,0.024527523614340963,0.01133910358081569,0.052727331853279824
