RMSE,NDCG,F1,MAE
1.121148405792376,0.8008115447587911,0.6050538964481357,0.888283900564293
