RMSE,NDCG,F1,MAE
1.060836394951569,0.7656902836767245,0.5981055480378891,0.8390389419016301
