RMSE,NDCG,F1,MAE
0.06031201084080706,0.03512126108206659,0.0069483484102466075,0.049244958662662874
