RMSE,NDCG,F1,MAE
1.0370207407422682,0.7797833676226396,0.6086956521739131,0.8243172007325879
