RMSE,NDCG,F1,MAE
0.0759219229493735,0.023956074230121915,0.003229639560037856,0.055668716902002924
