RMSE,NDCG,F1,MAE
1.1129426636916417,0.8037394418527615,0.6054660126138752,0.8799859176345908
