RMSE,NDCG,F1,MAE
0.07149343102948968,0.022487834483906455,0.002245840616378114,0.0526074649487458
