RMSE,NDCG,F1,MAE
1.1110337122200087,0.8003516972503627,0.6056239015817223,0.8780210305639417
