RMSE,NDCG,F1,MAE
1.039540281190519,0.7778638627664562,0.6078697421981004,0.8254135656151959
