RMSE,NDCG,F1,MAE
0.07335094663978725,0.023760562691171327,0.0038711002899720626,0.05224161159620089
