RMSE,NDCG,F1,MAE
1.124837303144459,0.8037863511194391,0.6221009549795361,0.8855861568904446
