RMSE,NDCG,F1,MAE
1.0514863565046717,0.7800257884282678,0.618229854689564,0.8333445452942437
