RMSE,NDCG,F1,MAE
1.111131642911091,0.804146837115827,0.6130600903091351,0.8776732275868235
