RMSE,NDCG,F1,MAE
0.0717077625911815,0.032008645214153364,0.0020237511435899913,0.05206914300374721
