RMSE,NDCG,F1,MAE
1.0394238803199094,0.7721381919016737,0.6110363391655451,0.8256040845830763
