RMSE,NDCG,F1,MAE
1.1130105233296772,0.8038999125526981,0.6055721044331522,0.8800280424678336
