RMSE,NDCG,F1,MAE
0.0758825500904432,0.024116544930058548,0.003123547740760846,0.055628990659923994
