RMSE,NDCG,F1,MAE
1.037127973239234,0.7797833676226396,0.6086956521739131,0.8243990518079096
