RMSE,NDCG,F1,MAE
0.08255037381536368,0.028082361691830204,0.002372734245690511,0.061644888784887275
