RMSE,NDCG,F1,MAE
1.0237639803053256,0.7748317149022644,0.5933147632311978,0.8171957305947419
