RMSE,NDCG,F1,MAE
1.1063143541206892,0.8029140765940946,0.5909420289855073,0.8788406193796292
