RMSE,NDCG,F1,MAE
0.9430269550387781,0.8843282452765308,0.7327638804148872,0.7423018270365866
