RMSE,NDCG,F1,MAE
0.9426118427990685,0.8700012853034519,0.6942355889724311,0.7571840622081176
