RMSE,NDCG,F1,MAE
0.0004151122397095808,0.014326959973078868,0.038528291442456064,0.014882235171530978
