RMSE,NDCG,F1,MAE
0.9999320388985059,0.8687295335666292,0.6969404186795491,0.7883392055000057
