RMSE,NDCG,F1,MAE
0.01962460797076171,0.004435428660826246,0.029843644486000742,0.0020624378474657368
