RMSE,NDCG,F1,MAE
0.9803074309277442,0.8642941049058029,0.6670967741935484,0.78627676765254
