RMSE,NDCG,F1,MAE
1.0658282942783135,0.8214437067552726,0.6401425178147269,0.8464309104847316
