RMSE,NDCG,F1,MAE
1.0180861388210425,0.7945841434818083,0.6957507082152975,0.7955429667515836
