RMSE,NDCG,F1,MAE
0.04774215545727101,0.026859563273464282,0.055608190400570634,0.05088794373314798
