RMSE,NDCG,F1,MAE
0.012978633656069993,0.009715850600839793,0.029933790294863427,0.00022019037702514233
