RMSE,NDCG,F1,MAE
0.939130048727404,0.8850933386232045,0.7333130143249009,0.7424547551227756
