RMSE,NDCG,F1,MAE
0.926151415071334,0.8753774880223647,0.7033792240300375,0.7422345647457504
