RMSE,NDCG,F1,MAE
0.08079493391434867,0.00987645087997302,0.03400505126993081,0.06360146514947873
