RMSE,NDCG,F1,MAE
0.8309311418504544,0.8879702412700067,0.7223851417399805,0.6503109004503367
