RMSE,NDCG,F1,MAE
0.911726075764803,0.8978466921499797,0.7563901930099113,0.7139123655998154
