RMSE,NDCG,F1,MAE
0.8619976880474141,0.8734229313777258,0.6949924127465857,0.6770909382840857
