RMSE,NDCG,F1,MAE
0.10154417307490682,0.0031261535141193786,0.025258678956471048,0.08151269196892241
