RMSE,NDCG,F1,MAE
0.9635418611223209,0.8765490848918451,0.7202510917030568,0.7586036302530081
