RMSE,NDCG,F1,MAE
1.001560860345395,0.821627509829537,0.6624944121591417,0.7897270596603675
