RMSE,NDCG,F1,MAE
0.0601883232153575,0.020680502178729743,0.04847475624768793,0.042320609028622336
