RMSE,NDCG,F1,MAE
1.0617491835607524,0.8423080120082668,0.7109691684068297,0.8320476686889898
