RMSE,NDCG,F1,MAE
0.8470913117926796,0.8767578113609794,0.7194458189015339,0.6599161394324906
