RMSE,NDCG,F1,MAE
0.9150591657568158,0.8945825402808172,0.7468104695514929,0.7206942989851968
