RMSE,NDCG,F1,MAE
0.06796785396413618,0.017824728919837773,0.027364650649958966,0.06077815955270616
