RMSE,NDCG,F1,MAE
93.89284311482638,103.95735739810321,132.92253521126761,93.04998953236817
