RMSE,NDCG,F1,MAE
93.20580859638797,105.56758025113334,136.0292893992345,93.12617866996537
