RMSE,NDCG,F1,MAE
93.99518717604384,103.05353033902584,136.41244882431798,93.40974873971022
