RMSE,NDCG,F1,MAE
93.58325266764272,101.75138794350589,130.8888801344679,92.89371003512285
