RMSE,NDCG,F1,MAE
94.32597340216745,103.09420119924862,137.28956393924548,93.88867588425006
