RMSE,NDCG,F1,MAE
94.24524253175024,101.15506289888533,134.89689440993791,93.65664240801034
