RMSE,NDCG,F1,MAE
93.9989781455941,103.06763241475628,136.33181126331812,93.4169883495134
