RMSE,NDCG,F1,MAE
92.22470874642974,102.48494018676094,135.54856644278962,91.35469256171606
