RMSE,NDCG,F1,MAE
0.024725804723926936,0.010484967274112855,0.06325160316861567,0.02140622757940336
