RMSE,NDCG,F1,MAE
0.9120385629738055,0.8740297463351007,0.6836363636363636,0.7216037245007221
