RMSE,NDCG,F1,MAE
0.8873127582498785,0.8845147136092135,0.7468879668049793,0.7001974969213187
