RMSE,NDCG,F1,MAE
0.8965278707738532,0.8851365218573872,0.7389162561576355,0.7019636042604089
