RMSE,NDCG,F1,MAE
0.017383031152610084,0.01097928796085057,0.09315979859305978,0.022628448746978336
