RMSE,NDCG,F1,MAE
0.9139109019264633,0.8741572338965367,0.6457564575645757,0.7245920530073873
