RMSE,NDCG,F1,MAE
0.8851758309614025,0.8904885336734697,0.7304347826086957,0.6976487517534754
