RMSE,NDCG,F1,MAE
0.019444237422798216,0.014589255018625513,0.0791823741308536,0.018576504471478295
