RMSE,NDCG,F1,MAE
0.9046200683842007,0.8758992786548442,0.651252408477842,0.7162252562249537
