RMSE,NDCG,F1,MAE
0.021782701671012594,0.016349899055418726,0.0820232976791947,0.02241113380112003
