RMSE,NDCG,F1,MAE
0.9080554554700588,0.8692027565345468,0.6605166051660517,0.7154053358014856
