RMSE,NDCG,F1,MAE
0.8862727537990462,0.8855526555899655,0.7425399028452464,0.6929942020003655
