RMSE,NDCG,F1,MAE
0.884227482292005,0.8900317248654414,0.742296918767507,0.6932773131653118
