RMSE,NDCG,F1,MAE
0.9092229047551614,0.8752776152909492,0.659217877094972,0.7141777527477471
