RMSE,NDCG,F1,MAE
0.024995422463156447,0.014754109574492191,0.08307904167253499,0.02090043958243526
