RMSE,NDCG,F1,MAE
0.8852960456981427,0.8848965321918429,0.7467036780013879,0.6927935628183247
