RMSE,NDCG,F1,MAE
0.021064155406578355,0.01411222701844872,0.0739431661183898,0.019683914102265998
