RMSE,NDCG,F1,MAE
0.906360201104721,0.8707843051733942,0.6727605118829981,0.7124774769205907
