RMSE,NDCG,F1,MAE
0.8852289004343294,0.8900250722751476,0.7304347826086957,0.6976557051734774
