RMSE,NDCG,F1,MAE
0.0197857641861805,0.014111313911901457,0.0791823741308536,0.018785172552961305
