RMSE,NDCG,F1,MAE
0.90501466462051,0.8759137583632461,0.651252408477842,0.7164408777264387
