RMSE,NDCG,F1,MAE
0.018313197279586135,0.017710935318738574,0.08104327060165384,0.014858046222758436
