RMSE,NDCG,F1,MAE
0.9074847200028565,0.8724115370705368,0.6347305389221557,0.7210483920114441
