RMSE,NDCG,F1,MAE
0.8891715227232704,0.8901224723892753,0.7157738095238095,0.7061903457886857
