algorithm,georisk
SVD,0.7274167239565714
BIASEDMF,0.7227809060096497
NMF,0.7039721261411321
StochasticItemKNN,0.7014407929756699
BayesianRidge,0.6911703981040841
Tweedie,0.689775138186875
Ridge,0.6911596668547355
RandomForest,0.691200716440014
Bagging,0.6860822928850656
AdaBoost,0.6924165468500268
GradientBoosting,0.6919829226379829
LinearSVR,0.6912323477312378
