algorithm,georisk
SVD,0.7666890999707917
BIASEDMF,0.7618385909298159
NMF,0.7381846371591583
StochasticItemKNN,0.7354083782041969
BayesianRidge,0.7262364975592533
Tweedie,0.7254383700111381
Ridge,0.7261854348921988
RandomForest,0.725179685953169
Bagging,0.7206224840215195
AdaBoost,0.7263711435487576
GradientBoosting,0.7263724293470062
LinearSVR,0.7247566709329923
