RMSE,NDCG,F1,MAE
82.53193184199841,91.71797422598819,74.57178507959316,81.93285355911321
