RMSE,NDCG,F1,MAE
82.12382844621071,90.11667346454267,75.69639896315441,81.37738929298331
