RMSE,NDCG,F1,MAE
81.76872157037137,90.74904414143344,75.51020408163265,81.14265486478634
