RMSE,NDCG,F1,MAE
82.00421061456697,90.85261995204095,75.80623542342438,81.33525186583333
