RMSE,NDCG,F1,MAE
81.0458008260018,91.13291935236008,74.81106334033426,80.32838288392043
