RMSE,NDCG,F1,MAE
82.00218512922338,89.45414504229154,74.8677810424434,81.30715344038283
