RMSE,NDCG,F1,MAE
81.77539571865078,90.72837216312874,75.66917293233082,81.13999581368046
