RMSE,NDCG,F1,MAE
81.26742671847795,90.83569881687596,75.58172801831013,80.88713926327443
