RMSE,NDCG,F1,MAE
102.58399012645766,96.34745267415794,123.97343584917387,100.95971029283241
