RMSE,NDCG,F1,MAE
103.07151347172363,95.41523303075554,124.10025018103485,101.63668514967752
