RMSE,NDCG,F1,MAE
102.77927041764097,97.23742013120751,125.01012311901505,101.67990166775458
