RMSE,NDCG,F1,MAE
103.49693591576464,96.28962751473526,125.19423385534832,102.0668306945443
