RMSE,NDCG,F1,MAE
103.25965339400014,97.19317903332099,122.4752632297301,102.00917635809023
