RMSE,NDCG,F1,MAE
103.29728356462536,96.83169110226835,125.21006247527386,101.60063286922241
