RMSE,NDCG,F1,MAE
102.77473853342083,97.22063465570909,125.01012311901505,101.67964393515551
