RMSE,NDCG,F1,MAE
101.78117402949441,96.66255620930568,125.04579593332113,100.80579905662287
