RMSE,NDCG,F1,MAE
0.8768703471140956,0.8958018011455489,0.7333333333333333,0.6759796005973961
