RMSE,NDCG,F1,MAE
0.9089388365098366,0.9100511481116998,0.7529708318329132,0.7095163124317071
