RMSE,NDCG,F1,MAE
0.03206848939574103,0.014249346966150989,0.019637498499579964,0.03353671183431095
