RMSE,NDCG,F1,MAE
0.947256270014252,0.889951145579735,0.7256963659841358,0.7396241883071751
