RMSE,NDCG,F1,MAE
0.9059529945520256,0.8887862860395053,0.7013920071845532,0.7060681058140255
