RMSE,NDCG,F1,MAE
0.04130327546222645,0.0011648595402297124,0.024304358799582593,0.033556082493149675
