RMSE,NDCG,F1,MAE
1.0021093970877069,0.8346470116083079,0.6855268552685527,0.7806013715283749
