RMSE,NDCG,F1,MAE
0.07387065584280661,0.020697695309977893,0.02488683945327319,0.05573845456577109
