RMSE,NDCG,F1,MAE
1.0759800529305135,0.8553447069182858,0.7104136947218259,0.836339826094146
