RMSE,NDCG,F1,MAE
0.0340977711073529,0.016272488362131576,0.028840916999892552,0.029774548436903858
