RMSE,NDCG,F1,MAE
0.9084586941102136,0.9078375156154761,0.7490895848506919,0.7104351224293393
