RMSE,NDCG,F1,MAE
0.8743609230028607,0.8915650272533445,0.7202486678507993,0.6806605739924354
