RMSE,NDCG,F1,MAE
0.9285575058204537,0.9113079867992677,0.7502460145640621,0.7218011518488181
