RMSE,NDCG,F1,MAE
0.8513335401152338,0.8953421155281865,0.7386734324030446,0.6641981352835166
