RMSE,NDCG,F1,MAE
0.07722396570521994,0.015965871271081178,0.01157258216101753,0.057603016565301535
