RMSE,NDCG,F1,MAE
0.09224225938778574,0.003792082887219439,0.0010191548698448294,0.0716659788772418
