RMSE,NDCG,F1,MAE
0.8743065387234887,0.8893595120654118,0.7228017883755589,0.6812941329466305
