RMSE,NDCG,F1,MAE
0.9665487981112745,0.8931515949526312,0.7238209432454037,0.7529601118238723
