RMSE,NDCG,F1,MAE
1.007003393442398,0.8487668550557009,0.6907763769077637,0.7884251327876375
