RMSE,NDCG,F1,MAE
0.07200481571428163,0.002317081892276196,0.029391103901726834,0.047056616939722296
