RMSE,NDCG,F1,MAE
1.0790082091566797,0.8510839369479771,0.7201674808094906,0.8354817497273598
