RMSE,NDCG,F1,MAE
0.0796431949106815,0.011045671676770952,0.0060864384923103865,0.06267607950382503
