RMSE,NDCG,F1,MAE
0.9285388861532838,0.9077951763614567,0.7433558111860373,0.7257817312075688
