RMSE,NDCG,F1,MAE
0.8488956912426023,0.8967495046846857,0.7372693726937269,0.6631056517037438
