RMSE,NDCG,F1,MAE
0.8320046943083398,0.907756581528041,0.7385430463576159,0.6459273983580043
