RMSE,NDCG,F1,MAE
0.9205063777426131,0.9002287290632066,0.7790138304269393,0.7208422919325722
