RMSE,NDCG,F1,MAE
0.08850168343427334,0.007527852464834339,0.04047078406932336,0.07491489357456793
