RMSE,NDCG,F1,MAE
0.9555375151832746,0.8913955888682422,0.7585134504742653,0.7506356200186759
