RMSE,NDCG,F1,MAE
0.8569508709683248,0.8938151801031138,0.7154914239041655,0.6670623850882618
