RMSE,NDCG,F1,MAE
0.09858664421494978,0.0024195912348715654,0.04302202657009979,0.08357323493041413
