RMSE,NDCG,F1,MAE
1.0051041433537768,0.8263962857025722,0.6640056351256164,0.7828223661890186
