RMSE,NDCG,F1,MAE
0.07677655432087338,0.023055627455272787,0.08550458037956132,0.06428001832302799
