RMSE,NDCG,F1,MAE
1.0818806976746502,0.849451913157845,0.7495102155051777,0.8471023845120466
