RMSE,NDCG,F1,MAE
0.9293426504875326,0.8962066460417979,0.7735392067817136,0.7335275586386037
