RMSE,NDCG,F1,MAE
0.8324653735700436,0.9023130871420836,0.7314346553100879,0.6483029217388123
