RMSE,NDCG,F1,MAE
0.09687727691748904,0.006106441100285687,0.04210455147162573,0.08522463689979143
