RMSE,NDCG,F1,MAE
0.8566048213511454,0.904969538124985,0.7733333333333333,0.6795328026729284
