RMSE,NDCG,F1,MAE
0.8615495893491693,0.8929094934786773,0.7986798679867987,0.6868675316868108
