RMSE,NDCG,F1,MAE
0.05230143875034332,0.003613715976480081,0.08418919366829081,0.03708047551361393
