RMSE,NDCG,F1,MAE
0.9003901496362691,0.8925627024406144,0.7288256227758008,0.714537436519425
