RMSE,NDCG,F1,MAE
0.08555751147180246,0.012273378186825945,0.11431301537650229,0.06933417620471138
