RMSE,NDCG,F1,MAE
0.9558149508731016,0.8799130181834786,0.6944644140905823,0.7510536252119379
