RMSE,NDCG,F1,MAE
0.8702574394012992,0.8921863963703045,0.8087774294670846,0.6817194490072265
