RMSE,NDCG,F1,MAE
0.9008244635653283,0.8926118443551972,0.7321554770318022,0.7144457242935306
