RMSE,NDCG,F1,MAE
0.037569889790092015,0.0018617571879560035,0.04525316084195197,0.028125022029271363
