RMSE,NDCG,F1,MAE
0.8632545737752363,0.8944736015431533,0.7774086378737541,0.6863207022642592
