RMSE,NDCG,F1,MAE
0.9756813979642571,0.8866680091776383,0.7247769389155799,0.7701218550229108
