RMSE,NDCG,F1,MAE
0.8827935148952425,0.8904625957161794,0.7763157894736842,0.6897892288265973
