RMSE,NDCG,F1,MAE
90.99815757548215,100.75335155979748,99.87405470110684,93.50281062950909
