RMSE,NDCG,F1,MAE
88.82548059828925,98.9997492435765,95.54190916057411,89.06355317361418
