RMSE,NDCG,F1,MAE
92.59742480405686,102.54239217332746,103.37269138723609,95.74355408637584
