RMSE,NDCG,F1,MAE
91.91438228229606,98.56819090383784,101.93155287064934,94.81094391117901
