RMSE,NDCG,F1,MAE
92.28263561117225,99.63028586379144,87.4566061662836,88.62685083356554
