RMSE,NDCG,F1,MAE
89.95951263384455,98.85320540410362,85.57382318739187,86.98199744750718
