RMSE,NDCG,F1,MAE
91.76334359247015,98.56227801863598,87.59102124330505,89.25803383064773
