RMSE,NDCG,F1,MAE
92.22220685923233,99.45459483215265,88.22543463644223,88.81660148887755
