RMSE,NDCG,F1,MAE
92.27229838844003,99.34071693963276,87.50983698707138,89.64121291143037
