RMSE,NDCG,F1,MAE
92.09824748806348,100.57104459704081,88.03493619670093,88.4562660959689
