RMSE,NDCG,F1,MAE
91.75815644021424,98.44658543366614,86.98894860800773,89.299231072174
