RMSE,NDCG,F1,MAE
91.86018070121112,98.11035754783083,87.3814658861388,89.44241358872647
