algorithm,georisk
SVD,0.7618160416831216
BIASEDMF,0.7575788294268027
NMF,0.7366802214655956
StochasticItemKNN,0.7325529738048565
BayesianRidge,0.7222851180036216
Tweedie,0.7216854870928084
Ridge,0.7222694609229955
RandomForest,0.7238574404004773
Bagging,0.717205617343467
AdaBoost,0.7235155210154223
GradientBoosting,0.7226739709922992
LinearSVR,0.7221066570992252
