algorithm,georisk
SVD,0.7363151006682433
BIASEDMF,0.73109268475993
NMF,0.7050245937611712
StochasticItemKNN,0.7007544856071382
BayesianRidge,0.6893736066130302
Tweedie,0.6898703245046124
Ridge,0.6892726374614262
RandomForest,0.6901320618403121
Bagging,0.6825076115131256
AdaBoost,0.689420254576895
GradientBoosting,0.688405430806784
LinearSVR,0.6879243097397155
