RMSE,NDCG,F1,MAE
0.21267806792774002,0.08807037222447966,0.161487617670256,0.1752773248404299
