RMSE,NDCG,F1,MAE
1.02659243215338,0.8214899978523368,0.6368352788586251,0.8189083541402354
