RMSE,NDCG,F1,MAE
1.23927050008112,0.7334196256278571,0.47534766118836913,0.9941856789806653
