RMSE,NDCG,F1,MAE
1.2716359543586266,0.733381552560876,0.4876237623762376,1.0174725249220953
