RMSE,NDCG,F1,MAE
1.0507416604633932,0.8117318828415171,0.6163849154746424,0.8387936695214919
