RMSE,NDCG,F1,MAE
0.2208942938952334,0.07835033028064109,0.12876115309840475,0.17867885540060335
