RMSE,NDCG,F1,MAE
0.2226460486551396,0.07644227538698611,0.15774732980904088,0.18196297477341616
