RMSE,NDCG,F1,MAE
1.2403703286536247,0.7431421837835906,0.4696774193548387,0.9953287819557399
