RMSE,NDCG,F1,MAE
1.0177242799984851,0.8195844591705768,0.6274247491638796,0.8133658071823238
