RMSE,NDCG,F1,MAE
1.0252605381141582,0.8197065338389576,0.644430459408433,0.8164986887855807
