RMSE,NDCG,F1,MAE
0.22070555069289144,0.06767704557988208,0.1438199587979324,0.1812339522811247
