RMSE,NDCG,F1,MAE
1.2459660888070496,0.7520294882590756,0.5006105006105006,0.9977326410667055
