RMSE,NDCG,F1,MAE
0.23628238819916225,0.07757974292706882,0.15860097408903812,0.1944948645818212
