RMSE,NDCG,F1,MAE
1.0248168229805783,0.819867058996451,0.6429954809554551,0.8153880733376775
