RMSE,NDCG,F1,MAE
1.2610992111797406,0.7422873160693821,0.484394506866417,1.0098829379194987
