RMSE,NDCG,F1,MAE
1.2392270463316741,0.744017226519389,0.5012285012285013,0.9908075930737599
