RMSE,NDCG,F1,MAE
0.2204400078709583,0.07671064274594741,0.1409500928183638,0.17989536581174792
