RMSE,NDCG,F1,MAE
1.0187870384607158,0.8207278692653364,0.6421785940468651,0.810912227262012
