RMSE,NDCG,F1,MAE
0.22247140418880296,0.07781914121653588,0.16087809625738836,0.18198132888865926
