RMSE,NDCG,F1,MAE
1.0181379483692514,0.8206375492831491,0.6291834002677377,0.8135661414730745
