RMSE,NDCG,F1,MAE
1.2406093525580544,0.7428184080666133,0.4683053040103493,0.9955474703617337
