RMSE,NDCG,F1,MAE
1.2364472275758949,0.7408676977338444,0.4623513870541612,0.9941975163415108
