RMSE,NDCG,F1,MAE
1.0071504764477128,0.820647763537223,0.6153846153846154,0.8086518741750803
