RMSE,NDCG,F1,MAE
0.22929675112818204,0.0797800658033786,0.15303322833045424,0.18554564216643044
