RMSE,NDCG,F1,MAE
0.931546893717802,0.8794185945201967,0.7057331303906647,0.7345910517394334
