RMSE,NDCG,F1,MAE
0.005436663502046191,0.016579145896437386,0.009753064087126506,0.005187869600522199
