RMSE,NDCG,F1,MAE
0.9369835572198482,0.8628394486237593,0.7154861944777912,0.7294031821389112
