RMSE,NDCG,F1,MAE
0.014275285659086312,0.005710226174073352,0.018105257484344106,0.00824227573637526
