RMSE,NDCG,F1,MAE
0.9991588895618085,0.8681967685042237,0.6598821638993037,0.7876669194305571
