RMSE,NDCG,F1,MAE
0.9848836039027222,0.8624865423301503,0.6779874213836478,0.7794246436941819
