RMSE,NDCG,F1,MAE
1.072268605064607,0.8247442403892867,0.6418084362619436,0.849659646499551
