RMSE,NDCG,F1,MAE
0.037880646400802354,0.012997564396821426,0.03749998537776633,0.044120596146392965
