RMSE,NDCG,F1,MAE
1.0343879586638047,0.8377418047861082,0.67930842163971,0.805539050353158
