RMSE,NDCG,F1,MAE
0.9254767857211014,0.8707315999294497,0.7240143369175627,0.7199969485976027
