RMSE,NDCG,F1,MAE
0.927486292533321,0.8784853860833675,0.7016574585635359,0.7331876473334308
