RMSE,NDCG,F1,MAE
0.0020095068122196746,0.007753786153917752,0.022356878354026777,0.013190698735828121
