RMSE,NDCG,F1,MAE
1.0829423784574814,0.7877691890213953,0.6845953002610966,0.8592762417547986
