RMSE,NDCG,F1,MAE
1.0902343922427529,0.786480549257754,0.6271929824561403,0.8564758819891517
