RMSE,NDCG,F1,MAE
0.007292013785271445,0.0012886397636412417,0.057402317804956304,0.0028003597656468537
