RMSE,NDCG,F1,MAE
1.1137121784227284,0.7844168087976462,0.5967470555243971,0.8784251012913461
