RMSE,NDCG,F1,MAE
1.0924651922118795,0.7883012356991481,0.6661259799945931,0.8652884710729262
