RMSE,NDCG,F1,MAE
0.02124698621084886,0.003884426901501925,0.069378924470196,0.013136630218419931
