RMSE,NDCG,F1,MAE
1.0907909460483975,0.7862190268413771,0.6776859504132231,0.8625800256117424
