RMSE,NDCG,F1,MAE
0.012346309028793634,0.004402503775738809,0.06874424130173473,0.0004031393462856636
