RMSE,NDCG,F1,MAE
1.1031372550771912,0.7906215306171159,0.6089417091114884,0.8629831649580281
