RMSE,NDCG,F1,MAE
0.011584097117553371,0.00822665923845256,0.05584207517948159,0.0022708982227425123
