RMSE,NDCG,F1,MAE
1.0812008480457305,0.7849103535766736,0.6743070362473348,0.855662906014025
