RMSE,NDCG,F1,MAE
1.0927849451632838,0.7931370128151262,0.6184649610678532,0.8579338042367675
