RMSE,NDCG,F1,MAE
0.012782349963837314,0.0014071231858873157,0.06597492205605926,0.0006838576650044503
