RMSE,NDCG,F1,MAE
1.0988288301371227,0.786613141174131,0.6846799580272823,0.865091441579566
