RMSE,NDCG,F1,MAE
1.11161118010096,0.7880202643600183,0.6187050359712231,0.8657752992445704
