RMSE,NDCG,F1,MAE
1.097798218120442,0.7841115767859754,0.6092342342342343,0.8640498395888696
