RMSE,NDCG,F1,MAE
0.013483774737496512,0.0017251844525472126,0.06564525157187173,0.0070345732297117936
