RMSE,NDCG,F1,MAE
1.0843144433829455,0.7858367612385226,0.674879485806106,0.8570152663591578
