RMSE,NDCG,F1,MAE
1.1031864445728616,0.7906215306171159,0.6089417091114884,0.8630072260483741
