RMSE,NDCG,F1,MAE
0.012288340495142158,0.004337463494430316,0.06892495755517825,0.0003670622522576883
