RMSE,NDCG,F1,MAE
1.0908981040777195,0.7862840671226856,0.6778666666666666,0.8626401637961164
