RMSE,NDCG,F1,MAE
1.095345259975542,0.7841627296572701,0.5976608187134503,0.8612546431924819
