RMSE,NDCG,F1,MAE
0.009969320508938395,2.5424526098993816e-05,0.06331411932014919,0.003118548789546316
