RMSE,NDCG,F1,MAE
1.0853759394666036,0.7841881541833691,0.6609749380335995,0.8643731919820282
