RMSE,NDCG,F1,MAE
96.87244965793404,103.521098134175,82.40624999999999,98.97559484467344
