RMSE,NDCG,F1,MAE
96.50798269517452,103.0173072240137,85.68279382759022,97.67497199736336
