RMSE,NDCG,F1,MAE
97.11761854674057,101.90290335805956,84.96590147607088,98.67903101534246
