RMSE,NDCG,F1,MAE
96.95560505326193,102.53303430750611,85.8774034778025,98.92252061593773
