RMSE,NDCG,F1,MAE
97.16805885988902,103.34721995600535,85.76198275351739,98.94653427968463
