RMSE,NDCG,F1,MAE
97.12678067002514,101.9502278762078,85.09674425306133,98.68376599988777
