RMSE,NDCG,F1,MAE
96.21169700642483,101.90274340028549,83.70227306492349,98.22703512202061
