RMSE,NDCG,F1,MAE
91.94517666469491,102.43410334280382,98.69687814168658,92.26194577499895
