RMSE,NDCG,F1,MAE
88.2646392180382,100.93846449377035,97.39652816191065,88.0068824866336
