RMSE,NDCG,F1,MAE
93.91577246426944,100.80249983773501,107.33053571428573,94.45691019327066
