RMSE,NDCG,F1,MAE
92.83248868517727,101.19340488653282,102.13114215672815,93.08970595332985
