RMSE,NDCG,F1,MAE
90.3020269526726,99.12905352534068,105.43331726064392,89.54336134114821
