RMSE,NDCG,F1,MAE
89.85483199844455,99.77941730826969,107.64584444377758,88.72359441050341
