RMSE,NDCG,F1,MAE
92.90612211890551,102.45484285907362,113.61162785467349,92.70194982550696
