RMSE,NDCG,F1,MAE
89.53370299331866,99.40930228587358,105.55247504175829,88.38851472183549
