algorithm,georisk
SVD,0.7298507966073025
BIASEDMF,0.7248731491070524
NMF,0.705737463469398
StochasticItemKNN,0.7008877307921108
BayesianRidge,0.6784608359086843
Tweedie,0.6818420697059012
Ridge,0.6783228269862516
RandomForest,0.680440738498999
Bagging,0.6761819102803989
AdaBoost,0.6781184748484363
GradientBoosting,0.679531246032934
LinearSVR,0.6747883790913365
