algorithm,georisk
SVD,0.7623248905741298
BIASEDMF,0.7567650178497755
NMF,0.7324707921818853
StochasticItemKNN,0.7277325495989873
BayesianRidge,0.7049840111216159
Tweedie,0.7104810714820448
Ridge,0.7048186940315673
RandomForest,0.7069833664415365
Bagging,0.7028309547463931
AdaBoost,0.7048962933590657
GradientBoosting,0.706342085245215
LinearSVR,0.6986808377947168
