RMSE,NDCG,F1,MAE
109.89483143214889,105.96350139801494,114.25158579784167,112.6616063202695
