RMSE,NDCG,F1,MAE
107.35608018181483,104.80248961841944,110.63973063973064,109.20060792201343
