RMSE,NDCG,F1,MAE
110.2955312254749,107.5665010820247,114.4712430426716,111.62196647859636
