RMSE,NDCG,F1,MAE
107.35577224862618,105.85823342517666,113.44969056393852,110.55068745143235
