RMSE,NDCG,F1,MAE
108.93305090973695,107.41299953686854,116.12472985489349,110.45278534635068
