RMSE,NDCG,F1,MAE
108.9680461772617,106.62202528135816,112.44911077780158,111.54189697630488
