RMSE,NDCG,F1,MAE
110.47246053744783,107.41293491685407,114.12077159630975,111.66714185382484
