RMSE,NDCG,F1,MAE
108.41109613953685,107.6116776273043,117.74509803921569,110.77920917938613
