RMSE,NDCG,F1,MAE
0.8925922630510783,0.9108886828571657,0.7297297297297297,0.7232306865893562
