RMSE,F1,MAE
0.8908144729561654,0.7219512195121951,0.7213604581995804
