RMSE,F1,MAE
0.8838753430048832,0.7245901639344262,0.7147223245924812
