RMSE,F1,MAE
0.9415480544128204,0.7430207587687903,0.7410313632181016
