RMSE,NDCG,F1,MAE
0.9519164391392468,0.8984384048183585,0.7383820998278829,0.7488716180988039
