RMSE,F1,MAE
0.05767271140793717,0.018430594834364045,0.026309038625620396
