RMSE,NDCG,F1,MAE
0.8989473539632079,0.8838726979024395,0.7269681742043551,0.7293924564100307
