RMSE,NDCG,F1,MAE
0.9680337941126834,0.8931536844639453,0.7191011235955056,0.7644411352456645
