RMSE,NDCG,F1,MAE
0.059324176088168534,0.012450278038807272,0.008652370098153228,0.025640931509447684
