RMSE,NDCG,F1,MAE
0.06908644014947551,0.009280986561505777,0.007867050608849513,0.035048678835633784
