RMSE,F1,MAE
0.8657130749756745,0.7587253414264037,0.6870654192348101
