RMSE,F1,MAE
1.0164298746877891,0.7225352112676057,0.7931136099831216
