RMSE,NDCG,F1,MAE
0.8729771129040511,0.8978785436896247,0.7648902821316614,0.6939556782670974
