RMSE,NDCG,F1,MAE
1.0300116623613182,0.8838737498701403,0.716821639898563,0.8043286082088592
