RMSE,NDCG,F1,MAE
0.15703454945726714,0.014004793819484385,0.04806864223309848,0.11037292994176184
