RMSE,F1,MAE
0.8853870845787621,0.729064039408867,0.7147411371744391
