RMSE,F1,MAE
0.05586287209374041,0.012894502406715525,0.02562486711434875
