RMSE,F1,MAE
0.9412499566725026,0.7419585418155825,0.7403660042887878
