RMSE,NDCG,F1,MAE
0.9516949788827583,0.898317574878933,0.7383820998278829,0.7481225274583881
