RMSE,NDCG,F1,MAE
0.8947950894047318,0.91359224462813,0.7322033898305085,0.7237510128664747
