RMSE,NDCG,F1,MAE
0.05689988947802649,0.015274669749197,0.006178709997374465,0.024371514591913446
