RMSE,NDCG,F1,MAE
1.0030907057286662,0.8889804754437101,0.7246861924686192,0.7874543181090811
