RMSE,F1,MAE
0.0862622371273043,0.010452961672473893,0.0432916396449613
