RMSE,NDCG,F1,MAE
0.9207624413630389,0.8935580495340784,0.7190635451505016,0.7504882432432092
