RMSE,NDCG,F1,MAE
0.08232826436562735,0.004577574090368297,0.0056226473181175685,0.03696607486587189
