RMSE,NDCG,F1,MAE
101.834780532938,97.55469732679181,105.2204759798536,102.41970093548997
