RMSE,NDCG,F1,MAE
99.91915469008444,98.31413448031995,104.23070249933797,100.50340237889566
