RMSE,NDCG,F1,MAE
100.91954353362263,98.2234998917251,105.0347433865659,102.29718476289698
