RMSE,NDCG,F1,MAE
101.76521750260727,98.3779139578709,104.37603034648724,102.53717516780239
