RMSE,NDCG,F1,MAE
100.55947516251919,98.09507531699386,104.87268018990075,101.80787360201293
