RMSE,NDCG,F1,MAE
101.62437540808673,97.79693176841717,105.72632399147221,102.4380436362375
