RMSE,NDCG,F1,MAE
100.9252910500529,98.07428159424126,105.57876628164169,102.31702250895312
