RMSE,NDCG,F1,MAE
99.93629813529287,98.02350895108924,108.54513476020611,101.22036526648066
