RMSE,NDCG,F1,MAE
98.4857038791617,101.03550019775409,87.23111795454696,97.67261856496616
