RMSE,NDCG,F1,MAE
98.62855794936252,100.97097200182887,90.99549741567647,98.39567440677507
