RMSE,NDCG,F1,MAE
98.5642717809527,101.42380982424189,85.27866718387365,96.69523356075497
