RMSE,NDCG,F1,MAE
97.70024041407524,101.55712221454849,87.55610940028185,96.65518357173426
