RMSE,NDCG,F1,MAE
99.05044795456423,101.41594762473814,87.0696143814875,96.77469088779837
