RMSE,NDCG,F1,MAE
97.6793523225048,100.81584565491335,86.49728336821438,96.39194965455083
