RMSE,NDCG,F1,MAE
98.57931381984669,101.4046763798915,84.85329103885806,96.7104260517919
