RMSE,NDCG,F1,MAE
99.11078279365718,101.54662122198303,83.40315993689185,96.97713305422353
