algorithm,georisk
SVD,0.7278437741451672
BIASEDMF,0.7221745574429251
NMF,0.6997813888365312
StochasticItemKNN,0.7003530118765255
BayesianRidge,0.6909490772870263
Tweedie,0.6901302726605986
Ridge,0.6909079311122616
RandomForest,0.6911611178877107
Bagging,0.6855747814239539
AdaBoost,0.6900045398608257
GradientBoosting,0.6910898343258834
LinearSVR,0.6916785083310102
