algorithm,georisk
SVD,0.7535584410396611
BIASEDMF,0.7480819962705979
NMF,0.7189550517787128
StochasticItemKNN,0.7196299836309722
BayesianRidge,0.7117272840169352
Tweedie,0.7114019598129646
Ridge,0.7116479933361373
RandomForest,0.7105705090388024
Bagging,0.705596484373365
AdaBoost,0.7107223994582952
GradientBoosting,0.7111775062552775
LinearSVR,0.7109201983067943
