RMSE,NDCG,F1,MAE
1.0916519396259003,0.8207255082444616,0.6424442609413707,0.8674908648958454
