RMSE,NDCG,F1,MAE
0.01678501784898012,0.008498614260889603,0.08203294988738619,0.020670912315892687
