RMSE,NDCG,F1,MAE
1.1084369574748805,0.8292241225053512,0.5604113110539846,0.8881617772117381
