RMSE,NDCG,F1,MAE
1.1143504194510372,0.8243784991066193,0.576530612244898,0.8888348920289505
