RMSE,NDCG,F1,MAE
1.0990677492072303,0.8164509885986712,0.6335814722911497,0.8745750863746169
