RMSE,NDCG,F1,MAE
0.015282670243806917,0.007927510507948154,0.057050860046251706,0.014259805654333602
