RMSE,NDCG,F1,MAE
1.107652302334423,0.831308353052725,0.5524296675191815,0.8944789225269765
