RMSE,NDCG,F1,MAE
1.0917494256608804,0.8196382629417154,0.6477935054121565,0.8649184832891844
