RMSE,NDCG,F1,MAE
0.01590287667354251,0.011670090111009612,0.09536383789297498,0.029560439237792058
