RMSE,NDCG,F1,MAE
1.1130608743311596,0.8376831148247373,0.5663265306122449,0.8914760819195596
