RMSE,NDCG,F1,MAE
0.025597724154608814,0.012843756876944168,0.08048901942911157,0.029818238442105183
