RMSE,NDCG,F1,MAE
1.0874631501765508,0.8248393579477932,0.6468155500413565,0.8616578434774544
