RMSE,NDCG,F1,MAE
0.010633627829882197,0.011604717195765835,0.08599634454417404,0.029024024656828518
