RMSE,NDCG,F1,MAE
1.1092236649846774,0.8195724893363971,0.6650717703349283,0.8708594794398214
