RMSE,NDCG,F1,MAE
1.1198572928145596,0.831177206532163,0.5790754257907542,0.89988350409665
