RMSE,NDCG,F1,MAE
0.02572787982333491,0.00668165909805174,0.08640836207141,0.03211271942659466
