RMSE,NDCG,F1,MAE
1.108650833680377,0.8256673407416383,0.5535248041775457,0.8900296933799252
