RMSE,NDCG,F1,MAE
1.0829229538570422,0.8189856816435865,0.6399331662489557,0.8579169739533306
