RMSE,NDCG,F1,MAE
1.0922546561971418,0.8196635857485809,0.6466666666666666,0.8653126748891798
