RMSE,NDCG,F1,MAE
0.015741143198695795,0.01151362078358209,0.09794871794871784,0.029433331529790885
