RMSE,NDCG,F1,MAE
1.1079957993958376,0.831177206532163,0.5487179487179488,0.8947460064189707
