RMSE,NDCG,F1,MAE
0.009825139837035701,0.012727663653286703,0.10246372455126096,0.02701670249948629
