RMSE,NDCG,F1,MAE
1.1049201215352573,0.8356611312910627,0.5149051490514905,0.8937443487955652
