RMSE,NDCG,F1,MAE
1.0950949816982216,0.822933467637776,0.6173688736027515,0.8667276462960789
