RMSE,NDCG,F1,MAE
122.28968723586979,114.92564480967353,140.5765534913517,124.99026481930144
