RMSE,NDCG,F1,MAE
121.64185969421284,112.60344561764428,126.2848751835536,123.73056330326835
