RMSE,NDCG,F1,MAE
121.84154580838924,111.27071228273671,132.56394681784437,123.4613604830754
