RMSE,NDCG,F1,MAE
122.64715136801516,118.66061963729398,135.23238666095807,124.5985763003205
