RMSE,NDCG,F1,MAE
122.25874887346654,110.75427061809702,134.39539743556668,124.37948612704557
