RMSE,NDCG,F1,MAE
122.4926397887518,115.26866598960603,140.625,125.18408531182664
