RMSE,NDCG,F1,MAE
121.80239270450616,110.77202236208814,132.5791245791246,123.42873427411651
