RMSE,NDCG,F1,MAE
121.68886731613043,111.59795332954675,143.62892160282797,123.48077269692448
