RMSE,NDCG,F1,MAE
100.04682796050129,98.07316361892043,95.09946237980196,98.3740848003128
