RMSE,NDCG,F1,MAE
102.0669614233146,100.32028481835079,97.60111207611683,101.74289175607191
