RMSE,NDCG,F1,MAE
104.14677567083457,99.2475675920709,108.25890539399153,106.2272817098295
