RMSE,NDCG,F1,MAE
101.56468412704736,98.22899361116613,96.10862068965515,100.22958300532603
