RMSE,NDCG,F1,MAE
0.9508474640722364,0.8441739778924027,0.6389891696750902,0.7573905881902661
