RMSE,NDCG,F1,MAE
0.20805445448796633,0.06050057194550462,0.14149334329779473,0.1593442926075982
