RMSE,NDCG,F1,MAE
1.1589019185602027,0.783673405946898,0.4974958263772955,0.9167348807978642
