RMSE,NDCG,F1,MAE
0.9520178664104774,0.8465328178217967,0.6551426101987899,0.7586984143329291
