RMSE,NDCG,F1,MAE
0.23103094589119577,0.0561804640870841,0.111363808355472,0.17877737777683966
