RMSE,NDCG,F1,MAE
1.1830488123016731,0.7903523537347126,0.543778801843318,0.9374757921097687
