RMSE,NDCG,F1,MAE
0.9495531261293725,0.8393132417378202,0.6538796861377506,0.7607101760441248
