RMSE,NDCG,F1,MAE
0.21097323484636343,0.050843552052181606,0.12539867347952272,0.16488146679789673
