RMSE,NDCG,F1,MAE
1.160526360975736,0.7884696896856386,0.5284810126582279,0.9255916428420216
