RMSE,NDCG,F1,MAE
0.2190409088146279,0.06955467286957906,0.12837352289153947,0.17266497265088532
