RMSE,NDCG,F1,MAE
0.9450580856355999,0.8416105705515781,0.6561954624781849,0.7529761029080353
