RMSE,NDCG,F1,MAE
1.1640989944502278,0.772055897681999,0.5278219395866455,0.9256410755589206
