RMSE,NDCG,F1,MAE
1.1742614033588785,0.7867429014671135,0.5476550680786687,0.9322249889916457
