RMSE,NDCG,F1,MAE
0.9510369497630674,0.84031406303523,0.677231025854879,0.7556267362499678
