RMSE,NDCG,F1,MAE
0.2232244535958111,0.05357116156811659,0.12957595777621034,0.17659825274167795
