RMSE,NDCG,F1,MAE
1.1608780794801516,0.7779072134274935,0.5106382978723404,0.9211823905660641
