RMSE,NDCG,F1,MAE
0.9493753118823274,0.840825145775936,0.6513680494263019,0.7553786190879961
