RMSE,NDCG,F1,MAE
0.21150276759782427,0.06291793234844256,0.1407297515539615,0.16580377147806802
