RMSE,NDCG,F1,MAE
1.1605562841275032,0.7893687162088039,0.526148969889065,0.9254112522318249
