RMSE,NDCG,F1,MAE
0.9501036987382145,0.8402737454435133,0.6544821583986075,0.7611304351726618
