RMSE,NDCG,F1,MAE
0.21045258538928868,0.05090502923470941,0.12833318850954245,0.1642808170591631
