RMSE,NDCG,F1,MAE
0.20881389362105152,0.06634245363950608,0.13826580265375388,0.1649127666568445
