RMSE,NDCG,F1,MAE
0.9492609518254782,0.838984982494703,0.6415770609318996,0.760198282457852
