RMSE,NDCG,F1,MAE
1.1580748454465297,0.7726425288551969,0.5033112582781457,0.9251110491146965
