algorithm,value
userKNN,0.0008834636594802
itemKNN,0.0052930233283493
SVD,0.0119637663539547
BIASEDMF,0.0134134672767366
BIAS,0.0165237744128724
