algorithm,value
userKNN,0.0183351360156232
SVD,0.0229534296209926
BIAS,0.0237001958923076
itemKNN,0.0263708662689582
BIASEDMF,0.0313098588867223
