algorithm,value
itemKNN,0.0389828796263216
userKNN,0.042362571784112
SVD,0.0442257461937416
BIAS,0.0446563011886491
BIASEDMF,0.0466628320835382
