algorithm,value
SVD,0.0015829094443313
BIAS,0.002289978556366
itemKNN,0.006531137988279
BIASEDMF,0.013716876243297
AdaBoost,0.0138801363051379
