algorithm,value
Bagging,0.020122096522657
GradientBoosting,0.0238897561262685
AdaBoost,0.0247865820985291
RandomForest,0.0249172718685087
LinearSVR,0.0279849093940006
