algorithm,value
userKNN,0.1566332057241733
BIAS,0.1841466468871984
SVD,0.1864399770461732
BIASEDMF,0.1883521182642773
itemKNN,0.2117448017448231
