algorithm,value
AdaBoost,0.0389257995679412
Bagging,0.0411471737882995
itemKNN,0.0422028978623966
BIASEDMF,0.0430158958313514
RandomForest,0.0436266886407993
