algorithm,value
BIASEDMF,0.0048004610923497
SVD,0.0092864239263382
BIAS,0.010503129568792
itemKNN,0.0129311997753119
Bagging,0.0170830566689846
