algorithm,value
userKNN,0.1825892493460553
Bagging,0.2003399244193408
AdaBoost,0.2067549626206023
BIASEDMF,0.2076210818813341
RandomForest,0.2159389940219128
