algorithm,value
LinearSVR,0.0091880089089918
GradientBoosting,0.0139149398698726
SVD,0.0145979104187254
itemKNN,0.0148036562458822
Tweedie,0.0151039282288617
