algorithm,value
itemKNN,0.0050862452070217
BIASEDMF,0.0256495007313636
SVD,0.0323755152259416
userKNN,0.0343901312863631
BIAS,0.0361681142152898
