algorithm,value
LinearSVR,0.0022225624096596
Ridge,0.0041957949649604
BayesianRidge,0.0042293637900803
GradientBoosting,0.0056541183656998
RandomForest,0.0065468888667877
