algorithm,value
Tweedie,0.0098145994145473
LinearSVR,0.0117124361437479
Ridge,0.0133259032643267
BayesianRidge,0.0133468766143127
RandomForest,0.0158054277922815
