algorithm,value
BIASEDMF,0.123026241636064
userKNN,0.1257226275622355
SVD,0.1279582324307883
BIAS,0.1316498459905738
itemKNN,0.1358765079748309
