algorithm,value
userKNN,0.0292240914308966
BIAS,0.0541109323827775
SVD,0.0556130930213982
BIASEDMF,0.0741481542690437
itemKNN,0.0871545249315968
