algorithm,value
itemKNN,0.0046384195439461
Bagging,0.009169184171353
GradientBoosting,0.0127982860772294
AdaBoost,0.0129581610563186
RandomForest,0.013234928005102
