algorithm,value
BIASEDMF,0.1440821126655657
userKNN,0.1520076559172489
SVD,0.156811542226453
BIAS,0.161156552955197
AdaBoost,0.1612577912535813
