algorithm,value
BIASEDMF,0.0076102049686795
SVD,0.0121869461876463
BIAS,0.0126976976953517
itemKNN,0.0161627985017771
LinearSVR,0.0170643745996373
