algorithm,value
BIASEDMF,0.0028287555817025
userKNN,0.0032024277239637
BIAS,0.00333187479008
SVD,0.0039509149254528
Tweedie,0.0218299092800701
