algorithm,value
Tweedie,0.0132206059456174
BayesianRidge,0.0163613877330767
Ridge,0.0166902873273154
LinearSVR,0.0186945438169976
RandomForest,0.0205042803701203
