algorithm,georisk
SVD,0.7736036273499415
BIASEDMF,0.7734406368025963
NMF,0.7544324524917029
StochasticItemKNN,0.7384149522661924
BayesianRidge,0.7302486305043702
Tweedie,0.7321424693037953
Ridge,0.730190293738797
RandomForest,0.7316384155046479
Bagging,0.7291358601379737
AdaBoost,0.7305384733058382
GradientBoosting,0.7284526010027211
LinearSVR,0.7303117916689398
