algorithm,georisk
SVD,0.760243656278978
BIASEDMF,0.7587408521090204
NMF,0.7353405086609854
StochasticItemKNN,0.7206632054792778
BayesianRidge,0.7038305369165752
Tweedie,0.708647559340005
Ridge,0.7037162954939693
RandomForest,0.7069836651914085
Bagging,0.7034890815399865
AdaBoost,0.7067888994998148
GradientBoosting,0.702644869918991
LinearSVR,0.7019082253429821
