RMSE,NDCG,F1,MAE
0.0009895279582767813,0.0011522441886209212,0.019912619423143152,0.005828173834859229
