RMSE,NDCG,F1,MAE
0.8945695759656771,0.9069763931434245,0.7362637362637363,0.7125713289038638
