RMSE,NDCG,F1,MAE
0.9017499433942451,0.9138188975409508,0.7357142857142858,0.7114610423294501
