RMSE,NDCG,F1,MAE
0.06138115200985472,0.005389846506303142,0.04403247159195378,0.04026892808460114
