RMSE,NDCG,F1,MAE
0.9415281753305257,0.8961346033801161,0.7235915492957746,0.7365970989527327
