RMSE,NDCG,F1,MAE
0.0395397443309945,0.013806565837594986,0.013213680737106936,0.016467994992655388
