RMSE,NDCG,F1,MAE
0.9136793732701387,0.8925975980558148,0.7146892655367232,0.7356864315834192
