RMSE,NDCG,F1,MAE
1.1170989305802108,0.8103144809139899,0.5077881619937694,0.8875127823840402
