RMSE,NDCG,F1,MAE
1.0889603038477418,0.780717361010455,0.6295224312590448,0.8790761976335116
