RMSE,NDCG,F1,MAE
0.02813862673246903,0.029597119903534974,0.12173426926527542,0.008436584750528553
