RMSE,NDCG,F1,MAE
0.033944575492901974,0.03736504083292558,0.12468048504061391,0.014470138076498995
