RMSE,NDCG,F1,MAE
1.1390862525650007,0.8149823335314053,0.5173410404624278,0.8985826431206173
