RMSE,NDCG,F1,MAE
1.1051416770720988,0.7776172926984797,0.6420215255030417,0.8841125050441183
