RMSE,NDCG,F1,MAE
1.099552886269649,0.7812946257486553,0.6437647058823529,0.8759127262679514
