RMSE,NDCG,F1,MAE
0.03055954809440986,0.02219710068178049,0.12879464600211343,0.014714472496649922
