RMSE,NDCG,F1,MAE
1.130112434364059,0.8034917264304358,0.5149700598802395,0.8906271987646013
