RMSE,NDCG,F1,MAE
1.127151271172635,0.8101065643828436,0.513595166163142,0.8916210538490935
