RMSE,NDCG,F1,MAE
1.0890672860982231,0.7800485933166591,0.6429915333960489,0.873565925170588
