RMSE,NDCG,F1,MAE
0.03808398507441191,0.030057971066184463,0.12939636723290682,0.01805512867850556
