RMSE,NDCG,F1,MAE
1.1481182377636008,0.8030350091048942,0.5358166189111748,0.900163790083527
