RMSE,NDCG,F1,MAE
0.036243270119837856,0.0225397550053289,0.1204261955289263,0.01772965795837722
