RMSE,NDCG,F1,MAE
1.111874967643763,0.7804952540995653,0.6562428144401011,0.8824341321251498
