RMSE,NDCG,F1,MAE
1.0883257967009987,0.7854756245211746,0.6456435412286848,0.8717220191975752
