RMSE,NDCG,F1,MAE
0.0358851876241999,0.025700567467043522,0.12999525508859544,0.013953069167525589
