RMSE,NDCG,F1,MAE
1.1242109843251986,0.8111761919882181,0.5156482861400894,0.8856750883651008
