RMSE,NDCG,F1,MAE
1.0998262388617777,0.7811597558417835,0.6437647058823529,0.876114553544812
