RMSE,NDCG,F1,MAE
1.1303435413121483,0.8034917264304358,0.5149700598802395,0.8908301585084423
