RMSE,NDCG,F1,MAE
0.030517302450370654,0.022331970588652217,0.12879464600211343,0.014715604963630224
