RMSE,NDCG,F1,MAE
1.1171273373742987,0.8074294024470395,0.5007874015748032,0.8832575928560941
