RMSE,NDCG,F1,MAE
1.0975775707308846,0.7804818999908305,0.6262135922330098,0.8761972040516895
