RMSE,NDCG,F1,MAE
0.019549766643414124,0.026947502456209027,0.1254261906582066,0.007060388804404516
