RMSE,F1,MAE
0.023280025453032427,0.007212551042338311,0.03386031551553692
