RMSE,NDCG,F1,MAE
0.8426531625861506,0.9095322706566421,0.7394705174488568,0.6680125906499585
