RMSE,NDCG,F1,MAE
0.02440949079857435,0.01139228559580463,0.0012702232918838652,0.0346517089580517
