RMSE,F1,MAE
0.8203643352137482,0.7350096711798839,0.6356415154538662
