RMSE,NDCG,F1,MAE
0.8182436717875763,0.9209245562524467,0.7407407407407407,0.6333608816919069
