RMSE,F1,MAE
0.8436443606667806,0.7422222222222222,0.6695018309694031
