RMSE,F1,MAE
0.8104323241477924,0.7612208258527827,0.6313615475965098
