RMSE,NDCG,F1,MAE
0.8082550640416296,0.9066423476632794,0.7622504537205081,0.629074598842162
