RMSE,NDCG,F1,MAE
0.8470662583806811,0.907062008549505,0.7511415525114156,0.6683412758601276
