RMSE,F1,MAE
0.037457741378749354,0.005091113224256483,0.037665794402593655
