RMSE,NDCG,F1,MAE
0.03881119433905145,0.0004196608862255813,0.011108901209092581,0.0392666770179656
