RMSE,NDCG,F1,MAE
0.8015784877630399,0.9299369066728107,0.7753623188405797,0.6161670732419126
