RMSE,F1,MAE
0.8036446519164601,0.7697841726618705,0.6183266426350414
