RMSE,NDCG,F1,MAE
0.8335244521930846,0.9082512815671179,0.7524003491416933,0.6585354221090889
