RMSE,NDCG,F1,MAE
0.031945964430044715,0.02168562510569283,0.02296196969888642,0.04236834886717633
