RMSE,F1,MAE
0.8112842916636108,0.7728085867620751,0.6233536684662294
