RMSE,NDCG,F1,MAE
0.8367757294046291,0.9070594704191791,0.7565864833906071,0.6600383674496049
