RMSE,NDCG,F1,MAE
0.027756615485227787,0.018488528456258146,0.01737373360758465,0.03899617070680339
