RMSE,NDCG,F1,MAE
0.8090191139194013,0.9255479988754373,0.7739602169981917,0.6210421967428015
