RMSE,NDCG,F1,MAE
0.03616983061624146,0.020330497864229025,0.02062561168600152,0.04375892857434538
