RMSE,NDCG,F1,MAE
0.7980089036298694,0.9310010824922414,0.7795414462081128,0.6104581232403926
