RMSE,F1,MAE
0.8343935284930118,0.7632341322096392,0.6546991367547693
