RMSE,NDCG,F1,MAE
0.8341787342461109,0.9106705846280124,0.7589158345221113,0.654217051814738
