RMSE,NDCG,F1,MAE
0.8361123993132662,0.9104223312492175,0.7566333808844508,0.6596582097857167
