RMSE,F1,MAE
0.8087175718694474,0.7857142857142857,0.6234802306087409
