RMSE,NDCG,F1,MAE
0.8063338831772651,0.9240881042653366,0.7870036101083032,0.6211372617844381
