RMSE,NDCG,F1,MAE
0.029778516136001132,0.013665773016119154,0.030370229223852463,0.03852094800127859
