RMSE,NDCG,F1,MAE
0.8016349398875257,0.9299369066728107,0.7753623188405797,0.6161545642934022
