RMSE,F1,MAE
0.8036994297287721,0.7697841726618705,0.618312469465785
