RMSE,F1,MAE
0.8340264164352484,0.7573805689747719,0.6594117573627015
