RMSE,F1,MAE
0.030326986706476378,0.012403603687098586,0.041099287896916525
