RMSE,NDCG,F1,MAE
0.8335778666089106,0.9082669777278157,0.7533449680046539,0.6585550944875999
