RMSE,NDCG,F1,MAE
0.03194292672138499,0.021669928944994976,0.02201735083592582,0.04240053019419765
