RMSE,NDCG,F1,MAE
0.8075952868121015,0.9237248202036263,0.7613636363636364,0.6237712167481092
