RMSE,NDCG,F1,MAE
0.8355737566028192,0.910787508749717,0.738009592326139,0.661863640182165
