RMSE,F1,MAE
0.8370897450462481,0.7412935323383084,0.6634910204246717
