RMSE,F1,MAE
0.809121484173094,0.7556390977443609,0.6257414753604456
