RMSE,F1,MAE
0.02796826087315407,0.014345565406052474,0.03774954506422612
