RMSE,NDCG,F1,MAE
0.02797846979071772,0.012937311453909306,0.0233540440374973,0.03809242343405583
