RMSE,NDCG,F1,MAE
82.62996161792363,93.83319237670923,78.56893106893106,83.10842382102707
