RMSE,NDCG,F1,MAE
83.25339402526544,96.2268330838534,80.75083380785813,83.1323932547806
