RMSE,NDCG,F1,MAE
82.31194694369992,93.63320963868335,78.99453207324865,82.72247677948417
