RMSE,NDCG,F1,MAE
81.71086810823138,92.52384336843188,79.80720349510554,82.2658701130115
