RMSE,NDCG,F1,MAE
81.35057684004391,92.93450645593012,82.75471613501152,81.6130374055105
