RMSE,NDCG,F1,MAE
82.18062280008118,93.61826397443926,78.73141193984912,82.5096284249153
