RMSE,NDCG,F1,MAE
82.33090704016551,93.331100434589,79.48505533832594,82.73292689798957
