RMSE,NDCG,F1,MAE
82.69178133183958,94.16778380699441,77.90931636329606,83.18456737264086
