RMSE,NDCG,F1,MAE
93.07801329867631,99.98553751240121,90.62717668911075,89.70228031720738
