RMSE,NDCG,F1,MAE
93.97535613252866,103.24731549940513,88.67621274108708,90.41338417690685
