RMSE,NDCG,F1,MAE
92.47043657426921,100.0251570178542,90.78259071642717,89.2549301156592
