RMSE,NDCG,F1,MAE
92.75415280602618,100.72059067736294,88.77049506526583,89.45947062349516
