RMSE,NDCG,F1,MAE
93.05257477853776,100.0960212195836,89.97676554817097,89.62332729307681
