RMSE,NDCG,F1,MAE
92.7388082303206,100.30436886736646,87.83114632334735,89.292276481042
