RMSE,NDCG,F1,MAE
92.47290910484884,100.230089604674,89.68818323789692,89.26400860840118
