RMSE,NDCG,F1,MAE
92.47290125446888,100.57570997105942,84.62484624846248,89.65793999402152
