RMSE,NDCG,F1,MAE
0.0037171886849280966,0.0034809988319205454,0.06773039167405359,0.0003090907637817164
