RMSE,NDCG,F1,MAE
0.8690332977731144,0.9013366160260087,0.7623690863127482,0.6772440294145822
