RMSE,NDCG,F1,MAE
0.8653161090881863,0.8978556171940881,0.6946386946386947,0.6769349386508005
