RMSE,NDCG,F1,MAE
0.9060181341814991,0.8812944671457394,0.6687789422373873,0.7081644529399759
