RMSE,NDCG,F1,MAE
0.0067534866454795894,0.0002783679091260538,0.06508522638087966,0.0046771367070139735
