RMSE,NDCG,F1,MAE
0.9127716208269787,0.8815728350548655,0.733864168618267,0.7128415896469898
