RMSE,NDCG,F1,MAE
0.033062683347441446,0.010109504973586425,0.10871041397520476,0.027200619282148897
