RMSE,NDCG,F1,MAE
1.0235839483370088,0.8361222186105617,0.7290827210239393,0.7948816803821818
