RMSE,NDCG,F1,MAE
1.0566466316844503,0.8260127136369753,0.6203723070487346,0.8220822996643307
