RMSE,NDCG,F1,MAE
0.8753578941991014,0.8974978956075511,0.691358024691358,0.6834043365567887
