RMSE,NDCG,F1,MAE
0.8899781773347388,0.8910722248125887,0.7496326230712711,0.6949153914945289
