RMSE,NDCG,F1,MAE
0.014620283135637457,0.006425670794962368,0.05827459837991311,0.011511054937740184
