RMSE,NDCG,F1,MAE
0.9511802074922012,0.8531911097593178,0.7260726072607261,0.7519948448393569
