RMSE,NDCG,F1,MAE
0.8915429414943593,0.8991490024247406,0.7573415765069552,0.6991551219810023
