RMSE,NDCG,F1,MAE
0.07927596455381691,0.056655143513614226,0.041639097168112205,0.06915403934466513
