RMSE,NDCG,F1,MAE
0.9708189060481762,0.8424938589111264,0.715702479338843,0.7683091613256674
