RMSE,NDCG,F1,MAE
0.06089670051263818,0.05079629951909559,0.03753547983103134,0.05124743618751537
