RMSE,NDCG,F1,MAE
0.890283506979563,0.9039874092784134,0.7636080870917574,0.7007474086518415
