RMSE,NDCG,F1,MAE
0.9000048539453768,0.897416078837281,0.7710386656557998,0.699942300095469
