RMSE,NDCG,F1,MAE
0.9899051836462005,0.8456424362529138,0.7332796132151491,0.7801468244346679
