RMSE,NDCG,F1,MAE
0.08990032970082373,0.05177364258436723,0.0377590524406507,0.08020452433919889
