RMSE,NDCG,F1,MAE
0.06224678383197979,0.05182496131165337,0.037406012621621354,0.052946418924643024
