RMSE,NDCG,F1,MAE
0.9528613282198327,0.8506784304120282,0.7223140495867768,0.753442536494758
