RMSE,NDCG,F1,MAE
0.8906145443878529,0.9025033917236815,0.7597200622083982,0.700496117570115
