RMSE,NDCG,F1,MAE
0.040062842711814484,0.03653135215192016,0.0002646723492046865,0.025541696105968015
