RMSE,NDCG,F1,MAE
0.9432927648911468,0.8804367638397909,0.7430981595092024,0.7385961516294733
