RMSE,NDCG,F1,MAE
0.9833556076029613,0.8439054116878707,0.7433628318584071,0.7641378477354414
