RMSE,NDCG,F1,MAE
0.001032017963794818,0.0011365677511352423,0.007870770197063615,0.0029612838189175816
