RMSE,NDCG,F1,MAE
0.01846752452078304,0.006428854241694815,0.006701102889850596,0.014969991027437679
