RMSE,NDCG,F1,MAE
0.9133923314750292,0.9061545040422827,0.7518518518518519,0.7174937643464488
