RMSE,NDCG,F1,MAE
0.9813695833212606,0.8918820576587817,0.7446808510638298,0.776273987694481
