RMSE,NDCG,F1,MAE
0.9301082874530519,0.8922411146051629,0.7219251336898396,0.737559188665604
