RMSE,NDCG,F1,MAE
0.05126129586820871,0.00035905694638116437,0.02275571737399018,0.03871479902887698
