algorithm,georisk
SVD,0.8993074967436225
BIASEDMF,0.9021403232435303
NMF,0.8938907934012394
StochasticItemKNN,0.8738958399580968
BayesianRidge,0.8510254171620736
Tweedie,0.8505672004838329
Ridge,0.8510027262578496
RandomForest,0.8512424899345152
Bagging,0.849149677766624
AdaBoost,0.851260204521039
GradientBoosting,0.8516834389550947
LinearSVR,0.8489709623989152
