algorithm,georisk
SVD,0.9098951073277104
BIASEDMF,0.9122761906798017
NMF,0.9024901609541559
StochasticItemKNN,0.8801858203508663
BayesianRidge,0.8532869108133403
Tweedie,0.8537327258498976
Ridge,0.8532550916888199
RandomForest,0.8543310837211778
Bagging,0.8515401604773516
AdaBoost,0.8547598257203303
GradientBoosting,0.8546204850406813
LinearSVR,0.8495008567700777
