RMSE,NDCG,F1,MAE
95.7437097564188,106.7637170806935,83.23630688433622,97.73620762560368
