RMSE,NDCG,F1,MAE
95.44791718955412,105.9230174815771,82.64975846781746,96.87383269526008
