RMSE,NDCG,F1,MAE
95.9545584333198,106.66225256902942,81.62939966301444,97.60855321170555
