RMSE,NDCG,F1,MAE
95.63328092814278,106.5122169006208,82.35773840188317,97.43282382747644
