RMSE,NDCG,F1,MAE
95.52326913213093,106.62130978716988,82.62580774975848,97.09435814561847
