RMSE,NDCG,F1,MAE
95.43686228729214,106.68164362371581,83.07171570928688,97.18729896443625
