RMSE,NDCG,F1,MAE
95.97255456880576,106.56686945540976,81.45409968070153,97.62694395788357
