RMSE,NDCG,F1,MAE
95.84966517564773,107.07109449169982,80.5425945982644,97.45598126463724
