RMSE,NDCG,F1,MAE
100.12042669628471,97.0694284802348,95.22174453721797,101.68273136421051
