RMSE,NDCG,F1,MAE
102.92444630035868,97.87701626452366,97.48078228015267,103.91256276644643
