RMSE,NDCG,F1,MAE
104.0556569251966,97.11835448973399,93.13873590507595,104.33739459794631
