RMSE,NDCG,F1,MAE
100.17640819611017,96.33429824547585,93.63268566269035,101.70852974502394
