RMSE,NDCG,F1,MAE
0.05835300013502154,0.0029733553671946744,0.01682153752255544,0.05833922194908481
