RMSE,NDCG,F1,MAE
0.8759616774633886,0.9071153710338502,0.7496982862659908,0.6905320228620265
