RMSE,NDCG,F1,MAE
0.8546579602313411,0.9130930174528703,0.7554797856794935,0.6692544896138073
