RMSE,NDCG,F1,MAE
0.7892803011241319,0.9260583483062327,0.7852494577006508,0.6127910158136264
