RMSE,NDCG,F1,MAE
0.7988736490455123,0.9283489570764459,0.7921225382932167,0.61805948793653
