RMSE,NDCG,F1,MAE
0.07358160598846253,0.01474809225162721,0.028450542935754775,0.0599102476294312
