RMSE,NDCG,F1,MAE
0.855469689874712,0.9125931836577579,0.7630388187663729,0.6636387659961834
