RMSE,NDCG,F1,MAE
0.7892517596850963,0.9260583483062327,0.7861771058315334,0.6127111366244296
