RMSE,NDCG,F1,MAE
0.8546637217174065,0.9129884056746993,0.7538986354775828,0.6691866079688213
