RMSE,NDCG,F1,MAE
0.06541196203231014,0.013069942631533382,0.032278470353950595,0.05647547134439179
