RMSE,NDCG,F1,MAE
0.8604658971121697,0.9137120371811609,0.7375599898964385,0.6788702381997289
