RMSE,NDCG,F1,MAE
0.05898263529329595,0.00865810470379802,0.02781586431768457,0.05716588965442371
