RMSE,NDCG,F1,MAE
0.8014832618188737,0.9223701418849589,0.765375854214123,0.6217043485453052
