RMSE,NDCG,F1,MAE
95.79545238955257,97.83223312241807,93.76316935906897,95.44993609538069
