RMSE,NDCG,F1,MAE
93.38268349461629,99.19529272317158,93.00308653736235,92.63710451535256
