RMSE,NDCG,F1,MAE
94.35266666931044,101.11666922483134,95.47521108465037,94.75721710118786
