RMSE,NDCG,F1,MAE
95.61049406912123,98.77517936215399,92.28270017419214,96.4736175202415
