RMSE,NDCG,F1,MAE
0.03218934026853648,0.0058962299387043116,0.014547316901892926,0.03227182570147269
