RMSE,NDCG,F1,MAE
0.8589730300775916,0.8976165902252189,0.7640041493775933,0.6662699830281018
