RMSE,NDCG,F1,MAE
0.8911623703461281,0.9035128201639232,0.7494568324757004,0.6985418087295745
