RMSE,NDCG,F1,MAE
0.8948121295609078,0.8814234214281188,0.7478586723768736,0.6947938574060709
