RMSE,NDCG,F1,MAE
0.029633865999269426,0.005842601665238756,0.02158728732883053,0.031591572355288866
