RMSE,NDCG,F1,MAE
0.9244459955601773,0.8872660230933576,0.7262713850480431,0.7263854297613598
