RMSE,NDCG,F1,MAE
1.0204063074687342,0.8561233579846956,0.7047042384722869,0.7969029910451882
