RMSE,NDCG,F1,MAE
1.056084247040492,0.8512230122017777,0.708613317043372,0.8271929114404466
