RMSE,NDCG,F1,MAE
0.03567793957175791,0.004900345782917981,0.003909078571085134,0.030289920395258352
