RMSE,NDCG,F1,MAE
0.8676598304230753,0.9002425014716519,0.7633507853403141,0.674519829100843
