RMSE,NDCG,F1,MAE
0.03392795633099466,8.974386721793959e-05,0.026350554233311563,0.03462809485407836
