RMSE,NDCG,F1,MAE
0.9015877867540699,0.9001527576044339,0.7370002311070025,0.7091479239549213
