algorithm,georisk
SVD,0.7296072736190478
BIASEDMF,0.7351354624037222
NMF,0.7237098551374248
StochasticItemKNN,0.7014942691376483
BayesianRidge,0.6736873713068372
Tweedie,0.6718243425846183
Ridge,0.6736623498949683
RandomForest,0.6752999520599173
Bagging,0.6700294772302202
AdaBoost,0.675150244174094
GradientBoosting,0.6749389629313671
LinearSVR,0.6712764079119147
