algorithm,georisk
SVD,0.740384822848271
BIASEDMF,0.747206690209166
NMF,0.7340970820048806
StochasticItemKNN,0.7027106007807786
BayesianRidge,0.6736842176265831
Tweedie,0.6721291935167744
Ridge,0.6736544265588934
RandomForest,0.675285022455757
Bagging,0.6685097394848444
AdaBoost,0.6759417173549337
GradientBoosting,0.6751230995538422
LinearSVR,0.6688122958511903
