RMSE,NDCG,F1,MAE
1.0518621581531886,0.7908969078947088,0.6769983686786297,0.822142487320251
