RMSE,NDCG,F1,MAE
0.06524946907883966,0.012557755776825164,0.05773853531300288,0.060368576221637604
