RMSE,NDCG,F1,MAE
1.1171116272320283,0.803454663671534,0.6192598333656268,0.8825110635418886
