RMSE,NDCG,F1,MAE
1.0697817145522006,0.7974524746125121,0.6683168316831684,0.8378800848561538
