RMSE,NDCG,F1,MAE
0.06046862192575375,0.003126627227167056,0.048449800005420984,0.05618496953446106
