RMSE,NDCG,F1,MAE
1.1302503364779544,0.8005791018396792,0.6198670316777474,0.8940650543906149
