RMSE,NDCG,F1,MAE
1.1198450259986323,0.8050022979735837,0.6184287099903006,0.8805098779675177
