RMSE,NDCG,F1,MAE
0.06625678814841418,0.01187648885612469,0.05528976031075716,0.05552504943863601
