RMSE,NDCG,F1,MAE
1.0535882378502182,0.793125809117459,0.6737184703010578,0.8249848285288817
