RMSE,NDCG,F1,MAE
1.0523039693655016,0.7841667980688489,0.6753670473083198,0.8216837447983407
