RMSE,NDCG,F1,MAE
0.06500166730556356,0.024171065321212715,0.057439767510536366,0.05993166340846079
