RMSE,NDCG,F1,MAE
1.1173056366710652,0.8083378633900616,0.6179272797977834,0.8816154082068015
