RMSE,NDCG,F1,MAE
1.1267186030243226,0.8052881804067136,0.6295169265880562,0.8832762297115289
