RMSE,NDCG,F1,MAE
1.065007881626919,0.7933544748456184,0.6869495596477182,0.831901128696915
