RMSE,NDCG,F1,MAE
0.06171072139740352,0.011933705561095187,0.05743263305966195,0.051375101014613844
