RMSE,NDCG,F1,MAE
0.061304403849281375,0.016352208010249725,0.05785160959667279,0.057192381827293026
