RMSE,NDCG,F1,MAE
1.0589285235951267,0.789616775334604,0.6759410801963993,0.8260868290124238
