RMSE,NDCG,F1,MAE
1.120232927444408,0.8059689833448537,0.6180894705997265,0.8832792108397168
