RMSE,NDCG,F1,MAE
1.119961238855465,0.8052950383201148,0.6185487000388048,0.8805684456422181
