RMSE,NDCG,F1,MAE
0.06625750753277071,0.01216922920265584,0.054622031668512316,0.05549419983831283
