RMSE,NDCG,F1,MAE
1.0537037313226942,0.793125809117459,0.6731707317073171,0.8250742458039053
