RMSE,NDCG,F1,MAE
0.05931527960701444,0.018860913436562265,0.05948877904649197,0.051086333000036066
