RMSE,NDCG,F1,MAE
1.1101016445880931,0.8082289713218525,0.6049407511548504,0.8798268792999732
