RMSE,NDCG,F1,MAE
1.0507863649810787,0.7893680578852902,0.6644295302013423,0.8287405462999371
