RMSE,NDCG,F1,MAE
1.0787513592506899,0.7671919678478922,0.4984984984984985,0.8560018767725408
