RMSE,NDCG,F1,MAE
0.000983551822042461,0.03597609451903383,0.09833248741699452,0.010932899672481233
