RMSE,NDCG,F1,MAE
1.0777678074286474,0.8031680623669261,0.596830985915493,0.866934776445022
