RMSE,NDCG,F1,MAE
0.0005557068667609855,0.011370553639160175,0.10660792951541848,0.0023417575695762194
