RMSE,NDCG,F1,MAE
1.092586320544641,0.7878203611827382,0.4933920704845815,0.8730345710627401
