RMSE,NDCG,F1,MAE
1.0920306136778801,0.7991909148218984,0.6,0.8753763286323163
