RMSE,NDCG,F1,MAE
1.0935143519268813,0.7610150949114898,0.5228951255539144,0.867682900750052
