RMSE,NDCG,F1,MAE
1.0813111272117741,0.8024750797122198,0.6115916955017301,0.8659807150545429
