RMSE,NDCG,F1,MAE
0.012203224715107153,0.04145998480072999,0.08869656994781572,0.001702185695509173
