RMSE,NDCG,F1,MAE
0.0075755674426647435,0.03934965505243604,0.08958844613276518,0.0034319648695626537
