RMSE,NDCG,F1,MAE
1.0818808680163092,0.7620531565570848,0.5103244837758112,0.859366541152126
