RMSE,NDCG,F1,MAE
1.0743053005736445,0.8014028116095209,0.5999129299085764,0.8627985060216886
