RMSE,NDCG,F1,MAE
0.018681751408302638,0.039187430896558184,0.10117212649926866,0.00889490603528531
