RMSE,NDCG,F1,MAE
1.086999820210777,0.8047636951042009,0.626424651751794,0.8667895801060307
