RMSE,NDCG,F1,MAE
1.1056815716190795,0.7655762642076427,0.5252525252525253,0.875684486141316
