RMSE,NDCG,F1,MAE
1.0822708174494224,0.7977821604869547,0.4962630792227205,0.8603009656206083
