RMSE,NDCG,F1,MAE
1.0755523974846168,0.8018582509257838,0.5991228070175438,0.8627582417231822
