RMSE,NDCG,F1,MAE
0.0067184199648056,0.004076090438829061,0.10285972779482333,0.0024572761025738465
