RMSE,NDCG,F1,MAE
1.093803952959422,0.7612274273733523,0.5228951255539144,0.8679018856977432
