RMSE,NDCG,F1,MAE
0.012275616653101284,0.041102904705067056,0.08989657712542876,0.0017581113158164907
