RMSE,NDCG,F1,MAE
1.0815283363063206,0.8023303320784193,0.6127917026793431,0.8661437743819267
