RMSE,NDCG,F1,MAE
1.077131940954932,0.8049444340222935,0.5824719101123595,0.8660026174838026
