RMSE,NDCG,F1,MAE
1.0809608643875748,0.7672055968403607,0.5076923076923077,0.8598504759834684
