RMSE,NDCG,F1,MAE
0.003828923432642739,0.03773883718193283,0.07477960242005188,0.006152141500334163
