RMSE,NDCG,F1,MAE
0.9195864112086961,0.8767979253488151,0.7135922330097088,0.7147037347218455
