RMSE,NDCG,F1,MAE
0.9138837621066447,0.8729302059676709,0.7182044887780549,0.7252068642906375
