RMSE,NDCG,F1,MAE
0.9190311117324301,0.881588135935139,0.7163431433938635,0.7260918735083888
