RMSE,NDCG,F1,MAE
0.005702649102051427,0.0038677193811441635,0.0046122557683461185,0.010503129568792069
