RMSE,NDCG,F1,MAE
0.9247420751924864,0.8734308226722753,0.7139364303178484,0.721291412416039
