RMSE,NDCG,F1,MAE
0.005710963460056284,0.008157313262863619,0.0024067130760151434,0.004800461092349773
