RMSE,NDCG,F1,MAE
0.9308840485287327,0.888343863849208,0.7208931419457735,0.7228607855179835
