RMSE,NDCG,F1,MAE
0.00773145368611039,0.006139569617577445,0.0021239111765427587,0.012931199775311986
