RMSE,NDCG,F1,MAE
0.9386155022148431,0.8822042942316306,0.7187692307692307,0.7357919852932955
