RMSE,NDCG,F1,MAE
0.9136635285420983,0.8799910240762541,0.7197016780609073,0.7240233241553234
