RMSE,NDCG,F1,MAE
0.006930256733203244,0.0012038562828472488,0.0035726458028427777,0.009286423926338272
