RMSE,NDCG,F1,MAE
0.9205937852753016,0.8787871677934068,0.7161290322580646,0.7147369002289852
