RMSE,NDCG,F1,MAE
0.9691681106795487,0.8839464812995614,0.7081413210445469,0.758583622922571
