RMSE,NDCG,F1,MAE
0.029573257243452278,0.011699587152646518,0.004891639342510912,0.022422771359141613
