RMSE,NDCG,F1,MAE
0.9395948534360964,0.8722468941469149,0.7130329603870578,0.7361608515634294
