RMSE,NDCG,F1,MAE
94.1508257867348,97.41022395401227,95.2296556035643,93.94486956992893
