RMSE,NDCG,F1,MAE
95.32223654206682,98.96487678460095,96.64756382764108,95.34804826992271
