RMSE,NDCG,F1,MAE
88.83045383864639,98.54717475266297,94.92467253519003,89.80269560367694
