RMSE,NDCG,F1,MAE
93.72743056637053,97.29907021700195,95.32543265450751,93.83229255393647
