RMSE,NDCG,F1,MAE
1.1107001437041983,0.8020051342320039,0.6210076857386849,0.8784860251453759
