RMSE,NDCG,F1,MAE
0.06884736268070002,0.020916504880550857,0.011736162559876973,0.05066229937733946
