RMSE,NDCG,F1,MAE
1.0418527810234983,0.7810886293514531,0.609271523178808,0.8278237257680364
