RMSE,NDCG,F1,MAE
0.0755623906669971,0.008530509975455014,0.00021305244498981413,0.061816118463826175
