RMSE,NDCG,F1,MAE
1.1246876752909667,0.8006308282771778,0.6041229909154437,0.8911869740355551
