RMSE,NDCG,F1,MAE
1.0491252846239696,0.7921003183017228,0.6043360433604336,0.829370855571729
