RMSE,NDCG,F1,MAE
1.1130174530553483,0.8019033834194896,0.610713662537079,0.8805613194288044
