RMSE,NDCG,F1,MAE
1.0362479544736096,0.7810614666919636,0.6002728512960437,0.8250798621756328
