RMSE,NDCG,F1,MAE
0.07676949858173865,0.020841916727526,0.010440811241035353,0.05548145725317166
