RMSE,NDCG,F1,MAE
1.1106917665187157,0.8030214001050574,0.6069686411149826,0.8785580455275214
