RMSE,NDCG,F1,MAE
1.0394877215459815,0.7886503920922466,0.5924932975871313,0.8273548548141713
