RMSE,NDCG,F1,MAE
0.07120404497273425,0.014371008012810771,0.014475343527851292,0.05120319071335011
