RMSE,NDCG,F1,MAE
1.1265729245743736,0.8018160452752775,0.621488166184233,0.8874633494778159
