RMSE,NDCG,F1,MAE
0.07394594309027003,0.020400314699398736,0.008756070693516804,0.05201903104610983
