RMSE,NDCG,F1,MAE
1.0526269814841036,0.7814157305758788,0.6127320954907162,0.8354443184317061
