RMSE,NDCG,F1,MAE
0.07147772358828153,0.03219236644670609,0.008147158420628742,0.05219358838097776
