RMSE,NDCG,F1,MAE
1.0394019841871525,0.7699731637767945,0.6098535286284953,0.8264562561683874
