RMSE,NDCG,F1,MAE
1.110879707775434,0.8021655302235006,0.618000687049124,0.8786498445493651
