RMSE,NDCG,F1,MAE
0.07671896671499567,0.0203796222888325,0.01033426663835968,0.05543138723177499
