RMSE,NDCG,F1,MAE
1.1130826235163729,0.8014410889807961,0.6106071179344034,0.8805991307782257
