RMSE,NDCG,F1,MAE
1.0363636568013772,0.7810614666919636,0.6002728512960437,0.8251677435464507
