RMSE,NDCG,F1,MAE
0.08417435689239028,0.015666174392264476,0.0011265555487217638,0.062142713522214676
