RMSE,NDCG,F1,MAE
1.1075311127003455,0.8004621019802008,0.5847889374090247,0.8805212946332416
