RMSE,NDCG,F1,MAE
1.0233567558079553,0.7847959275879364,0.5859154929577465,0.8183785811110269
