RMSE,NDCG,F1,MAE
0.026559534317579736,0.042877293157032814,0.009218492421258384,0.002537797197760372
