RMSE,NDCG,F1,MAE
1.107735333117732,0.8272604535312847,0.6643835616438356,0.8574025828998383
