RMSE,NDCG,F1,MAE
1.0811757988001522,0.7843831603742519,0.6551650692225772,0.8599403800975987
