RMSE,NDCG,F1,MAE
1.0903463003656526,0.7934628723546538,0.64453125,0.8684049458340994
