RMSE,NDCG,F1,MAE
1.1157899222463532,0.8078686680039485,0.6773455377574371,0.8637576709971958
