RMSE,NDCG,F1,MAE
0.025443621880700595,0.014405795649294673,0.03281428775743711,0.0046472748369036365
