RMSE,NDCG,F1,MAE
0.018812560388099753,0.041881464679559,0.02005916502182792,0.005535053736879902
