RMSE,NDCG,F1,MAE
1.109794550702203,0.8240421311486387,0.6735159817351598,0.8574710294504579
