RMSE,NDCG,F1,MAE
1.0909819903141031,0.7821606664690797,0.6534568167133319,0.8630060831873378
