RMSE,NDCG,F1,MAE
0.01687887116171849,0.02277083808642677,0.02982531591603499,0.01579894267466031
