RMSE,NDCG,F1,MAE
1.0993875664813595,0.8095611627949868,0.677382319173364,0.8437540744314369
