RMSE,NDCG,F1,MAE
1.082508695319641,0.78679032470856,0.647557003257329,0.8595530171060972
