RMSE,NDCG,F1,MAE
0.023614599117941282,0.04204876999738394,0.01795546263362835,0.0018318121948672772
