RMSE,NDCG,F1,MAE
1.0987979438529667,0.7819933611512547,0.6621792175010518,0.8638956109072945
