RMSE,NDCG,F1,MAE
1.122412542970908,0.8240421311486387,0.6801346801346801,0.8657274231021618
