RMSE,NDCG,F1,MAE
0.021014389482790996,0.039087276915125035,0.03128689056963341,0.010556723285379932
