RMSE,NDCG,F1,MAE
1.1063429019666302,0.8274754536950352,0.6788154897494305,0.8506124170146803
