RMSE,NDCG,F1,MAE
1.0853285124838392,0.7883881767799101,0.6475285991797971,0.8611691403000602
