RMSE,NDCG,F1,MAE
1.091091611930227,0.7821903212144012,0.6543183286668103,0.8630603339746843
