RMSE,NDCG,F1,MAE
0.018822523637820776,0.04185180993423743,0.017681671333189763,0.005478234620293176
