RMSE,NDCG,F1,MAE
1.1099141355680477,0.8240421311486387,0.672,0.8575820993543911
