RMSE,NDCG,F1,MAE
1.1080313255635807,0.8178436972980466,0.6627634660421545,0.8612331482996288
