RMSE,NDCG,F1,MAE
0.023599401896515326,0.035441327231821584,0.026845462477092186,0.00181712978538906
