RMSE,NDCG,F1,MAE
1.0844319236670654,0.782402370066225,0.6359180035650623,0.8630502780850179
