RMSE,NDCG,F1,MAE
0.9140207242339802,0.8776195385817788,0.7419742489270387,0.718581317636146
