RMSE,NDCG,F1,MAE
0.8690753925465966,0.8752232887250591,0.6721311475409836,0.6886132112676473
