RMSE,NDCG,F1,MAE
0.04494533168738357,0.002396249856719712,0.0698431013860551,0.02996810636849867
