RMSE,NDCG,F1,MAE
0.9750307456140394,0.865915943768762,0.7011291460832745,0.7674197238526108
