RMSE,NDCG,F1,MAE
0.904888751362111,0.8542966126948772,0.6489138051857043,0.7180428903800913
