RMSE,NDCG,F1,MAE
0.07014199425192835,0.011619331073884798,0.052215340897570184,0.04937683347251953
