RMSE,NDCG,F1,MAE
0.984136750155603,0.7991417978718264,0.631578947368421,0.7892214792078036
