RMSE,NDCG,F1,MAE
1.0489911777212861,0.8237006967294354,0.6986858573216521,0.8186173747590743
