RMSE,NDCG,F1,MAE
0.06485442756568316,0.02455889885760898,0.0671069099532311,0.029395895551270645
