RMSE,NDCG,F1,MAE
0.039742684666340344,0.0023089217377384452,0.057316563090470396,0.02732572626268337
