RMSE,NDCG,F1,MAE
0.9122654581906531,0.8771726337024234,0.733585424544517,0.719745705973595
