RMSE,NDCG,F1,MAE
0.8725227735243127,0.8794815554401618,0.6762688614540466,0.6924199797109116
