RMSE,NDCG,F1,MAE
0.010464477759347668,0.04760340218532666,0.03600231655507147,0.0038883720757693085
