RMSE,NDCG,F1,MAE
1.0972399945112046,0.7490946690575414,0.5580993520518358,0.866435242288457
