RMSE,NDCG,F1,MAE
1.1077044722705522,0.7966980712428681,0.5941016686069073,0.8703236143642263
