RMSE,NDCG,F1,MAE
0.006885710331569372,0.037825653786050295,0.03084767911637787,0.0028606063573547447
