RMSE,NDCG,F1,MAE
1.118481303630175,0.7633088457823278,0.5699831365935919,0.8823292525773195
