RMSE,NDCG,F1,MAE
1.1253670139617444,0.8011344995683781,0.6008308157099698,0.8794686462199648
