RMSE,NDCG,F1,MAE
0.009818006088513132,0.04533075976535139,0.016782263663055463,0.004489800635248287
