RMSE,NDCG,F1,MAE
1.1142666393711307,0.7985755898649035,0.5988593155893536,0.8746883601315909
