RMSE,NDCG,F1,MAE
1.1044486332826176,0.7532448300995521,0.5820770519262981,0.8701985594963426
