RMSE,NDCG,F1,MAE
1.1071798242260902,0.7980005230510604,0.6081586826347305,0.8662911027380438
