RMSE,NDCG,F1,MAE
0.009686240745310437,0.039517841514404295,0.014099276694136464,0.00462757770480593
