RMSE,NDCG,F1,MAE
1.0974935834807797,0.7584826815366561,0.594059405940594,0.8616635250332378
