RMSE,NDCG,F1,MAE
0.009766822339065007,0.043023013931342224,0.015834622203779847,0.003771514876805271
