RMSE,NDCG,F1,MAE
1.1185601142675183,0.7549284128303242,0.5967346938775511,0.8777742433335781
