RMSE,NDCG,F1,MAE
1.1283269366065833,0.7979514267616664,0.6125693160813309,0.8815457582103834
