RMSE,NDCG,F1,MAE
1.1139000837077349,0.7966386099039701,0.6114530871106137,0.8707351502691445
