RMSE,NDCG,F1,MAE
0.009792837771309237,0.042466349803233494,0.016636139352489532,0.004025876714258025
