RMSE,NDCG,F1,MAE
1.1041072459364256,0.7541722601007366,0.5948169477581242,0.8667092735548865
