RMSE,NDCG,F1,MAE
1.1045205673944005,0.7538117436695477,0.5814830330959363,0.8702382018073229
