RMSE,NDCG,F1,MAE
1.1143501611258984,0.7981806249126648,0.5991256415130204,0.8747551259592349
