RMSE,NDCG,F1,MAE
0.009829593731497832,0.04436888124311711,0.017642608417084094,0.004516924151911961
