RMSE,NDCG,F1,MAE
1.100493817247128,0.7553447502891188,0.5431225121627599,0.8719021001757665
