RMSE,NDCG,F1,MAE
0.006536200218979049,0.04012529721959446,0.041922353241028776,0.000750016181702895
