RMSE,NDCG,F1,MAE
1.107030017466107,0.7954700475087133,0.5850448654037886,0.8726521163574694
