RMSE,NDCG,F1,MAE
0.06689079659848318,0.011382020978218277,0.011476207016325124,0.052014957454112
