RMSE,NDCG,F1,MAE
0.9255035641254088,0.9043359851111881,0.7485237929836749,0.7203125273578695
