RMSE,NDCG,F1,MAE
0.8586127675269256,0.8929539641329698,0.76,0.6682975699037575
