RMSE,NDCG,F1,MAE
0.9620677023660181,0.888057976447728,0.7221921759509645,0.750686629231029
