RMSE,NDCG,F1,MAE
0.8959678896500712,0.8886125247862238,0.7258215962441315,0.7013038509837491
