RMSE,NDCG,F1,MAE
0.06609981271594689,0.000554548338495775,0.0036294202931669295,0.04938277824727988
