RMSE,NDCG,F1,MAE
1.077545583458769,0.8435477458071192,0.7130829015544041,0.8378120768480499
