RMSE,NDCG,F1,MAE
0.05900947935868328,0.007585408486325496,0.042879541695871826,0.03785560694104395
