RMSE,NDCG,F1,MAE
1.0185361041000858,0.8511331542934447,0.6702033598585323,0.799956469907006
