RMSE,NDCG,F1,MAE
0.9271797062896626,0.9028510436725662,0.7430968192939532,0.7246547291387637
