RMSE,NDCG,F1,MAE
0.05568284302314508,0.007715841200339524,0.008289502332664123,0.048278904060684136
