RMSE,NDCG,F1,MAE
0.8714968632665175,0.8951352024722267,0.7513863216266173,0.6763758250780796
