RMSE,NDCG,F1,MAE
91.86356787753591,100.26496995000194,96.56957051889988,91.76925646005482
