RMSE,NDCG,F1,MAE
61.461986414551326,100.59383997629394,82.60870987260625,66.06922627330877
