RMSE,NDCG,F1,MAE
66.04473103314137,100.9262211845064,94.86661224912866,72.40269317982028
