RMSE,NDCG,F1,MAE
92.82045412591827,99.3835006773127,98.95313489838983,92.56069436810648
