RMSE,NDCG,F1,MAE
0.91232642474273,0.8980481697956879,0.7583148558758315,0.7142865847476856
