RMSE,NDCG,F1,MAE
0.08052016203681278,0.015602545294138737,0.03175235587583147,0.06338168526576915
