RMSE,NDCG,F1,MAE
0.8318062627059172,0.8824456245015492,0.7265625,0.6509048994819164
