RMSE,NDCG,F1,MAE
0.864657641541903,0.8753902970924139,0.7014698428788647,0.6772763187851423
