RMSE,NDCG,F1,MAE
0.1044284025646125,0.007235430773975149,0.01878912663826504,0.08209126788929855
