RMSE,NDCG,F1,MAE
0.9690860441065156,0.882625727866389,0.7202589695171298,0.7593675866744408
