RMSE,NDCG,F1,MAE
1.0601328885724408,0.8456823355033815,0.7088452088452089,0.8328737108846733
