RMSE,NDCG,F1,MAE
0.998374494128383,0.8293964185120083,0.6582163875056587,0.7828492777934857
