RMSE,NDCG,F1,MAE
0.06175839444405784,0.01628591699137316,0.050628821339550156,0.05002443309118765
