RMSE,NDCG,F1,MAE
0.8453879638510339,0.8840918251260665,0.7191342843089031,0.6597334550686061
