RMSE,NDCG,F1,MAE
0.06951943478771194,0.010254843884794473,0.03034050560706325,0.06058777592194453
