RMSE,NDCG,F1,MAE
0.9149073986387458,0.894346669010861,0.7494747899159664,0.7203212309905507
