RMSE,NDCG,F1,MAE
1.1047314571942357,0.7984839282292446,0.632814493493238,0.8729105984391581
