RMSE,NDCG,F1,MAE
0.04519388414982073,0.04449857814314451,0.060732113630537765,0.027534012117488627
