RMSE,NDCG,F1,MAE
1.1499253413440564,0.7539853500861001,0.5720823798627003,0.9004446105566467
