RMSE,NDCG,F1,MAE
0.03462755659095551,0.036812327912915555,0.0501375247362974,0.028142422035922432
