RMSE,NDCG,F1,MAE
1.113968220775479,0.7947393063616872,0.6330971659919028,0.8798869197563061
