RMSE,NDCG,F1,MAE
1.1485957773664346,0.7579269784487717,0.5829596412556054,0.9080293417922285
