RMSE,NDCG,F1,MAE
0.038356920387179194,0.05419667739566225,0.0559647613834805,0.027229342217540586
