RMSE,NDCG,F1,MAE
1.1095296383368052,0.8022124735282973,0.6319284802043422,0.8782103490387382
