RMSE,NDCG,F1,MAE
1.1478865587239844,0.748015796132635,0.5759637188208617,0.9054396912562788
