RMSE,NDCG,F1,MAE
0.046743814810322304,0.041771585287493695,0.0610063076677797,0.029634951912427265
