RMSE,NDCG,F1,MAE
1.103380410800928,0.7968457213168411,0.6439659489233851,0.8713802602572547
