RMSE,NDCG,F1,MAE
1.1501242256112503,0.7550741360293474,0.5829596412556054,0.901015212169682
