RMSE,NDCG,F1,MAE
0.038129355445829294,0.05169077225242835,0.06510869565217392,0.030604528127495034
