RMSE,NDCG,F1,MAE
1.1645066898188163,0.7498543072694471,0.5803571428571429,0.9173569167732991
