RMSE,NDCG,F1,MAE
1.126377334372987,0.8015450795218755,0.6454658385093168,0.8867523886458041
