RMSE,NDCG,F1,MAE
1.1558191048362587,0.7628314474905756,0.5739910313901345,0.906134540600236
