RMSE,NDCG,F1,MAE
0.04867844569816038,0.03837024178047066,0.0659888276229571,0.0325289451254569
