RMSE,NDCG,F1,MAE
1.1071406591380983,0.8012016892710463,0.6399798590130916,0.8736055954747791
