RMSE,NDCG,F1,MAE
1.10973377216595,0.8022124735282973,0.6322514694607718,0.8783676654052979
