RMSE,NDCG,F1,MAE
0.038398956957214736,0.05444439860116845,0.05759083597660897,0.02720817359467831
