RMSE,NDCG,F1,MAE
1.1481327291231647,0.7477680749271288,0.5746606334841629,0.9055758389999762
