RMSE,NDCG,F1,MAE
1.1067788064207205,0.8033518771077015,0.6212001057361882,0.8769910876024006
