RMSE,NDCG,F1,MAE
1.131087031321911,0.7538232914969284,0.5707317073170731,0.8971495655945023
