RMSE,NDCG,F1,MAE
0.024308224901190556,0.04952858561077311,0.0504683984191151,0.020158477992101687
