RMSE,NDCG,F1,MAE
100.98455348338892,97.3185677839566,105.39865187034687,101.55847261157665
