RMSE,NDCG,F1,MAE
101.93169108997336,100.42447216047574,102.48803827751196,101.70081011128033
