RMSE,NDCG,F1,MAE
101.33136596644243,97.80787451850361,105.210044370691,102.59012909601131
