RMSE,NDCG,F1,MAE
101.36772162279506,97.25820505013247,105.1394474663666,101.71741237367743
