RMSE,NDCG,F1,MAE
100.97116601716422,97.59242518735405,104.34612676174977,101.88500255031292
