RMSE,NDCG,F1,MAE
101.01264312508916,97.22584774012468,104.3370188482537,101.45065548111138
