RMSE,NDCG,F1,MAE
101.33796340765757,97.85872536647328,104.73388307939682,102.62414095492672
