RMSE,NDCG,F1,MAE
100.44464322819965,98.10060448206323,105.32055343238437,101.59103830163991
