RMSE,F1,MAE
0.9260412177952655,0.6569178852643419,0.7210698306395524
