RMSE,F1,MAE
0.9798213541315298,0.7263157894736842,0.7713684625276586
