RMSE,NDCG,F1,MAE
0.9837113737663474,0.8741318364128515,0.7204301075268817,0.7760001560692944
