RMSE,NDCG,F1,MAE
0.05175229744442722,0.017329122842382083,0.07174831721419017,0.05204129483910014
