RMSE,NDCG,F1,MAE
0.9319590763219202,0.8914609592552336,0.6486817903126916,0.7239588612301943
