RMSE,NDCG,F1,MAE
0.9899582500508558,0.8188654110372905,0.7291666666666666,0.7849406237765888
