RMSE,F1,MAE
0.05825178672596898,0.08541529819474969,0.05616246354329013
