RMSE,NDCG,F1,MAE
0.9302656900735362,0.8899079798943834,0.6448880822746521,0.723463538115874
