RMSE,F1,MAE
0.9862264402135442,0.7346938775510204,0.7803562955614027
