RMSE,F1,MAE
0.9279746534875752,0.6492785793562708,0.7241938320181126
