RMSE,NDCG,F1,MAE
0.05969255997731959,0.07104256885709292,0.08427858439201452,0.06147708566071475
