RMSE,F1,MAE
0.9885538393422127,0.7395833333333334,0.7803875491736674
