RMSE,NDCG,F1,MAE
0.9246549100253739,0.8911977877266364,0.6484517304189436,0.7175741958703676
