RMSE,NDCG,F1,MAE
0.06757447117446236,0.007720296133010174,0.08559082277254582,0.06722394641608498
