RMSE,NDCG,F1,MAE
0.9922293811998363,0.8834774915936262,0.7340425531914894,0.7847981422864526
