RMSE,NDCG,F1,MAE
0.9804378414902684,0.8790270993686174,0.723404255319149,0.7675181807443011
