RMSE,NDCG,F1,MAE
0.04633974852095457,0.010845371686740712,0.07204473870283479,0.04530379968367071
