RMSE,F1,MAE
0.0486848774104498,0.06877885503231762,0.04418300597141034
