RMSE,F1,MAE
0.976564710853013,0.7291666666666666,0.7628689143545536
