RMSE,NDCG,F1,MAE
0.9340980929693138,0.8898724710553582,0.6513595166163142,0.7222143810606304
