RMSE,F1,MAE
0.06777436683599825,0.06378624095827468,0.061801655040233716
