RMSE,NDCG,F1,MAE
1.0016953387191632,0.8821339628625348,0.7282051282051282,0.7872768172021029
