RMSE,NDCG,F1,MAE
0.934885302909016,0.8911247619233942,0.6643315820198482,0.7228089018115653
