RMSE,F1,MAE
0.9301104964050038,0.669882100750268,0.7210382667264429
