RMSE,NDCG,F1,MAE
0.06681003581014722,0.008990799060859422,0.06387354618527996,0.06446791539053753
