RMSE,F1,MAE
0.997884863241002,0.7336683417085427,0.7828399217666766
