RMSE,NDCG,F1,MAE
0.05119098138377509,0.0014103534127108963,0.07552575783622706,0.05024352347601435
