RMSE,NDCG,F1,MAE
0.9805957070808113,0.889883742587729,0.7301587301587301,0.7702795708860491
