RMSE,F1,MAE
0.9236130857817643,0.661878453038674,0.7170259641332668
