RMSE,NDCG,F1,MAE
0.9294047256970362,0.8912940960004399,0.6546329723225031,0.7200360474100348
