RMSE,NDCG,F1,MAE
0.06788790498128017,0.006538472943388607,0.0839817998500556,0.06698869942528107
