RMSE,NDCG,F1,MAE
0.9253808811886466,0.8908652943844643,0.6500607533414338,0.7181010774800707
