RMSE,NDCG,F1,MAE
0.9932687861699268,0.8843268214410757,0.7340425531914894,0.7850897769053518
