RMSE,NDCG,F1,MAE
0.9282359490244096,0.891635913770898,0.6304485154769425,0.7245123765081442
