RMSE,F1,MAE
0.9780538206780501,0.7058823529411765,0.7741606553003709
