RMSE,F1,MAE
0.054247231015130626,0.06704177323103155,0.051375133630421566
