RMSE,NDCG,F1,MAE
0.9815760680457466,0.8885349665739695,0.7065217391304348,0.7784664610947902
