RMSE,NDCG,F1,MAE
0.05334011902133695,0.0031009471969285496,0.07607322365349234,0.05395408458664608
