RMSE,NDCG,F1,MAE
0.0035917665215392525,0.0020381933351543147,0.06540943906247265,0.0001466980362879733
