RMSE,NDCG,F1,MAE
0.8654783037977019,0.8994254083371426,0.6972947761194029,0.6769999607573298
