RMSE,NDCG,F1,MAE
0.8690700703192411,0.9014636016722969,0.7627042151818756,0.6771466587936178
