RMSE,NDCG,F1,MAE
0.9067837206417442,0.8803664406876772,0.6681201550387597,0.7129046984291754
