RMSE,NDCG,F1,MAE
0.0038983173062130394,0.0006101388482765424,0.06846612277017661,0.0012607105766638815
