RMSE,NDCG,F1,MAE
0.9106820379479572,0.8797563018394007,0.7365862778089363,0.7116439878525115
