RMSE,NDCG,F1,MAE
1.0188045021700693,0.8308241088528904,0.7312386802110402,0.7908762905246607
