RMSE,NDCG,F1,MAE
0.03623234675727849,0.00842919591978708,0.10440429865967749,0.028835070592774126
