RMSE,NDCG,F1,MAE
1.0550368489273478,0.8223949129331033,0.6268343815513627,0.8197113611174348
