RMSE,NDCG,F1,MAE
0.8893472244234865,0.8912409587472121,0.749723960250276,0.6944880024464959
