RMSE,NDCG,F1,MAE
0.8758504487010291,0.899243035230751,0.6896060749881348,0.684995068781595
