RMSE,NDCG,F1,MAE
0.013496775722457333,0.0080020764835389,0.060117885262141235,0.009492933664900893
