RMSE,NDCG,F1,MAE
0.8951280991944331,0.8718161502932689,0.7272727272727273,0.7085356251624214
