RMSE,NDCG,F1,MAE
0.8983583965967392,0.8733642326349159,0.7313432835820896,0.7122459579181514
