RMSE,NDCG,F1,MAE
0.9330567262449926,0.8993730318104513,0.7507389162561576,0.7403793193215591
