RMSE,NDCG,F1,MAE
0.9442105338357245,0.8950165612489842,0.7387208725830441,0.746350068028855
