RMSE,F1,MAE
0.9312399778618353,0.7467962881131242,0.737149986856318
