RMSE,F1,MAE
0.04964413208741891,0.002135173879670438,0.03691828765406335
