RMSE,NDCG,F1,MAE
0.04585213723898529,0.021652328614068295,0.007377589000954532,0.03410411011070358
