RMSE,NDCG,F1,MAE
0.03792862705055944,0.027556881517182386,0.023466188983430336,0.03184369415913768
