RMSE,F1,MAE
0.9432919685005904,0.7347845402043536,0.7445158871973733
