RMSE,F1,MAE
0.8897351464019639,0.7287201469687692,0.7034672049511931
