RMSE,NDCG,F1,MAE
0.06269730376030347,0.026716089529163156,0.004314850132022929,0.046973489440124916
