RMSE,F1,MAE
0.06321226691191273,0.0038076213556271776,0.04581690765579327
