RMSE,NDCG,F1,MAE
0.9574056219342094,0.8933553157949149,0.7422375554460325,0.7492236600651163
