RMSE,NDCG,F1,MAE
0.894708318173906,0.8666392262657517,0.7379227053140096,0.7022501706249914
