RMSE,F1,MAE
0.9535525324886612,0.7423773751657092,0.7441229163799814
