RMSE,NDCG,F1,MAE
0.901225895832847,0.8702569701123504,0.7303582652419862,0.7126608027146335
