RMSE,NDCG,F1,MAE
0.03101693070872913,0.025691423122487844,0.02320789314463456,0.025024757949264842
