RMSE,NDCG,F1,MAE
0.9322428265415761,0.8959483932348382,0.7535661583866208,0.7376855606638983
