RMSE,F1,MAE
0.03489747955254874,0.02005813023291092,0.027100029244719104
