RMSE,F1,MAE
0.9787882213292696,0.7437100213219616,0.7594776333281811
