RMSE,NDCG,F1,MAE
0.9773322243692273,0.8870656272638564,0.7448931116389549,0.7568658486751197
