RMSE,F1,MAE
0.9232071295326448,0.7176749703440095,0.7316770658895988
