RMSE,NDCG,F1,MAE
0.9290140790634385,0.8658426867681454,0.7171655467318265,0.7369412522854509
