RMSE,NDCG,F1,MAE
0.04831814530578882,0.02122294049571105,0.027727564907128355,0.019924596389668814
