RMSE,NDCG,F1,MAE
0.8733360785757105,0.8885483978697448,0.7234646787362442,0.6835682641616393
