RMSE,NDCG,F1,MAE
0.9274908732509733,0.9128013897493462,0.7473254230694417,0.7219041632846998
