RMSE,NDCG,F1,MAE
0.8510435725893123,0.8963964917851495,0.7429760665972945,0.6634572721722335
