RMSE,NDCG,F1,MAE
0.06272469210904252,0.00944814069987343,0.015443841091003496,0.05108323135869819
