RMSE,NDCG,F1,MAE
0.936060770684753,0.8979965385696183,0.7389085198272477,0.7346514955203375
