RMSE,NDCG,F1,MAE
0.8420513858874915,0.9056667900287452,0.7435897435897436,0.6565000046042548
