RMSE,NDCG,F1,MAE
0.09167208155382622,0.004933706339048105,0.011913401064344464,0.06435255626075231
