RMSE,NDCG,F1,MAE
0.8551650617333185,0.8980486238878668,0.7382217499114417,0.669351797546375
