RMSE,NDCG,F1,MAE
0.9085850460626025,0.9110013472672248,0.7509025270758123,0.7095816780098537
