RMSE,NDCG,F1,MAE
0.03059275712653986,0.019265426006936703,0.016119918380160136,0.03330495773838538
