RMSE,NDCG,F1,MAE
0.8779922889360626,0.8917359212602881,0.7347826086956522,0.6762767202714683
