RMSE,NDCG,F1,MAE
0.9011185812787821,0.8855969351375816,0.7065654309959803,0.699070845014692
