RMSE,NDCG,F1,MAE
0.9449679873732955,0.8942337382888025,0.7304092494035603,0.7365586581384128
