RMSE,NDCG,F1,MAE
0.04384940609451338,0.00863680315122084,0.023843818407579986,0.03748781312372085
