RMSE,NDCG,F1,MAE
0.9945548839356602,0.8577608514064557,0.6944556859571024,0.7741145958515183
