RMSE,NDCG,F1,MAE
0.08108112038352466,0.010503953983577952,0.021719612847678538,0.06192698474781022
