RMSE,NDCG,F1,MAE
1.0756360043191848,0.8472568974228778,0.7161752988047809,0.8360415805993285
