RMSE,NDCG,F1,MAE
0.032936129819416515,0.013890440434620177,0.030481359197165547,0.030617690236074968
