RMSE,NDCG,F1,MAE
0.8754372594338438,0.8938524388831737,0.7196095829636202,0.6801618607309212
