RMSE,NDCG,F1,MAE
0.9083733892532603,0.9077428793177938,0.7500909421607858,0.7107795509669962
