RMSE,NDCG,F1,MAE
110.92931975823174,107.2324739734352,148.96879483500717,114.63089526473607
