RMSE,NDCG,F1,MAE
115.64768838392838,109.6495130992628,149.985935302391,118.53067115582922
