RMSE,NDCG,F1,MAE
111.02794478051756,105.53278322324316,137.74854695625575,112.29290409644878
