RMSE,NDCG,F1,MAE
112.2272337708029,106.19408678231844,136.9516854475988,115.36767321718725
