RMSE,NDCG,F1,MAE
111.18035695897856,103.14882534723242,137.69705277587389,112.56653217078794
