RMSE,NDCG,F1,MAE
111.7505681579756,103.05731586618006,141.32277834525027,114.91867856206395
