RMSE,NDCG,F1,MAE
110.98091755951988,105.62497285785571,135.7699108385689,112.22113949555713
