RMSE,NDCG,F1,MAE
111.37623210263226,103.79238247241884,152.98245614035088,112.72606050999437
