RMSE,NDCG,F1,MAE
0.21508053496812785,0.027708137498625662,0.025063648553656837,0.18106826638420892
