RMSE,NDCG,F1,MAE
0.19900936406699865,0.0138727862087209,0.033182064082475815,0.16748100517307518
