RMSE,NDCG,F1,MAE
0.8874025668944212,0.9009458737943341,0.7314069161534817,0.7021060346434654
