RMSE,NDCG,F1,MAE
0.6883932028274226,0.914818660003055,0.6982248520710059,0.5346250294703903
