RMSE,NDCG,F1,MAE
0.21629130797067464,0.012659657727250528,0.016379686105436164,0.17357520382680836
