RMSE,NDCG,F1,MAE
0.864052000327675,0.9072710998669999,0.7341710971483809,0.6802407675779497
