RMSE,NDCG,F1,MAE
0.6541158618457487,0.9303422709296153,0.7108433734939759,0.5047501358253695
