RMSE,NDCG,F1,MAE
0.21721633544543273,0.022806849785946715,0.025771272364367492,0.1844108679949642
