RMSE,NDCG,F1,MAE
0.8674739321337931,0.9081682917775842,0.748158379373849,0.6769904415927066
