RMSE,NDCG,F1,MAE
0.6523646380525114,0.9279238873882321,0.7246376811594203,0.5110352388512869
