RMSE,NDCG,F1,MAE
0.8705440717157777,0.9072574856699045,0.7410207939508506,0.6867513379886081
