RMSE,NDCG,F1,MAE
0.6552109592657788,0.9302374052618799,0.7164179104477612,0.5089211162837867
