RMSE,NDCG,F1,MAE
0.864023327397546,0.9080617360030147,0.7354433438028509,0.6801479071311113
