RMSE,NDCG,F1,MAE
0.21690066242700867,0.02151314670568183,0.014401972715250011,0.1803385458560094
