RMSE,NDCG,F1,MAE
0.6558679851101605,0.9266476405206853,0.7006369426751592,0.5108757654087296
