RMSE,NDCG,F1,MAE
97.3227382311726,99.62699926162094,88.60111216601113,97.44234803501146
