RMSE,NDCG,F1,MAE
64.977878234143,102.74341351737588,77.66720987483097,68.12283110153396
