RMSE,NDCG,F1,MAE
69.78859203860485,97.81435141278973,91.87381361294406,76.33118143034118
