RMSE,NDCG,F1,MAE
99.71994574961298,99.31693305093407,91.29095874209557,99.40097454268783
