RMSE,NDCG,F1,MAE
0.9213342438115286,0.9002589333865665,0.778111846061335,0.7211949068733924
