RMSE,NDCG,F1,MAE
0.08935074664063969,0.007909662368693615,0.04009860102822238,0.0754127454377933
