RMSE,NDCG,F1,MAE
0.8319834971708889,0.9081685957552601,0.7380132450331126,0.6457821614355991
