RMSE,NDCG,F1,MAE
0.09771952155737285,0.001950793117325711,0.054068679313665546,0.08526311044863555
