RMSE,NDCG,F1,MAE
0.9632124528878234,0.8824309786450435,0.7612329397331697,0.7561195788137831
