RMSE,NDCG,F1,MAE
0.8654929313304506,0.8843817717623692,0.7071642604195042,0.6708564683651476
