RMSE,NDCG,F1,MAE
0.07681624979594526,0.02034787448743558,0.0893840854906428,0.061867475306022324
