RMSE,NDCG,F1,MAE
1.006036473122561,0.8288870471780126,0.6566744730679157,0.7858586135368782
