RMSE,NDCG,F1,MAE
1.0828527229185063,0.8492349216654482,0.7460585585585585,0.8477260888429006
