RMSE,NDCG,F1,MAE
0.83180058535774,0.904403636691161,0.7320331285065456,0.6482208043414851
