RMSE,NDCG,F1,MAE
0.09723569656596431,0.005342291608410932,0.04064595675772831,0.08515593174405589
