RMSE,NDCG,F1,MAE
0.9290362819237044,0.89906134508275,0.7726790852642739,0.733376736085541
