RMSE,NDCG,F1,MAE
1.0831187251458918,0.800140543296622,0.5695364238410596,0.8703105987253348
