RMSE,NDCG,F1,MAE
0.019025855149632953,0.01031734290935582,0.02832834484221436,0.021905611250115364
