RMSE,NDCG,F1,MAE
1.0640928699962588,0.7898232003872662,0.597864768683274,0.8484049874752194
