RMSE,NDCG,F1,MAE
1.0927197943469957,0.7972419448157357,0.5642958078191239,0.8775872659860798
