RMSE,NDCG,F1,MAE
0.003437828971802892,0.0023513494394790113,0.049314342123205956,0.010190825885811106
