RMSE,NDCG,F1,MAE
1.0892819653751928,0.7948905953762567,0.6136101499423299,0.8673964401002687
