RMSE,NDCG,F1,MAE
1.088714346788744,0.7983515984503274,0.581547064305685,0.8727406483941004
