RMSE,NDCG,F1,MAE
0.015471555110468493,0.009684206866287237,0.04490305170359565,0.021835553252142703
