RMSE,NDCG,F1,MAE
1.0732427916782754,0.7886673915840402,0.6264501160092807,0.8509050951419577
