RMSE,NDCG,F1,MAE
1.0811207316377018,0.7951372291580517,0.5696855936180197,0.8682797646978517
