RMSE,NDCG,F1,MAE
0.017836402372764182,0.0002440813269783959,0.044451138711064875,0.022193798385786834
