RMSE,NDCG,F1,MAE
1.0632843292649377,0.7948931478310733,0.6141367323290846,0.8460859663120649
