RMSE,NDCG,F1,MAE
0.014232042352547714,0.0021857827980081845,0.03671499381573684,0.01900991603684188
