RMSE,NDCG,F1,MAE
1.0814357584164156,0.7967977155570658,0.6325369738339022,0.8556046649290039
