RMSE,NDCG,F1,MAE
1.0956678007689633,0.798983498355074,0.5958219800181653,0.8746145809658458
