RMSE,NDCG,F1,MAE
1.0661501448567503,0.789084556167785,0.6037735849056604,0.8496114312181089
