RMSE,NDCG,F1,MAE
1.0814799180533603,0.8043158098037667,0.5688679245283019,0.8673021646834148
