RMSE,NDCG,F1,MAE
0.015329773196609997,0.015231253635981767,0.03490566037735843,0.01769073346530592
