RMSE,NDCG,F1,MAE
0.015475534740289065,0.00974073447047663,0.04458114381050737,0.02203806979905054
