RMSE,NDCG,F1,MAE
1.0889529962174471,0.7981543942069937,0.5825965565379246,0.8729741755188446
