RMSE,NDCG,F1,MAE
1.073477461477158,0.7884136597365171,0.627177700348432,0.8509361057197941
