RMSE,NDCG,F1,MAE
1.07993652788783,0.8001989139610641,0.5560407569141194,0.8684341373848268
