RMSE,NDCG,F1,MAE
0.006219735771257007,0.0053817600886999495,0.04419933912429597,0.013260191970959956
