RMSE,NDCG,F1,MAE
1.073716792116573,0.7948171538723642,0.6002400960384153,0.8551739454138668
