RMSE,NDCG,F1,MAE
101.71594806688292,99.04291105751791,101.99324521483474,101.94528911545765
