RMSE,NDCG,F1,MAE
101.14305087593807,98.58083583277272,103.69006777675509,102.62766047741825
