RMSE,NDCG,F1,MAE
103.0352419852629,99.55908597447312,98.95350894303043,102.00260489873997
