RMSE,NDCG,F1,MAE
102.28015904064635,100.19258624382263,103.96865340183341,102.55859368975607
