RMSE,NDCG,F1,MAE
1.0710845173147256,0.8105649363955179,0.5621621621621622,0.8746998173667144
