RMSE,NDCG,F1,MAE
0.08265949511349424,0.003007893761442282,0.08062765876149469,0.09948091498764622
