RMSE,NDCG,F1,MAE
0.9884250222012314,0.8135728301569601,0.6427898209236569,0.7752189023790682
