RMSE,NDCG,F1,MAE
0.9869869320500813,0.8156998964456705,0.6660516605166051,0.778554538912306
