RMSE,NDCG,F1,MAE
0.11015877622797476,0.009354402331171352,0.09608579020943786,0.11652094999234497
