RMSE,NDCG,F1,MAE
1.097145708278056,0.8063454941144992,0.5699658703071673,0.8950754889046509
