RMSE,NDCG,F1,MAE
0.9773490402803408,0.8214032671133215,0.6535211267605634,0.7759480598966909
