RMSE,NDCG,F1,MAE
1.0650756631328104,0.809593771786391,0.5724258289703316,0.8693313381391788
