RMSE,NDCG,F1,MAE
0.08772662285246968,0.01180949532693043,0.08109529779023184,0.09338327824248793
