RMSE,NDCG,F1,MAE
1.0681257250843763,0.8073176789623656,0.5827586206896552,0.8718141302913164
