RMSE,NDCG,F1,MAE
0.08307660938038752,0.004427299059874601,0.07777495796719847,0.09749844846675415
