RMSE,NDCG,F1,MAE
0.9850491157039888,0.8117449780222402,0.6605335786568537,0.7743156818245622
