RMSE,NDCG,F1,MAE
1.062344539364778,0.8126198231878703,0.5902192242833052,0.8628897043424911
