RMSE,NDCG,F1,MAE
0.9802497232759666,0.818012843295345,0.6744604316546763,0.7735047970604646
