RMSE,NDCG,F1,MAE
0.0820948160888113,0.005393020107474666,0.08424120737137109,0.08938490728202653
