RMSE,NDCG,F1,MAE
0.08428203679788682,0.004630844455734917,0.07881047560475596,0.10076187469437459
