RMSE,NDCG,F1,MAE
1.0666246085354987,0.8155735413540742,0.5798611111111112,0.8728707325728319
