RMSE,NDCG,F1,MAE
0.9823425717376119,0.8109426968983393,0.6586715867158671,0.7721088578784573
