RMSE,NDCG,F1,MAE
1.065623202812701,0.808533899944881,0.5674255691768827,0.8694488237222915
