RMSE,NDCG,F1,MAE
0.08782699731260146,0.012758069078946277,0.08487058827391392,0.09303770957222368
