RMSE,NDCG,F1,MAE
0.9777962055000996,0.8212919690238273,0.6522961574507966,0.7764111141500678
