RMSE,NDCG,F1,MAE
0.9808858647712101,0.8176109946530787,0.6287952987267384,0.7803129977207832
