RMSE,NDCG,F1,MAE
0.08691724347836638,0.015449924448567187,0.07934474927618895,0.09210643553468933
