RMSE,NDCG,F1,MAE
1.0678031082495765,0.8021610702045116,0.5494505494505495,0.8724194332554726
