algorithm,georisk
SVD,0.6459755700096348
BIASEDMF,0.6377101014769768
NMF,0.6230636794235502
StochasticItemKNN,0.6009956351488774
BayesianRidge,0.5914732062498131
Tweedie,0.5896681584409007
Ridge,0.5914147802253286
RandomForest,0.5923283139019875
Bagging,0.5888679932997591
AdaBoost,0.5918798081974824
GradientBoosting,0.5923529704898306
LinearSVR,0.5950444280024733
