algorithm,georisk
SVD,0.6889584094604267
BIASEDMF,0.6799760073153268
NMF,0.6576544249036088
StochasticItemKNN,0.6408623825277491
BayesianRidge,0.6341597219236003
Tweedie,0.6335664485819292
Ridge,0.6340800260443791
RandomForest,0.6323225575727716
Bagging,0.6265544048789423
AdaBoost,0.6306467464308378
GradientBoosting,0.6318564778174169
LinearSVR,0.6344117063822445
