RMSE,NDCG,F1,MAE
0.936399562022275,0.8661038769440238,0.7071359380045205,0.7392945116035303
