RMSE,NDCG,F1,MAE
0.8716963697410463,0.8758158534855339,0.7374773687386844,0.6884904350711117
