RMSE,NDCG,F1,MAE
0.876178956030423,0.8757328587546832,0.7394957983193278,0.6896818716172454
