RMSE,NDCG,F1,MAE
0.8696203236672564,0.8778078741822307,0.7479484173505275,0.6814166307692078
