RMSE,NDCG,F1,MAE
0.8740948150563566,0.8792556557974481,0.7331730769230769,0.6886558621334296
