RMSE,NDCG,F1,MAE
0.062404449406143314,0.0026995607854957138,0.01589561567101827,0.03538045636887743
