RMSE,NDCG,F1,MAE
100.79179621350282,93.87872628708905,94.43261361246658,100.05597962699562
