RMSE,NDCG,F1,MAE
101.28848415523262,96.54654795755118,94.67639123994923,100.75537387900184
