RMSE,NDCG,F1,MAE
100.61751773404157,94.04828666665503,95.62706785026698,100.03260583518336
