RMSE,NDCG,F1,MAE
100.86467359747205,94.76971750077772,95.35145238338414,100.30453097963408
