RMSE,NDCG,F1,MAE
100.61106984525911,93.99974158632749,97.03888583985967,100.0221324861484
