RMSE,NDCG,F1,MAE
100.74152416362487,94.25341673207095,95.45781030616737,100.12148581684063
