RMSE,NDCG,F1,MAE
100.61771540948155,94.02099461202982,95.76434785855645,100.03249575269146
