RMSE,NDCG,F1,MAE
100.44958422243452,94.65953984280898,94.09700955299283,99.95618968705283
