RMSE,NDCG,F1,MAE
0.20372266231350789,0.030879043421817798,0.1173739832899906,0.1612577912535813
