RMSE,NDCG,F1,MAE
1.0656796473165724,0.8729283186084963,0.62778730703259,0.8458011321037069
