RMSE,NDCG,F1,MAE
0.8619569850030645,0.9038073620303141,0.7451612903225806,0.6845433408501256
