RMSE,NDCG,F1,MAE
0.8762130662267789,0.893496875867636,0.7217675941080196,0.6945968658856098
