RMSE,NDCG,F1,MAE
1.0846353149568715,0.8597759684703551,0.593128390596745,0.8560164442517384
