RMSE,NDCG,F1,MAE
0.20842224873009263,0.03372090739728095,0.12863920351127456,0.16141957836612864
