RMSE,NDCG,F1,MAE
0.22210075868059476,0.03259785528686476,0.11928705948966656,0.18012332297937783
