RMSE,NDCG,F1,MAE
0.8496566473451905,0.9082135625425337,0.7251264755480608,0.6716962141672272
