RMSE,NDCG,F1,MAE
1.0717574060257853,0.875615707255669,0.6058394160583942,0.8518195371466051
