RMSE,NDCG,F1,MAE
0.2117280243671371,0.03360054504316834,0.14091102596849725,0.1706021912176675
