RMSE,NDCG,F1,MAE
1.0746466038632034,0.8738428348455427,0.599647266313933,0.8540516880907714
