RMSE,NDCG,F1,MAE
0.8629185794960663,0.907443379888711,0.7405582922824302,0.6834494968731039
