RMSE,NDCG,F1,MAE
0.8515900237050033,0.9083316440209862,0.7287716405605935,0.6693846146345382
