RMSE,NDCG,F1,MAE
1.0779521827668688,0.8778288016177914,0.6159292035398231,0.8500345810532255
