RMSE,NDCG,F1,MAE
0.22636215906186552,0.030502842403194785,0.11284243702077046,0.18064996641868725
