RMSE,NDCG,F1,MAE
0.21137556350209696,0.03574424037422641,0.131349691861519,0.1662534071220143
