RMSE,NDCG,F1,MAE
0.8603685534004114,0.9053701058413437,0.7389885807504079,0.6792085971115488
