RMSE,NDCG,F1,MAE
1.0717441169025084,0.8696258654671173,0.6076388888888888,0.8454620042335631
