RMSE,NDCG,F1,MAE
0.8496818599835259,0.9087347875007155,0.7240506329113924,0.6715450795924913
