RMSE,NDCG,F1,MAE
0.22247970204656764,0.03208655185546383,0.11677790563866508,0.1807901199768932
