RMSE,NDCG,F1,MAE
1.0721615620300935,0.8766482356452516,0.6072727272727273,0.8523351995693845
