RMSE,NDCG,F1,MAE
0.22225554791151092,0.03173069324443012,0.1232490789810674,0.18278911777675677
