RMSE,NDCG,F1,MAE
1.07238180246807,0.8782637926297935,0.596958174904943,0.8565241523183912
