RMSE,NDCG,F1,MAE
0.8501262545565591,0.9099944858742236,0.7202072538860104,0.6737350345416344
