RMSE,NDCG,F1,MAE
0.2188699840257482,0.05374204052957132,0.12901588590569968,0.1782033937266363
