RMSE,NDCG,F1,MAE
1.0741580192956228,0.8518887000833114,0.5737704918032787,0.846510625059224
