RMSE,NDCG,F1,MAE
0.8552880352698746,0.9056307406128827,0.7027863777089783,0.6683072313325877
