RMSE,NDCG,F1,MAE
1.0765424119244549,0.8393002958223236,0.5668276972624798,0.8537998357814067
