RMSE,NDCG,F1,MAE
0.8531515701436431,0.9023006815796926,0.7048054919908466,0.666091818672177
