RMSE,NDCG,F1,MAE
0.2233908417808118,0.06300038575736899,0.1379777947283668,0.18770801710922969
