RMSE,NDCG,F1,MAE
1.065823256435134,0.8513974974268924,0.5792880258899676,0.8384026801613212
