RMSE,NDCG,F1,MAE
0.8514920603462622,0.907350767375963,0.7039877300613497,0.6642692692448271
