RMSE,NDCG,F1,MAE
0.21433119608887174,0.05595326994907057,0.1246997041713821,0.17413341091649415
