RMSE,NDCG,F1,MAE
0.8513539401718405,0.9056867038700612,0.7044410413476263,0.6613564895005642
