RMSE,NDCG,F1,MAE
0.23176933387759868,0.059025538516967235,0.1256629062993948,0.18945968027670446
