RMSE,NDCG,F1,MAE
1.0831232740494392,0.846661165353094,0.5787781350482315,0.8508161697772687
