RMSE,NDCG,F1,MAE
0.8568360128640599,0.9068274086205141,0.7148175725986597,0.666116121560993
