RMSE,NDCG,F1,MAE
1.079905727535642,0.8521326782722045,0.6024464831804281,0.8450784404798096
