RMSE,NDCG,F1,MAE
0.2230697146715822,0.05469473034830963,0.1123710894182316,0.17896231891881664
