RMSE,NDCG,F1,MAE
0.22009198345452485,0.05486672503842427,0.1194576482506039,0.17765031424564448
