RMSE,NDCG,F1,MAE
1.072032284437018,0.8524048707693289,0.5878594249201278,0.8415485100346545
