RMSE,NDCG,F1,MAE
0.8519403009824932,0.9072715958077532,0.7073170731707317,0.66389819578901
