RMSE,NDCG,F1,MAE
0.8522883547294962,0.9064925436602087,0.7045280122793554,0.6647236478883974
