RMSE,NDCG,F1,MAE
0.2141141640868578,0.05475493696921685,0.1220037404346952,0.17408373489906792
