RMSE,NDCG,F1,MAE
1.066402518816354,0.8517376066909919,0.5825242718446602,0.8388073827874654
