RMSE,NDCG,F1,MAE
1.0679094986956463,0.8528805836379157,0.5516074450084603,0.8449127544920887
