RMSE,NDCG,F1,MAE
0.21345763462951683,0.054994727101584595,0.13569414229312704,0.1745678830557279
