RMSE,NDCG,F1,MAE
0.8544518640661295,0.9078753107395003,0.6873015873015873,0.6703448714363608
