RMSE,NDCG,F1,MAE
0.9140162657234367,0.8824543259763686,0.7111493758071459,0.7088596714745555
