RMSE,NDCG,F1,MAE
0.9147046267185449,0.8967636650680834,0.7562852744997435,0.7190171855480564
