RMSE,NDCG,F1,MAE
0.8983012371200404,0.9082710023399414,0.7682906127991852,0.7012882818912084
