RMSE,NDCG,F1,MAE
0.005935145232644046,0.023786954133165894,0.03631436173896463,0.005356041755204655
