RMSE,NDCG,F1,MAE
0.0006883609951081615,0.014309339091714723,0.0451358986925976,0.01015751407350085
