RMSE,NDCG,F1,MAE
0.9042363823526844,0.8844840482067755,0.7319762510602206,0.6959322401360037
