RMSE,NDCG,F1,MAE
0.010908628677637311,0.019266608052701306,0.02823737552355876,0.011962024983098951
