RMSE,NDCG,F1,MAE
0.9080681210899635,0.8884940068892789,0.7278854254422915,0.6976742494346977
