RMSE,NDCG,F1,MAE
0.9189767497676008,0.9077606149419802,0.7561228009658503,0.7096362744177966
