RMSE,NDCG,F1,MAE
0.0031517629174226958,0.021698262506845034,0.046081232706007835,0.009511420444774599
