RMSE,NDCG,F1,MAE
0.9082156737075171,0.8791887344256529,0.7146507666098807,0.7004013412688439
