RMSE,NDCG,F1,MAE
0.9050639107900944,0.900886996932498,0.7607319993158885,0.7099127617136185
