RMSE,NDCG,F1,MAE
0.925782355044232,0.8857825576439657,0.7201986754966887,0.7115158461521122
