RMSE,NDCG,F1,MAE
0.9591581119938288,0.8946751773516598,0.7445828356935676,0.7445239306277481
