RMSE,NDCG,F1,MAE
0.033375756949596824,0.00889261970769406,0.024384160196878946,0.03300808447563597
