RMSE,NDCG,F1,MAE
0.9729130379518495,0.8832110482423182,0.6711783439490446,0.7800246831142268
