RMSE,NDCG,F1,MAE
0.948781003457057,0.8794432069915845,0.7557840616966581,0.7606221359319076
