RMSE,NDCG,F1,MAE
0.02413203449479251,0.0037678412507337056,0.0846057177476135,0.019402547182319152
