RMSE,NDCG,F1,MAE
0.955152158741817,0.8736760309670278,0.7244897959183674,0.7471045225690182
