RMSE,NDCG,F1,MAE
1.5023312095370809,0.8670053304719703,0.5882352941176471,1.1003030663712858
