RMSE,NDCG,F1,MAE
0.5471790507952639,0.00667070049505758,0.1362545018007203,0.3531985438022677
