RMSE,NDCG,F1,MAE
0.428357822827659,0.014224041785730113,0.051120250685468105,0.24079589903933163
