RMSE,NDCG,F1,MAE
1.062703011990093,0.811027623898383,0.67,0.848005118096237
