RMSE,NDCG,F1,MAE
1.491060834817752,0.8252516656841131,0.6188797493145319,1.0888010171355686
