RMSE,NDCG,F1,MAE
0.9586342897435234,0.8841035968246588,0.6815642458100558,0.7698313858978615
