RMSE,NDCG,F1,MAE
0.9573512076422277,0.8841355027878853,0.7506561679790026,0.7666949021248373
