RMSE,NDCG,F1,MAE
0.001283082101295685,3.1905963226552814e-05,0.06909192216894677,0.0031364837730242234
