algorithm,georisk
SVD,0.7357776774344826
BIASEDMF,0.7410113564586894
NMF,0.7295321486679303
StochasticItemKNN,0.7067809861777172
BayesianRidge,0.6803540453245894
Tweedie,0.678815117301161
Ridge,0.6803308555708945
RandomForest,0.6817692842018107
Bagging,0.6766307664935617
AdaBoost,0.6818895109568929
GradientBoosting,0.6817301649246396
LinearSVR,0.6779945469342855
