algorithm,georisk
SVD,0.749040962971445
BIASEDMF,0.7555515877151039
NMF,0.7423174324580051
StochasticItemKNN,0.7122233796377916
BayesianRidge,0.6832131165728953
Tweedie,0.6821342048163307
Ridge,0.6831853159169193
RandomForest,0.684367842801986
Bagging,0.6787832821091621
AdaBoost,0.6851851570601726
GradientBoosting,0.6844643866154735
LinearSVR,0.6788003348464141
