RMSE,NDCG,F1,MAE
0.07496690792551663,0.006775079090903691,0.04438239754548401,0.06941297877746466
