RMSE,NDCG,F1,MAE
1.022076406395763,0.8089874270896089,0.5557011795543906,0.8149695420473642
