RMSE,NDCG,F1,MAE
1.0970433143212797,0.8022123479987052,0.6000835770998746,0.8843825208248288
