RMSE,NDCG,F1,MAE
1.1105905874494204,0.7975512698334759,0.5928069450186028,0.8923517464122798
