RMSE,NDCG,F1,MAE
1.03825950115906,0.8013780406501992,0.5525291828793775,0.8302114477144196
