RMSE,NDCG,F1,MAE
0.07233108629036034,0.003826770816723335,0.04027776213922529,0.0621402986978602
