RMSE,NDCG,F1,MAE
1.0992705874904376,0.8037602802164808,0.6037578288100208,0.8800640078006107
