RMSE,NDCG,F1,MAE
1.0215296875150899,0.8051243716033538,0.557161629434954,0.8130927815291612
