RMSE,NDCG,F1,MAE
0.07774089997534772,0.0013640913868729898,0.04659619937506687,0.06697122627144947
