RMSE,NDCG,F1,MAE
0.0809913072790236,0.008530387614211543,0.04988773721280715,0.07186949896854833
