RMSE,NDCG,F1,MAE
1.0209258355846023,0.8102368949275409,0.5674653215636822,0.8135449033485639
