RMSE,NDCG,F1,MAE
1.1019171428636259,0.8017065073133294,0.6173530587764894,0.8854144023171122
