RMSE,NDCG,F1,MAE
0.07679484423988958,0.0036634190476854123,0.04252995833635542,0.06396903402387977
