RMSE,NDCG,F1,MAE
1.1045484549211744,0.8036922307518641,0.6189710610932476,0.8811068896598739
