RMSE,NDCG,F1,MAE
1.0277536106812848,0.8073556497995495,0.5764411027568922,0.8171378556359942
