RMSE,NDCG,F1,MAE
1.0205310146243844,0.8123180029260455,0.5834363411619283,0.8136155814461098
