RMSE,NDCG,F1,MAE
1.0959070033609222,0.8000443547226336,0.6204986149584487,0.879237208201994
