RMSE,NDCG,F1,MAE
0.07537598873653772,0.012273648203411924,0.037062273796520384,0.06562162675588423
