RMSE,NDCG,F1,MAE
1.0994457569759615,0.8038213497042578,0.6040100250626567,0.8801467651301578
