RMSE,NDCG,F1,MAE
0.07779938588264268,0.002145151982111737,0.04684839562770271,0.06714411664255082
