RMSE,NDCG,F1,MAE
1.0216463710933188,0.8059665016863695,0.557161629434954,0.813002648487607
