RMSE,NDCG,F1,MAE
1.0976166977952846,0.8050134640490363,0.5827526132404182,0.8814533825922064
