RMSE,NDCG,F1,MAE
0.07102643937415154,0.003437573606886901,0.04742652628389643,0.06174501293066825
