RMSE,NDCG,F1,MAE
1.026590258421133,0.8084510376559232,0.5353260869565217,0.8197083696615381
