RMSE,NDCG,F1,MAE
100.04403851308264,98.379904741299,94.74205914453077,98.03452873425108
