RMSE,NDCG,F1,MAE
102.00188301665627,99.48943503248746,95.71790590900959,100.26230430966734
