RMSE,NDCG,F1,MAE
104.68940236359146,96.73020037129989,108.68684532788136,106.39663045994072
