RMSE,NDCG,F1,MAE
101.40135116622051,98.90227954760645,95.91800640243363,100.02966587484383
