RMSE,NDCG,F1,MAE
1.0820046962123595,0.7949251497312456,0.5789713245334547,0.8742685423008217
