RMSE,NDCG,F1,MAE
1.082452625911661,0.7811967198367457,0.46417445482866043,0.8643558766091144
