RMSE,NDCG,F1,MAE
0.00044792969930140814,0.01372842989449996,0.11479686970479425,0.009912665691707345
