RMSE,NDCG,F1,MAE
0.0171321222135139,0.01993893526642032,0.11342343879255684,0.010027712708312486
