RMSE,NDCG,F1,MAE
1.106137567338822,0.7805410447501206,0.4947839046199702,0.8820956039265898
