RMSE,NDCG,F1,MAE
1.0890054451253082,0.800479980016541,0.608207343412527,0.8720678912182773
