RMSE,NDCG,F1,MAE
0.012934368039259292,0.011063474016933639,0.10201942935821928,0.000881066730603064
