RMSE,NDCG,F1,MAE
1.0959603634513266,0.787096545483073,0.5117647058823529,0.8683505814774871
