RMSE,NDCG,F1,MAE
1.0830259954120673,0.7981600195000066,0.6137841352405722,0.867469514746884
