RMSE,NDCG,F1,MAE
1.0890604382688316,0.7876009016391101,0.49702380952380953,0.8660023341734379
