RMSE,NDCG,F1,MAE
1.0769806080449826,0.7979730848998948,0.6047326906222612,0.866078416535174
