RMSE,NDCG,F1,MAE
0.012079830223848953,0.010372183260784706,0.10770888109845167,7.608236173617389e-05
