RMSE,NDCG,F1,MAE
1.0937504400088292,0.7989578033722365,0.626627467450651,0.8714503530095767
