RMSE,NDCG,F1,MAE
1.1156357400692136,0.7855603537079895,0.536723163841808,0.8807407214124965
