RMSE,NDCG,F1,MAE
0.02188530006038447,0.013397449664247052,0.08990430360884305,0.009290368402919746
