RMSE,NDCG,F1,MAE
1.078776404992199,0.7991722647866886,0.6051595977262789,0.8659633756193874
