RMSE,NDCG,F1,MAE
1.0888946196072269,0.7744035205279767,0.5037037037037037,0.8658479350456105
