RMSE,NDCG,F1,MAE
0.01011821461502782,0.024768744258711894,0.10145589402257527,0.00011544057377688155
