RMSE,NDCG,F1,MAE
0.012896908075876512,0.009601394296591348,0.10408631187425166,0.0008627570173288523
