RMSE,NDCG,F1,MAE
1.0833236590517141,0.7966979397796643,0.6158510177566046,0.8676694421014407
