RMSE,NDCG,F1,MAE
1.0962205671275906,0.787096545483073,0.5117647058823529,0.8685321991187696
