RMSE,NDCG,F1,MAE
0.005043354104406816,0.012341479838914649,0.08802341287708237,0.006312408516468082
