RMSE,NDCG,F1,MAE
1.0787287914628656,0.7976917504556066,0.5880234128770824,0.867403143816967
