RMSE,NDCG,F1,MAE
1.0837721455672724,0.7853502706166919,0.5,0.861090735300499
