RMSE,NDCG,F1,MAE
0.9115141842907234,0.8791529472007904,0.7250663632916192,0.7145008862532052
