RMSE,NDCG,F1,MAE
0.9231694632364773,0.8741788762774284,0.7170099160945843,0.7217147512640933
