RMSE,NDCG,F1,MAE
0.0584502150765569,0.023208056592664894,0.03987881777357061,0.04041875876466383
