RMSE,NDCG,F1,MAE
0.852924441273289,0.903972687197186,0.7686980609418282,0.6701968740347986
