RMSE,NDCG,F1,MAE
0.8647192481599204,0.8973869328700933,0.7568887338681549,0.6812959924994295
