RMSE,NDCG,F1,MAE
0.05858974301743436,0.02481973999639564,0.04363169765020902,0.04430401221840663
