RMSE,NDCG,F1,MAE
0.8697168665157962,0.9016799839091635,0.7688850475367329,0.6748350714033924
