RMSE,NDCG,F1,MAE
0.03176648683504979,0.03031506220322322,0.04418096200790511,0.03475395074041521
