RMSE,NDCG,F1,MAE
0.901483353350846,0.8713649217059403,0.7247040855288278,0.7095890221438076
