RMSE,NDCG,F1,MAE
0.862798073345404,0.9012624607073874,0.7538973550534244,0.6782994660378979
