RMSE,NDCG,F1,MAE
0.054405863602332905,0.02079769696582423,0.030703438703614472,0.03995924596736966
