RMSE,NDCG,F1,MAE
0.9172039369477369,0.8804647637415631,0.7231939163498099,0.7182587120052676
