RMSE,NDCG,F1,MAE
0.901017359076166,0.8993595606990776,0.7523187907935417,0.7057850838437822
