RMSE,NDCG,F1,MAE
0.9736818261710579,0.8672003275995699,0.7285663464959089,0.7462220764108487
