RMSE,NDCG,F1,MAE
0.07266446709489194,0.032159233099507745,0.02375244429763279,0.040436992567066454
