RMSE,NDCG,F1,MAE
94.94078493562603,100.18110651403511,110.08767469974805,95.89033896240706
