RMSE,NDCG,F1,MAE
95.21416598517564,99.74790603388121,111.41633924942418,94.90009290319787
