RMSE,NDCG,F1,MAE
98.26516540652574,104.58713093473442,123.35341646299669,101.04474182237094
