RMSE,NDCG,F1,MAE
96.85680768813725,102.03474964226098,111.59070745222994,97.33590801265927
