RMSE,NDCG,F1,MAE
0.07307980139610248,0.021902836642237578,0.011148208516629565,0.05396219201494268
