RMSE,NDCG,F1,MAE
1.0366836607252081,0.7812619552915523,0.5906593406593407,0.8244515835912348
