RMSE,NDCG,F1,MAE
1.1097634621213106,0.8031647919337899,0.6018075491759702,0.8784137756061775
