RMSE,NDCG,F1,MAE
1.1231145936505667,0.7946722324803775,0.598915515130313,0.8880945696857324
