RMSE,NDCG,F1,MAE
0.06440859083096195,0.02051458223064795,0.0052082647883158195,0.045335750701779975
