RMSE,NDCG,F1,MAE
1.0587060028196047,0.7741576502497296,0.5937072503419972,0.8427588189839524
