RMSE,NDCG,F1,MAE
1.0348389535734646,0.7804514144308362,0.6116373477672531,0.8223870493197845
