RMSE,NDCG,F1,MAE
0.07710286184781179,0.02220575499926436,0.003063419508285481,0.057502025462697226
