RMSE,NDCG,F1,MAE
1.1119418154212763,0.8026571694301006,0.6085739282589676,0.8798890747824817
