RMSE,NDCG,F1,MAE
1.0396854935330433,0.7787880269219366,0.6043360433604336,0.8251087665444332
