RMSE,NDCG,F1,MAE
1.109992001380188,0.8003134305571536,0.6080701754385965,0.8779154638650928
