RMSE,NDCG,F1,MAE
0.07030650784714476,0.021525403635217044,0.003734132078162977,0.05280669732065957
