RMSE,NDCG,F1,MAE
0.07481099970478944,0.019596609449812452,0.0035937074372820454,0.055044360906583156
