RMSE,NDCG,F1,MAE
1.0464455898814062,0.7821775091694272,0.6180371352785146,0.8287247107689736
