RMSE,NDCG,F1,MAE
1.1212565895861957,0.8017741186192396,0.6216308427157966,0.8837690716755567
