RMSE,NDCG,F1,MAE
1.1111421047942538,0.800435471355217,0.6116420503909644,0.8781865439093478
