RMSE,NDCG,F1,MAE
1.0377022408025152,0.7757563937015556,0.6126855600539811,0.8234687012686221
