RMSE,NDCG,F1,MAE
0.07343986399173863,0.024679077653661396,0.0010435096630166951,0.054717842640725656
