RMSE,NDCG,F1,MAE
1.0349339323997173,0.7804514144308362,0.6116373477672531,0.8224560447530535
