RMSE,NDCG,F1,MAE
0.07707534744740241,0.02184233039416461,0.003306931246427003,0.05747160559717768
