RMSE,NDCG,F1,MAE
1.1120092798471197,0.8022937448250008,0.6083304165208261,0.8799276503502311
