RMSE,NDCG,F1,MAE
1.1069280171187237,0.8042966585480577,0.5884915592666545,0.8795354673968763
