RMSE,NDCG,F1,MAE
1.0260784125867366,0.7689897477357955,0.5854341736694678,0.8190895555199789
