RMSE,NDCG,F1,MAE
0.08084960453198708,0.035306910812262116,0.0030573855971867125,0.06044591187689741
