RMSE,NDCG,F1,MAE
1.1092048486400035,0.8268653875631261,0.6770949720670391,0.8587198064881674
