RMSE,NDCG,F1,MAE
0.026523709617959135,0.04061007895890967,0.012375589634324724,0.0016710841056611914
