RMSE,NDCG,F1,MAE
1.0826811390220443,0.7862553086042164,0.6647193824327143,0.8603908905938286
