RMSE,NDCG,F1,MAE
0.017987785578408078,0.03400097849052708,0.03863636363636358,0.011760043502168971
