RMSE,NDCG,F1,MAE
1.1125623947743308,0.8206796509644492,0.6840909090909091,0.8586775404039719
