RMSE,NDCG,F1,MAE
1.0945746091959228,0.7866786724739221,0.6454545454545455,0.8704375839061409
