RMSE,NDCG,F1,MAE
1.1078793837820156,0.8213633552880134,0.6750572082379863,0.8568211556780622
