RMSE,NDCG,F1,MAE
0.018683198063394135,0.035692580865921975,0.021459620991109984,0.0042476252913858925
