RMSE,NDCG,F1,MAE
1.0891961857186214,0.7856707744220914,0.6535975872468763,0.861068780969448
