RMSE,NDCG,F1,MAE
1.1042119546127847,0.825485339278364,0.6704805491990846,0.850632074571029
