RMSE,NDCG,F1,MAE
1.083748766805291,0.7890926427016389,0.653730056058646,0.857828343771455
