RMSE,NDCG,F1,MAE
0.020463187807493677,0.03639269657672506,0.016750493140438638,0.007196269200426042
