RMSE,NDCG,F1,MAE
0.022347255406314215,0.03576630051997154,0.01488651369060967,0.0014547303477776552
