RMSE,NDCG,F1,MAE
1.0967107663038504,0.7855970547680419,0.6615840745446845,0.8629920069180333
