RMSE,NDCG,F1,MAE
1.1190580217101647,0.8213633552880134,0.6764705882352942,0.864446737265811
