RMSE,NDCG,F1,MAE
1.1032281895893055,0.8195742504414322,0.6681922196796338,0.850712750983182
