RMSE,NDCG,F1,MAE
0.01803423995237985,0.032051100073992034,0.014577761848308501,0.008754268532962461
