RMSE,NDCG,F1,MAE
1.0851939496369256,0.7875231503674401,0.6536144578313253,0.8594670195161445
