RMSE,NDCG,F1,MAE
0.018727967472385032,0.035692580865921975,0.021608932375917322,0.00416651911479371
