RMSE,NDCG,F1,MAE
1.1080181107701068,0.8213633552880134,0.6750572082379863,0.8569447166435885
