RMSE,NDCG,F1,MAE
1.0892901432977218,0.7856707744220914,0.653448275862069,0.8611112357583822
