RMSE,NDCG,F1,MAE
1.0850588475155998,0.7834415514810358,0.6388765046812305,0.863082234828354
