RMSE,NDCG,F1,MAE
0.019934684979177053,0.047034737714780395,0.023028257223531412,0.003732589284086707
