RMSE,NDCG,F1,MAE
1.1049935324947768,0.8304762891958162,0.6619047619047619,0.8593496455442673
