algorithm,georisk
SVD,0.7161931210592036
BIASEDMF,0.7157867599538396
NMF,0.6923900305232733
StochasticItemKNN,0.6840457202575125
BayesianRidge,0.6687338131902405
Tweedie,0.6676749423487672
Ridge,0.6686888594877707
RandomForest,0.6698549376282351
Bagging,0.6643953588289327
AdaBoost,0.6695144793547328
GradientBoosting,0.6683985476337408
LinearSVR,0.6688365841422979
