algorithm,georisk
SVD,0.7613189579027189
BIASEDMF,0.7599732301461815
NMF,0.7326242507118229
StochasticItemKNN,0.7261184583002284
BayesianRidge,0.7090045862161286
Tweedie,0.7086679362154003
Ridge,0.7089102685474827
RandomForest,0.711408393893418
Bagging,0.7048633775350193
AdaBoost,0.711819542275469
GradientBoosting,0.7093844071658423
LinearSVR,0.7077636751210719
