RMSE,NDCG,F1,MAE
108.14468502428699,116.04925494861011,94.70417394880229,107.10118047230162
