RMSE,NDCG,F1,MAE
108.61570240461944,113.73974731120433,92.93009682981827,106.48876295973804
