RMSE,NDCG,F1,MAE
108.94854624219879,116.89087164478293,91.3467197264804,108.58640416310557
