RMSE,NDCG,F1,MAE
109.27637544104208,116.95261845408228,96.60391792573972,107.82069602731357
