RMSE,NDCG,F1,MAE
109.24361075951894,116.04452893312687,95.07783543365456,109.18635367759491
