RMSE,NDCG,F1,MAE
107.43648923681046,113.91328237785505,93.29633920767526,106.72346898561705
