RMSE,NDCG,F1,MAE
108.94260481208508,117.1457454878314,90.43947997402634,108.55555669414889
