RMSE,NDCG,F1,MAE
108.69085458677017,114.81309375429865,90.24086254016878,108.21893349169254
