RMSE,NDCG,F1,MAE
92.76040953780159,99.70127571482288,106.32079984612372,93.01017689036917
