RMSE,NDCG,F1,MAE
93.035452091076,99.24655635931224,106.39729461817822,92.9275353889608
