RMSE,NDCG,F1,MAE
97.88491321628553,101.3699159422519,112.26755391033552,97.45355292420817
