RMSE,NDCG,F1,MAE
92.77560419777036,99.08244980985597,105.15154977510002,92.15456533485825
