RMSE,NDCG,F1,MAE
96.82491857908016,103.35933198800109,82.79522335249887,98.83516087716576
