RMSE,NDCG,F1,MAE
97.24500275293406,104.30700818080223,86.03705678485737,98.90340387703708
