RMSE,NDCG,F1,MAE
96.97604520790067,102.57764859376041,84.77675425349844,98.59418222364313
