RMSE,NDCG,F1,MAE
96.87413189861101,103.49157430463902,83.83369666770477,98.58372271711153
