RMSE,NDCG,F1,MAE
96.5018718540097,102.40203816957047,85.27812385815095,97.8907558080878
