RMSE,NDCG,F1,MAE
97.00776858544043,103.42362006862318,85.4152162876174,98.75233991434769
