RMSE,NDCG,F1,MAE
96.98156752414266,102.5588527109973,84.77675425349844,98.59500454549303
