RMSE,NDCG,F1,MAE
96.13838202187253,102.93232114389059,83.56687910077507,98.23708982330056
