RMSE,NDCG,F1,MAE
92.55042024888712,101.08852093806735,98.45102190453443,92.59791900804176
