RMSE,NDCG,F1,MAE
92.15629186322796,100.06815112835508,98.47416548601831,92.71616255739083
