RMSE,NDCG,F1,MAE
95.01228610115277,100.94412162035,105.65812695108376,95.40087324393458
