RMSE,NDCG,F1,MAE
94.26227155590067,100.16465501627012,99.1081863866494,93.24626580543665
