RMSE,NDCG,F1,MAE
0.9308595098202226,0.9141312256958996,0.7427394438722966,0.7238806445199236
