RMSE,F1,MAE
0.07644730066166106,0.004349356472147181,0.05844689111246626
