RMSE,NDCG,F1,MAE
0.8727988669165386,0.8855310116947798,0.7194940476190477,0.6831103597158872
