RMSE,NDCG,F1,MAE
0.850109953478431,0.8914977587751713,0.7396363636363636,0.6628949192027984
