RMSE,NDCG,F1,MAE
0.0651365708430125,0.021033258921722586,0.015030256493956062,0.052141800139613004
