RMSE,NDCG,F1,MAE
0.0807495563417916,0.022633466920728207,0.0031030802359329757,0.060985725317125206
