RMSE,NDCG,F1,MAE
0.9379354377595511,0.9065642706165024,0.7345243041130037,0.7352521598555002
