RMSE,F1,MAE
0.9337234674413177,0.7555031446540881,0.7208525608650072
