RMSE,NDCG,F1,MAE
0.09609455233978048,0.009738654953415193,0.010027651560760575,0.06634323209260928
