RMSE,NDCG,F1,MAE
0.8406485714152573,0.901565479956076,0.7411167512690355,0.6561562582909622
