RMSE,NDCG,F1,MAE
0.9367431237550378,0.9113041349094912,0.7511444028297961,0.7224994903835715
