RMSE,NDCG,F1,MAE
0.9320928362189237,0.9111571250781688,0.7338189386056192,0.7278062761798105
