RMSE,F1,MAE
0.07483033495877656,0.00011714904632176282,0.05784607658298935
