RMSE,NDCG,F1,MAE
0.8538341883566992,0.8910159616598927,0.7346938775510204,0.6686921654778669
