RMSE,NDCG,F1,MAE
0.07825864786222447,0.020141163418276098,0.0008749389454012491,0.05911411070194361
