RMSE,F1,MAE
0.9299953966920951,0.73810460086512,0.7271978741293643
