RMSE,F1,MAE
0.8676939673957198,0.7414634146341463,0.674369993473517
