RMSE,NDCG,F1,MAE
0.11425840214161997,0.011878588250776478,0.0019327726228171027,0.08210068263609083
