RMSE,F1,MAE
0.9781811296826467,0.7434790767498592,0.7545977109256631
