RMSE,F1,MAE
0.1104871622869269,0.002015662115712913,0.08022771745214607
