RMSE,NDCG,F1,MAE
0.8673036471175181,0.8865626413225607,0.737956204379562,0.6747343360934852
