RMSE,NDCG,F1,MAE
0.981562049259138,0.8984412295733372,0.7398889770023791,0.756835018729576
