algorithm,georisk
SVD,0.7732008244289708
BIASEDMF,0.773614730976888
NMF,0.7510964600640674
StochasticItemKNN,0.7377704420358591
BayesianRidge,0.7299533555960227
Tweedie,0.7318705011156976
Ridge,0.7298938508916974
RandomForest,0.7311699728995911
Bagging,0.7248148533963856
AdaBoost,0.7312434436640143
GradientBoosting,0.7291896084146084
LinearSVR,0.7297125631113168
