algorithm,georisk
SVD,0.7538015405598011
BIASEDMF,0.7529541060999492
NMF,0.7280346989448231
StochasticItemKNN,0.7126539956944341
BayesianRidge,0.6970029518170548
Tweedie,0.7015997625113377
Ridge,0.6968968683527977
RandomForest,0.6994878455805813
Bagging,0.6917486838737991
AdaBoost,0.700122625175883
GradientBoosting,0.6961812131226469
LinearSVR,0.6947351356378065
