RMSE,NDCG,F1,MAE
92.9482249843561,98.22503049335471,88.92566355893365,91.9979937244189
