RMSE,NDCG,F1,MAE
87.43028551837388,99.72091627374918,85.17503260963126,86.8707160648326
