RMSE,NDCG,F1,MAE
93.01348212332329,99.51858665552851,91.26445705553603,91.43087461241184
