RMSE,NDCG,F1,MAE
94.25018292480529,99.66873572184619,86.52975658759448,92.43643909037611
