RMSE,NDCG,F1,MAE
92.72327239879775,99.60821809604458,106.19314817313195,92.96954383581947
