RMSE,NDCG,F1,MAE
92.64194519669567,98.41451440593181,105.97842870755557,92.66682275188045
