RMSE,NDCG,F1,MAE
97.20983506562133,100.233645952239,112.0144538579499,96.69616878180778
