RMSE,NDCG,F1,MAE
92.84582788091605,99.15589768697258,105.03692813889181,92.18641771779798
