RMSE,NDCG,F1,MAE
100.09125822976559,104.68932106001489,119.7257339216019,98.73890170638752
