RMSE,NDCG,F1,MAE
100.05088748060732,101.4432926843995,121.60714285714285,99.73248561870128
