RMSE,NDCG,F1,MAE
101.12855813724715,105.44798455089146,116.9625926143139,100.1965616168949
