RMSE,NDCG,F1,MAE
100.7051596448998,105.16363651457277,117.5551926237037,99.60222869585309
