RMSE,NDCG,F1,MAE
101.71865266773274,105.11868415057467,119.26161639120691,101.02618977424684
