RMSE,NDCG,F1,MAE
100.62464831843785,100.51092774954269,120.72685478757133,99.71518369993592
