RMSE,NDCG,F1,MAE
101.13502496800272,105.39955645672075,117.19208551240543,100.20298146425762
