RMSE,NDCG,F1,MAE
100.35547394771788,104.91899920143382,114.72931562819204,99.2895931979733
