algorithm,georisk
SVD,1.1255971236850366
BIASEDMF,1.1220617834596929
NMF,1.1011367868196364
StochasticItemKNN,1.0971952474443853
BayesianRidge,1.0943304783207368
Tweedie,1.0937543127891414
Ridge,1.0942841386783912
RandomForest,1.0963548697525227
Bagging,1.0907884707201785
AdaBoost,1.0950096920642434
GradientBoosting,1.0943986591124775
LinearSVR,1.0961525697083987
