algorithm,georisk
SVD,1.113007045687962
BIASEDMF,1.1088802095577612
NMF,1.084586417030384
StochasticItemKNN,1.077490369340287
BayesianRidge,1.077175994567331
Tweedie,1.0769862240365402
Ridge,1.0770892859496648
RandomForest,1.0784710876185786
Bagging,1.0722213089046717
AdaBoost,1.0778517931467937
GradientBoosting,1.0764928974797217
LinearSVR,1.0777915312663917
