RMSE,NDCG,F1,MAE
1.122752202385096,0.8051685949878638,0.49038461538461536,0.8900376408375487
