RMSE,NDCG,F1,MAE
0.031955014718875185,0.023870568836245498,0.12279022364460707,0.010842601399765783
