RMSE,NDCG,F1,MAE
1.0907971876662208,0.7812980261516183,0.6131748390292224,0.8791950394377829
