RMSE,NDCG,F1,MAE
1.1470313220629142,0.799395838757498,0.5249266862170088,0.9027441866749536
