RMSE,NDCG,F1,MAE
1.1016506350500956,0.7872156837947429,0.64037558685446,0.8792402079847429
