RMSE,NDCG,F1,MAE
0.04538068701281861,0.012180154962755041,0.11544890063745128,0.023503978690210703
