RMSE,NDCG,F1,MAE
1.1305990529784395,0.8082315745687576,0.5066666666666667,0.889691446403998
