RMSE,NDCG,F1,MAE
1.0993765674542877,0.7868464534621633,0.6458137347130762,0.875294186162211
