RMSE,NDCG,F1,MAE
0.031222485524151855,0.021385121106594296,0.13914706804640953,0.014397260241787002
