RMSE,NDCG,F1,MAE
1.1250427246967198,0.8112443312266949,0.5345080763582967,0.8866951320818608
