RMSE,NDCG,F1,MAE
0.03379129155372751,0.029726931036583526,0.11307106703090264,0.014156052206566239
