RMSE,NDCG,F1,MAE
1.0912514331429923,0.7815174001901114,0.6475791433891993,0.8725390798752946
