RMSE,NDCG,F1,MAE
1.1450977912073603,0.8082315745687576,0.5333333333333333,0.897299886908689
