RMSE,NDCG,F1,MAE
0.037375577360618806,0.020314254831013567,0.12691425951398438,0.018341469406585542
