RMSE,NDCG,F1,MAE
1.1077222138467415,0.787917319737744,0.6602475928473177,0.8789584175021035
