RMSE,NDCG,F1,MAE
0.03620805590867171,0.02634259835243502,0.10598056754007501,0.01435792033778116
