RMSE,NDCG,F1,MAE
1.1260932412940263,0.8060454046946273,0.5538461538461539,0.8866772652135817
