RMSE,NDCG,F1,MAE
1.0898851853853546,0.7797028063421922,0.6598267213862289,0.8723193448758005
