RMSE,NDCG,F1,MAE
1.130697235218003,0.8082315745687576,0.5066666666666667,0.8897763652012233
