RMSE,NDCG,F1,MAE
0.031023833264791856,0.021863374184397766,0.1388285109386026,0.014268909832615084
