RMSE,NDCG,F1,MAE
1.099673401953211,0.7863682003843598,0.6454951776052693,0.8755074553686082
