RMSE,NDCG,F1,MAE
0.023182853072262866,0.025085645214869334,0.13226258088495346,0.009098045783665909
