RMSE,NDCG,F1,MAE
1.0973310998533972,0.7815846504884171,0.6299441883038097,0.8756847299241135
