RMSE,NDCG,F1,MAE
1.12051395292566,0.8066702957032864,0.49768160741885625,0.8847827757077794
