RMSE,NDCG,F1,MAE
0.8881443536863748,0.8824560630007702,0.7033773861967695,0.6882727019863908
