RMSE,NDCG,F1,MAE
0.04864969506055128,0.034443517355085884,0.03911049748659079,0.01858585110451272
