RMSE,NDCG,F1,MAE
0.8394946586258235,0.9168995803558561,0.7424878836833603,0.6696868508818781
