RMSE,NDCG,F1,MAE
0.8481963896392063,0.9108536107288124,0.7448363520813474,0.6737997531111334
