RMSE,NDCG,F1,MAE
0.06235037296819712,0.03542936365753169,0.05127655024129074,0.03314384907200785
