RMSE,NDCG,F1,MAE
0.9105467626074034,0.8754242470712807,0.6935598018400566,0.7069436021831412
