RMSE,NDCG,F1,MAE
0.8263118393374588,0.9171179443052518,0.7485493230174082,0.6528268555897003
