RMSE,NDCG,F1,MAE
0.8800491798814691,0.8815002957789935,0.697503671071953,0.6810946296248653
