RMSE,NDCG,F1,MAE
0.05373734054401036,0.03561764852625837,0.051045651945455184,0.028267774035165005
