RMSE,NDCG,F1,MAE
0.8871825159440806,0.8836746900921923,0.7055393586005831,0.6858783833369408
