RMSE,NDCG,F1,MAE
0.05366032130428178,0.03427345734187148,0.04198064139941682,0.02390639099081182
