RMSE,NDCG,F1,MAE
0.8335221946397988,0.9179481474340638,0.74752,0.661971992346129
