RMSE,NDCG,F1,MAE
0.8281149429772199,0.9185717347107596,0.7592364532019704,0.6487540654581219
