RMSE,NDCG,F1,MAE
0.8870165383897602,0.8832377019632378,0.7175572519083969,0.6821906865067431
