RMSE,NDCG,F1,MAE
0.058901595412540364,0.03533403274752178,0.0416792012935735,0.03343662104862122
