RMSE,NDCG,F1,MAE
0.8312315180173236,0.9171205135895807,0.7526881720430108,0.6588467017966506
