RMSE,NDCG,F1,MAE
0.05868224126370214,0.0319683828591677,0.04379137488998586,0.02838712162131951
