RMSE,NDCG,F1,MAE
0.8899137592810258,0.885152130730413,0.7088967971530249,0.6872338234179701
