RMSE,NDCG,F1,MAE
0.8263094694701693,0.9177028616662153,0.7488731487443657,0.6527776865465275
