RMSE,NDCG,F1,MAE
0.8799720794203028,0.882639916733202,0.7,0.6809347208050194
