RMSE,NDCG,F1,MAE
0.0536626099501335,0.03506294493301332,0.04887314874436577,0.02815703425849192
