RMSE,NDCG,F1,MAE
0.060172397377020626,0.037562703749237425,0.050350871801176034,0.030855604483287835
