RMSE,NDCG,F1,MAE
0.8930007546350642,0.8786765539293155,0.6789272030651341,0.6931180246991389
