RMSE,NDCG,F1,MAE
0.8328283572580436,0.916239257678553,0.7292780748663101,0.662262420215851
