RMSE,NDCG,F1,MAE
109.4838168618468,103.44614832676827,136.6580787633419,112.35213317580501
