RMSE,NDCG,F1,MAE
110.15416232609292,104.6845687507327,132.7503688509842,113.28029815105889
