RMSE,NDCG,F1,MAE
110.07256140496904,101.81773412795252,130.40031708283792,112.57677108699913
