RMSE,NDCG,F1,MAE
110.19604068394293,101.33132710843968,140.97859327217125,112.65158254957363
