RMSE,NDCG,F1,MAE
110.3739187999567,102.02612051717207,132.26185344827584,112.84607496861021
