RMSE,NDCG,F1,MAE
110.51889138148073,103.85887866267606,148.64402098867717,114.11495852840943
