RMSE,NDCG,F1,MAE
110.02721356578814,101.93742115355455,129.99403326455015,112.50640031143921
