RMSE,NDCG,F1,MAE
110.63658377265678,102.15789574144924,151.92619926199262,113.05203460196664
