RMSE,NDCG,F1,MAE
1.2403532935772636,0.7547848715927136,0.5037037037037037,0.9907220058276597
