RMSE,NDCG,F1,MAE
1.026975877002461,0.8171849821226909,0.6360103626943006,0.818395686633347
