RMSE,NDCG,F1,MAE
0.21337741657480258,0.06240011052997729,0.1323066589905969,0.17232631919431263
