RMSE,NDCG,F1,MAE
1.2700224416782921,0.744924065860781,0.4913151364764268,1.0163487925498549
