RMSE,NDCG,F1,MAE
1.0403023589816096,0.8176161029336508,0.6378519973804846,0.8278811174200528
