RMSE,NDCG,F1,MAE
0.22972008269668254,0.07269203707286986,0.14653686090405782,0.18846767512980211
