RMSE,NDCG,F1,MAE
1.2422629890396846,0.7468512126204971,0.4749679075738126,0.9981668386732143
