RMSE,NDCG,F1,MAE
0.223892373751029,0.07556311867762133,0.15061816074500856,0.18434786355071775
