RMSE,NDCG,F1,MAE
1.0183706152886556,0.8224143312981185,0.6255860683188211,0.8138189751224966
