RMSE,NDCG,F1,MAE
0.226883259847674,0.05682443427177486,0.13458740651879836,0.1801425777885357
