RMSE,NDCG,F1,MAE
1.0271148419747516,0.8155995187273646,0.6321243523316062,0.8171663103533517
