RMSE,NDCG,F1,MAE
1.2539981018224255,0.7587750844555897,0.4975369458128079,0.9973088881418875
