RMSE,NDCG,F1,MAE
1.024258060634244,0.8232924796403971,0.6339573918657199,0.8157053666591995
