RMSE,NDCG,F1,MAE
0.2369912718253968,0.07603174165486282,0.13764289555122355,0.19610374790972662
