RMSE,NDCG,F1,MAE
1.2612493324596408,0.7472607379855343,0.4963144963144963,1.011809114568926
