RMSE,NDCG,F1,MAE
0.22183726654357372,0.07676779240833442,0.1355094535715713,0.1810377927172836
