RMSE,NDCG,F1,MAE
1.244163839516579,0.7464232339518635,0.5006195786864932,0.9946120314475312
