RMSE,NDCG,F1,MAE
1.0223265729730053,0.8231910263601979,0.6361290322580645,0.8135742387302476
