RMSE,NDCG,F1,MAE
1.2425492373243348,0.7478019032855262,0.4730077120822622,0.9983983647842567
