RMSE,NDCG,F1,MAE
0.22383543834038644,0.07433648809422722,0.15215962392844729,0.18447757605519421
