RMSE,NDCG,F1,MAE
1.0187137989839483,0.8221383913797534,0.6251673360107095,0.8139207887290625
