RMSE,NDCG,F1,MAE
0.2311194367089211,0.08005387932283281,0.14167212637402637,0.18750976796077057
