RMSE,NDCG,F1,MAE
1.2393918082991262,0.7425681888473653,0.4710526315789474,0.9974323622846443
