RMSE,NDCG,F1,MAE
1.008272371590205,0.8226220681701981,0.6127247579529738,0.8099225943238737
