RMSE,NDCG,F1,MAE
0.007031718865214698,0.020089048619988503,0.02901996261888251,0.023604412916239825
