RMSE,NDCG,F1,MAE
1.114700051717439,0.7932664478679937,0.6501467231822627,0.8867454947755644
