RMSE,NDCG,F1,MAE
1.1076683328522243,0.8133554964879822,0.6211267605633802,0.8631410818593246
