RMSE,NDCG,F1,MAE
1.1217772557969214,0.7896000765759588,0.6337558372248165,0.8921683308552543
