RMSE,NDCG,F1,MAE
1.1222345886062672,0.8073368413201581,0.6044830079537238,0.8719052490753127
