RMSE,NDCG,F1,MAE
0.00045733280934578957,0.017736764744199385,0.02927282927109276,0.020263081779941516
