RMSE,NDCG,F1,MAE
1.111556986244041,0.8092595914462521,0.6103423160961399,0.8690844842290357
