RMSE,NDCG,F1,MAE
0.00200300237888551,0.015885156896306873,0.027027693967597077,0.016291580924984617
