RMSE,NDCG,F1,MAE
1.1135599886229266,0.7933744345499453,0.637370010063737,0.8853760651540203
