RMSE,NDCG,F1,MAE
1.1124497266895006,0.7911415686131408,0.6569390402075227,0.8830474159966859
