RMSE,NDCG,F1,MAE
1.1055829561710016,0.8059459722543076,0.6268446943078004,0.8597580129775073
