RMSE,NDCG,F1,MAE
0.0068667705184990435,0.014804403641166863,0.030094345899722263,0.02328940301917859
