RMSE,NDCG,F1,MAE
1.1238052846460038,0.7933306425818085,0.6481904140854255,0.8893001618180741
