RMSE,NDCG,F1,MAE
1.1228159187680786,0.8090481335315012,0.6222537207654146,0.8738750816043058
