RMSE,NDCG,F1,MAE
0.0009893658779251968,0.01571749094969266,0.025936693320010917,0.015425080213768316
