RMSE,NDCG,F1,MAE
0.003474093825464042,0.013135409856323665,0.022055530676220347,0.02086257052805618
