RMSE,NDCG,F1,MAE
1.1108064894297893,0.8069735029755111,0.6305418719211823,0.8635361570104179
