RMSE,NDCG,F1,MAE
1.1142805832552534,0.7938380931191874,0.6525974025974026,0.884398727538474
