RMSE,NDCG,F1,MAE
1.1137774285736883,0.7934154382752695,0.6382836071069393,0.8855342712392353
