RMSE,NDCG,F1,MAE
1.1116808477146383,0.8090481335315012,0.611353711790393,0.8691664855930554
