RMSE,NDCG,F1,MAE
0.002096580859050068,0.015632695256231677,0.026929895316546326,0.01636778564617991
