RMSE,NDCG,F1,MAE
1.1077209773065577,0.7947194597994077,0.6238211666084527,0.881552412411116
