RMSE,NDCG,F1,MAE
0.004654267753744223,0.01817849761418755,0.02608531755184884,0.00821421450708304
