RMSE,NDCG,F1,MAE
1.112375245060302,0.8128979574135953,0.5977358490566038,0.873338197904033
