RMSE,NDCG,F1,MAE
1.2461330503155432,0.7193942263440833,0.5547945205479452,0.9811504197609061
