RMSE,NDCG,F1,MAE
0.17914251574597784,0.0922344976765409,0.040092401772605424,0.13156806803506682
