RMSE,NDCG,F1,MAE
1.0669905345695654,0.8116287240206242,0.5948869223205506,0.8495823517258393
