RMSE,NDCG,F1,MAE
0.17737250787774395,0.13254849509368483,0.06815385438399402,0.12249527025819362
