RMSE,NDCG,F1,MAE
1.2695420038385767,0.6770037110930519,0.5089605734767025,0.9919624169624169
