RMSE,NDCG,F1,MAE
1.0921694959608328,0.8095522061867367,0.5771144278606966,0.8694671467042233
