RMSE,NDCG,F1,MAE
1.2482790707052647,0.7176942469563992,0.5448028673835126,0.9813676075927515
