RMSE,NDCG,F1,MAE
0.17757471931699786,0.09352255104903817,0.028673835125447966,0.12864341160335702
