RMSE,NDCG,F1,MAE
1.0707043513882668,0.8112167980054373,0.5734767025089605,0.8527241959893945
