RMSE,NDCG,F1,MAE
1.255550459295289,0.6982170161528977,0.5567010309278351,0.9803449583507018
