RMSE,NDCG,F1,MAE
0.18628613749056,0.11355693228532693,0.035964975018646594,0.12977243259222815
