RMSE,NDCG,F1,MAE
1.069264321804729,0.8117739484382246,0.5926660059464817,0.8505725257584736
