RMSE,NDCG,F1,MAE
1.2683758317839284,0.725631857662185,0.5586206896551724,0.9901036224148203
