RMSE,NDCG,F1,MAE
1.0775740873460435,0.8105849970067407,0.5945945945945946,0.8545378406457788
