RMSE,NDCG,F1,MAE
0.1908017444378849,0.08495313934455573,0.03597390493942221,0.13556578176904155
