RMSE,NDCG,F1,MAE
1.2588778874932773,0.713909250722822,0.5384615384615384,0.9842012061730546
