RMSE,NDCG,F1,MAE
0.1833106107432616,0.0970238012080955,0.05519554776244573,0.12994497718936715
