RMSE,NDCG,F1,MAE
1.0755672767500157,0.8109330519309175,0.5936570862239842,0.8542562289836875
