RMSE,NDCG,F1,MAE
1.0708925718241302,0.8115270796110103,0.5734767025089605,0.8528987963490378
