RMSE,NDCG,F1,MAE
1.2484648259794682,0.7176942469563992,0.539568345323741,0.9813810147404273
