RMSE,NDCG,F1,MAE
0.17757225415533795,0.09383283265461118,0.03390835718521956,0.1284822183913895
