RMSE,NDCG,F1,MAE
1.2456104499694622,0.7261173732164009,0.5347985347985348,0.9855103905821011
