RMSE,NDCG,F1,MAE
1.0652087933871723,0.8072428637022911,0.5570152390961639,0.8504658716980356
