RMSE,NDCG,F1,MAE
0.1804016565822899,0.08112549048589024,0.02221670429762912,0.13504451888406555
