RMSE,NDCG,F1,MAE
96.69257212134121,96.94739740377807,97.8422253835936,97.21399101585794
