RMSE,NDCG,F1,MAE
99.54262641475864,96.34764712495972,99.52299572756974,99.5152959977054
