RMSE,NDCG,F1,MAE
99.81810086513518,94.94465212116069,93.95077414650883,98.30840126549833
