RMSE,NDCG,F1,MAE
96.94499920754293,97.47965345087334,97.25677123748291,98.18545272644194
