RMSE,NDCG,F1,MAE
91.62778378704836,102.31235739614861,98.45809913132344,91.88587219268764
