RMSE,NDCG,F1,MAE
88.05472611135885,101.48653764753625,99.81376903225363,87.83518670738526
