RMSE,NDCG,F1,MAE
92.12963229536403,102.70268662432322,105.0067471655124,92.99611631872288
