RMSE,NDCG,F1,MAE
92.75662547856656,101.27687707946448,102.35709298156219,93.13891509185372
