RMSE,NDCG,F1,MAE
93.85560630643423,100.80930130112588,95.84976871875145,93.78433398151785
