RMSE,NDCG,F1,MAE
90.83121506989514,101.99311136755425,94.2044135046135,91.17758367232014
