RMSE,NDCG,F1,MAE
93.67826427039584,105.61383007306952,98.13632286603745,93.83098914619222
