RMSE,NDCG,F1,MAE
94.88933784908346,101.65793128226122,98.38294657822053,94.66141112413695
