RMSE,NDCG,F1,MAE
0.029278386958303093,0.012067662151978298,0.02090263302334594,0.019679604891857938
