RMSE,NDCG,F1,MAE
1.113340181798557,0.804339331195923,0.6037823955171608,0.8806536450339439
