RMSE,NDCG,F1,MAE
1.084061794840254,0.7922716690439447,0.5828797624938149,0.860974040142086
