RMSE,NDCG,F1,MAE
0.025781143170543475,0.012246370447351551,0.018008816715773368,0.025222271573520083
