RMSE,NDCG,F1,MAE
1.1008105615932546,0.7835435346834426,0.5826848249027238,0.8679601380023321
