RMSE,NDCG,F1,MAE
1.126591704763798,0.7957899051307942,0.6006936416184971,0.8931824095758522
