RMSE,NDCG,F1,MAE
1.085585107636937,0.7923101627956654,0.5860555826426134,0.8590028885984494
