RMSE,NDCG,F1,MAE
0.02945323773990749,0.011458928575450833,0.02879681588137184,0.023853035900523567
