RMSE,NDCG,F1,MAE
1.1150383453768444,0.8037690913711162,0.6148523985239852,0.882855924498973
