RMSE,NDCG,F1,MAE
1.1137638769831029,0.802007564734207,0.6124335567367691,0.8807703064581923
