RMSE,NDCG,F1,MAE
0.028992437588784004,0.013249824136294275,0.025349408008784824,0.021387934065479786
