RMSE,NDCG,F1,MAE
1.0847714393943189,0.7887577405979127,0.5870841487279843,0.8593823723927125
