RMSE,NDCG,F1,MAE
1.1242071000383922,0.8030764705206086,0.6272747697146709,0.887053754830301
