RMSE,NDCG,F1,MAE
0.02824179053402176,0.011209100921407256,0.028609374099799578,0.02413768076558276
