RMSE,NDCG,F1,MAE
1.0959653095043704,0.7918673695992013,0.5986653956148713,0.8629160740647183
