RMSE,NDCG,F1,MAE
1.08654099632084,0.7841992460454921,0.5904023267086767,0.8602618094231953
