RMSE,NDCG,F1,MAE
0.027626007563555044,0.019257144263381654,0.026638442874465817,0.020179767271124138
