RMSE,NDCG,F1,MAE
1.114167003884395,0.8034563903088737,0.6170407695831425,0.8804415766943194
