RMSE,NDCG,F1,MAE
1.0856396904285912,0.7923991946444855,0.5853658536585366,0.8590293186683841
