RMSE,NDCG,F1,MAE
1.1151157716141655,0.8032783246034305,0.6148523985239852,0.882904884203434
