RMSE,NDCG,F1,MAE
0.02947608118557432,0.010879129958945022,0.02948654486544866,0.023875565535049992
