RMSE,NDCG,F1,MAE
1.0810461445953379,0.7919918735759087,0.5666327568667345,0.8577298865707577
