RMSE,NDCG,F1,MAE
1.108902880758764,0.8043352003590898,0.5928400954653938,0.8821170036561078
