RMSE,NDCG,F1,MAE
0.0278567361634261,0.012343326783181063,0.026207338598659313,0.02438711708535013
