RMSE,NDCG,F1,MAE
95.98134365407623,98.20723418117177,95.8744645185323,95.99032604079355
