RMSE,NDCG,F1,MAE
94.72403926912936,97.81678056567313,93.93666298428204,93.43121184545389
