RMSE,NDCG,F1,MAE
93.30374413103408,100.51871347720456,91.64371362892703,93.20289403158489
