RMSE,NDCG,F1,MAE
95.87036851312125,99.22701927888579,93.37885701522065,96.81345552918076
