RMSE,NDCG,F1,MAE
1.1125449828247433,0.8043530961492064,0.5952830188679246,0.8813289878969764
