RMSE,NDCG,F1,MAE
0.027084366618120637,0.014064878717920837,0.018571374690013465,0.01649163100883333
