RMSE,NDCG,F1,MAE
1.0854606162066227,0.7902882174312855,0.5767116441779111,0.8648373568881431
