RMSE,NDCG,F1,MAE
0.019947416530129214,0.004181574562503676,0.008345405203661449,0.022383400802159947
