RMSE,NDCG,F1,MAE
1.1264790319842215,0.7905553008535818,0.6006493506493507,0.8935351432619193
