RMSE,NDCG,F1,MAE
1.1065316154540923,0.7863737262910782,0.5923039454456892,0.8711517424597593
