RMSE,NDCG,F1,MAE
0.028129087174078027,0.013819523229241848,0.027868106843031426,0.023093681029748514
