RMSE,NDCG,F1,MAE
1.0871503652531154,0.7876840160460568,0.5865620402157921,0.859608009786038
