RMSE,NDCG,F1,MAE
1.1152794524271934,0.8015035392752986,0.6144301470588235,0.8827016908157865
