RMSE,NDCG,F1,MAE
1.088455870605427,0.7929176949204461,0.5868498527968596,0.8620574009452783
