RMSE,NDCG,F1,MAE
0.025090545044901935,0.009543915419266136,0.03360313278996263,0.018484510588412717
