RMSE,NDCG,F1,MAE
1.113546415650329,0.8024616103397122,0.6204529855868223,0.880541911533691
