RMSE,NDCG,F1,MAE
0.02700804237631038,0.013848305148080109,0.02477235969079128,0.023345361702434175
