RMSE,NDCG,F1,MAE
1.1278921812921392,0.8015323211941369,0.6281879194630873,0.8890685632133917
