RMSE,NDCG,F1,MAE
1.1008841389158288,0.7876840160460568,0.603415559772296,0.8657232015109575
