RMSE,NDCG,F1,MAE
1.1134451510453611,0.8017748798387379,0.6165862623478061,0.8806985213946488
