RMSE,NDCG,F1,MAE
0.0247728283426929,0.015852277623741085,0.02144063127984497,0.01799673652966849
