RMSE,NDCG,F1,MAE
1.0886723227026682,0.7859226022149968,0.5951456310679611,0.8627017848649803
