RMSE,NDCG,F1,MAE
1.0872085133605547,0.7876840160460568,0.5865620402157921,0.8596317456548441
