RMSE,NDCG,F1,MAE
1.1153598509058267,0.8015035392752986,0.6148897058823529,0.882757057962113
