RMSE,NDCG,F1,MAE
0.028151337545271993,0.013819523229241848,0.028327665666560864,0.023125312307268886
