RMSE,NDCG,F1,MAE
1.082003685389696,0.788158545225259,0.5607380830343414,0.8584467399951483
