RMSE,NDCG,F1,MAE
0.026755445986401893,0.017816480601993367,0.029496478957042105,0.023192515395566993
