RMSE,NDCG,F1,MAE
1.1087591313760978,0.8059750258272523,0.5902345619913835,0.8816392553907153
