RMSE,NDCG,F1,MAE
95.29196598791319,101.32761493762463,109.62320038333826,96.01479258769486
