RMSE,NDCG,F1,MAE
92.58405992090313,101.20910946824702,106.3556878819965,92.44052745034053
