RMSE,NDCG,F1,MAE
93.0085300210984,98.9250502501412,111.31940988011075,95.85323282303506
