RMSE,NDCG,F1,MAE
95.79294912198742,99.60598719145898,109.34745532493338,96.42642979504615
