RMSE,NDCG,F1,MAE
0.9492526473410949,0.9047858555742364,0.6949685534591195,0.7555243781238412
