RMSE,NDCG,F1,MAE
0.9107834302181688,0.9013748708457318,0.7571115973741794,0.7214840689279054
