RMSE,NDCG,F1,MAE
0.03846921712292617,0.0034109847285046513,0.06214304391505998,0.034040309195935814
