RMSE,NDCG,F1,MAE
0.9581704482764578,0.8985547368481093,0.7049689440993789,0.7675034518904421
