RMSE,NDCG,F1,MAE
0.03302516513093556,0.0042665744485601564,0.024979547438516603,0.03424752748904891
