RMSE,NDCG,F1,MAE
0.9251452831455222,0.8942881623995491,0.7299484915378955,0.7332559244013932
