RMSE,NDCG,F1,MAE
0.9513329305817676,0.8930036092463973,0.739193083573487,0.7471884461696493
