RMSE,NDCG,F1,MAE
1.0101099337081407,0.8857599514333976,0.723589001447178,0.7843121324141372
