RMSE,NDCG,F1,MAE
0.05877700312637313,0.0072436578129997375,0.015604082126309038,0.03712368624448792
