RMSE,NDCG,F1,MAE
0.9116647942567662,0.9000415615226444,0.756043956043956,0.7213461855829839
