RMSE,NDCG,F1,MAE
0.9482726151189823,0.903651731434266,0.6998444790046656,0.7544429709241501
