RMSE,NDCG,F1,MAE
0.036607820862216145,0.0036101699116216635,0.0561994770392904,0.033096785341166224
