RMSE,NDCG,F1,MAE
0.9605619281390494,0.8923507948808987,0.729121278140886,0.7611300780228318
