RMSE,NDCG,F1,MAE
0.03757914119973682,0.0027410018078407594,0.02288982413495133,0.03549792524800999
