RMSE,NDCG,F1,MAE
0.9981410693387862,0.889609793073058,0.7062314540059347,0.7966280032708418
