RMSE,NDCG,F1,MAE
0.9955305569811468,0.875944604670097,0.6546463245492372,0.7880128869965126
