RMSE,NDCG,F1,MAE
0.9228272420395376,0.8929473355859228,0.7312348668280871,0.7226366406301855
