RMSE,NDCG,F1,MAE
0.0727033149416092,0.017002730915825714,0.07658854227884992,0.0653762463663271
