RMSE,NDCG,F1,MAE
0.13277712249566842,0.012096649951850558,0.09115384615384614,0.10995903309183008
