RMSE,NDCG,F1,MAE
1.062400951936519,0.8720798893978061,0.6288461538461538,0.8378752578834674
