RMSE,NDCG,F1,MAE
0.9296238294408505,0.8841765393496567,0.72,0.7279162247916373
