RMSE,NDCG,F1,MAE
1.1031448314061936,0.8355370079901921,0.6366001734605378,0.8714223896870718
