RMSE,NDCG,F1,MAE
1.0472491050429582,0.8229136882540768,0.6881720430107527,0.8218533945046387
