RMSE,NDCG,F1,MAE
0.055895726363235365,0.012623319736115302,0.05157186955021498,0.04956899518243307
