RMSE,NDCG,F1,MAE
0.9794248015556682,0.8826404090516479,0.6522339935513588,0.7772566545171317
