RMSE,NDCG,F1,MAE
0.05053125729976482,0.0023301078308423095,0.09899753354223728,0.05291122759743083
