RMSE,NDCG,F1,MAE
0.9288935442559034,0.8849705168824902,0.7512315270935961,0.7243454269197008
