RMSE,NDCG,F1,MAE
1.105861906261779,0.7960825377666177,0.5923181906804446,0.8683661322066855
