RMSE,NDCG,F1,MAE
1.0975711954386707,0.7541566183148866,0.5557967867998264,0.8668630596647134
