RMSE,NDCG,F1,MAE
0.008290710823108283,0.041925919451731186,0.0365214038806182,0.001503072541972017
