RMSE,NDCG,F1,MAE
1.121532599373693,0.797048172768165,0.6024459078080903,0.8804026665364328
