RMSE,NDCG,F1,MAE
1.1114701397789555,0.7689510721945935,0.570464135021097,0.8770001073883161
