RMSE,NDCG,F1,MAE
0.010062459594737616,0.02809710057357151,0.03198177278699321,0.003402559148116713
