RMSE,NDCG,F1,MAE
1.1139297336857537,0.7997151717721629,0.5982549317147192,0.8735728564811203
