RMSE,NDCG,F1,MAE
0.007182218977227928,0.04290147312730597,0.021073723661027888,0.00179557806878905
