RMSE,NDCG,F1,MAE
1.1067475147085257,0.7568136986448569,0.5771812080536913,0.8717772784123312
