RMSE,NDCG,F1,MAE
1.094436444220868,0.7592760335851229,0.5880398671096345,0.8593506451859911
