RMSE,NDCG,F1,MAE
1.1088194977605872,0.7957288382682364,0.6038584004495224,0.8685181192956768
