RMSE,NDCG,F1,MAE
0.014383053539719137,0.036452804683113516,0.01581853333988792,0.009167474109685658
