RMSE,NDCG,F1,MAE
1.125569402427297,0.7571028461705263,0.5910765452312731,0.8833849734454913
