RMSE,NDCG,F1,MAE
1.1317475371172343,0.7998545952984932,0.608404611379695,0.8836024615088666
