RMSE,NDCG,F1,MAE
0.00617813468993722,0.042751749127966976,0.017328066148421972,0.00021748806337529292
