RMSE,NDCG,F1,MAE
0.010885452276322649,0.04011242880639443,0.012094269504537514,0.005376558454326386
