RMSE,NDCG,F1,MAE
1.1160169707068048,0.7949377404505252,0.6043192488262911,0.8729531551429167
