RMSE,NDCG,F1,MAE
1.1051315184304822,0.7548253116441308,0.5922249793217536,0.8675765966885903
