RMSE,NDCG,F1,MAE
1.1068131957015404,0.7568136986448569,0.5771812080536913,0.8718182420410027
