RMSE,NDCG,F1,MAE
1.1140095717203908,0.7996975054990344,0.5982549317147192,0.8736294277773096
