RMSE,NDCG,F1,MAE
0.007196376018850481,0.042883806854177475,0.021073723661027888,0.0018111857363068973
