RMSE,NDCG,F1,MAE
1.106379687586464,0.7953924454804967,0.5847929936305732,0.8724603881082651
