RMSE,NDCG,F1,MAE
0.003512539588678143,0.038224477866954265,0.041506774549301184,0.0008880355386874372
