RMSE,NDCG,F1,MAE
1.1028671479977858,0.7571679676135424,0.5432862190812721,0.8733484236469525
