RMSE,NDCG,F1,MAE
92.7100316632996,99.60883566752918,106.28589732653772,92.93430128127201
