RMSE,NDCG,F1,MAE
92.97083158412215,99.67100820367523,105.8811174969944,92.93682665723082
