RMSE,NDCG,F1,MAE
96.76923840790776,101.12900226512434,111.42986241477585,96.30966793201885
