RMSE,NDCG,F1,MAE
92.7579962757055,99.08252479034391,104.16258464800198,92.16687653115412
