RMSE,NDCG,F1,MAE
109.7062018025162,142.55526709702184,140.739314593762,112.58957399975525
