RMSE,NDCG,F1,MAE
110.10781368586167,134.05940394808476,138.19222303741748,112.4577090952905
