RMSE,NDCG,F1,MAE
109.24967655114779,141.09573988454466,142.3758865248227,112.48500741864372
