RMSE,NDCG,F1,MAE
110.74308693318167,152.16299658038872,148.97959183673473,114.39149833893075
