RMSE,NDCG,F1,MAE
109.223922723263,137.79602883440538,135.45246965508952,113.06177980482278
