RMSE,NDCG,F1,MAE
110.65709252589231,144.4578669233081,160.4035792549306,113.95975321894454
