RMSE,NDCG,F1,MAE
109.17848388491143,140.89600190128812,142.81720764093805,112.41468726335874
