RMSE,NDCG,F1,MAE
108.97110854942436,141.3712245141962,151.70437848956803,111.84850799152987
