RMSE,NDCG,F1,MAE
0.08026082939284696,0.01362742594149191,0.011958923495764995,0.061049102857911874
