RMSE,NDCG,F1,MAE
0.9055094625397474,0.8709651607667988,0.7366526694661067,0.7144762733433786
