RMSE,NDCG,F1,MAE
0.9857702919325944,0.8845925867082907,0.7246937459703418,0.7755253762012905
