RMSE,NDCG,F1,MAE
1.0576488750058992,0.8716075702792753,0.6892120392289482,0.8300865985337905
