RMSE,NDCG,F1,MAE
0.13524931804042206,0.005033325939353239,0.02832642230951332,0.10945898361283701
