RMSE,NDCG,F1,MAE
0.9223995569654772,0.866574244339922,0.7175384615384616,0.7206276149209535
