RMSE,NDCG,F1,MAE
0.06729114672825975,0.029112608124504447,0.04815409067968335,0.04645701768795574
