RMSE,NDCG,F1,MAE
1.08887514463864,0.8369421003903397,0.6953560371517028,0.8518540379125928
