RMSE,NDCG,F1,MAE
1.0215839979103802,0.8078294922658352,0.6472019464720195,0.8053970202246371
