RMSE,NDCG,F1,MAE
0.9026749223985003,0.8735200346450818,0.7263922518159807,0.7131673913613135
