RMSE,NDCG,F1,MAE
0.07064876540251042,0.013006893312407675,0.013729816927996241,0.05286804677348389
