RMSE,NDCG,F1,MAE
0.9733236878010108,0.8865269279574894,0.7401220687439769,0.7660354381347974
