RMSE,NDCG,F1,MAE
0.20440373026124692,0.06074829706335949,0.12906829058084424,0.15859240038978417
