RMSE,NDCG,F1,MAE
1.1575717110724875,0.7796315114299053,0.5152979066022544,0.9149573222234751
