RMSE,NDCG,F1,MAE
0.9531679808112405,0.8403798084932648,0.6443661971830986,0.756364921833691
