RMSE,NDCG,F1,MAE
0.9619760797733194,0.850052873041259,0.6533795493934142,0.7639994495062212
