RMSE,NDCG,F1,MAE
1.176412538674267,0.7875174565199156,0.5314900153609831,0.9302575090843798
