RMSE,NDCG,F1,MAE
0.21443645890094754,0.06253541652134342,0.12188953403243119,0.16625805957815853
