RMSE,NDCG,F1,MAE
0.9482165600103601,0.8378281799344618,0.6475195822454308,0.7585183122285031
