RMSE,NDCG,F1,MAE
1.1582895885428384,0.7871570419379869,0.5271565495207667,0.9211080534932365
