RMSE,NDCG,F1,MAE
0.21007302853247822,0.050671137996474935,0.12036303272466409,0.16258974126473347
