RMSE,NDCG,F1,MAE
0.21287029988332573,0.06754661106736293,0.13061609204688518,0.16356299170672073
