RMSE,NDCG,F1,MAE
0.9495566463938582,0.8401565411286307,0.6562770562770562,0.7563868054302348
