RMSE,NDCG,F1,MAE
1.162426946277184,0.7726099300612678,0.5256609642301711,0.9199497971369556
