RMSE,NDCG,F1,MAE
0.9508280984667977,0.8374765141425013,0.6761506276150627,0.7540050026742676
