RMSE,NDCG,F1,MAE
1.1722322257707465,0.7914403845607584,0.5418569254185692,0.9283141027176219
