RMSE,NDCG,F1,MAE
0.22140412730394876,0.04603612958174297,0.1342937021964935,0.17430910004335431
