RMSE,NDCG,F1,MAE
0.20911411376204347,0.06637911029137822,0.14009740123665482,0.16398994150728297
