RMSE,NDCG,F1,MAE
1.1610666840432171,0.7810833237029926,0.5119236883942766,0.9180670365165482
