RMSE,NDCG,F1,MAE
0.9519525702811736,0.8474624339943708,0.6520210896309314,0.7540770950092652
