RMSE,NDCG,F1,MAE
1.1584351302573341,0.790735362233778,0.5263157894736842,0.9210855965292032
