RMSE,NDCG,F1,MAE
0.20977778830041505,0.046721473853449824,0.1218162696053775,0.16227636080200525
