RMSE,NDCG,F1,MAE
0.9486573419569191,0.8374568360872279,0.6481320590790617,0.7588092357271979
