RMSE,NDCG,F1,MAE
0.9478581855495034,0.8381952169438449,0.6406533575317604,0.7581239883369033
