RMSE,NDCG,F1,MAE
1.1548659021939651,0.7893604678453167,0.5074135090609555,0.9199592737546255
