RMSE,NDCG,F1,MAE
0.20700771664446171,0.04883474909852825,0.13323984847080494,0.16183528541772219
