RMSE,NDCG,F1,MAE
0.08352581190740926,0.0029116795542101226,0.026209388052698457,0.067184915228925
