RMSE,NDCG,F1,MAE
1.0067904069617286,0.8906740527405438,0.6755819712729074,0.8068195642746411
