RMSE,NDCG,F1,MAE
0.9232645950543193,0.8877623731863337,0.7017913593256059,0.7396346490457161
