RMSE,NDCG,F1,MAE
0.9623256801814639,0.8806810787334622,0.7175080558539205,0.74885598872145
