RMSE,NDCG,F1,MAE
1.5952465614802136,0.8863791629042099,0.5966432051976177,1.1753929953322042
