RMSE,NDCG,F1,MAE
0.6329208812987497,0.005698084170747686,0.12086485065630281,0.4265370066107542
