RMSE,NDCG,F1,MAE
0.5714198856548192,0.018355449829341564,0.05200870161500082,0.3499254843264231
