RMSE,NDCG,F1,MAE
1.5971799442430599,0.8188931872454184,0.5975975975975976,1.1735790930244454
