RMSE,NDCG,F1,MAE
1.0257600585882407,0.8372486370747599,0.6496062992125984,0.8236536086980223
