RMSE,NDCG,F1,MAE
0.9211690546500371,0.8911385012283546,0.6973821989528796,0.7386006661889833
