RMSE,NDCG,F1,MAE
0.9913750094334608,0.8974296723466479,0.6835568802781917,0.797607526806519
