RMSE,NDCG,F1,MAE
0.07020595478342373,0.006291171118293359,0.013825318674687836,0.059006860617535684
