RMSE,NDCG,F1,MAE
95.15789873153237,95.88665960121648,97.35174341550399,93.9549065807712
