RMSE,NDCG,F1,MAE
94.89217921120454,98.09163292719342,97.11098994792829,94.62122456899232
