RMSE,NDCG,F1,MAE
102.48669936806168,96.91429763348734,109.67087425198694,103.64650598697555
