RMSE,NDCG,F1,MAE
96.31820865870712,96.32554633609752,96.70182291666667,95.81641904616075
