algorithm,georisk
SVD,1.1280130380777982
BIASEDMF,1.1240550255618293
NMF,1.107267647881026
StochasticItemKNN,1.0997761875584324
BayesianRidge,1.0976433955639924
Tweedie,1.0968361073691555
Ridge,1.0975967094164938
RandomForest,1.099708507586609
Bagging,1.0948921860464302
AdaBoost,1.0989526969559194
GradientBoosting,1.0991019858340956
LinearSVR,1.0981475677132657
