algorithm,georisk
SVD,1.115504367747161
BIASEDMF,1.11103650120029
NMF,1.0923590453896923
StochasticItemKNN,1.0806570957240105
BayesianRidge,1.0808290510623006
Tweedie,1.080326999053918
Ridge,1.080735276604066
RandomForest,1.082341776691668
Bagging,1.0777976222867902
AdaBoost,1.0819201209757159
GradientBoosting,1.0813215327982917
LinearSVR,1.0793681540885367
