RMSE,NDCG,F1,MAE
106.68225499762258,98.91327099300484,110.06289530780475,106.59543977332291
