RMSE,NDCG,F1,MAE
147.09931359615888,100.47573257965993,116.49200220628792,135.42397172706526
