RMSE,NDCG,F1,MAE
151.23085628044925,103.72632553856617,120.46012659172676,139.29484193324947
