RMSE,NDCG,F1,MAE
107.55148937041174,100.31083409334005,111.1199914748508,106.9957631303774
