RMSE,NDCG,F1,MAE
1.0856550036116337,0.7913556294029035,0.6008542952064547,0.8618227754314112
