RMSE,NDCG,F1,MAE
0.02896024208896919,0.012084156810050817,0.023131277381462367,0.019068435152762575
