RMSE,NDCG,F1,MAE
1.1146152457006029,0.8034397862129543,0.6239855725879171,0.8808912105841737
