RMSE,NDCG,F1,MAE
1.1274021509507375,0.8065930384224573,0.6101382488479262,0.894122068985457
