RMSE,NDCG,F1,MAE
0.02734534357034657,0.02385299502261551,0.029398949237031236,0.0248756723129
