RMSE,NDCG,F1,MAE
1.100056807380391,0.7827400433998418,0.580739299610895,0.869246396672557
