RMSE,NDCG,F1,MAE
1.11509541812646,0.8039004311696747,0.6131554737810487,0.8830050934918353
