RMSE,NDCG,F1,MAE
0.02603742433482714,0.014188357528351125,0.021647421072410356,0.02158352897496063
