RMSE,NDCG,F1,MAE
1.089057993791633,0.7897120736413236,0.5915080527086384,0.8614215645168747
