RMSE,NDCG,F1,MAE
1.0861567442209883,0.7891413931681012,0.5865758754863813,0.8606919148776189
