RMSE,NDCG,F1,MAE
1.1139817438133799,0.8068744381938777,0.6092138436855374,0.8812973641381211
