RMSE,NDCG,F1,MAE
0.027824999592391597,0.01773304502577655,0.02263796819915609,0.02060544926050223
