RMSE,NDCG,F1,MAE
1.1286394307495178,0.803956573970753,0.6258136924803591,0.8904728638575091
