RMSE,NDCG,F1,MAE
1.103544895029394,0.7894657751189086,0.5995249406175772,0.8682021011280316
