RMSE,NDCG,F1,MAE
0.025094535720123767,0.014490798851844455,0.0262887518627819,0.022270762729477478
