RMSE,NDCG,F1,MAE
1.1143841238158199,0.8051669785505192,0.6173399909214707,0.8814663625126782
