RMSE,NDCG,F1,MAE
0.02852772120679381,0.02159270199833241,0.01067332425480405,0.02106901614644585
