RMSE,NDCG,F1,MAE
1.085856402609026,0.7835742765521868,0.6066666666666667,0.8603973463662323
