RMSE,NDCG,F1,MAE
1.1151702499427707,0.8033202361358781,0.6130144860887561,0.8830545520431229
