RMSE,NDCG,F1,MAE
0.026051041550957166,0.013608162494554543,0.021506433380117707,0.021603079702120387
