RMSE,NDCG,F1,MAE
1.0891192083918135,0.7897120736413236,0.5915080527086384,0.8614514723410025
