RMSE,NDCG,F1,MAE
1.1086632344851512,0.803655173535893,0.5919732441471572,0.8823872546135744
