RMSE,NDCG,F1,MAE
1.0823795095232507,0.7870986269442194,0.558115719406042,0.859604875435639
