RMSE,NDCG,F1,MAE
0.026283724961900568,0.016556546591673604,0.03385752474111525,0.022782379177935352
