RMSE,NDCG,F1,MAE
1.0793107728253406,0.807419201827824,0.6290502793296089,0.8575250612687816
