RMSE,NDCG,F1,MAE
1.0619737021813962,0.7809821220149975,0.6070878274268104,0.8470687961020923
