RMSE,NDCG,F1,MAE
0.017337070643944408,0.026437079812826503,0.02196245190279844,0.010456265166689294
