RMSE,NDCG,F1,MAE
0.011234522998444962,0.03655142825909008,0.03133037220199797,0.009144696691575582
