RMSE,NDCG,F1,MAE
1.0875180985418975,0.805976720688714,0.6078199052132701,0.864912654464403
