RMSE,NDCG,F1,MAE
1.0762835755434526,0.7694252924296239,0.5764895330112721,0.8557679577728274
