RMSE,NDCG,F1,MAE
1.0877570490917072,0.8151269238990941,0.6023952095808384,0.8623729330928513
