RMSE,NDCG,F1,MAE
1.0591627732618896,0.7827698080581809,0.5454545454545454,0.8431997773603735
