RMSE,NDCG,F1,MAE
0.02859427582981766,0.032357115840913275,0.05694066412629295,0.019173155732477798
