RMSE,NDCG,F1,MAE
1.0580190420785545,0.7711944160255017,0.5796178343949044,0.8431423412486914
