RMSE,NDCG,F1,MAE
1.0796770874051675,0.8066461195336496,0.6196531791907515,0.8567648675367161
