RMSE,NDCG,F1,MAE
0.021658045326613085,0.03545170350814797,0.04003534479584703,0.013622526288024739
