RMSE,NDCG,F1,MAE
1.1029429859737163,0.8128757561944665,0.6233313987231572,0.8705488567456986
