RMSE,NDCG,F1,MAE
0.030535078691348083,0.030129162608369175,0.04446961010527106,0.02061021188407952
