RMSE,NDCG,F1,MAE
1.0724079072823682,0.7827465935860973,0.5788617886178862,0.8499386448616191
