RMSE,NDCG,F1,MAE
1.0747750903250621,0.8052959443082702,0.6253585771658061,0.8524607323558118
