RMSE,NDCG,F1,MAE
0.01774257442382776,0.03371124529837766,0.0358181651214321,0.010897364809069887
