RMSE,NDCG,F1,MAE
1.0570325159012344,0.7715846990098926,0.589540412044374,0.8415633675467419
