RMSE,NDCG,F1,MAE
0.028597251365960252,0.030878744679111114,0.05682499863663637,0.01917798114889968
