RMSE,NDCG,F1,MAE
1.0881400799009178,0.813648552737292,0.6022795440911818,0.8626789858753408
