RMSE,NDCG,F1,MAE
1.0595428285349575,0.7827698080581809,0.5454545454545454,0.8435010047264411
