RMSE,NDCG,F1,MAE
1.047261120995066,0.7775147127755535,0.5150976909413855,0.8374885489182956
