RMSE,NDCG,F1,MAE
0.021749945276092975,0.03264731698807477,0.07189921308338232,0.017533068664966955
