RMSE,NDCG,F1,MAE
1.069011066271159,0.8101620297636283,0.5869969040247678,0.8550216175832626
