RMSE,NDCG,F1,MAE
104.54620565833909,105.06417658345994,113.18127541011572,103.84099963246176
