RMSE,NDCG,F1,MAE
104.9255783615077,107.68328525624979,112.71542864370869,104.94150814245332
