RMSE,NDCG,F1,MAE
103.53501719417726,105.02702022207072,109.38883627562872,103.3652386210028
