RMSE,NDCG,F1,MAE
103.93063260277403,106.47370978816781,110.68796068796067,103.18655000298065
