RMSE,NDCG,F1,MAE
103.46172026774406,105.15496935360808,112.20041086509929,103.72898220457125
