RMSE,NDCG,F1,MAE
104.2428261563057,106.39342983644111,111.49220984303253,103.75012330207922
