RMSE,NDCG,F1,MAE
103.534738156169,104.98912279860639,109.33308253644644,103.36203142263433
