RMSE,NDCG,F1,MAE
102.39723544692279,106.24884630370046,107.48940677966104,102.47199813314592
