RMSE,NDCG,F1,MAE
0.10129465367465129,0.04789097208169735,0.08993120700437773,0.09415901051390985
