RMSE,NDCG,F1,MAE
1.0195294893964382,0.8633618057406351,0.676923076923077,0.8090617128107079
