RMSE,NDCG,F1,MAE
1.1208241430710895,0.8154708336589378,0.5869918699186992,0.9032207233246178
