RMSE,NDCG,F1,MAE
1.0423244751493368,0.8729272372576851,0.6699507389162561,0.8232558139534883
