RMSE,NDCG,F1,MAE
1.1365371381207416,0.8196031234617749,0.584,0.9071023247300017
