RMSE,NDCG,F1,MAE
0.09421266297140485,0.05332411379591018,0.08595073891625615,0.0838465107765134
