RMSE,NDCG,F1,MAE
0.10072285084986632,0.044521533668259616,0.08820680545946291,0.08748738868246564
