RMSE,NDCG,F1,MAE
1.0203552932848443,0.8623569812573633,0.676923076923077,0.8086876775273497
