RMSE,NDCG,F1,MAE
1.1210781441347106,0.8178354475891036,0.588716271463614,0.8961750662098154
