RMSE,NDCG,F1,MAE
1.1223417717710478,0.8172850739547032,0.6027178257394085,0.898513968150999
