RMSE,NDCG,F1,MAE
1.027248038312339,0.8665012434647018,0.6965174129353234,0.8119202728017092
