RMSE,NDCG,F1,MAE
0.09509373345870875,0.04921616950999863,0.09379958719591497,0.08659369534928985
