RMSE,NDCG,F1,MAE
0.09183803858491268,0.043519359896339926,0.08757911085226167,0.08285061256682114
