RMSE,NDCG,F1,MAE
1.1267760431043807,0.8201214613577201,0.6054901960784314,0.8979113484169567
