RMSE,NDCG,F1,MAE
1.034938004519468,0.86364082125406,0.693069306930693,0.8150607358501356
