RMSE,NDCG,F1,MAE
0.09506041674731791,0.04922254971627649,0.09794209346820548,0.09354825958380608
