RMSE,NDCG,F1,MAE
1.1159818457147126,0.8186254397219109,0.5924132364810331,0.8979468290130936
