RMSE,NDCG,F1,MAE
1.0209214289673947,0.8678479894381874,0.6903553299492385,0.8043985694292876
