RMSE,NDCG,F1,MAE
1.1219407059880144,0.8185975248995674,0.5889070146818923,0.8965502813800843
