RMSE,NDCG,F1,MAE
1.0198297424417064,0.8605604370802632,0.6701030927835051,0.8087070710474054
