RMSE,NDCG,F1,MAE
0.102110963546308,0.04196291218069581,0.08119607810161278,0.08784321033267894
