RMSE,NDCG,F1,MAE
0.08702645788290542,0.04607516592573335,0.11185190094329212,0.08106305226800492
