RMSE,NDCG,F1,MAE
1.111392212513775,0.821195557819599,0.5687763713080168,0.8932051700524121
