RMSE,NDCG,F1,MAE
1.0243657546308695,0.8672707237453323,0.680628272251309,0.8121421177844071
