RMSE,NDCG,F1,MAE
100.61854550082745,94.34997802780217,93.43942127114256,99.97313097371783
