RMSE,NDCG,F1,MAE
101.36345845440886,95.44870806510161,97.82223258696534,100.86075075426346
