RMSE,NDCG,F1,MAE
100.7226889677149,93.69055990949495,96.32994118046493,100.25622091917445
