RMSE,NDCG,F1,MAE
100.6075175378016,94.7052540677402,95.75046551859391,100.27736223933799
