RMSE,NDCG,F1,MAE
100.66646788647229,93.73508321112134,96.35714867649682,100.11174420578297
