RMSE,NDCG,F1,MAE
100.65727018505535,94.8048926694576,96.50994025983918,100.18134301795855
