RMSE,NDCG,F1,MAE
100.72296552436522,93.69776199032651,96.28701470382359,100.25761216163072
