RMSE,NDCG,F1,MAE
100.51916759432275,94.0967155010466,93.53636562602125,100.05928283483274
