RMSE,NDCG,F1,MAE
1.0773099485353426,0.7687324085209046,0.6496853461192688,0.8731846051538046
