RMSE,NDCG,F1,MAE
0.04781839473321581,0.04816370223742239,0.11562540061518156,0.0208831499148876
