RMSE,NDCG,F1,MAE
1.1251283432685584,0.816896110758327,0.5340599455040872,0.8940677550686922
