RMSE,NDCG,F1,MAE
1.146305961198562,0.8141416788483861,0.551948051948052,0.9012889958198365
