RMSE,NDCG,F1,MAE
0.05380119719285448,0.04693229086981421,0.10677980166798051,0.022741115901193765
