RMSE,NDCG,F1,MAE
1.0925047640057075,0.7672093879785719,0.6587278536160325,0.8785478799186427
