RMSE,NDCG,F1,MAE
1.1357427490774565,0.813062825856932,0.5399339933993399,0.8935977046856747
