RMSE,NDCG,F1,MAE
0.047149946214102956,0.04261448483409913,0.1265377984743813,0.023143544896569113
