RMSE,NDCG,F1,MAE
1.0885928028633536,0.7704483410228329,0.6664717918737212,0.8704541597891056
