RMSE,NDCG,F1,MAE
1.0786814288345543,0.7681812705237249,0.6635459332943242,0.8689015419221492
