RMSE,NDCG,F1,MAE
0.04889526494615759,0.04769395428626322,0.11929230053342588,0.021916217670361227
