RMSE,NDCG,F1,MAE
1.127576693780712,0.8158752248099881,0.5442536327608983,0.8908177595925104
