RMSE,NDCG,F1,MAE
1.099846375830914,0.7689116632307089,0.6765714285714286,0.8758218593119776
