RMSE,NDCG,F1,MAE
0.053239754812757,0.04444215322954104,0.11554906435417622,0.02832607229547257
