RMSE,NDCG,F1,MAE
1.153086130643671,0.81335381646025,0.5610223642172524,0.9041479316074502
