RMSE,NDCG,F1,MAE
1.1292079642734203,0.8255819499342393,0.5439056356487549,0.8909374939127065
