RMSE,NDCG,F1,MAE
0.05297850500855805,0.05473290655700069,0.1233417511108269,0.025788915026511705
