RMSE,NDCG,F1,MAE
1.0762294592648622,0.7708490433772386,0.6672473867595818,0.8651485788861948
