RMSE,NDCG,F1,MAE
1.0888991135899861,0.7702708081862364,0.6664717918737212,0.8706730492954945
