RMSE,NDCG,F1,MAE
1.1359247434145037,0.813062825856932,0.5399339933993399,0.8937614969753086
