RMSE,NDCG,F1,MAE
0.04702562982451752,0.042792017670695626,0.1265377984743813,0.023088447679814106
