RMSE,NDCG,F1,MAE
1.0847886026525277,0.7694307389816921,0.6479468599033816,0.8696220848758678
