RMSE,NDCG,F1,MAE
1.1325131422746377,0.8142106666552605,0.5260273972602739,0.8928539762438352
