RMSE,NDCG,F1,MAE
0.047724539622109985,0.04477992767356842,0.12191946264310771,0.02323189136796744
