RMSE,NDCG,F1,MAE
0.9554050933157626,0.8417592021929283,0.6649395509499136,0.7586054990084503
