RMSE,NDCG,F1,MAE
1.1562453553270458,0.7898495315423433,0.5224358974358975,0.9127901410356398
