RMSE,NDCG,F1,MAE
0.20084026201128313,0.05190967065058505,0.14250365351401617,0.1541846420271895
