RMSE,NDCG,F1,MAE
0.19624247957209184,0.03152787588410322,0.12821530504844714,0.15717788502414343
