RMSE,NDCG,F1,MAE
0.9755918602825682,0.8355812659436094,0.6660823838737949,0.7746548722737504
