RMSE,NDCG,F1,MAE
1.17183433985466,0.8040533900595062,0.5378670788253478,0.9318327572978938
