RMSE,NDCG,F1,MAE
1.1561003960603613,0.7787338293806427,0.5229793977812995,0.9208353053227003
