RMSE,NDCG,F1,MAE
0.20449165143925208,0.05295167236137899,0.13906566287727928,0.15909753369983737
