RMSE,NDCG,F1,MAE
0.9516087446211092,0.8316855017420217,0.6620450606585788,0.7617377716228629
