RMSE,NDCG,F1,MAE
0.9494809208021572,0.8404951487745368,0.6768968456947997,0.756878634039969
