RMSE,NDCG,F1,MAE
1.162000775153322,0.777658414971421,0.5402124430955993,0.9200396628640994
