RMSE,NDCG,F1,MAE
0.21251985435116472,0.06283673380311583,0.13668440259920034,0.16316102882413042
