RMSE,NDCG,F1,MAE
1.1686826251971427,0.7767666824610336,0.5572289156626506,0.9262535851317472
