RMSE,NDCG,F1,MAE
0.9507300570272439,0.8358216039263944,0.6733500417710944,0.7559436849034549
