RMSE,NDCG,F1,MAE
0.21795256816989883,0.05905492146536073,0.11612112610844372,0.1703099002282923
