RMSE,NDCG,F1,MAE
0.20629676717443113,0.05351118258371379,0.14154356513898314,0.16032550359926856
