RMSE,NDCG,F1,MAE
0.951413543685204,0.8385051084749606,0.6655052264808362,0.7563245681902564
