RMSE,NDCG,F1,MAE
1.1577103108596352,0.7849939258912468,0.5239616613418531,0.916650071789525
