RMSE,NDCG,F1,MAE
1.1564061458118526,0.7780526131759228,0.5253164556962026,0.9210705525049939
