RMSE,NDCG,F1,MAE
0.9520796689151171,0.8336477439492103,0.6608996539792388,0.7620286268828654
