RMSE,NDCG,F1,MAE
0.20432647689673555,0.05559513077328748,0.13558319828303622,0.1590419256221285
