RMSE,NDCG,F1,MAE
1.1514771994514201,0.7859301431603085,0.4983388704318937,0.9172773618228482
