RMSE,NDCG,F1,MAE
0.9521770078563585,0.8346061799342598,0.6396396396396397,0.7630332050395099
