RMSE,NDCG,F1,MAE
0.19930019159506163,0.04867603677395127,0.14130076920774598,0.15424415678333836
