RMSE,NDCG,F1,MAE
0.8895684766195263,0.8688407533827209,0.7081389320891653,0.7014350915777697
