RMSE,NDCG,F1,MAE
0.8926741648634458,0.8867954288630637,0.7389184397163121,0.7077941421205599
