RMSE,NDCG,F1,MAE
0.004844991583118241,0.015714647762171463,0.036490082307290894,0.002828755581702591
