RMSE,NDCG,F1,MAE
0.8944134682026446,0.8845554011448924,0.7446290143964562,0.7042638471594723
