RMSE,NDCG,F1,MAE
0.0016924270730317437,0.013212574517636244,0.02994011154293752,0.003331874790080014
