RMSE,NDCG,F1,MAE
0.890981737790414,0.8735828543454275,0.7089783281733746,0.7044622673304799
