RMSE,NDCG,F1,MAE
0.03322817576936643,0.0230162540772314,0.02697313398873169,0.022066865224036336
