RMSE,NDCG,F1,MAE
0.9196913334884077,0.8909304931056446,0.7430988423864648,0.7176837136906129
