RMSE,NDCG,F1,MAE
0.8864631577190413,0.8679142390284132,0.7161257083977332,0.6956168484665766
