RMSE,NDCG,F1,MAE
0.0017768570980226661,0.019869663579172414,0.02427771636521603,0.003950914925452853
