RMSE,NDCG,F1,MAE
0.8930222615396834,0.8870750736575761,0.7377521613832853,0.7069097193551044
