RMSE,NDCG,F1,MAE
0.8912454044416608,0.8672054100784037,0.7134744450180692,0.7029588044296515
