RMSE,NDCG,F1,MAE
0.9348033085198054,0.8814098015596429,0.7352621274744399,0.7344488073760049
