RMSE,NDCG,F1,MAE
0.00783199388577771,0.009234397059043498,0.014873777959876766,0.00320242772396373
