RMSE,NDCG,F1,MAE
0.9426353024055831,0.8721754045005994,0.7203883495145631,0.7312463796520412
