RMSE,NDCG,F1,MAE
0.844017165949856,0.8912915595169,0.7517226978492378,0.6584898966473077
