RMSE,NDCG,F1,MAE
0.05078232250211101,0.005921024931851981,0.0005437796800283889,0.043443045729970375
