RMSE,NDCG,F1,MAE
0.894799488451967,0.897212584448752,0.7511789181692095,0.7019329423772781
