RMSE,NDCG,F1,MAE
0.9258963459281696,0.8778385812172732,0.726593911545089,0.7291933733131002
