RMSE,NDCG,F1,MAE
0.8801976738774788,0.8832819742489146,0.738501403584539,0.686827323628738
