RMSE,NDCG,F1,MAE
0.04569867205069078,0.00544339303164143,0.011907492039449963,0.042366049684362195
