RMSE,NDCG,F1,MAE
1.0668765370096887,0.8416097023806158,0.7184787102108309,0.8316549778417318
