RMSE,NDCG,F1,MAE
1.0139098777912117,0.8468701425496629,0.6885183055395822,0.801141630187262
