RMSE,NDCG,F1,MAE
0.052966659218476986,0.0052604401690470315,0.02996040467124872,0.03051334765446978
