RMSE,NDCG,F1,MAE
0.8595202897233056,0.8837695451963443,0.7543748682268606,0.6690965446254056
