RMSE,NDCG,F1,MAE
0.9068980311194906,0.8931705949799336,0.7386641580432738,0.7129447712854853
