RMSE,NDCG,F1,MAE
0.047377741396185,0.009401049783589244,0.01571071018358683,0.0438482266600797
