RMSE,NDCG,F1,MAE
1.0942261736138295,0.8219068476740077,0.6102418207681366,0.8770185992061315
