RMSE,NDCG,F1,MAE
1.1174520790408695,0.8250507935223264,0.5894134477825465,0.892298306057996
