RMSE,NDCG,F1,MAE
1.0998797533874083,0.8222121866751918,0.6048502139800286,0.8786807603476009
