RMSE,NDCG,F1,MAE
1.0921848167305546,0.8226242520552537,0.6048158640226629,0.8752207259827413
