RMSE,NDCG,F1,MAE
1.109124125812889,0.8236748459100355,0.6179084073820916,0.8816710732072945
