RMSE,NDCG,F1,MAE
1.0922551669506495,0.8235253431129533,0.6047176554681916,0.8765713538531593
