RMSE,NDCG,F1,MAE
1.1008277077116664,0.822613264003354,0.6052819414703783,0.8791081421756421
