RMSE,NDCG,F1,MAE
1.0901596378701965,0.8246065725121375,0.5895357406042742,0.8765399372353063
