RMSE,NDCG,F1,MAE
102.50793892215661,102.73754568638147,106.61872516928612,104.34670629264788
