RMSE,NDCG,F1,MAE
102.9741634287215,102.72808710765533,104.85586162716207,104.47374468543123
