RMSE,NDCG,F1,MAE
102.82686888297941,103.11719478462345,107.15564981736773,104.37395698527429
