RMSE,NDCG,F1,MAE
102.6929144105977,102.86625105555834,104.32909008248359,104.28898259990606
