RMSE,NDCG,F1,MAE
102.97867740216917,103.05949814794278,106.57388075537438,104.34546614018858
