RMSE,NDCG,F1,MAE
102.5907761541642,102.44295089900761,105.10953058321479,104.06194336051348
