RMSE,NDCG,F1,MAE
102.83271844312998,103.11109722137653,107.07805702242396,104.38006906176258
