RMSE,NDCG,F1,MAE
102.58497139908198,102.2273941917342,105.83053769021184,103.74585653257888
