RMSE,NDCG,F1,MAE
103.57226516451814,98.42495120623843,97.05552500917256,104.95213481730521
