RMSE,NDCG,F1,MAE
103.7772485955259,98.21109188507289,98.22962473929124,104.28531149440568
