RMSE,NDCG,F1,MAE
107.71196626769867,99.26387100859594,96.4105923623758,107.0261401223542
