RMSE,NDCG,F1,MAE
103.66249334183402,98.37514887817868,96.01565696057666,104.33488082506099
