RMSE,NDCG,F1,MAE
110.79186998847963,103.16585179437108,139.2342651346253,113.96134783414853
