RMSE,NDCG,F1,MAE
111.09019535081029,105.19956895226508,137.6836554107824,113.9832121818136
