RMSE,NDCG,F1,MAE
109.78510902002061,102.05108840478746,138.2017573734759,111.72362536932141
