RMSE,NDCG,F1,MAE
110.93845297525033,105.48131556709464,130.20064830198322,114.23521393432783
