RMSE,NDCG,F1,MAE
109.86285249331804,101.84339478923987,132.80902870345687,111.69830298360215
