RMSE,NDCG,F1,MAE
111.01674640346747,105.57829030313523,144.35770049680627,114.1609249018646
