RMSE,NDCG,F1,MAE
109.7514735735938,102.16751843028386,138.2017573734759,111.6252838279301
