RMSE,NDCG,F1,MAE
110.09591036927584,100.641253621295,152.9874241185577,112.28823730189912
