RMSE,NDCG,F1,MAE
1.2105687804318377,0.7065264726296876,0.40268456375838924,0.9735889922182125
