RMSE,NDCG,F1,MAE
0.22245607987837634,0.131985083782592,0.22768353440112,0.1968559815454476
