RMSE,NDCG,F1,MAE
0.9881127005534613,0.8385115564122796,0.6303680981595092,0.7767330106727649
