RMSE,NDCG,F1,MAE
0.229024874005904,0.08447849198636437,0.12438685019330176,0.19621158692960938
