RMSE,NDCG,F1,MAE
0.9992624766143843,0.838064123252653,0.6348973607038123,0.7887995026256248
