RMSE,NDCG,F1,MAE
1.2282873506202883,0.7535856312662886,0.5105105105105106,0.9850110895552342
