RMSE,NDCG,F1,MAE
0.20969423400972154,0.08993956876273956,0.17463591618360041,0.1838609801779948
