RMSE,NDCG,F1,MAE
1.2019169599153015,0.7432147287084423,0.4658385093167702,0.9702069005423664
