RMSE,NDCG,F1,MAE
0.9922227259055799,0.8331542974711819,0.6404744255003706,0.7863459203643716
