RMSE,NDCG,F1,MAE
0.9889436494355188,0.8324789842500749,0.6439169139465876,0.7792255400862178
