RMSE,NDCG,F1,MAE
1.2078412543570853,0.7108239566415638,0.4528301886792453,0.9739060811495212
