RMSE,NDCG,F1,MAE
0.2188976049215665,0.1216550276085111,0.19108672526734227,0.19468054106330335
