RMSE,NDCG,F1,MAE
1.2159313569801906,0.7408807586995778,0.5087719298245614,0.9760989699743271
