RMSE,NDCG,F1,MAE
0.9984248631874973,0.8331719896459354,0.6557610241820768,0.7855932651218418
