RMSE,NDCG,F1,MAE
0.21750649379269327,0.0922912309463576,0.1469890943575154,0.1905057048524853
