RMSE,NDCG,F1,MAE
0.9893385886628777,0.8343184876398427,0.6390977443609023,0.778562443997514
