RMSE,NDCG,F1,MAE
0.22020022142205853,0.13053309309108407,0.21426114305371274,0.19457687815884916
