RMSE,NDCG,F1,MAE
1.2095388100849362,0.7037853945487587,0.42483660130718953,0.9731393221563631
