RMSE,NDCG,F1,MAE
0.9926133914126463,0.8337114941234324,0.6414814814814814,0.7865803067211241
