RMSE,NDCG,F1,MAE
1.2019787850415578,0.7445188178477757,0.45962732919254656,0.9700844142809522
