RMSE,NDCG,F1,MAE
0.2093653936289115,0.08919267627565663,0.18185415228893487,0.18350410755982804
