RMSE,NDCG,F1,MAE
0.20691644650086383,0.12027388677250073,0.19088082588746674,0.1834138875635084
