RMSE,NDCG,F1,MAE
1.1979976166636006,0.710882533840585,0.43564356435643564,0.9687104183530711
