RMSE,NDCG,F1,MAE
0.9910811701627368,0.8311564206130857,0.6265243902439024,0.7852965307895627
