RMSE,NDCG,F1,MAE
1.0908491941010534,0.7905162420182427,0.5878962536023055,0.870180343045533
