RMSE,NDCG,F1,MAE
1.0018784324520462,0.8150931154196464,0.6310861423220974,0.7974483839047005
