RMSE,NDCG,F1,MAE
0.08897076164900719,0.024576873401403687,0.0431898887197919,0.07273195914083253
