RMSE,NDCG,F1,MAE
1.0264757143787855,0.8123784994780887,0.6235955056179775,0.8113943272696701
