RMSE,NDCG,F1,MAE
1.1043018980096422,0.7932570728829732,0.5851370851370852,0.876285385841012
