RMSE,NDCG,F1,MAE
0.0778261836308567,0.01912142659511551,0.03845842048089232,0.06489105857134192
