RMSE,NDCG,F1,MAE
0.0925942486577156,0.02688839800330911,0.04335384489739513,0.07563999395833798
