RMSE,NDCG,F1,MAE
1.0101594961049356,0.8117596762443862,0.6210826210826211,0.7987189506313148
