RMSE,NDCG,F1,MAE
1.1027537447626512,0.784871278241077,0.577728776185226,0.8743589445896528
