RMSE,NDCG,F1,MAE
1.1032279861950864,0.78947159288169,0.5878962536023055,0.8748805969097011
