RMSE,NDCG,F1,MAE
1.0145591661257245,0.8059992232797784,0.6281453867660765,0.8011388355591891
