RMSE,NDCG,F1,MAE
0.08866882006936194,0.016527630398088355,0.04024913316377099,0.07374176135051203
