RMSE,NDCG,F1,MAE
0.09238157820079085,0.030855895426641244,0.04238582148912118,0.07239519788698312
