RMSE,NDCG,F1,MAE
1.016303101228804,0.8151571823367494,0.6366145354185833,0.8023229675022431
