RMSE,NDCG,F1,MAE
1.1086846794295948,0.7843012869101081,0.5942287139294621,0.8747181653892262
