RMSE,NDCG,F1,MAE
1.0931846217405796,0.7902514361666504,0.5948644793152639,0.865965265428436
