RMSE,NDCG,F1,MAE
0.08801519369851296,0.02164668988244689,0.04410135632647205,0.07325817133516477
