RMSE,NDCG,F1,MAE
1.0051694280420667,0.8118981260490973,0.6389658356417359,0.7927070940932712
