RMSE,NDCG,F1,MAE
1.1030608940548092,0.7848335974898166,0.5779411764705882,0.874525151765984
