RMSE,NDCG,F1,MAE
0.09281561578434538,0.026926078754569538,0.04444971537001907,0.07569665529434322
