RMSE,NDCG,F1,MAE
1.0102452782704638,0.8117596762443862,0.6223908918406073,0.7988284964716408
