RMSE,NDCG,F1,MAE
0.08241806973427579,0.027321758839407462,0.04192921993700205,0.06989372714434239
