RMSE,NDCG,F1,MAE
1.0048250700855763,0.8130193814999218,0.6011673151750972,0.7953175539574139
