RMSE,NDCG,F1,MAE
1.087243139819852,0.7856976226605143,0.5592380952380952,0.8652112811017563
