algorithm,georisk
SVD,0.8071787379982414
BIASEDMF,0.80780215987396
NMF,0.7915716298402148
StochasticItemKNN,0.7773126569814606
BayesianRidge,0.759488017775728
Tweedie,0.7609663843713516
Ridge,0.7594144001023408
RandomForest,0.759239139833984
Bagging,0.7562600137438227
AdaBoost,0.7575021234464447
GradientBoosting,0.7591469837537437
LinearSVR,0.7579226240954811
