algorithm,georisk
SVD,0.7773058344073065
BIASEDMF,0.7767382865887458
NMF,0.7557944884286908
StochasticItemKNN,0.7407003759346161
BayesianRidge,0.7178443665664002
Tweedie,0.7207425674521554
Ridge,0.7177395965343132
RandomForest,0.7190868429989158
Bagging,0.7132467799068184
AdaBoost,0.719484213892924
GradientBoosting,0.7188822153295387
LinearSVR,0.713682063620048
