RMSE,NDCG,F1,MAE
91.1741938134129,101.76810274320889,104.37021672269509,91.1265748763631
