RMSE,NDCG,F1,MAE
89.22403194229321,100.82653769387295,102.67853662263707,89.18952173758069
