RMSE,NDCG,F1,MAE
94.17446670037558,101.96358660682321,107.69182024340209,93.99375530318372
