RMSE,NDCG,F1,MAE
92.40147856590217,101.1599297260024,104.21903200404647,91.58878382098676
