RMSE,NDCG,F1,MAE
1.0828704643452711,0.7915460421053842,0.5764411027568922,0.8606777694798934
