RMSE,NDCG,F1,MAE
1.1124509878122326,0.8044638563791434,0.5883754168651739,0.8805385526674133
