RMSE,NDCG,F1,MAE
0.029580523466961495,0.012917814273759265,0.011934314108281718,0.019860783187519937
