RMSE,NDCG,F1,MAE
1.1236899253785224,0.8124233526089466,0.6024040684234859,0.8907479688900454
