RMSE,NDCG,F1,MAE
0.02894494074009213,0.02042870063694968,0.01204849121939433,0.026562459134915284
