RMSE,NDCG,F1,MAE
1.0947449846384303,0.7919946519719969,0.5903555772040916,0.8641855097551301
