RMSE,NDCG,F1,MAE
1.086185340469954,0.7916977993260637,0.58984375,0.8595745406206535
