RMSE,NDCG,F1,MAE
0.030082825709075056,0.01212714249019542,0.020294498847926223,0.02357894788799353
