RMSE,NDCG,F1,MAE
1.116268166179029,0.8038249418162591,0.6101382488479262,0.883153488508647
