RMSE,NDCG,F1,MAE
1.1132676582093766,0.8001972503114623,0.6103026103026103,0.8798543115161439
