RMSE,NDCG,F1,MAE
0.028462017860845013,0.009869109569953571,0.023976983150618247,0.020291417876164397
