RMSE,NDCG,F1,MAE
1.0848056403485316,0.7903281407415087,0.5863256271519921,0.8595628936399795
