RMSE,NDCG,F1,MAE
1.130960082610885,0.803082118016312,0.6257309941520468,0.8915212139160729
