RMSE,NDCG,F1,MAE
1.101960322806093,0.791667976979637,0.5985680190930788,0.8674610731829845
