RMSE,NDCG,F1,MAE
0.02899975980479197,0.01141414103667504,0.02716297505896803,0.024060140733088375
