RMSE,NDCG,F1,MAE
1.0864005085707262,0.7846787240067459,0.5908203125,0.8608113185037317
