RMSE,NDCG,F1,MAE
0.028891150405203847,0.019078311971311823,0.021095951590177187,0.021265143797726704
