RMSE,NDCG,F1,MAE
1.11529165897593,0.8037570359780577,0.6119162640901772,0.8820764623014584
