RMSE,NDCG,F1,MAE
1.1163403631767388,0.8038448925173737,0.6101382488479262,0.8831995871577445
