RMSE,NDCG,F1,MAE
1.0862307613058375,0.7916977993260637,0.5895558809175208,0.8595974779292217
