RMSE,NDCG,F1,MAE
0.03010960187090128,0.012147093191310021,0.020582367930405465,0.023602109228522794
