RMSE,NDCG,F1,MAE
0.0272178704282926,0.016983666181175416,0.0265280385617801,0.023801841394914813
