RMSE,NDCG,F1,MAE
1.109084636843872,0.8045047676529578,0.5912339209147213,0.8821175965872262
