RMSE,NDCG,F1,MAE
1.0818667664155794,0.7875211014717823,0.5647058823529412,0.8583157551923114
