algorithm,georisk
SVD,1.1197044330422432
BIASEDMF,1.1170647782515923
NMF,1.0959611051202518
StochasticItemKNN,1.0932189912410768
BayesianRidge,1.0903954669030973
Tweedie,1.0904129082416223
Ridge,1.090285574691305
RandomForest,1.0922005202243237
Bagging,1.0878557933055892
AdaBoost,1.090484474614187
GradientBoosting,1.0916020509701743
LinearSVR,1.0915381308665333
