algorithm,georisk
SVD,1.109446904524257
BIASEDMF,1.10640637457574
NMF,1.0793674617548763
StochasticItemKNN,1.0753554506858933
BayesianRidge,1.0748637384662727
Tweedie,1.0757798790337323
Ridge,1.0746358713619095
RandomForest,1.0784778317730388
Bagging,1.0708547032718194
AdaBoost,1.0770872560635985
GradientBoosting,1.0767650951637535
LinearSVR,1.0755407262419465
