RMSE,NDCG,F1,MAE
106.02999207920314,97.52813552738681,109.23250061047469,105.72140103622034
