RMSE,NDCG,F1,MAE
149.78260151437775,101.58179130458717,118.09613723652535,138.1437500558062
