RMSE,NDCG,F1,MAE
151.63021171441494,102.6960399402185,119.03497196874812,138.69546243246677
