RMSE,NDCG,F1,MAE
107.36007048735887,100.42005943365602,110.74263083611106,106.88137349433966
