RMSE,NDCG,F1,MAE
0.9414578331273468,0.9045662693707437,0.7316486161251504,0.7360237056164078
