RMSE,F1,MAE
0.91314192137048,0.6712328767123288,0.7224775655659105
