RMSE,NDCG,F1,MAE
0.9137069855684354,0.8824219480677331,0.6644808743169399,0.7226548222705023
