RMSE,F1,MAE
0.9337994223677885,0.7072599531615925,0.7342751368980603
