RMSE,NDCG,F1,MAE
0.02775084755891133,0.022144321303010583,0.0671677418082105,0.01336888334590558
