RMSE,NDCG,F1,MAE
0.9373303115321728,0.9118985681094888,0.7050359712230215,0.7369369415332441
