RMSE,NDCG,F1,MAE
0.9350418540149363,0.8855774770648289,0.6574585635359116,0.735456658211908
