RMSE,NDCG,F1,MAE
0.0022884575172364974,0.02632109104465985,0.04757740768710994,0.0014802833213360955
