RMSE,F1,MAE
0.981381486337147,0.6517291768144179,0.7674844351558595
