RMSE,NDCG,F1,MAE
0.9862032246986182,0.8777629065997434,0.6474741988049972,0.7712467637956171
