RMSE,NDCG,F1,MAE
0.05100811376152481,0.02412670219893931,0.09009805553026284,0.041511063856270236
