RMSE,NDCG,F1,MAE
0.9351951109370934,0.9018896087986827,0.7375722543352601,0.7297356999393468
