RMSE,F1,MAE
0.04970351314009891,0.08867714372734281,0.04024288842488066
