RMSE,F1,MAE
0.931677973197048,0.7404063205417607,0.7272415467309788
