RMSE,NDCG,F1,MAE
0.02907047410195307,0.026798352217902277,0.062211957183146316,0.017176489044840815
