RMSE,F1,MAE
0.9393816470907342,0.7287735849056604,0.7353017803865531
