RMSE,NDCG,F1,MAE
0.9138683968908253,0.884861947886002,0.664841182913472,0.7211813613940137
