RMSE,NDCG,F1,MAE
0.9429388709927784,0.9116603001039043,0.7270531400966184,0.7383578504388545
