RMSE,F1,MAE
0.026644376955677562,0.056875595695263126,0.014817638462816252
