RMSE,F1,MAE
0.9127372701350567,0.6718979892103972,0.7204841419237369
