RMSE,NDCG,F1,MAE
1.0047008772608483,0.8613778207495031,0.6475054229934925,0.7928810678139653
