RMSE,NDCG,F1,MAE
0.9630214977434847,0.8994205856350918,0.7092882991556092,0.7583824399916811
