RMSE,NDCG,F1,MAE
0.04167937951736367,0.038042764885588665,0.06178287616211675,0.03449862782228419
