RMSE,F1,MAE
0.9614052159141961,0.7114252061248527,0.7573401869004761
