RMSE,NDCG,F1,MAE
102.49519569975487,98.25140491343221,96.88024450532262,101.9069054866193
