RMSE,NDCG,F1,MAE
101.80269738808529,99.471058563773,98.61060280933637,102.56940320626104
