RMSE,NDCG,F1,MAE
102.58741459076168,98.27580009918145,95.46439786907732,102.68653627779673
