RMSE,NDCG,F1,MAE
102.30515041743915,98.8106701558937,94.58409685011333,102.14423199292109
