RMSE,NDCG,F1,MAE
102.4533047049718,98.27227115090648,96.05653675862403,102.69663117052762
