RMSE,NDCG,F1,MAE
102.27550823384519,98.02285179763558,96.52268748281799,102.08609010035666
