RMSE,NDCG,F1,MAE
102.58932276553432,98.27580009918145,95.39304929069982,102.69014172919506
