RMSE,NDCG,F1,MAE
102.47276847091011,97.78945004112174,95.00258357329595,102.70168367063728
