RMSE,NDCG,F1,MAE
100.43918368534077,99.30922276855398,96.53381286466302,99.82393220241205
