RMSE,NDCG,F1,MAE
103.04068596074933,99.11869627597525,100.02398947410651,102.91083484085308
