RMSE,NDCG,F1,MAE
96.20630279229978,98.37152900257782,98.20179477268351,98.29059683513793
