RMSE,NDCG,F1,MAE
100.59246796982441,97.99181486944605,98.4477894395228,100.85203787479536
