RMSE,NDCG,F1,MAE
110.53903644937361,140.71265332174613,150.84907590534002,113.98880401702284
