RMSE,NDCG,F1,MAE
111.0524272628614,135.78320618468044,140.3518245786287,113.73691137879986
