RMSE,NDCG,F1,MAE
109.28232399205217,139.78099494109404,142.15734784760022,112.84042361488238
