RMSE,NDCG,F1,MAE
110.96908875861267,137.32912253934236,148.48646464646464,114.46869930775382
