RMSE,NDCG,F1,MAE
108.94895635695276,138.06930789188635,139.94055201698515,113.09211561309831
