RMSE,NDCG,F1,MAE
110.8619088469198,140.52965238496887,167.9687034573148,114.40921628852092
