RMSE,NDCG,F1,MAE
109.21727691950478,139.84859061891245,140.06853469189716,112.79299317890667
