RMSE,NDCG,F1,MAE
109.16770555720711,136.2535887407248,167.5162418790605,112.40832746351246
