RMSE,NDCG,F1,MAE
91.68344822790631,101.78321459408421,101.5666709608561,92.01954493730615
