RMSE,NDCG,F1,MAE
90.45653364133963,100.42638357557034,100.1410006015806,90.48210154138876
