RMSE,NDCG,F1,MAE
93.32675923100176,100.27299391799698,104.25479285109533,94.36772652962459
