RMSE,NDCG,F1,MAE
91.42273995216028,101.23174550072989,100.82553795366171,91.36433492207865
