RMSE,NDCG,F1,MAE
99.53906928345397,100.4677016237711,84.32642670500012,100.31225681971756
