RMSE,NDCG,F1,MAE
99.22305377149765,103.09464442868574,85.96349249168239,99.72979770910669
