RMSE,NDCG,F1,MAE
99.80510664338259,100.61482150967642,84.3181609592554,100.62726665451089
