RMSE,NDCG,F1,MAE
98.79648265233727,100.23252716223583,85.43938210162749,99.79379910090219
