RMSE,NDCG,F1,MAE
99.41884437589323,100.33129063232688,85.1461281023228,100.19361994051394
