RMSE,NDCG,F1,MAE
99.1201808975544,100.43617278731993,86.00629191158208,100.04245184782346
