RMSE,NDCG,F1,MAE
99.82038788488371,100.52279515173927,84.23281869107801,100.64165310548108
