RMSE,NDCG,F1,MAE
99.30711213644278,100.09945193086716,83.47140902872778,100.39820242215787
