RMSE,NDCG,F1,MAE
0.9223986000447763,0.8736213099357258,0.6974015088013411,0.734072336566562
