RMSE,NDCG,F1,MAE
0.010711780220096001,0.0061170397691017175,0.034340192725067165,0.003430440752435149
