RMSE,NDCG,F1,MAE
0.003681970581471017,0.002967499538632401,0.05250641016735136,0.010171007792784126
