RMSE,NDCG,F1,MAE
0.9187166294633052,0.8765888094743582,0.7499079189686925,0.7239013287737779
