RMSE,NDCG,F1,MAE
0.9038066587032776,0.8748280664806406,0.7154742096505824,0.7184876123920213
