RMSE,NDCG,F1,MAE
0.9145184389233736,0.8809451062497423,0.7498144023756496,0.7219180531444565
