RMSE,NDCG,F1,MAE
0.9185939907575582,0.88499338693204,0.7288961038961039,0.7248214595442778
