RMSE,NDCG,F1,MAE
0.00709130160046656,0.014736487145404764,0.017176238084166462,0.0037996004907199232
