RMSE,NDCG,F1,MAE
0.9256852923580248,0.8702568997866352,0.7460723419802704,0.7210218590535579
