RMSE,NDCG,F1,MAE
0.9071933096888714,0.8702055470551318,0.7159663865546219,0.720416933955204
