RMSE,NDCG,F1,MAE
0.916743374903827,0.877621982679243,0.7542310522442973,0.7224226926062413
