RMSE,NDCG,F1,MAE
0.009550065214955605,0.007416435624111206,0.03826466568967546,0.0020057586510372483
