RMSE,NDCG,F1,MAE
0.9590522761317175,0.8658973423243557,0.7361260293591121,0.7524665389128318
