RMSE,NDCG,F1,MAE
0.02362083838985407,0.007247266628388704,0.010762539859919817,0.02259609790789341
