RMSE,NDCG,F1,MAE
0.9354314377418634,0.8731446089527444,0.7253634894991923,0.7298704410049384
