RMSE,NDCG,F1,MAE
1.0044686497989845,0.875378016804498,0.674373795761079,0.7953652956421616
