RMSE,NDCG,F1,MAE
0.0744452722145712,0.0044366905264792145,0.04472732783442657,0.06374624060012823
