RMSE,NDCG,F1,MAE
0.9300233775844133,0.8798147073309772,0.7191011235955056,0.7316190550420334
