RMSE,NDCG,F1,MAE
0.14639380039746885,0.007419918123928726,0.09459593838262559,0.11980302672822207
