RMSE,NDCG,F1,MAE
1.088345609160908,0.859395153941228,0.6295907660020986,0.858920134723928
