RMSE,NDCG,F1,MAE
0.9419518087634392,0.8668150720651567,0.7241867043847242,0.739117107995706
