RMSE,NDCG,F1,MAE
0.08629067964223602,0.008604787825050364,0.02755367791284269,0.0593128220707132
