RMSE,NDCG,F1,MAE
1.1335851189894186,0.8318127747054451,0.6287843502561714,0.8922227893612477
