RMSE,NDCG,F1,MAE
1.0472944393471826,0.8232079868803948,0.6563380281690141,0.8329099672905345
