RMSE,NDCG,F1,MAE
0.061994001662414644,0.020648718147585066,0.0618685934527059,0.056968134820799765
