RMSE,NDCG,F1,MAE
0.9241340339612869,0.8982371381140137,0.7311522048364154,0.7223877011661656
