RMSE,NDCG,F1,MAE
0.9861280356237015,0.8775884199664287,0.6692836113837095,0.7793558359869653
