algorithm,value
Bagging,0.0010106184798807
LinearSVR,0.0023490710502072
Tweedie,0.0028874123986357
GradientBoosting,0.0058999363009157
RandomForest,0.0069640610679574
