algorithm,value
itemKNN,0.0439478979550714
BIASEDMF,0.0653453012291298
BIAS,0.0684142731173564
Ridge,0.0760317839963857
BayesianRidge,0.0763288396000018
