algorithm,value
itemKNN,0.0043148501320229
BIASEDMF,0.0073775890009545
SVD,0.0232078931446345
BIAS,0.0234661889834303
userKNN,0.0277275649071283
