algorithm,value
Bagging,0.0071969525874399
AdaBoost,0.0077370219227483
Ridge,0.0089703891368748
LinearSVR,0.0091474931605078
GradientBoosting,0.0115735967014
