algorithm,value
BIASEDMF,0.0475774076871099
userKNN,0.0617828761621167
SVD,0.0622119571831463
LinearSVR,0.0638735461852799
BIAS,0.0671677418082105
