algorithm,value
userKNN,0.0056796794365855
BIASEDMF,0.0100073751546776
SVD,0.017462150372081
BIAS,0.0210491462087886
itemKNN,0.0268960152331413
