algorithm,value
userKNN,0.0162886626282622
Bagging,0.0195191499633186
SVD,0.0231678835919117
BIAS,0.0316546007764138
LinearSVR,0.0342751465509211
