algorithm,value
BIAS,0.050703987859371
SVD,0.0510880164015035
userKNN,0.0531950485112077
BIASEDMF,0.0875539642628907
itemKNN,0.1198102963719979
