algorithm,value
BIASEDMF,0.0348923076923076
SVD,0.0354856556977729
userKNN,0.0463092706489918
itemKNN,0.0466891789253306
BIAS,0.0490451889508671
