algorithm,value
userKNN,0.0076871693680274
BIASEDMF,0.0083559295621007
BIAS,0.0233386810774296
SVD,0.0285476186050546
itemKNN,0.0434696308058752
