algorithm,value
userKNN,0.0056226473181175
SVD,0.0061787099973744
BIASEDMF,0.0078670506088495
BIAS,0.0086523700981532
itemKNN,0.0480686422330984
