algorithm,value
AdaBoost,0.0124902419984387
Tweedie,0.0203495368752862
LinearSVR,0.0208185234081446
Ridge,0.0283448778709441
BayesianRidge,0.0356169233492653
