algorithm,value
Bagging,0.0126039084762339
Tweedie,0.0169209963263493
AdaBoost,0.0169983626204824
GradientBoosting,0.0190753338183418
RandomForest,0.0232693675001681
