algorithm,value
SVD,0.0008749389454012
AdaBoost,0.0012702232918838
userKNN,0.0019327726228171
BIASEDMF,0.0031030802359329
itemKNN,0.0100276515607605
