algorithm,value
AdaBoost,0.0316431757756443
LinearSVR,0.0349511599511599
RandomForest,0.0349636803874092
GradientBoosting,0.0351520780125377
Ridge,0.0393474708494511
