algorithm,value
Bagging,0.0155333569967716
userKNN,0.0233099255843203
SVD,0.0318054395801026
itemKNN,0.0343666618824712
GradientBoosting,0.0343939017317093
