algorithm,value
SVD,0.0175696659925271
itemKNN,0.0256409428515188
BIAS,0.028114175093848
BIASEDMF,0.0305043117311015
userKNN,0.038714862032621
