algorithm,value
BIASEDMF,0.0041578054356893
SVD,0.0051448746786186
BIAS,0.005504970855071
itemKNN,0.0077005912887476
userKNN,0.009428161246588
