algorithm,value
Tweedie,0.0123743849192597
BayesianRidge,0.0138472870907472
Ridge,0.0174463190184048
userKNN,0.0193647546917473
RandomForest,0.0214878048780488
