algorithm,value
RandomForest,0.0009203336209375
AdaBoost,0.0011082452878152
BIAS,0.0038031960118284
SVD,0.0053073390309924
LinearSVR,0.006459780562228
