RMSE,NDCG,F1,MAE
0.09855968438252682,0.05897541610812229,0.15297450424929182,0.10182019992678748
