RMSE,NDCG,F1,MAE
1.0983581157794988,0.761460977331424,0.5,0.8906337480217925
