RMSE,NDCG,F1,MAE
0.999798431396972,0.8204363934395463,0.6529745042492918,0.788813548095005
