RMSE,NDCG,F1,MAE
1.1163766449983354,0.8126687881303643,0.5020242914979757,0.9086823573017049
