RMSE,NDCG,F1,MAE
0.9954406940544542,0.8279095602907147,0.6629134412385644,0.7889283678952327
