RMSE,NDCG,F1,MAE
0.12093595094388121,0.015240772160350469,0.16088914974058877,0.1197539894064722
