RMSE,NDCG,F1,MAE
0.993726366304905,0.8196267604645827,0.6466380543633763,0.7912684878220578
