RMSE,NDCG,F1,MAE
1.0908494652062632,0.7532367940453029,0.48068669527896996,0.8833081818763805
