RMSE,NDCG,F1,MAE
0.09712309890135828,0.06638996641927986,0.16595135908440634,0.09203969405432266
