RMSE,NDCG,F1,MAE
0.09597915172681204,0.05638465988693642,0.1328476179335929,0.1018471211693367
