RMSE,NDCG,F1,MAE
0.9957976453584447,0.8202707488374539,0.6629680998613038,0.7847424654393167
