RMSE,NDCG,F1,MAE
1.0917767970852568,0.7638860889505175,0.5301204819277109,0.8865895866086534
