RMSE,NDCG,F1,MAE
1.095450426895074,0.7767726728807334,0.5590551181102362,0.8822891718478106
