RMSE,NDCG,F1,MAE
0.09894319067780322,0.043038599892018636,0.11577481386255284,0.0937216035017846
