RMSE,NDCG,F1,MAE
0.9965072362172708,0.819811272772752,0.6748299319727891,0.788567568346026
