RMSE,NDCG,F1,MAE
0.9968909945291661,0.8139870570001351,0.6638714185883997,0.7883967906323315
