RMSE,NDCG,F1,MAE
1.0999688098533325,0.7745204751113052,0.5101214574898786,0.8963982343028314
