RMSE,NDCG,F1,MAE
0.10307781532416638,0.0394665818888299,0.15374996109852113,0.10800144367049991
