RMSE,NDCG,F1,MAE
0.9942603537490387,0.8170793327114775,0.6461318051575932,0.7917724110625073
