RMSE,NDCG,F1,MAE
1.0912225693922026,0.7739883609683474,0.4915254237288136,0.8837285597308493
