RMSE,NDCG,F1,MAE
0.09696221564316398,0.043090971743130035,0.15460638142877958,0.09195614866834201
