RMSE,NDCG,F1,MAE
0.10007483105556603,0.06237631918368636,0.18966966966966964,0.09631351323386039
