RMSE,NDCG,F1,MAE
1.0954907751765737,0.7544238282888073,0.44144144144144143,0.8890877425587335
