RMSE,NDCG,F1,MAE
0.9954159441210076,0.8168001474724936,0.6311111111111111,0.7927742293248731
