RMSE,NDCG,F1,MAE
0.8919536706363876,0.8956079625970016,0.743578947368421,0.7070706805073881
