RMSE,NDCG,F1,MAE
0.02909926301517418,0.000887426549218584,0.002587956377430034,0.021761051608611304
