RMSE,NDCG,F1,MAE
0.8628544076212135,0.894720536047783,0.740990990990991,0.6853096288987768
