RMSE,NDCG,F1,MAE
0.024145108792951953,0.0021105540676121803,0.023953164518318304,0.017083056668984686
