RMSE,NDCG,F1,MAE
0.9048512582995605,0.8819773205161486,0.7348643006263048,0.7126014714761723
