RMSE,NDCG,F1,MAE
0.8807061495066085,0.8798667664485365,0.7109111361079865,0.6955184148071876
