RMSE,NDCG,F1,MAE
0.8607739929064319,0.8836704587161992,0.732650739476678,0.6765757595200282
