RMSE,NDCG,F1,MAE
0.03295453471057197,0.013048710067483316,0.008310553590102021,0.023693530216367886
