RMSE,NDCG,F1,MAE
0.8937285276170038,0.8967191687836825,0.74096129306678,0.7002692897363961
