RMSE,NDCG,F1,MAE
0.8930273403208371,0.898057134532095,0.7442827442827443,0.7012725033382919
