RMSE,NDCG,F1,MAE
0.8654932392337742,0.8885545034830747,0.738359201773836,0.6829839685791054
