RMSE,NDCG,F1,MAE
0.02753410108706289,0.009502631049020271,0.005923542508908364,0.01828853475918657
