RMSE,NDCG,F1,MAE
0.8630491320180319,0.8855068123999743,0.7367256637168141,0.6760820481362342
