RMSE,NDCG,F1,MAE
0.03138466704178444,0.011146499833264656,0.008811903738561555,0.02112592687349102
