RMSE,NDCG,F1,MAE
0.8944337990598163,0.896653312233239,0.7455375674553757,0.6972079750097252
