RMSE,NDCG,F1,MAE
0.8624246931895259,0.8902201032835335,0.7408231368186874,0.6800880942802147
