RMSE,NDCG,F1,MAE
0.027630251999149258,0.002800268608486034,0.006475283796441467,0.019638474676207607
