RMSE,NDCG,F1,MAE
0.8900549451886751,0.8930203718920195,0.7472984206151289,0.6997265689564223
