RMSE,NDCG,F1,MAE
0.8938508198207459,0.8964449024786781,0.7395744680851064,0.7003219896665778
