RMSE,NDCG,F1,MAE
0.0329906516665911,0.013145377156322802,0.008367178791256702,0.02370410827255187
