RMSE,NDCG,F1,MAE
0.8608601681541548,0.8832995253223553,0.7312072892938497,0.6766178813940259
