RMSE,NDCG,F1,MAE
0.03331943461998077,0.011542499779604642,0.0070398620496126,0.024520786262448024
