RMSE,NDCG,F1,MAE
0.8973478239570521,0.895924499898724,0.7309377738825592,0.7053935680519114
