RMSE,NDCG,F1,MAE
0.8640283893370714,0.8843820001191194,0.7238979118329466,0.6808727817894634
