RMSE,NDCG,F1,MAE
1.0858967689536796,0.826981136309204,0.6478190630048465,0.8638781217051068
