RMSE,NDCG,F1,MAE
0.017094997455351146,0.013748999517439464,0.07495474139680625,0.027624723919587257
