RMSE,NDCG,F1,MAE
1.1029917664090307,0.8407301358266435,0.5728643216080402,0.8915028456246941
