RMSE,NDCG,F1,MAE
0.016759132230904195,0.022636700108750185,0.0952844793098051,0.036965997852182575
