RMSE,NDCG,F1,MAE
1.1193840721642716,0.8344280067399472,0.5392670157068062,0.9133214684507889
