RMSE,NDCG,F1,MAE
1.1026249399333674,0.811791306631197,0.6345514950166113,0.8763554705986063
