RMSE,NDCG,F1,MAE
0.011444545040782517,0.009567210034323925,0.07608861726508787,0.027843748113667854
