RMSE,NDCG,F1,MAE
1.0893572212964682,0.828056569937677,0.6319327731092437,0.8645497533648556
