RMSE,NDCG,F1,MAE
1.1008017663372507,0.8376237799720009,0.5558441558441558,0.8923935014785235
