RMSE,NDCG,F1,MAE
1.089632915750975,0.8276988669266288,0.6442622950819672,0.8639549088773261
