RMSE,NDCG,F1,MAE
0.016656651093214014,0.017827039636058584,0.0728337236533958,0.02886370595739174
