RMSE,NDCG,F1,MAE
1.106289566844189,0.8455259065626873,0.5714285714285714,0.8928186148347178
