RMSE,NDCG,F1,MAE
1.099122625289532,0.8365388196162526,0.5798525798525799,0.8843388909760331
