RMSE,NDCG,F1,MAE
1.0922826820690767,0.8258887957263998,0.6510500807754442,0.8614143700709908
