RMSE,NDCG,F1,MAE
0.006839943220455336,0.010650023889852811,0.07119750092286437,0.022924520905042378
