RMSE,NDCG,F1,MAE
1.0853015106958732,0.8285718168929335,0.6406639004149378,0.8588695879233128
