RMSE,NDCG,F1,MAE
1.1010483398985975,0.8285959307694597,0.5692307692307692,0.8904890636178663
