RMSE,NDCG,F1,MAE
0.0157468292027243,2.4113876526232758e-05,0.07143313118416861,0.03161947569455348
