RMSE,NDCG,F1,MAE
0.0111788711323062,0.013108308807224911,0.071727639085152,0.027470015066389575
