RMSE,NDCG,F1,MAE
1.1011028855187948,0.840352275312353,0.5595854922279793,0.8924351753064614
