RMSE,NDCG,F1,MAE
1.0899240143864886,0.8272439665051281,0.6313131313131313,0.8649651602400719
