RMSE,NDCG,F1,MAE
1.0908504446458391,0.8346449173501354,0.6096069868995633,0.8648468255117766
