RMSE,NDCG,F1,MAE
0.0074841751891736585,0.005513098729499011,0.08357958963928935,0.02832851087775512
