RMSE,NDCG,F1,MAE
1.0983346198350128,0.8291318186206363,0.5260273972602739,0.8931753363895317
