algorithm,georisk
SVD,0.7170653430189118
BIASEDMF,0.709540754357429
NMF,0.6833035220956246
StochasticItemKNN,0.6759779682023436
BayesianRidge,0.6684542777999903
Tweedie,0.6662202666289396
Ridge,0.6684841881329707
RandomForest,0.6700680237586393
Bagging,0.665504724488316
AdaBoost,0.6681504671307081
GradientBoosting,0.6695923640209607
LinearSVR,0.6708443835272878
