algorithm,georisk
SVD,0.689395284470997
BIASEDMF,0.6800668892255011
NMF,0.6473328725812122
StochasticItemKNN,0.6390610386795763
BayesianRidge,0.632903574906233
Tweedie,0.6315241530357988
Ridge,0.6329056500212149
RandomForest,0.6320550612568614
Bagging,0.6272878756383153
AdaBoost,0.6312346747473585
GradientBoosting,0.6321361102253328
LinearSVR,0.6330024187019925
