RMSE,NDCG,F1,MAE
1.0649862642071986,0.7985277543751228,0.5577498503889886,0.8379745058436885
