RMSE,NDCG,F1,MAE
0.13551755494280937,0.02776417769923012,0.0911672526588499,0.12521632214188283
