RMSE,NDCG,F1,MAE
1.200503819150008,0.7707635766758927,0.4665825977301387,0.9631908279855713
