RMSE,NDCG,F1,MAE
1.0818859585967082,0.8019151727165855,0.56,0.854898385201002
