RMSE,NDCG,F1,MAE
0.12150536098389275,0.019909144448641114,0.07507537688442217,0.11068490489502225
