RMSE,NDCG,F1,MAE
1.203391319580601,0.7820060282679444,0.4849246231155779,0.9655832900960243
