RMSE,NDCG,F1,MAE
1.0671150919248684,0.7991324720614096,0.5570228091236494,0.8443271322535597
