RMSE,NDCG,F1,MAE
1.1911803154629692,0.7784025840211903,0.4631043256997455,0.9585843063472508
