RMSE,NDCG,F1,MAE
0.12406522353810079,0.020729888040219246,0.09391848342390391,0.11425717409369107
