RMSE,NDCG,F1,MAE
0.13435516651669843,0.026928013291177555,0.08910386778797708,0.12338266332696735
