RMSE,NDCG,F1,MAE
1.0641377450274352,0.7975641797028176,0.5710914454277286,0.8364415005375708
