RMSE,NDCG,F1,MAE
1.1984929115441336,0.77063616641164,0.48198757763975153,0.9598241638645382
