RMSE,NDCG,F1,MAE
1.068829762536127,0.7967248850820133,0.5695906432748538,0.8426737022973018
