RMSE,NDCG,F1,MAE
1.1985136690042284,0.7774867497315555,0.48954489544895446,0.9609505268124509
