RMSE,NDCG,F1,MAE
0.12968390646810146,0.01923813535045782,0.0800457478258993,0.11827682451514909
