RMSE,NDCG,F1,MAE
1.0633277665471124,0.796623682035689,0.5531660692951016,0.8385288209549844
