RMSE,NDCG,F1,MAE
1.1974670595930752,0.7783140118288324,0.4722222222222222,0.961361017988599
