RMSE,NDCG,F1,MAE
0.13413929304596284,0.018309670206856588,0.08094384707287938,0.12283219703361459
