RMSE,NDCG,F1,MAE
1.1915544156393478,0.7786728253362879,0.4625158831003812,0.9589563601414532
