RMSE,NDCG,F1,MAE
0.12402130069553619,0.020286616442678262,0.09503807373415113,0.11438637389465922
