RMSE,NDCG,F1,MAE
1.0675331149438116,0.7989594417789662,0.5575539568345323,0.844569986246794
