RMSE,NDCG,F1,MAE
1.184189721673833,0.7803898173506649,0.449468085106383,0.9564974499977544
