RMSE,NDCG,F1,MAE
0.11737977100766872,0.013975593983595491,0.08642300400252795,0.1096587996941144
