RMSE,NDCG,F1,MAE
1.0668099506661644,0.7943654113342604,0.5358910891089109,0.84683865030364
