RMSE,NDCG,F1,MAE
0.9997513631198686,0.8202465023964172,0.6311953352769679,0.7923385828756513
