RMSE,NDCG,F1,MAE
1.1076432304358175,0.7950755876385556,0.4533333333333333,0.9029597284550842
