RMSE,NDCG,F1,MAE
0.10789186731594891,0.025170914757861595,0.1778620019436346,0.11062114557943292
