RMSE,NDCG,F1,MAE
0.11096246422489942,0.04038967045416486,0.18527797243634664,0.1111114129253773
