RMSE,NDCG,F1,MAE
1.1115080877678802,0.7767888227844333,0.49166666666666664,0.9057171979243887
