RMSE,NDCG,F1,MAE
1.0005456235429808,0.8171784932385981,0.6769446391030133,0.7946057849990114
