RMSE,NDCG,F1,MAE
0.99525024227675,0.8201713001905419,0.6397111913357401,0.7957646160767823
