RMSE,NDCG,F1,MAE
0.09738632122879931,0.01648433025121332,0.17682909526587104,0.09329246241046085
