RMSE,NDCG,F1,MAE
1.0926365635055493,0.8036869699393285,0.462882096069869,0.8890570784872431
