RMSE,NDCG,F1,MAE
1.1032315991657493,0.7829817854244452,0.5062240663900415,0.9017854681178902
