RMSE,NDCG,F1,MAE
0.9944537440159484,0.8258994879164308,0.6591070163004961,0.7894111080636779
