RMSE,NDCG,F1,MAE
0.10877785514980087,0.042917702491985565,0.1528829499104546,0.11237436005421231
