RMSE,NDCG,F1,MAE
0.0984616372247149,0.01479235032261772,0.16605385956035312,0.09275288037002927
