RMSE,NDCG,F1,MAE
0.99830791641081,0.8172439146300856,0.6721763085399449,0.7928746631032181
