RMSE,NDCG,F1,MAE
1.0967695536355249,0.8024515643074679,0.5061224489795918,0.8856275434732473
