RMSE,NDCG,F1,MAE
0.10952588534239638,0.04353981973301291,0.2001984712687716,0.11182753432620529
