RMSE,NDCG,F1,MAE
0.9941763323872457,0.82406247751835,0.6515259048970902,0.7896908930819962
