RMSE,NDCG,F1,MAE
1.103702217729642,0.7805226577853371,0.45132743362831856,0.9015184274082015
