RMSE,NDCG,F1,MAE
0.995877781566635,0.8192922861807388,0.6397111913357401,0.7964193080140304
