RMSE,NDCG,F1,MAE
1.0929905402613977,0.8019107234554198,0.462882096069869,0.8890053130310983
