RMSE,NDCG,F1,MAE
0.09711275869476277,0.01738156272531899,0.17682909526587104,0.09258600501706793
