RMSE,NDCG,F1,MAE
0.9961967126084845,0.8193700607041962,0.6148092744951383,0.7971585410052698
