RMSE,NDCG,F1,MAE
0.10057512720662487,0.005220761861576051,0.21294011561663367,0.09795673319108433
