RMSE,NDCG,F1,MAE
1.0967718398151094,0.8141492988426201,0.40186915887850466,0.8951152741963542
