RMSE,NDCG,F1,MAE
0.9103569553450376,0.8730106358622866,0.7298999629492404,0.7158474669075023
