RMSE,NDCG,F1,MAE
0.8571085910643294,0.8962207460629986,0.7664628820960698,0.6725019691058932
