RMSE,NDCG,F1,MAE
0.05324836428070823,0.023210110200712064,0.03656291914682941,0.04334549780160912
