RMSE,NDCG,F1,MAE
0.9416614040400645,0.8707147262326023,0.7092627599243856,0.7399328560458865
