RMSE,NDCG,F1,MAE
0.8976127109844177,0.8798219676741784,0.7338651196519217,0.7055115367476497
