RMSE,NDCG,F1,MAE
0.04404869305564674,0.009107241441576153,0.024602359727536105,0.034421319298236885
