RMSE,NDCG,F1,MAE
0.1260827741713535,0.012331585639535736,0.03617385770089376,0.0886311893328594
