RMSE,NDCG,F1,MAE
1.002725615623366,0.8488003400367025,0.7127393838467944,0.7805317373403697
