RMSE,NDCG,F1,MAE
1.1288083897947194,0.8364687543971667,0.6765655261459006,0.8691629266732291
