RMSE,NDCG,F1,MAE
0.05790202736685712,0.024162059356868437,0.035374661405251695,0.04466075971646044
