RMSE,NDCG,F1,MAE
0.9230990263164551,0.8704209656801001,0.721372622155912,0.7241063248705918
