RMSE,NDCG,F1,MAE
0.865196998949598,0.8945830250369685,0.7567472835611637,0.6794455651541313
