RMSE,NDCG,F1,MAE
99.53688405289456,100.4285895864611,109.54082312983866,99.91323094234494
