RMSE,NDCG,F1,MAE
98.7899355295401,99.52452158881218,109.85440350518299,98.6103161842786
