RMSE,NDCG,F1,MAE
103.11699220150601,101.1236458440564,117.76079400688168,103.53493923149995
