RMSE,NDCG,F1,MAE
98.600533185435,99.67925286241572,108.71602666768996,98.54046064099803
