RMSE,NDCG,F1,MAE
0.07524239097609775,0.0036617878570940343,0.03257952144366394,0.06192606439277393
