RMSE,NDCG,F1,MAE
0.9660814133056911,0.8836272590409048,0.7564102564102564,0.7649462481111479
