RMSE,NDCG,F1,MAE
0.8987789208927698,0.8785470942453871,0.7125917560700169,0.7048183658746596
