RMSE,NDCG,F1,MAE
0.06243307372187079,0.025683605319343883,0.006362492295996169,0.058207546635788976
