RMSE,NDCG,F1,MAE
0.9700959699022296,0.8600733847998298,0.7549668874172185,0.7646306854538246
