RMSE,NDCG,F1,MAE
0.8864221851628157,0.8855827899335068,0.7033352837916911,0.6991066068469658
