RMSE,NDCG,F1,MAE
0.9639782275106376,0.8934410633972877,0.7402597402597403,0.7558174054405792
