RMSE,NDCG,F1,MAE
0.8889968657943825,0.8781136806263143,0.7166014533258804,0.6959367611682523
