RMSE,NDCG,F1,MAE
0.07498136171625502,0.015327382770973341,0.02365828693385985,0.059880644272326866
