RMSE,NDCG,F1,MAE
0.8875058978309914,0.8802592722548304,0.7181208053691275,0.6950858112316224
