RMSE,NDCG,F1,MAE
0.9666820341624452,0.870018042338962,0.7612903225806451,0.7568969290790377
