RMSE,NDCG,F1,MAE
0.08259256987362784,0.025163877049760752,0.051631603625527434,0.06459842445385211
