RMSE,NDCG,F1,MAE
0.8896425900758385,0.8848176253941249,0.6871980676328503,0.7061574290016244
