RMSE,NDCG,F1,MAE
0.8582694478396125,0.9247036950444506,0.796277145811789,0.6918892603117741
