RMSE,NDCG,F1,MAE
0.07529918904918143,0.016363672549144836,0.039214998919133603,0.06268893723574265
