RMSE,NDCG,F1,MAE
0.9335686368887939,0.9083400224953058,0.7570621468926554,0.7545781975475168
