RMSE,NDCG,F1,MAE
0.9508035169197617,0.8786418362144056,0.7261904761904762,0.7711765331066
