RMSE,NDCG,F1,MAE
0.8757377821507252,0.9246268698117474,0.7710583153347732,0.6962190173283614
