RMSE,NDCG,F1,MAE
0.07506573476903655,0.04598503359734174,0.04486783914429704,0.0749575157782385
