RMSE,NDCG,F1,MAE
0.8446512958540673,0.9271667755839854,0.7880085653104925,0.6618893090671886
