RMSE,NDCG,F1,MAE
0.08318477308702588,0.008240365561022922,0.04636722792447423,0.07239904781596629
