RMSE,NDCG,F1,MAE
0.9278360689410932,0.9189264100229625,0.7416413373860182,0.7342883568831549
