RMSE,NDCG,F1,MAE
0.05870394586281513,0.020548746526762973,0.02191688966429295,0.05528546340731233
