RMSE,NDCG,F1,MAE
0.8705818629165518,0.9256065090788517,0.7733619763694952,0.6902509512733475
