RMSE,NDCG,F1,MAE
0.929285808779367,0.9050577625520887,0.7514450867052023,0.7455364146806598
