RMSE,NDCG,F1,MAE
0.07937171619654093,0.00020324050997677645,0.019649122807017583,0.0680843782331465
