RMSE,NDCG,F1,MAE
0.9277758613757655,0.9254729975538722,0.7719298245614035,0.7278359796807724
