RMSE,NDCG,F1,MAE
0.8484041451792246,0.925676238063849,0.791578947368421,0.6597516014476259
