RMSE,NDCG,F1,MAE
0.8514395210721076,0.9221587766283335,0.7872340425531915,0.6791414542176379
