RMSE,NDCG,F1,MAE
0.9301584190550151,0.9126045804803873,0.7559523809523809,0.7456397151404118
