RMSE,NDCG,F1,MAE
0.07871889798290743,0.00955419614794617,0.031281661600810584,0.06649826092277389
