RMSE,NDCG,F1,MAE
0.08386409805431994,0.013668377106623386,0.038763852319555925,0.07311796815497296
