RMSE,NDCG,F1,MAE
0.8443012896830396,0.9263805561851274,0.7880085653104925,0.6611408181004952
