RMSE,NDCG,F1,MAE
0.9281653877373596,0.912712179078504,0.7492447129909365,0.7342587862554681
