RMSE,NDCG,F1,MAE
0.0836677688936941,0.01610618302645017,0.05858061838555717,0.07317216305077157
