RMSE,NDCG,F1,MAE
0.9324121121383617,0.9128992109117103,0.7151898734177216,0.7408057559805651
