RMSE,NDCG,F1,MAE
0.8487443432446676,0.9290053939381605,0.7737704918032787,0.6676335929297935
