algorithm,georisk
SVD,0.7285448619147817
BIASEDMF,0.7257316029766432
NMF,0.7083350596130364
StochasticItemKNN,0.7023442016650406
BayesianRidge,0.68370684221384
Tweedie,0.6809685125020764
Ridge,0.6836495792656507
RandomForest,0.6857749134662209
Bagging,0.6806090311233018
AdaBoost,0.6861963243064203
GradientBoosting,0.6859455952893211
LinearSVR,0.68517467299512
