algorithm,georisk
SVD,0.7860953396671305
BIASEDMF,0.7827290406821694
NMF,0.7623039163756997
StochasticItemKNN,0.7552215914997289
BayesianRidge,0.7404159985467331
Tweedie,0.7382501660308035
Ridge,0.7402945568821724
RandomForest,0.7396965949562748
Bagging,0.7341188625731494
AdaBoost,0.7391138159230625
GradientBoosting,0.7393283308599652
LinearSVR,0.7399038990995951
