RMSE,NDCG,F1,MAE
0.07407599560835143,0.01978903852275027,0.0037065318788622736,0.05632478135855412
