RMSE,NDCG,F1,MAE
1.1097761365389998,0.8024081622414618,0.5934144595561919,0.8804148428229813
