RMSE,NDCG,F1,MAE
1.0357001409306483,0.7826191237187116,0.5897079276773296,0.8240900614644272
