RMSE,NDCG,F1,MAE
0.07453724207212842,0.019666002658052517,0.008274200901460915,0.0653903790701067
