RMSE,NDCG,F1,MAE
1.1263349408186287,0.7914059103529771,0.6000703482237073,0.8920117602766408
