RMSE,NDCG,F1,MAE
1.0517976987465003,0.7717399076949246,0.6083445491251682,0.8266213812065341
