RMSE,NDCG,F1,MAE
0.07757582496022941,0.02611134781035973,0.010607852209826407,0.05897564881912032
