RMSE,NDCG,F1,MAE
1.0350214360901928,0.77402723352012,0.5994550408719346,0.8211173066589175
