RMSE,NDCG,F1,MAE
1.1125972610504222,0.8001385813304798,0.610062893081761,0.8800929554780378
