RMSE,NDCG,F1,MAE
1.0369231929847373,0.778704840207408,0.6164199192462988,0.8238207767634623
