RMSE,NDCG,F1,MAE
1.1114612897306857,0.8021076825454666,0.6125937554508983,0.8788901982279316
