RMSE,NDCG,F1,MAE
0.07453809674594836,0.02340284233805856,0.0038261637954004613,0.05506942146446925
