RMSE,NDCG,F1,MAE
1.1253069154204054,0.8001067882345859,0.6247664345167318,0.886082749463424
