RMSE,NDCG,F1,MAE
0.07508806943580604,0.02559223019832091,0.012629231350504866,0.056005741381864205
