RMSE,NDCG,F1,MAE
1.0502188459845994,0.774514558036265,0.6121372031662269,0.8300770080815598
