RMSE,NDCG,F1,MAE
0.0719335578300706,0.03151831009711459,0.00614117964637606,0.05389438925331502
