RMSE,NDCG,F1,MAE
1.0392533417985923,0.7688693767611192,0.6075268817204301,0.8251828829977533
