RMSE,NDCG,F1,MAE
1.111186899628663,0.8003876868582338,0.6136680613668062,0.8790772722510684
