RMSE,NDCG,F1,MAE
1.0350986311649812,0.77402723352012,0.5994550408719346,0.8211689994809024
