RMSE,NDCG,F1,MAE
0.07757123006616018,0.02611134781035973,0.0109572582196098,0.05896827269026128
