RMSE,NDCG,F1,MAE
1.1126698612311414,0.8001385813304798,0.6104122990915444,0.8801372721711637
