RMSE,NDCG,F1,MAE
0.07898583692034622,0.028437242821857334,0.006287588846364045,0.059011109258616745
