RMSE,NDCG,F1,MAE
1.1069356865496358,0.8037088600991157,0.5853836340441042,0.8792653598036044
