RMSE,NDCG,F1,MAE
1.0279498496292896,0.7752716172772584,0.5790960451977402,0.8202542505449877
