RMSE,NDCG,F1,MAE
97.51961032965549,100.4284348575075,88.80556999870012,97.51257266566809
