RMSE,NDCG,F1,MAE
63.5780014871775,99.23647893971932,81.19304059652029,67.8998855318027
