RMSE,NDCG,F1,MAE
71.2716065753269,101.75382950797152,92.37011183798984,77.88430620015212
