RMSE,NDCG,F1,MAE
99.86615520485512,99.99639128129954,90.79579638238856,99.59257522744852
