RMSE,NDCG,F1,MAE
92.68048475173177,101.25826069247168,98.98409628412233,92.69221221470794
