RMSE,NDCG,F1,MAE
92.3753391241717,100.15570295207937,96.64921694870013,92.02226281627306
