RMSE,NDCG,F1,MAE
93.88955126699342,99.12526854527124,105.51387604789765,94.15820987019458
