RMSE,NDCG,F1,MAE
93.36724792550302,100.04967151522214,98.77563397900005,92.99370534776132
