algorithm,georisk
SVD,0.7727240147872756
BIASEDMF,0.7731343012700062
NMF,0.7645356411102908
StochasticItemKNN,0.7367765885965939
BayesianRidge,0.715221927688513
Tweedie,0.7147821771858505
Ridge,0.7151936355752934
RandomForest,0.7160751884184215
Bagging,0.7136140096106928
AdaBoost,0.714848524727863
GradientBoosting,0.7170647207985338
LinearSVR,0.7147510953890924
