algorithm,georisk
SVD,0.8163514816084654
BIASEDMF,0.8162383091123556
NMF,0.805942570074644
StochasticItemKNN,0.7752124851792148
BayesianRidge,0.75327375338546
Tweedie,0.7530299332265676
Ridge,0.7532343910162985
RandomForest,0.753159993779779
Bagging,0.7517640227791007
AdaBoost,0.7518583439462274
GradientBoosting,0.754419092027048
LinearSVR,0.7512491013640278
