RMSE,NDCG,F1,MAE
0.8576659954083866,0.900198629308474,0.7586580086580087,0.6650855553544548
