RMSE,NDCG,F1,MAE
0.9143343436295477,0.889866193050405,0.7311852971966966,0.7204796166822894
