RMSE,NDCG,F1,MAE
0.03313118524576375,0.0017828541922843,0.009289756877627342,0.032748700101995154
