RMSE,NDCG,F1,MAE
0.8796011828057799,0.8880311346344711,0.7480832420591457,0.6837933334556381
