RMSE,NDCG,F1,MAE
0.03473316082376776,0.001835058415933899,0.01689794486244911,0.03668628322665135
