RMSE,NDCG,F1,MAE
0.8907971806541504,0.9019814835007584,0.7493682517803814,0.69783425545645
