RMSE,NDCG,F1,MAE
0.8901965045760681,0.9072904830209192,0.7478443253320904,0.6951599003843333
