RMSE,NDCG,F1,MAE
0.8522503861604139,0.9103679960344089,0.7663500678426052,0.6591038521567373
