RMSE,NDCG,F1,MAE
0.037946118415654206,0.0030775130134896855,0.018505742510514733,0.036056048227596005
