RMSE,NDCG,F1,MAE
0.866249409446823,0.9002366299355784,0.7627856365614799,0.6724631733166718
