RMSE,NDCG,F1,MAE
0.9004609165265834,0.9006096253351288,0.7390851187029531,0.7078403749519896
