RMSE,NDCG,F1,MAE
0.034211507079760395,0.00037299539955037986,0.02370051785852678,0.03537720163531777
