RMSE,NDCG,F1,MAE
0.9406207239453892,0.8968310207294721,0.7446574135272086,0.7362744394994293
