RMSE,NDCG,F1,MAE
0.05098229208652383,0.00654589636924463,0.01793251453034539,0.05538141676902175
