RMSE,NDCG,F1,MAE
0.8896384318588654,0.8902851243602274,0.762589928057554,0.6808930227304075
