RMSE,NDCG,F1,MAE
0.9204916433551714,0.907080013665777,0.7538623595505618,0.7153404551334738
