RMSE,F1,MAE
0.9266679035667733,0.7462938005390836,0.7255933811007297
