RMSE,NDCG,F1,MAE
0.8572175035247857,0.8960931619319576,0.7580201649862511,0.6673146286893662
