RMSE,NDCG,F1,MAE
0.038505966322812446,0.006542821511613561,0.005504970855071067,0.03085094623376783
