RMSE,NDCG,F1,MAE
0.8886482926048194,0.8930582413339886,0.7369888475836431,0.6950486657134334
