RMSE,F1,MAE
0.8882439703422326,0.7358997314234557,0.6956385007245838
