RMSE,F1,MAE
0.9196177890149666,0.7583207894296705,0.7145876636053988
