RMSE,NDCG,F1,MAE
0.06327413983038577,0.010986851733819303,0.004157805435689332,0.04802582644410758
