RMSE,F1,MAE
0.8573698342414624,0.7568281938325991,0.6681931745806601
