RMSE,NDCG,F1,MAE
0.9271542589276318,0.8996010628456022,0.7424938184387142,0.7258996119472012
