RMSE,F1,MAE
0.0622479547735042,0.0014925955970713778,0.04639448902473875
