RMSE,NDCG,F1,MAE
0.10789847253707763,0.002028404058063482,0.007700591288747671,0.07989876708227517
