RMSE,NDCG,F1,MAE
0.9494133800701031,0.9056821416701702,0.742867332382311,0.7320746364128496
