RMSE,F1,MAE
0.8427860985143061,0.7489063867016623,0.6536895457850376
