RMSE,NDCG,F1,MAE
0.8415149075330255,0.9077105457282337,0.7505679236710586,0.6521758693305745
