RMSE,NDCG,F1,MAE
0.05529671492842969,0.008163347057206005,0.005144874678618683,0.046888539527765616
