RMSE,F1,MAE
0.05382235554296655,0.002431475940061545,0.04448851663283537
