RMSE,F1,MAE
0.8691334090626022,0.7457627118644068,0.6768641006646386
