RMSE,NDCG,F1,MAE
0.8683936611193086,0.8944727247870048,0.7494210282538212,0.6748513409986183
