RMSE,NDCG,F1,MAE
0.9236903760477383,0.9026360718442108,0.7442761535752025,0.7217398805263839
