RMSE,F1,MAE
0.9229557646055687,0.7481941878044683,0.721352617297474
