RMSE,NDCG,F1,MAE
0.9833804611439213,0.89726321680093,0.7322270742358079,0.7596165115591885
