RMSE,F1,MAE
0.9811069246898633,0.7363863447127393,0.7575196847096329
