RMSE,NDCG,F1,MAE
0.8785753858246149,0.8869305408972025,0.741655235482396,0.6853138822496709
