RMSE,NDCG,F1,MAE
0.10480507531930638,0.01033267590372755,0.009428161246588074,0.07430262930951759
