RMSE,NDCG,F1,MAE
107.77368393568536,109.62971172703755,89.89612842304061,106.7485482056762
