RMSE,NDCG,F1,MAE
109.14476428539612,117.51148503554131,90.6486403598446,108.47981097147743
