RMSE,NDCG,F1,MAE
109.2637653278205,115.39597671548792,89.4197488971836,109.15916007093604
