RMSE,NDCG,F1,MAE
108.37589553216789,110.72941892730965,93.02066470484142,107.20371353676374
