RMSE,NDCG,F1,MAE
109.45648572255287,115.63696330065723,91.2767679834048,109.66437228374011
