RMSE,NDCG,F1,MAE
107.54988849941888,112.54338835091234,90.67278493825494,107.01510394734754
