RMSE,NDCG,F1,MAE
109.2678039511259,115.38961987226868,89.45784765519112,109.12528883482668
