RMSE,NDCG,F1,MAE
108.96594986668822,118.71216435172491,88.84541430040692,108.6193109267325
