RMSE,NDCG,F1,MAE
0.10893757541761795,0.05509589856699626,0.2117569506378688,0.11537583787934003
