RMSE,NDCG,F1,MAE
0.9967461637817706,0.8168808530564691,0.6441893830703013,0.7885767466152477
