RMSE,NDCG,F1,MAE
1.1056837391993886,0.7617849544894728,0.43243243243243246,0.9039525844945877
