RMSE,NDCG,F1,MAE
1.151423752457133,0.7464361350143307,0.4435483870967742,0.9386119347664937
