RMSE,NDCG,F1,MAE
0.9956305815941817,0.8184635876401696,0.6652601969057665,0.7918726230213652
