RMSE,NDCG,F1,MAE
0.1557931708629512,0.07202745262583887,0.22171180980899236,0.14673931174512855
