RMSE,NDCG,F1,MAE
0.10891556976318506,0.043056607089904664,0.17838975776795962,0.0972018231731464
