RMSE,NDCG,F1,MAE
0.987632527464228,0.821265428086622,0.6509635974304069,0.7907148905621606
