RMSE,NDCG,F1,MAE
1.096548097227413,0.7782088209967173,0.47257383966244726,0.887916713735307
