RMSE,NDCG,F1,MAE
1.1120117081766332,0.7665847207954595,0.48132780082987553,0.9066327572055817
