RMSE,NDCG,F1,MAE
0.12115443511254853,0.04748292286606415,0.17785873493450038,0.12076897758441718
