RMSE,NDCG,F1,MAE
0.9908572730640847,0.8140676436615236,0.6591865357643759,0.7858637796211645
