RMSE,NDCG,F1,MAE
0.9880187598716932,0.8183528729099782,0.6716929403701165,0.786476950996899
