RMSE,NDCG,F1,MAE
0.11046402417532852,0.024981867321560824,0.18388806232133603,0.09883287906285743
