RMSE,NDCG,F1,MAE
1.0984827840470217,0.7933710055884173,0.4878048780487805,0.8853098300597564
