RMSE,NDCG,F1,MAE
0.1162932870008011,0.024151391370723863,0.19260617025328508,0.11719687222463093
