RMSE,NDCG,F1,MAE
0.9896822471674973,0.8141054696485301,0.6587078651685393,0.7855714012274899
