RMSE,NDCG,F1,MAE
1.1059755341682984,0.7899540782778063,0.4661016949152542,0.9027682734521209
