RMSE,NDCG,F1,MAE
0.10851409443582516,0.043718027917116986,0.1706179847530065,0.09668806011584474
