RMSE,NDCG,F1,MAE
0.9882060751995096,0.8209311633736089,0.6476054324517513,0.7911542139830313
