RMSE,NDCG,F1,MAE
1.0967201696353348,0.777213135456492,0.4769874476987448,0.8878422740988761
