RMSE,NDCG,F1,MAE
0.9900457943640549,0.8154204072888818,0.631578947368421,0.793844057343978
