RMSE,NDCG,F1,MAE
1.102675701853259,0.7856264475917263,0.41284403669724773,0.894869132436567
