RMSE,NDCG,F1,MAE
0.11262990748920398,0.02979395969715548,0.2187349106711733,0.10102507509258896
