RMSE,NDCG,F1,MAE
97.35580671206226,100.46812992144123,88.99636196426881,97.32826055801702
