RMSE,NDCG,F1,MAE
63.73248200002989,100.01147953021984,80.04498600828876,68.51205280475911
