RMSE,NDCG,F1,MAE
70.40488622405474,104.93284798543718,86.01105352573063,76.17066294366911
