RMSE,NDCG,F1,MAE
99.71753130959796,99.44093969891009,90.39956157831806,99.13993529714135
