algorithm,georisk
SVD,0.7725334412978057
BIASEDMF,0.7729999388908118
NMF,0.7646149690994115
StochasticItemKNN,0.7349246840049685
BayesianRidge,0.7155419450415824
Tweedie,0.7152917610054914
Ridge,0.7155151440702222
RandomForest,0.7164486827968227
Bagging,0.7144674301540587
AdaBoost,0.7162798288715512
GradientBoosting,0.7177624507243798
LinearSVR,0.7140462831634501
