algorithm,georisk
SVD,0.8165393388389038
BIASEDMF,0.816259888174406
NMF,0.8073426164526023
StochasticItemKNN,0.7725921779934765
BayesianRidge,0.7533947973548601
Tweedie,0.7537062109636934
Ridge,0.7533547467412565
RandomForest,0.7534433255469682
Bagging,0.7516146884933547
AdaBoost,0.7526278290370918
GradientBoosting,0.7551998246895688
LinearSVR,0.7498635592285673
