RMSE,NDCG,F1,MAE
0.03916782373853678,0.010259122594770798,0.021185876082611577,0.03729849028639276
