RMSE,NDCG,F1,MAE
0.990883696040455,0.8913111000877055,0.6784688995215311,0.7959718147041501
