RMSE,NDCG,F1,MAE
0.9517158723019182,0.8810519774929347,0.6996547756041427,0.7586733244177574
