RMSE,NDCG,F1,MAE
1.539060912382901,0.8767129139969084,0.598159509202454,1.1211834784028016
