RMSE,NDCG,F1,MAE
1.038854065052219,0.8724478970777637,0.6978922716627635,0.8228561160295501
