RMSE,NDCG,F1,MAE
0.5002068473306822,0.004265016919144715,0.09973276246030949,0.2983273623732515
