RMSE,NDCG,F1,MAE
0.49358610751616494,0.014411882778244789,0.09653932685893885,0.2958048657721096
