RMSE,NDCG,F1,MAE
1.0669002433160668,0.8318372398499536,0.6701902748414377,0.847369716594018
