RMSE,NDCG,F1,MAE
1.5604863508322318,0.8174253570717088,0.5736509479824988,1.1431745823661277
