RMSE,NDCG,F1,MAE
0.03324081002032597,0.00398541039549738,0.026825139587830504,0.033673206404601363
