RMSE,NDCG,F1,MAE
0.9779225903834231,0.8970800435917193,0.6791907514450867,0.7881904600986873
