RMSE,NDCG,F1,MAE
0.9446817803630971,0.893094633196222,0.7060158910329172,0.754517253694086
