RMSE,NDCG,F1,MAE
95.69322646134574,106.46539928618522,80.94210038638907,97.61743307189177
