RMSE,NDCG,F1,MAE
96.15344681828424,107.00895734067811,86.93973816828353,97.88884872066662
