RMSE,NDCG,F1,MAE
96.11310520655293,106.03894326136727,82.32060530314425,97.81279116501435
