RMSE,NDCG,F1,MAE
95.98118779176298,106.26607851750352,83.57789812968302,97.76722741047442
