RMSE,NDCG,F1,MAE
95.75531750794546,106.4424312976904,83.72981784814823,97.4000639636068
