RMSE,NDCG,F1,MAE
95.35640991716328,106.51027275666318,84.08469407830022,97.21064998531585
