RMSE,NDCG,F1,MAE
96.13458126665314,106.13911701741536,82.39889196675901,97.83242042931238
