RMSE,NDCG,F1,MAE
96.04409586668943,106.4470990774656,80.72059654060057,97.70679315712547
