RMSE,NDCG,F1,MAE
102.820555463459,102.68176191781919,107.26103446380475,104.54448890258527
