RMSE,NDCG,F1,MAE
102.5593770587264,104.22999662575717,105.19350954837927,104.50551560861561
