RMSE,NDCG,F1,MAE
102.61602453623311,102.08995279606779,106.20699097856459,104.0960812093457
