RMSE,NDCG,F1,MAE
102.2979508355513,102.65312721474795,103.72591533635136,103.8818671176674
