RMSE,NDCG,F1,MAE
102.7518448231073,102.72913482198773,106.01673357131061,104.06498797939625
