RMSE,NDCG,F1,MAE
102.33471214146267,102.08079889014965,105.5250357653791,103.823634623913
