RMSE,NDCG,F1,MAE
102.6219362696271,102.11902549361658,106.36431201648593,104.10426705006242
