RMSE,NDCG,F1,MAE
102.36224018184788,102.27178818751756,104.21264144304313,103.37453370492318
