RMSE,NDCG,F1,MAE
101.45737572497605,95.39237698273685,92.84409972699825,100.90787123096881
