RMSE,NDCG,F1,MAE
101.68923389036621,95.43055099683598,90.42963477187705,101.24575397335944
