RMSE,NDCG,F1,MAE
102.83701971965169,95.93699697905863,90.91848890901751,102.39195534679276
