RMSE,NDCG,F1,MAE
101.76520749218707,95.0294193647404,93.32570348974512,101.11137082626497
