RMSE,NDCG,F1,MAE
102.98667534705636,95.43803687610352,93.54311911350761,102.62842758265252
