RMSE,NDCG,F1,MAE
101.54575103098406,95.54693767555723,93.29083837510804,100.99013289345827
