RMSE,NDCG,F1,MAE
102.83983008454052,95.62275057770316,90.79355929094554,102.38688201581523
