RMSE,NDCG,F1,MAE
102.1675941810877,95.76759611926224,91.42814358447782,102.18155904532551
