RMSE,NDCG,F1,MAE
103.51182256728393,97.79979126118566,97.54746924371021,104.91979487613985
