RMSE,NDCG,F1,MAE
105.21179438326274,98.72574717052748,97.01696788245197,105.2642177027809
