RMSE,NDCG,F1,MAE
108.47918773706948,99.60341981019668,96.73792769912872,108.12046800150206
