RMSE,NDCG,F1,MAE
103.6207895382542,98.44419398488566,95.93280403914633,104.20653852871959
