RMSE,NDCG,F1,MAE
0.9161960311197701,0.8884366390836987,0.7502240430162591,0.722898917150792
