RMSE,NDCG,F1,MAE
0.061396853081758906,0.006859888682208215,0.04132655752302894,0.05116189275110061
