RMSE,NDCG,F1,MAE
0.8547991780380112,0.895296527765907,0.7088974854932302,0.6717370243996914
