RMSE,NDCG,F1,MAE
0.8331422666738078,0.9082370845980651,0.7241706161137441,0.6515112204721349
