RMSE,NDCG,F1,MAE
0.07486078600494617,0.009544225754472446,0.03712953624786075,0.058673972559779575
