RMSE,NDCG,F1,MAE
0.10784342439775707,0.0016355876446787487,0.03379410130400584,0.08179645685934556
