RMSE,NDCG,F1,MAE
0.9098160880462517,0.8935337585205315,0.7524625815530255,0.716058853384777
