RMSE,NDCG,F1,MAE
0.10098470116160774,0.005947055067859197,0.02283292935663661,0.07306706368255456
