RMSE,NDCG,F1,MAE
0.8693617801257193,0.8944806811817597,0.7226580526072912,0.6810976443138522
