RMSE,NDCG,F1,MAE
0.9291589404963277,0.8791787803176622,0.7229254571026723,0.7299638473639289
