RMSE,NDCG,F1,MAE
1.004767896588149,0.8783899993527526,0.6695485110470701,0.7956787543458083
