RMSE,NDCG,F1,MAE
0.07560895609182128,0.0007887809649095301,0.05337694605560217,0.06571490698187932
