RMSE,NDCG,F1,MAE
0.9417531396221945,0.8899965321497116,0.7148936170212766,0.7471982646240287
