RMSE,NDCG,F1,MAE
0.14218976668174288,0.019373952445225773,0.08950662011725186,0.10866058008719315
