RMSE,NDCG,F1,MAE
1.0839429063039374,0.8706225797044859,0.6253869969040248,0.8558588447112219
