RMSE,NDCG,F1,MAE
1.133371650373377,0.8352535191304201,0.6355576294913673,0.890473533521951
