RMSE,NDCG,F1,MAE
1.0282023146505515,0.8282363782211861,0.6834030683403068,0.8124023658415616
