RMSE,NDCG,F1,MAE
0.10516933572282561,0.007017140909233999,0.04784543884893955,0.07807116768038946
