RMSE,NDCG,F1,MAE
0.9233407460154829,0.8945259214981879,0.7317073170731707,0.7207963465430137
