RMSE,NDCG,F1,MAE
0.9868083015220058,0.877750170377352,0.6692836113837095,0.7795614771242234
