RMSE,NDCG,F1,MAE
0.06346755550652294,0.016775751120835847,0.062423705689461206,0.05876513058120969
