algorithm,georisk
SVD,1.1275282504946935
BIASEDMF,1.124518567968026
NMF,1.1064650920233585
StochasticItemKNN,1.0996786171214321
BayesianRidge,1.0990997441540529
Tweedie,1.0992300538662905
Ridge,1.0989814188154166
RandomForest,1.1011595660623508
Bagging,1.0967832614029498
AdaBoost,1.1008213776346543
GradientBoosting,1.1005555487760263
LinearSVR,1.0999749473816691
