algorithm,georisk
SVD,1.1176183582427424
BIASEDMF,1.1140689995464705
NMF,1.0888854430773176
StochasticItemKNN,1.082517988801401
BayesianRidge,1.0838081866081946
Tweedie,1.0851178707742875
Ridge,1.0835560659329606
RandomForest,1.0875233122337173
Bagging,1.0793389332721013
AdaBoost,1.0865679319790025
GradientBoosting,1.0861685400831353
LinearSVR,1.0839303028540306
