RMSE,NDCG,F1,MAE
1.0644487190501442,0.7991224475238472,0.5472273004265692,0.8375287761623391
