RMSE,NDCG,F1,MAE
0.13321416360195104,0.02004664749719165,0.09113293607532413,0.1233754089845065
