RMSE,NDCG,F1,MAE
1.1976628826520952,0.7790758000266556,0.45609436435124506,0.9609041851468456
