RMSE,NDCG,F1,MAE
1.0698241215848903,0.797539233769388,0.564344746162928,0.8462248613147532
