RMSE,NDCG,F1,MAE
1.2152953668570494,0.7665744608312758,0.4796954314720812,0.9688571376650851
