RMSE,NDCG,F1,MAE
0.14547124527215916,0.030964772938112173,0.08464931469084674,0.12263227635033191
