RMSE,NDCG,F1,MAE
1.0699326236090498,0.794980220003904,0.5525997581620314,0.8469515529293202
