RMSE,NDCG,F1,MAE
1.194651941612697,0.7843109912349356,0.44357976653696496,0.9566876596840436
