RMSE,NDCG,F1,MAE
0.12471931800364722,0.010669228768968364,0.10901999162506648,0.10973610675472334
