RMSE,NDCG,F1,MAE
0.1369684013853738,0.015705885198521674,0.0851682445129951,0.12211322377070644
