RMSE,NDCG,F1,MAE
1.1998763991329096,0.7778449468552949,0.47058823529411764,0.9599432924897954
