RMSE,NDCG,F1,MAE
1.0629079977475357,0.7935508320538166,0.5557564798071127,0.8378300687190889
