RMSE,NDCG,F1,MAE
1.0704500571126965,0.7948775026238974,0.5682613768961493,0.8441509859587126
