RMSE,NDCG,F1,MAE
0.13037784695424337,0.015737328927775462,0.08164337202996924,0.11470873236758594
