RMSE,NDCG,F1,MAE
1.2008279040669398,0.779140173696122,0.48661800486618007,0.9588597183262986
