RMSE,NDCG,F1,MAE
1.1991588396711563,0.7858836238834982,0.4585492227979275,0.9593311423489169
