RMSE,NDCG,F1,MAE
0.13422568534408663,0.005417389134237505,0.09042296583568804,0.11973339845362074
