RMSE,NDCG,F1,MAE
1.0649331543270697,0.7913010130177357,0.5489721886336155,0.8395977438952962
