RMSE,NDCG,F1,MAE
0.12460297018952904,0.012894007597770263,0.11158165505991596,0.10980833081670438
