RMSE,NDCG,F1,MAE
1.1949654464491724,0.7808521920592744,0.44155844155844154,0.9570340483204127
