RMSE,NDCG,F1,MAE
1.0703624762596433,0.7937461996570446,0.5531400966183575,0.8472257175037083
