RMSE,NDCG,F1,MAE
0.11849550935134734,0.013159834227310707,0.10156481650553911,0.1054582410381405
