RMSE,NDCG,F1,MAE
1.1878936348375766,0.7822348610193862,0.4366576819407008,0.9544176524369092
