RMSE,NDCG,F1,MAE
1.0693981254862293,0.7953946952466969,0.5382224984462399,0.8489594113987687
