RMSE,NDCG,F1,MAE
0.8383778762744105,0.8862332099452072,0.6984536082474226,0.6633090086994908
