RMSE,NDCG,F1,MAE
0.04604182705298332,0.007864460295194053,0.0704404682042844,0.02922060515042868
