RMSE,NDCG,F1,MAE
0.8844197033273938,0.8940976702404012,0.768894076451707,0.6925296138499195
