RMSE,NDCG,F1,MAE
0.041590044590368525,0.006177817098600991,0.08297588642142284,0.03351372032427358
