RMSE,NDCG,F1,MAE
0.9199528887690825,0.8753719694134662,0.7416902668057833,0.7205164519349629
