RMSE,NDCG,F1,MAE
0.878362844178714,0.8815497865120672,0.6587143803843605,0.6870027316106894
