RMSE,NDCG,F1,MAE
1.0468125092524085,0.8403550005600327,0.7297803963577932,0.805453415950815
