RMSE,NDCG,F1,MAE
1.0336465869889426,0.8086553390496544,0.5829268292682926,0.8128065572181129
