RMSE,NDCG,F1,MAE
0.013165922263465912,0.031699661510378285,0.1468535670895006,0.0073531412672979135
