RMSE,NDCG,F1,MAE
0.8901367385916801,0.8924416231559943,0.7600058642427796,0.6984823266680642
