RMSE,NDCG,F1,MAE
0.034050159264166546,0.012352657056034055,0.09029307050909818,0.023948506442968198
