RMSE,NDCG,F1,MAE
0.8560865793275135,0.8800889660999602,0.6697127937336814,0.674533820225096
