RMSE,NDCG,F1,MAE
0.9957456324348642,0.8739105188607649,0.6552363299351252,0.7885823787687813
