RMSE,NDCG,F1,MAE
0.07247022342635678,0.018951700396791837,0.08236947417612028,0.06415869591407686
