RMSE,NDCG,F1,MAE
0.9232754090085075,0.8928622192575567,0.7376058041112454,0.7244236828547045
