RMSE,NDCG,F1,MAE
0.14976856614735656,0.0037283816873129316,0.10820140638513887,0.12012081577547584
