RMSE,NDCG,F1,MAE
1.0977617959762216,0.8601335514200704,0.594088669950739,0.8672959721837414
