RMSE,NDCG,F1,MAE
0.947993229828865,0.8564051697327575,0.7022900763358778,0.7471751564082656
