RMSE,NDCG,F1,MAE
1.108105125439581,0.8252106608526079,0.62916486369537,0.8754261238360364
