RMSE,NDCG,F1,MAE
0.08679728849153845,0.009456625747128244,0.04980192597252675,0.07379955068098742
