RMSE,NDCG,F1,MAE
1.0213078369480426,0.8157540351054796,0.6789667896678967,0.8016265731550489
