RMSE,NDCG,F1,MAE
0.0537988496735623,0.011605399201516042,0.09931596561987655,0.05885189254896561
