RMSE,NDCG,F1,MAE
0.9796051912954391,0.8817858031672018,0.6522140221402214,0.7774551552911398
