RMSE,NDCG,F1,MAE
0.9258063416218768,0.8933912023687178,0.7515299877600979,0.7186032627421742
