RMSE,NDCG,F1,MAE
0.8803469665152648,0.8934700830099784,0.7675559644280895,0.6894912202074273
