RMSE,NDCG,F1,MAE
0.04585866392873528,0.0012276474920541736,0.06534530122912985,0.030301727221412333
