RMSE,F1,MAE
0.8909587949579852,0.7576832151300237,0.6992034358595809
