RMSE,NDCG,F1,MAE
0.8573522150642503,0.8840587265484934,0.6885676741130092,0.6749759618139402
