RMSE,NDCG,F1,MAE
0.03248384191341891,0.0038894546734310476,0.06841427311735648,0.023104949597601454
