RMSE,F1,MAE
0.8356413358914224,0.7007481296758105,0.6607147023488813
