RMSE,NDCG,F1,MAE
0.8344883025865295,0.8922424355179243,0.7022106631989596,0.6591894929860149
