RMSE,NDCG,F1,MAE
0.8898360569776692,0.8879481812219244,0.7569819472303657,0.6980809114115416
