RMSE,NDCG,F1,MAE
0.06283078618079785,0.0005307236302017904,0.04394789795507148,0.05227872183390636
