RMSE,NDCG,F1,MAE
0.8283563113218954,0.8881036953362105,0.7204030226700252,0.6433238962271041
