RMSE,NDCG,F1,MAE
0.8911870975026932,0.8886344189664123,0.7643509206250967,0.6956026180610104
