RMSE,F1,MAE
0.8584748389086945,0.6725888324873096,0.6744743035596139
