RMSE,F1,MAE
0.8864950777237601,0.7609049238503622,0.6956424917720564
