RMSE,NDCG,F1,MAE
0.02725485076167855,0.011898795161494946,0.0864974217681882,0.02119826907904032
