RMSE,NDCG,F1,MAE
0.8580144987718547,0.8814099716724922,0.6741573033707865,0.6731795280296157
