RMSE,NDCG,F1,MAE
0.8852693495335332,0.8933087668339872,0.7606547251389747,0.694377797108656
