RMSE,NDCG,F1,MAE
0.8824298329215311,0.8907594611454765,0.6662329212752115,0.6928460626812768
