RMSE,F1,MAE
0.9365409894420129,0.7631241997439181,0.7259487388816107
