RMSE,F1,MAE
0.882799550128472,0.6633416458852868,0.6936506161991066
