RMSE,NDCG,F1,MAE
0.9355479054092345,0.8799312034412128,0.7632047477744807,0.7247477631462976
