RMSE,NDCG,F1,MAE
0.053118072487703394,0.010828257704263766,0.09697182649926916,0.03190170046502083
