RMSE,F1,MAE
0.05374143931354092,0.09978255385863133,0.03229812268250409
