RMSE,NDCG,F1,MAE
115.79023395577728,112.19749910788292,106.12005637386348,117.01903872320104
