RMSE,NDCG,F1,MAE
115.9061498285201,103.09071953469633,105.97402597402596,116.34929777909547
