RMSE,NDCG,F1,MAE
115.22394468026731,114.24674143493732,106.16979269496545,117.09982108638147
