RMSE,NDCG,F1,MAE
116.32448596748436,113.93196749776251,108.1659863945578,117.18031185890325
