RMSE,NDCG,F1,MAE
115.39664819666768,114.20735145238746,104.41037467067997,117.41066827112392
