RMSE,NDCG,F1,MAE
116.67261791559915,111.2155618968498,107.84395916435669,117.72569139195257
