RMSE,NDCG,F1,MAE
115.20589405282975,114.38238375707346,106.27049956444343,117.10451468130583
