RMSE,NDCG,F1,MAE
115.52338550675631,114.13935919167979,105.08130081300813,117.66802666400108
