RMSE,NDCG,F1,MAE
1.0975367745766391,0.7516111957846813,0.6063492063492063,0.8655816604566006
