RMSE,NDCG,F1,MAE
1.1063964903534773,0.7972105243465767,0.6312978458251736,0.8680597267046225
