RMSE,NDCG,F1,MAE
0.008859715776838195,0.045599328561895414,0.02494863947596726,0.0024780662480219373
