RMSE,NDCG,F1,MAE
1.1234174283645388,0.7951183995941352,0.6062547098718915,0.8826227453278637
