RMSE,NDCG,F1,MAE
1.1226055760066465,0.7610387536218931,0.5738184859891259,0.8819981386025202
