RMSE,NDCG,F1,MAE
0.0008118523578923842,0.03407964597224211,0.03243622388276557,0.0006246067253434795
