RMSE,NDCG,F1,MAE
1.1032021460287433,0.7584795138444046,0.575273338940286,0.8688344091370432
