RMSE,NDCG,F1,MAE
1.1122367162137219,0.7988505645564911,0.6,0.8718394152397482
