RMSE,NDCG,F1,MAE
0.009034570184978552,0.040371050712086465,0.024726661059713995,0.0030050061027049324
