RMSE,NDCG,F1,MAE
1.106734609701467,0.7977503772067766,0.6176850655344287,0.8660005922676947
