RMSE,NDCG,F1,MAE
0.01243337589905713,0.04177567278302874,0.01841886088705813,0.006716327048650106
