RMSE,NDCG,F1,MAE
1.0943012338024098,0.7559747044237478,0.5992662046473706,0.8592842652190446
