RMSE,NDCG,F1,MAE
1.127264547177945,0.7990666874017299,0.6143041951580115,0.8794521512196485
