RMSE,NDCG,F1,MAE
1.1185522616890844,0.7556991556986998,0.594683026584867,0.8774124707288257
