RMSE,NDCG,F1,MAE
0.008712285488860605,0.04336753170303009,0.019621168573144443,0.002039680490822815
