RMSE,NDCG,F1,MAE
0.009634527523787684,0.040232189401210205,0.01739244310563659,0.004350263297536183
