RMSE,NDCG,F1,MAE
1.1043840528701634,0.7578019858165556,0.5990180032733224,0.867110762606274
