RMSE,NDCG,F1,MAE
1.114018580393951,0.7980341752177658,0.616410446378959,0.8714610259038101
