RMSE,NDCG,F1,MAE
0.009051848736314483,0.04029213002868148,0.024726661059713995,0.003028710522898548
