RMSE,NDCG,F1,MAE
1.1123149748051309,0.7989182912632419,0.6,0.8718925987968478
