RMSE,NDCG,F1,MAE
1.1032631260688164,0.7586261612345604,0.575273338940286,0.8688638882739492
