RMSE,NDCG,F1,MAE
0.005296741338755906,0.03719542940484255,0.03952519194016624,1.3393541577144674e-05
