RMSE,NDCG,F1,MAE
1.1053833979336312,0.7960183533051184,0.5862686567164179,0.871470271638826
