RMSE,NDCG,F1,MAE
1.1000866565948753,0.7588229239002758,0.5467434647762517,0.8714568780972488
