RMSE,NDCG,F1,MAE
0.8974393794657315,0.901444539102294,0.760530871321408,0.7069321471593419
