RMSE,NDCG,F1,MAE
1.0532617961143012,0.846502728105483,0.6516290726817042,0.8337224463073969
