RMSE,NDCG,F1,MAE
0.15582241664856966,0.05494181099681106,0.10890179863970373,0.12679029914805495
