RMSE,NDCG,F1,MAE
0.08977549836855803,0.054656885966923974,0.07144048611938525,0.09134548513430796
