RMSE,NDCG,F1,MAE
0.9989279334025808,0.893705561021379,0.7155963302752294,0.7763861239528118
