RMSE,NDCG,F1,MAE
1.0887034317711388,0.839048675054455,0.6441558441558441,0.8677316090871198
