RMSE,NDCG,F1,MAE
1.1750559725146825,0.858134612400281,0.5717619603267211,0.9363958774237175
