RMSE,NDCG,F1,MAE
1.010788700456641,0.8459481211068031,0.6851851851851852,0.793256194143473
