RMSE,NDCG,F1,MAE
0.1642672720580416,0.01218649129347793,0.11342322485846412,0.1431396832802445
