RMSE,NDCG,F1,MAE
0.8855455961964104,0.9069308165862833,0.7666666666666667,0.6961195356009163
