RMSE,NDCG,F1,MAE
0.1583352916747519,0.039024757237032914,0.11752080595707404,0.12761207039527578
