RMSE,NDCG,F1,MAE
1.0438808878711623,0.8679060593492504,0.6491458607095927,0.8237316059961921
