RMSE,NDCG,F1,MAE
0.9629495816304914,0.8830985630589953,0.6640419947506562,0.7702186805040772
