RMSE,NDCG,F1,MAE
0.10011020383437041,0.018660662488611313,0.030845599130692403,0.066895132619755
