RMSE,NDCG,F1,MAE
1.0348086443047075,0.9076184577838543,0.7298578199052133,0.7992800017481575
