RMSE,NDCG,F1,MAE
0.08320388568686687,0.014040603490515946,0.05443075026000954,0.04337976543867039
