RMSE,NDCG,F1,MAE
0.9516047586178407,0.8935778542933384,0.6754270696452037,0.7559002363094871
