RMSE,NDCG,F1,MAE
0.9473259014567432,0.8932791148137283,0.6854219948849105,0.748217911075939
