RMSE,NDCG,F1,MAE
0.08616073123356205,0.021852584989099477,0.03074962109922441,0.054551549108850406
