RMSE,NDCG,F1,MAE
1.0478764787056356,0.9118243955499906,0.704225352112676,0.817851970613095
