RMSE,NDCG,F1,MAE
0.10131191450767685,0.01673586755386114,0.024512371029831947,0.06739266579556125
