RMSE,NDCG,F1,MAE
0.9465645641979588,0.8950885279961295,0.6797129810828441,0.7504593048175338
