RMSE,NDCG,F1,MAE
0.9453762253977106,0.8965781387349373,0.6635135135135135,0.7528298133011956
