RMSE,NDCG,F1,MAE
1.0341053022945,0.9102051492807096,0.68,0.8156150069354461
