RMSE,NDCG,F1,MAE
0.08872907689678933,0.013627010545772311,0.01648648648648654,0.0627851936342505
