RMSE,NDCG,F1,MAE
94.26272492103463,101.74634169896784,91.19402878161644,93.26153166524054
