RMSE,NDCG,F1,MAE
94.8766084977584,99.98024016573616,91.84033119807548,93.1136965859048
