RMSE,NDCG,F1,MAE
94.11895847126135,100.14237032634415,91.83145022815457,93.77583561235045
