RMSE,NDCG,F1,MAE
94.34984066155354,101.73472883693874,91.48755806615931,93.43750448503557
