RMSE,NDCG,F1,MAE
94.52914886943297,100.4116788048687,92.21771458903895,94.29438196632577
