RMSE,NDCG,F1,MAE
94.44641972391847,100.04195757006644,90.8042707772313,93.4830693317059
