RMSE,NDCG,F1,MAE
94.12088574062088,100.14077294069857,91.83145022815457,93.78192430519616
