RMSE,NDCG,F1,MAE
94.477840087924,100.85902942419212,90.51315411264581,94.11007068044526
