RMSE,NDCG,F1,MAE
0.9346993664044698,0.8900544563238472,0.7249190938511327,0.7336034520876891
