RMSE,NDCG,F1,MAE
0.9708184145387018,0.8887146611790384,0.7275,0.7647161864799012
