RMSE,NDCG,F1,MAE
0.036119048134231946,0.001339795144808753,0.0025809061488673013,0.031112734392212182
