RMSE,NDCG,F1,MAE
1.0367411183806712,0.8769121470504064,0.699594046008119,0.8119618346748582
