RMSE,NDCG,F1,MAE
0.9705237225063821,0.875716142149472,0.7083333333333334,0.7706480903925104
