RMSE,NDCG,F1,MAE
0.0662173958742891,0.001196004900934411,0.00873928732521434,0.0413137442823478
