RMSE,NDCG,F1,MAE
1.0600679842280296,0.8506547446122282,0.6178010471204188,0.8500812223402401
