RMSE,NDCG,F1,MAE
0.0243175655931116,0.0006487370161069039,0.044768098546452695,0.0014586416156637805
