RMSE,NDCG,F1,MAE
1.0843855498211412,0.8500060075961213,0.6625691456668715,0.8486225807245763
