RMSE,NDCG,F1,MAE
0.9343399075727066,0.8985248985358372,0.7329729729729729,0.734389112640263
