RMSE,NDCG,F1,MAE
0.020766572880283385,0.0034763441474392476,0.0001500554181942393,0.014974127642108592
