RMSE,NDCG,F1,MAE
0.95510648045299,0.8950485543883979,0.7331230283911672,0.7493632402823716
