RMSE,NDCG,F1,MAE
82.04727672325807,92.83316312396259,77.856691472605,82.61827972893147
