RMSE,NDCG,F1,MAE
80.47156267020674,93.3634629509531,83.0015928407281,80.92992061432273
