RMSE,NDCG,F1,MAE
81.82090110654758,93.94224354820034,80.82236286919833,82.18637040718846
