RMSE,NDCG,F1,MAE
81.1836527770497,91.73552765336656,80.43669451679465,81.34644440377424
