RMSE,NDCG,F1,MAE
80.99022475257249,93.62486433053179,80.86680130866057,81.05626272336919
