RMSE,NDCG,F1,MAE
81.7807940957472,92.51712051375674,78.39474139422245,82.00098339090243
