RMSE,NDCG,F1,MAE
81.86623188659003,93.94185174644,80.39164446842231,82.24780424238789
