RMSE,NDCG,F1,MAE
81.9688775348076,92.09253383269885,78.44907321765511,82.17373289242832
