RMSE,NDCG,F1,MAE
92.77249713655135,101.2746481269356,98.48997276100985,92.77883481425701
