RMSE,NDCG,F1,MAE
93.12940112703221,99.93759390926556,99.4999569712519,93.4216520816595
