RMSE,NDCG,F1,MAE
94.52371386746617,99.10878709775764,106.39798966464788,95.48161121244978
