RMSE,NDCG,F1,MAE
93.99438505335998,100.86197494848035,98.89677226027767,93.33766797905776
