RMSE,NDCG,F1,MAE
0.09270904359371712,0.001473391285437553,0.006258702841114627,0.05303814590567746
