RMSE,NDCG,F1,MAE
0.9881882122912851,0.8828925867037329,0.7100103199174407,0.7763720436449201
