RMSE,NDCG,F1,MAE
0.8954791686975679,0.8843659779891705,0.703751617076326,0.7233338977392426
