RMSE,NDCG,F1,MAE
0.13477258819602278,0.0261440650320377,0.05078558162864155,0.10319305394551681
