RMSE,NDCG,F1,MAE
0.9153738425078323,0.8951874850965632,0.7189054726368159,0.7233193020420501
