RMSE,NDCG,F1,MAE
1.050146430703855,0.8690434200645255,0.6681198910081744,0.8265123559875669
