RMSE,NDCG,F1,MAE
1.0174775770928817,0.835603684494403,0.6374695863746959,0.8275606252618781
