RMSE,NDCG,F1,MAE
1.0827457165153611,0.8414801012520057,0.6720321931589537,0.8490504339456275
