RMSE,NDCG,F1,MAE
0.06526813942247944,0.005876416757602643,0.03456260678425782,0.02148980868374939
