RMSE,NDCG,F1,MAE
0.07772217625988986,0.013864020021134738,0.011916688210961701,0.03953917888278036
