RMSE,NDCG,F1,MAE
0.9687528134987279,0.8911283066172403,0.7228541882109617,0.7578551002035415
