RMSE,NDCG,F1,MAE
0.891030637238838,0.904992326638375,0.7109375,0.7183159213207612
