RMSE,NDCG,F1,MAE
0.9730005480214259,0.8782070691563116,0.6813450760608487,0.762979539521282
