RMSE,NDCG,F1,MAE
0.8742520355017123,0.8851888085636614,0.73125,0.690311500809647
