RMSE,NDCG,F1,MAE
0.09874851251971362,0.006981739407349807,0.04990492393915125,0.07266803871163496
