RMSE,NDCG,F1,MAE
0.9290667607766767,0.8786489721506329,0.6839126919967664,0.7322236859734522
