RMSE,NDCG,F1,MAE
0.11834225923666408,0.011165021214650572,0.014739759665939323,0.08562890513560506
