RMSE,NDCG,F1,MAE
1.0474090200133408,0.8674839509359823,0.6691729323308271,0.8178525911090573
