RMSE,NDCG,F1,MAE
0.9654541703511278,0.8571322116571977,0.6577075098814229,0.7576927867374059
