RMSE,NDCG,F1,MAE
1.1063693239711183,0.8401393163280121,0.6763027767211868,0.859318959437563
