RMSE,NDCG,F1,MAE
0.14091515361999052,0.016992895329185576,0.01859526683976387,0.10162617270015706
