RMSE,NDCG,F1,MAE
0.958969731790586,0.8853571616198519,0.7007590890930883,0.7528623108216602
