RMSE,NDCG,F1,MAE
0.8700349526741532,0.8956150321249734,0.7266982622432859,0.6880949351781053
