RMSE,NDCG,F1,MAE
0.08893477911643277,0.010257870505121502,0.02593917315019767,0.06476737564355495
