RMSE,NDCG,F1,MAE
104.11549548331074,98.84898520911932,103.12260091767689,104.91627807199066
