RMSE,NDCG,F1,MAE
148.1498666807969,99.51352183239773,116.67327208310816,136.25510664157693
