RMSE,NDCG,F1,MAE
146.26356687126008,101.76308242135686,116.82893180922349,134.90859538397123
