RMSE,NDCG,F1,MAE
103.51873093260564,99.5557352519469,103.94957374356994,104.46288090030265
