RMSE,NDCG,F1,MAE
1.0626913840707988,0.8597183444157583,0.6509598603839442,0.8322742992166804
