RMSE,NDCG,F1,MAE
0.9250892006743432,0.8885523116452304,0.6717313074770092,0.727580564593649
