RMSE,NDCG,F1,MAE
0.13760218339645558,0.02883396722947207,0.020771447093065,0.10469373462303144
