RMSE,NDCG,F1,MAE
0.9852365756009805,0.8697876788725363,0.6572964034725093,0.7785659415648516
