RMSE,NDCG,F1,MAE
0.16247607332912206,0.05344681006730534,0.042468193707590696,0.13090783511060355
