RMSE,NDCG,F1,MAE
1.1477126489301026,0.8163408688052309,0.6148282097649186,0.9094737766754551
