RMSE,NDCG,F1,MAE
1.0401562790457868,0.830254949892714,0.6509326227636086,0.8133573620238657
