RMSE,NDCG,F1,MAE
0.11270790690272015,0.0246031427776624,0.022548701516684977,0.09021622136384355
