RMSE,NDCG,F1,MAE
1.152864185948507,0.8056518071150516,0.6283839212469237,0.9035735833877092
