RMSE,NDCG,F1,MAE
0.14147706068856103,0.031742303387170656,0.019925535475234235,0.10396876149055412
