RMSE,NDCG,F1,MAE
0.9102318443196468,0.8897956873154903,0.6779116465863454,0.7197791558501668
