RMSE,NDCG,F1,MAE
1.0517089050082078,0.8580533839283196,0.6579861111111112,0.823747917340721
