RMSE,NDCG,F1,MAE
0.9158914665091801,0.9038913223086039,0.7538461538461538,0.7197829436896362
