RMSE,NDCG,F1,MAE
0.903055311950644,0.8811254333236973,0.7290465631929046,0.6945404429099545
