RMSE,NDCG,F1,MAE
0.8995003980809123,0.9113948939312485,0.7654277076293793,0.7021506478786341
