RMSE,NDCG,F1,MAE
0.003554913869731724,0.030269460607551202,0.036381144436474666,0.00761020496867959
