RMSE,NDCG,F1,MAE
0.912651131088538,0.8793090238315137,0.7086330935251799,0.7070852459942845
