RMSE,NDCG,F1,MAE
0.00324033542064206,0.02458229847709026,0.04521306032097394,0.012697697695351784
