RMSE,NDCG,F1,MAE
0.01570716387364346,0.023684803184036207,0.02586192383961128,0.016162798501777154
