RMSE,NDCG,F1,MAE
0.9050144856923539,0.8888832755038387,0.726713532513181,0.6950251093847949
