RMSE,NDCG,F1,MAE
0.9207216495659973,0.9125680786878749,0.7525754563527923,0.711187907886572
