RMSE,NDCG,F1,MAE
0.9064216541799148,0.8774061050561415,0.7128888888888889,0.6981107949387735
