RMSE,NDCG,F1,MAE
0.9061449847041778,0.9079576285223211,0.7589045999642026,0.7102977411264199
