RMSE,NDCG,F1,MAE
0.0002766694757370125,0.03055152346617962,0.04601571107531366,0.012186946187646375
