RMSE,NDCG,F1,MAE
0.9240703972993695,0.8794165301479304,0.7181700474751834,0.7091648420746447
