RMSE,NDCG,F1,MAE
0.03811880668430956,0.01956952398368572,0.02356364332016958,0.03794042467416081
