RMSE,NDCG,F1,MAE
0.962189203983679,0.8989860541316161,0.741733690795353,0.7471052667488055
