RMSE,NDCG,F1,MAE
0.0581750200523834,0.005270416013549162,0.024292028714154368,0.04651436279609644
