RMSE,NDCG,F1,MAE
0.95331966494186,0.8777237605839885,0.6993704092339978,0.7492178195443288
