RMSE,NDCG,F1,MAE
0.8951446448894766,0.8724533445704393,0.7236624379481522,0.7027034567482323
