RMSE,NDCG,F1,MAE
1.0311124273842218,0.8675628428562667,0.6370875995449374,0.8167717745348984
