RMSE,NDCG,F1,MAE
0.916604656140582,0.8752804258117263,0.6903262736119061,0.7264734233142109
