RMSE,NDCG,F1,MAE
0.11450777124363987,0.007717582955459545,0.053238674066968694,0.09029835122068741
