RMSE,NDCG,F1,MAE
1.0066688981479295,0.803140829354084,0.6745213549337261,0.7949499601536328
