RMSE,NDCG,F1,MAE
0.08830081855814975,0.023366011866978176,0.03283401002057473,0.06821118643268753
