RMSE,NDCG,F1,MAE
1.0949697167060792,0.8265068412210622,0.6416873449131514,0.8631611465863204
