RMSE,NDCG,F1,MAE
0.8977205895143872,0.8653243308882065,0.7153931339977851,0.706271634931988
