RMSE,NDCG,F1,MAE
0.9442713530036401,0.8769137638354134,0.7028571428571428,0.7441315351397736
