RMSE,NDCG,F1,MAE
0.04655076348925291,0.011589432947206935,0.0125359911406423,0.037859900207785624
