RMSE,NDCG,F1,MAE
103.65715290764284,98.43422570305883,97.39199744938625,104.96120175885085
