RMSE,NDCG,F1,MAE
104.55909696315426,99.8691097206835,96.65089148315869,104.75252772598513
