RMSE,NDCG,F1,MAE
107.37151612962488,97.58019250688422,96.496852518726,107.14045050377483
