RMSE,NDCG,F1,MAE
103.89973639149486,98.20755497737947,96.14987077872121,104.3743606688221
