RMSE,NDCG,F1,MAE
105.52584100058992,104.3056128494737,108.49838164931045,106.57826253067626
