RMSE,NDCG,F1,MAE
106.1332795965523,107.18580492937289,113.06168051471059,106.88842365155375
