RMSE,NDCG,F1,MAE
105.72328884229485,105.24542474866433,110.63859356542282,106.61936059113467
