RMSE,NDCG,F1,MAE
105.32665179956074,104.70578356767999,109.85486602066545,106.3178970593467
