RMSE,NDCG,F1,MAE
106.0350612301645,105.34342970788124,110.4920612951063,106.9518561421938
