RMSE,NDCG,F1,MAE
105.84617298894763,105.1948662354814,109.48581024193061,106.78663740336425
