RMSE,NDCG,F1,MAE
105.72436162180439,105.25814239533577,110.63859356542282,106.62077975524593
