RMSE,NDCG,F1,MAE
104.9570040933431,105.2688080586428,107.83472013012951,105.67382834510653
