RMSE,NDCG,F1,MAE
1.152373202510827,0.7845676759299373,0.4839506172839506,0.9076441822107908
