RMSE,NDCG,F1,MAE
1.1170592866174853,0.760246974838908,0.5837251356238699,0.8999830496257066
