RMSE,NDCG,F1,MAE
0.03531391589334176,0.02432070109102924,0.09977451833991924,0.007661132585084163
