RMSE,NDCG,F1,MAE
1.1333734047307888,0.7647589284841116,0.6262895174708819,0.9027085695659561
