RMSE,NDCG,F1,MAE
1.17072324266358,0.8050357995018229,0.5323529411764706,0.9237958303378864
