RMSE,NDCG,F1,MAE
0.03734983793279123,0.04027687101771127,0.09393657629441132,0.02108726077193024
