RMSE,NDCG,F1,MAE
1.1242199831359332,0.7583254325956321,0.6193548387096774,0.8994202279482189
