RMSE,NDCG,F1,MAE
1.1564810610973342,0.7889308772056145,0.5227272727272727,0.9099452219872538
