RMSE,NDCG,F1,MAE
0.032261077961400986,0.03060544460998238,0.09662756598240474,0.010524994039034952
