RMSE,NDCG,F1,MAE
1.1529856874181372,0.7886035813689384,0.5503258508327299,0.9062945779163316
