RMSE,NDCG,F1,MAE
1.1157091125646905,0.7595736353033034,0.6329280315478146,0.8941323528094508
