RMSE,NDCG,F1,MAE
0.03727657485344671,0.029029946065635026,0.08260218071508474,0.012162225106880808
