RMSE,NDCG,F1,MAE
1.143171206271199,0.7595247039861976,0.6383534792551454,0.9080294743232682
