RMSE,NDCG,F1,MAE
1.182570967278905,0.7884261422987651,0.5442670537010159,0.9258743082041362
