RMSE,NDCG,F1,MAE
0.03939976100770615,0.028901438312567418,0.0940864255541295,0.017844833880867994
