RMSE,NDCG,F1,MAE
1.1208420725293684,0.7585224502067908,0.6330792177659927,0.8958518606409828
