RMSE,NDCG,F1,MAE
0.03704528605508517,0.03572238539117778,0.09138180079182301,0.012693054629373535
