RMSE,NDCG,F1,MAE
1.1578873585844536,0.7942448355979685,0.5416974169741697,0.9085449152703563
