RMSE,NDCG,F1,MAE
1.1566711269183838,0.7889308772056145,0.5231235784685367,0.9100841526671478
