RMSE,NDCG,F1,MAE
0.03212938491481787,0.03051803723301083,0.09576229109668066,0.01043672880385138
