RMSE,NDCG,F1,MAE
1.124541742003566,0.7584128399726037,0.6188858695652174,0.8996474238632964
