RMSE,NDCG,F1,MAE
1.1142586357782958,0.7640759909541803,0.595457771469127,0.8955797462227041
