RMSE,NDCG,F1,MAE
0.04288812867659275,0.023834376237380606,0.09585681376761068,0.015405315282076892
