RMSE,NDCG,F1,MAE
1.1571467644548885,0.7879103671915609,0.49960095770151636,0.910985061504781
