RMSE,NDCG,F1,MAE
92.61945320074294,99.12236961866016,91.08981325955932,89.70617084737306
