RMSE,NDCG,F1,MAE
92.32222100702595,101.40159757229958,87.28254377342695,89.41096437148872
