RMSE,NDCG,F1,MAE
92.20840297781899,99.290425374731,88.89998463665692,89.36249166920966
