RMSE,NDCG,F1,MAE
92.8096166523466,97.93254049773779,90.33452285023597,89.3377809931907
