RMSE,NDCG,F1,MAE
92.92470660889265,98.97148950677172,91.48424543946932,89.84859627535212
