RMSE,NDCG,F1,MAE
92.30024141457609,98.05964953656779,89.60207620576213,89.12274721694202
