RMSE,NDCG,F1,MAE
92.21696982582633,100.2851601821465,89.04674423351705,89.38013587863254
