RMSE,NDCG,F1,MAE
92.28093145523701,99.5562217975933,86.48572633947404,89.73012473002248
