RMSE,NDCG,F1,MAE
0.06570490805951479,0.02533215868699623,4.92022211288079e-05,0.03393742849713344
