RMSE,NDCG,F1,MAE
0.9565193810156802,0.8869996400837021,0.7219020172910663,0.7552978866967138
