RMSE,NDCG,F1,MAE
0.1507167997121146,0.040216495830135535,0.03619013015879802,0.10604819074831151
