RMSE,NDCG,F1,MAE
0.9134107389845003,0.9156047438133128,0.7142857142857143,0.7432666224440322
