RMSE,NDCG,F1,MAE
0.9996729761118046,0.8796102884302563,0.7247386759581882,0.7865582620889935
