RMSE,NDCG,F1,MAE
0.9038913838428951,0.8662778245551823,0.7379807692307693,0.7133315547842836
