RMSE,NDCG,F1,MAE
0.08157380686966698,0.018494339316155406,0.01629792133432917,0.06119902630548224
