RMSE,NDCG,F1,MAE
0.9854651907125621,0.8847721638713377,0.7216828478964401,0.7745305810897658
