RMSE,NDCG,F1,MAE
0.13536489345239722,0.010225830677061953,0.03812723735569967,0.1048351134655563
