RMSE,NDCG,F1,MAE
0.9195681790569163,0.8611896835717225,0.7325153374233129,0.7225278168059782
