RMSE,NDCG,F1,MAE
1.0549330725093136,0.8714155142487845,0.6943881000676132,0.8273629302715345
