RMSE,NDCG,F1,MAE
1.0885651212553789,0.8371512151384546,0.6950354609929078,0.8494338373051706
