RMSE,NDCG,F1,MAE
0.07896001759530402,0.008122643261038176,0.03655880251624932,0.05805760163080331
