RMSE,NDCG,F1,MAE
1.0096051036600748,0.8290285718774164,0.6584766584766585,0.7913762356743673
