RMSE,NDCG,F1,MAE
0.9031946739643715,0.8776963911885454,0.7265060240963855,0.7137263824191827
