RMSE,NDCG,F1,MAE
0.9719156899849072,0.8893345867495286,0.7410972088546679,0.7649251898544485
