RMSE,NDCG,F1,MAE
0.06872101602053571,0.011638195560983222,0.01459118475828236,0.051198807435265725
