RMSE,NDCG,F1,MAE
100.63482169316045,102.53244652839919,95.5363979261729,102.73471086156538
