RMSE,NDCG,F1,MAE
99.95924802051292,102.24629724215752,95.38105567606652,102.32400043484442
