RMSE,NDCG,F1,MAE
100.18019790291217,102.00222696932728,95.7594970675049,101.87456814850823
