RMSE,NDCG,F1,MAE
100.62109952764476,101.87127111360343,95.41900479986458,102.70883233045109
