RMSE,NDCG,F1,MAE
100.08811469995997,101.9812030578501,95.99859967744098,101.76513560558908
