RMSE,NDCG,F1,MAE
100.31275418882795,101.6546711439245,96.62034654314634,102.41594638032099
