RMSE,NDCG,F1,MAE
100.18859557249367,101.97030389151666,95.78088877472386,101.88315885592525
