RMSE,NDCG,F1,MAE
99.58159193362019,102.28741065668329,95.8184622535866,100.94055367402876
