RMSE,NDCG,F1,MAE
0.0025605847596038567,0.006494473904128051,0.06242040881508171,0.0032544230089011084
