RMSE,NDCG,F1,MAE
0.0058191929585986735,0.00878207110337137,0.06271593938255515,0.0020867791294358895
