RMSE,NDCG,F1,MAE
0.8703010972111794,0.9030076346274325,0.7628284253218127,0.6776910245560366
