RMSE,NDCG,F1,MAE
0.8683593790872433,0.9029337110098415,0.7615817191823618,0.678123366433951
