RMSE,NDCG,F1,MAE
0.015197136807165279,0.0038097826579716054,0.05820137443197004,0.01240084682382725
