RMSE,NDCG,F1,MAE
0.013411526147832031,0.005171538153288635,0.05545888654022357,0.01234949873850999
