RMSE,NDCG,F1,MAE
0.8759741778373381,0.8915902087188213,0.6928343222272935,0.682199688689333
