RMSE,NDCG,F1,MAE
0.8893857039851701,0.89676174687211,0.748293208767517,0.694549187427843
