RMSE,NDCG,F1,MAE
0.002854987829450484,0.009971451694794187,0.07374391839116157,0.005964581370897948
