RMSE,NDCG,F1,MAE
102.45654169720173,94.81695359979983,98.6124743365941,99.70488684372836
