RMSE,NDCG,F1,MAE
102.33353585665104,98.21681466061953,95.15545819256756,99.46484933564722
