RMSE,NDCG,F1,MAE
101.72436947219299,94.9175578412259,97.02172397303029,99.3586309708922
