RMSE,NDCG,F1,MAE
101.55923654329027,97.18726155194858,95.59697454866671,98.16195832482197
