RMSE,NDCG,F1,MAE
102.14913026094096,94.8972548358939,97.36001366228335,100.2120409192661
