RMSE,NDCG,F1,MAE
101.93622384753334,95.27632188476606,95.39095806709092,98.77414055017094
