RMSE,NDCG,F1,MAE
101.72510937047001,94.92115653408402,97.36879890875151,99.36525473311187
