RMSE,NDCG,F1,MAE
102.17619948117284,95.66649136639299,95.94946555557655,99.78945261573624
