RMSE,NDCG,F1,MAE
104.13971876194572,99.39615696767564,103.21146245059289,104.83376757526872
