RMSE,NDCG,F1,MAE
143.6270499388656,98.97221559033316,111.98709394730028,132.1823339091207
