RMSE,NDCG,F1,MAE
148.29915225292478,103.09949162660831,119.47477474535246,136.48239270459922
