RMSE,NDCG,F1,MAE
103.76678823474839,99.22195370347704,104.268562949259,104.58713337358851
