RMSE,NDCG,F1,MAE
0.9051635521250845,0.8787657486279628,0.7315830721003135,0.7123036447190574
