RMSE,NDCG,F1,MAE
0.898590491153713,0.8679386768951727,0.7055016181229773,0.7109879252769743
