RMSE,NDCG,F1,MAE
0.006573060971371447,0.010827071732790072,0.02608145397733619,0.0013157194420830853
