RMSE,NDCG,F1,MAE
0.9564221008477146,0.8669620658127142,0.6995934959349593,0.7539554762557767
