RMSE,NDCG,F1,MAE
0.02803009323734873,0.01768642116949104,0.015086453681438239,0.02499157300290289
