RMSE,NDCG,F1,MAE
0.9283920076103659,0.8492756446432231,0.6845070422535211,0.7289639032528739
