RMSE,NDCG,F1,MAE
1.0159631914357703,0.8321170595337642,0.6947970677632755,0.8005012635119391
