RMSE,NDCG,F1,MAE
1.071682662550769,0.8071858760145532,0.6688497748669668,0.8273785451094234
