RMSE,NDCG,F1,MAE
0.05571947111499864,0.024931183519211086,0.025947292896308705,0.02687728159748437
