RMSE,NDCG,F1,MAE
0.9044182677918134,0.88039299678271,0.7244897959183674,0.7149276098804829
