RMSE,NDCG,F1,MAE
0.005655256508311113,0.014840710653493794,0.008565059800882291,0.005477733571248811
