RMSE,NDCG,F1,MAE
0.8987630112835023,0.8655522861292162,0.7159247361174851,0.7094498763092341
