algorithm,georisk
SVD,0.7163370233189713
BIASEDMF,0.7158058658321853
NMF,0.6918194155424948
StochasticItemKNN,0.6829567324938515
BayesianRidge,0.6689032094162602
Tweedie,0.6677144856375229
Ridge,0.6688617180493138
RandomForest,0.6701489695072295
Bagging,0.6649161909808432
AdaBoost,0.6679034804042017
GradientBoosting,0.6682604214393855
LinearSVR,0.6690808921661479
