algorithm,georisk
SVD,0.7454655194986003
BIASEDMF,0.7431372378864646
NMF,0.7171032243824205
StochasticItemKNN,0.7088063444270093
BayesianRidge,0.6915349778655636
Tweedie,0.6910787410518946
Ridge,0.6914369019655019
RandomForest,0.6936986347604706
Bagging,0.6881369881442172
AdaBoost,0.6920169350267172
GradientBoosting,0.6918616196322278
LinearSVR,0.6901859114298783
