RMSE,NDCG,F1,MAE
0.16871383129483442,0.03864431254889944,0.075455260194216,0.16063086842046548
