RMSE,NDCG,F1,MAE
0.15829850200458961,0.019385476454350403,0.10422471630267272,0.1466539472625783
