RMSE,NDCG,F1,MAE
0.8368121125103144,0.9165136500224496,0.765017667844523,0.6694292740570407
