RMSE,NDCG,F1,MAE
0.9845576329913308,0.9005331685361755,0.6695652173913044,0.8058956198235476
