RMSE,NDCG,F1,MAE
0.1649636090561376,0.028939032150891664,0.10554589371980672,0.15264028798576668
