RMSE,NDCG,F1,MAE
0.16482847281687896,0.03820972470857131,0.05434418217299086,0.15418574386837203
