RMSE,NDCG,F1,MAE
0.831945819866289,0.9300061698302124,0.7635075287865367,0.6660825256372863
