RMSE,NDCG,F1,MAE
0.996774292683168,0.8917964451216411,0.7091633466135459,0.8202682695056583
