RMSE,NDCG,F1,MAE
0.8180808637955445,0.9308578154810959,0.7795138888888888,0.6479196858446395
