RMSE,NDCG,F1,MAE
0.9911097776022711,0.8995534998604102,0.6607929515418502,0.8198017764109836
