RMSE,NDCG,F1,MAE
0.17161671362691155,0.02729670568487641,0.11351570144655299,0.16096510039740652
