RMSE,NDCG,F1,MAE
0.8194930639753596,0.9268502055452866,0.7743086529884032,0.6588366760135771
