RMSE,NDCG,F1,MAE
0.9848797024603808,0.8998109688856148,0.6607929515418502,0.806632352658624
