RMSE,NDCG,F1,MAE
0.8210027552063839,0.931590594568273,0.7701863354037267,0.6539532512458388
