RMSE,NDCG,F1,MAE
1.0783128182465473,0.8128740624248663,0.6403118040089086,0.8568980882293267
