RMSE,NDCG,F1,MAE
0.011470080318254583,0.03722065386405382,0.03333153086778573,0.00608211074958076
