RMSE,NDCG,F1,MAE
1.0668427379282928,0.7756534085608124,0.6069802731411229,0.8508159774797459
