RMSE,NDCG,F1,MAE
1.0842852576233337,0.8041880984872233,0.599406528189911,0.8650124725037218
