RMSE,NDCG,F1,MAE
0.007960698530055765,0.01748032969549529,0.03639507156143307,0.007218347238219014
