RMSE,NDCG,F1,MAE
1.076324559093278,0.786707768791728,0.563011456628478,0.8577941252655028
