RMSE,NDCG,F1,MAE
1.08709912747459,0.8113369112691181,0.6097414311485267,0.8627032477396983
