RMSE,NDCG,F1,MAE
1.0637940190988306,0.7818488031201569,0.5500848896434635,0.8491343266874805
