RMSE,NDCG,F1,MAE
0.023305108375759387,0.02948810814896119,0.059656541505063276,0.013568921052217853
