RMSE,NDCG,F1,MAE
0.006252785025943064,0.046972282953456346,0.0346699047456861,0.0019763315017256033
