RMSE,NDCG,F1,MAE
1.073652038259003,0.8166981987908671,0.6257242178447276,0.8520290200945514
