RMSE,NDCG,F1,MAE
1.0673992532330598,0.7697259158374108,0.5910543130990416,0.8500526885928258
