RMSE,NDCG,F1,MAE
0.024630011635499383,0.03022220987684443,0.04853848165123498,0.01554700147111665
