RMSE,NDCG,F1,MAE
1.0962269585327056,0.8092372877483823,0.6241963763880771,0.8667949968494726
