RMSE,NDCG,F1,MAE
1.0715969468972062,0.7790150778715379,0.5756578947368421,0.8512479953783559
