RMSE,NDCG,F1,MAE
0.00991862058625026,0.038500083654228745,0.04420767552928395,0.0038535547923247426
