RMSE,NDCG,F1,MAE
1.0732945018335611,0.8133645255623991,0.6263672999424295,0.8525382847261544
