RMSE,NDCG,F1,MAE
1.0633758812473109,0.7748644419081704,0.5821596244131455,0.8486847299338297
