RMSE,NDCG,F1,MAE
1.0874901700573871,0.811251025789051,0.6101083032490975,0.862995597223358
