RMSE,NDCG,F1,MAE
1.064156144366856,0.7828309217777789,0.5500848896434635,0.8493754280132381
