RMSE,NDCG,F1,MAE
0.023334025690531224,0.02842010401127204,0.06002341360563401,0.013620169210119881
