RMSE,NDCG,F1,MAE
1.0504823402973626,0.7769753671939639,0.5274336283185841,0.8429921311695762
