RMSE,NDCG,F1,MAE
1.0686605218137726,0.814969598973579,0.6009852216748769,0.8548221771145905
