RMSE,NDCG,F1,MAE
0.01817818151640993,0.03799423177961514,0.0735515933562928,0.011830045945014356
