RMSE,NDCG,F1,MAE
1.1575988272826025,0.7906744336014035,0.48032786885245904,0.9107246820616623
