RMSE,NDCG,F1,MAE
1.1213943412001735,0.7637809565897382,0.5828779599271403,0.9013951714677911
