RMSE,NDCG,F1,MAE
0.0362044860824291,0.026893477011665334,0.10255009107468127,0.009329510593871215
