RMSE,NDCG,F1,MAE
1.162983591444807,0.7897150676544313,0.5325443786982249,0.9170143855566344
