RMSE,NDCG,F1,MAE
0.04061158826553357,0.023130219986867817,0.08898574994090847,0.02132084125239808
