RMSE,NDCG,F1,MAE
1.1223720031792734,0.7665848476675635,0.6215301286391334,0.8956935443042363
