RMSE,NDCG,F1,MAE
1.1576461456059572,0.7811342441093551,0.5238455715367146,0.910704933826377
