RMSE,NDCG,F1,MAE
1.1242783678106383,0.7665475843849691,0.6165362368152433,0.8986748041087846
