RMSE,NDCG,F1,MAE
0.033367777795318965,0.014586659724385997,0.09269066527852865,0.01203012971759232
