RMSE,NDCG,F1,MAE
1.116945402059735,0.7644958363021644,0.6336106489184692,0.8929134435692009
