RMSE,NDCG,F1,MAE
1.1520173603642079,0.7838607781151541,0.5441283734500365,0.902639194805698
