RMSE,NDCG,F1,MAE
0.03507195830447296,0.019364941812989644,0.08948227546843268,0.009725751236497104
