RMSE,NDCG,F1,MAE
0.03836975623569283,0.01535519156283871,0.09068736646337183,0.016227511037893105
