RMSE,NDCG,F1,MAE
1.1356096559360525,0.7656826819392495,0.6369301410298458,0.902761346116483
