RMSE,NDCG,F1,MAE
1.1739794121717453,0.7810378735020882,0.546242774566474,0.9189888571543761
