RMSE,NDCG,F1,MAE
1.155943176434367,0.7890133316647259,0.537269372693727,0.9063672515082618
