RMSE,NDCG,F1,MAE
1.1232075460646165,0.7634586900359843,0.626465661641541,0.8968189832134577
