RMSE,NDCG,F1,MAE
0.03273563036975058,0.025554641628741548,0.08919628894781406,0.009548268294804152
