RMSE,NDCG,F1,MAE
1.1246118314586886,0.7661917588431884,0.6151226158038147,0.8989101981758394
