RMSE,NDCG,F1,MAE
0.033268439770934854,0.014942485266166705,0.0916732965905015,0.011989572488427358
