RMSE,NDCG,F1,MAE
1.1578802712296234,0.7811342441093551,0.5234493192133132,0.9108997706642668
