RMSE,NDCG,F1,MAE
1.157244221832369,0.7837270434452558,0.5039370078740157,0.910362313029163
