RMSE,NDCG,F1,MAE
1.1134043043337178,0.7690931738380069,0.6020589279375221,0.8942219089567952
