RMSE,NDCG,F1,MAE
0.04383991749865124,0.014633869607248884,0.0981219200635064,0.01614040407236783
