RMSE,NDCG,F1,MAE
1.1427404125799665,0.8570143600598072,0.5919732441471572,0.9101416433168092
