RMSE,NDCG,F1,MAE
0.8580345690819924,0.9037958360041335,0.7483683828861494,0.6795269040810994
