RMSE,NDCG,F1,MAE
1.1285980767979424,0.8705401870424563,0.5767918088737202,0.8992326898250832
