RMSE,NDCG,F1,MAE
0.25312875525337997,0.03122356576799923,0.14410773922232933,0.2029190462878463
