RMSE,NDCG,F1,MAE
0.8896116573265865,0.8882379258278065,0.7360809833694866,0.707222597028963
