RMSE,NDCG,F1,MAE
0.27056350771595006,0.03325564896167721,0.1715765740124292,0.2197057857439838
