RMSE,NDCG,F1,MAE
1.2074323900606625,0.8592296619263554,0.6003210272873194,0.9668340974439156
