RMSE,NDCG,F1,MAE
0.331591337633778,0.046754123130400616,0.14825851816722602,0.2718664239392373
