RMSE,NDCG,F1,MAE
0.8758410524268845,0.905983785056756,0.7485795454545454,0.6949676735046783
