RMSE,NDCG,F1,MAE
1.13144829453249,0.8678472219365022,0.5908319185059423,0.9002916270513162
