RMSE,NDCG,F1,MAE
0.27111263182424117,0.03565080981990165,0.15223377492471468,0.21780236646869122
