RMSE,NDCG,F1,MAE
0.8603356627082488,0.9034980317564039,0.743065693430657,0.6824892605826249
