RMSE,NDCG,F1,MAE
0.2222431796562141,0.03891716132200784,0.1363440516648754,0.1718604121191446
