RMSE,NDCG,F1,MAE
1.1522739882618078,0.8523115743425904,0.5963149078726968,0.9140149441070167
