RMSE,NDCG,F1,MAE
0.9300308086055937,0.8912287356645983,0.7326589595375722,0.7421545319878721
