RMSE,NDCG,F1,MAE
0.8587583964980523,0.9202148797030344,0.7566343042071197,0.6852558704353492
