RMSE,NDCG,F1,MAE
0.8663133527843742,0.9047734594443047,0.7453416149068323,0.6644631223688262
