RMSE,NDCG,F1,MAE
0.007554956286321857,0.015441420258729743,0.011292689300287484,0.02079274806652298
