RMSE,NDCG,F1,MAE
0.009015662220894671,0.0032932339450173487,0.012524845255783457,0.01662477896438508
