RMSE,NDCG,F1,MAE
0.875311349896011,0.9050745554449247,0.7428180574555403,0.6719643847480418
