RMSE,NDCG,F1,MAE
0.8662956876751163,0.908367789389942,0.7553429027113238,0.6885891637124268
