RMSE,NDCG,F1,MAE
0.8560882803055576,0.8997248174101594,0.7580095432856169,0.654415510886368
