RMSE,NDCG,F1,MAE
0.01318976640363223,0.02061706191828816,0.0007001341337379285,0.011558828067899984
