RMSE,NDCG,F1,MAE
0.8428985139019254,0.9203418793284476,0.7587096774193548,0.6659743389542679
