RMSE,NDCG,F1,MAE
0.006668298035750975,0.0153840908924755,0.004429010857099902,0.019107922866768656
