RMSE,NDCG,F1,MAE
0.8519296231764285,0.9203453718150721,0.7612698412698413,0.6746485260062842
