RMSE,NDCG,F1,MAE
0.8585979212121795,0.9049612809225966,0.7656988521269412,0.6555406031395156
