RMSE,NDCG,F1,MAE
0.8417603598492442,0.9196546858578618,0.7696170747018205,0.6595004262515765
