RMSE,NDCG,F1,MAE
0.01647251734998334,0.019307623874767144,0.011693945908833325,0.010134440300978764
