RMSE,NDCG,F1,MAE
0.8582328771992276,0.9003470619830947,0.7579231287929872,0.6493659859505977
