RMSE,NDCG,F1,MAE
0.84936704759055,0.9194916990181357,0.7677725118483413,0.6711992867191082
