RMSE,NDCG,F1,MAE
0.00978910850482373,0.012589191983157333,0.0007232208287598629,0.01586295456435638
