RMSE,NDCG,F1,MAE
0.8591561560953738,0.9069025070349783,0.7670492910195814,0.6553363321547518
