RMSE,NDCG,F1,MAE
0.013269090578588383,0.020512383304456483,0.002021968004863983,0.011506342090970012
