RMSE,NDCG,F1,MAE
0.842875627538724,0.9202183187040379,0.7578200580457917,0.6658887887088363
