RMSE,NDCG,F1,MAE
0.8561447181173124,0.8997059353995814,0.7557980900409277,0.6543824466178663
