RMSE,NDCG,F1,MAE
0.8488780342723778,0.9203119622811733,0.7417085427135678,0.6752652587551872
