RMSE,NDCG,F1,MAE
0.8638370418187931,0.9003868628225224,0.7374380750176929,0.6644821014332009
