RMSE,NDCG,F1,MAE
0.014959007546415215,0.01992509945865084,0.004270467695874913,0.010783157321986314
