RMSE,NDCG,F1,MAE
95.08267914548095,100.27378725950156,110.39129069402283,95.82954557361968
