RMSE,NDCG,F1,MAE
92.80617615727026,101.36010501519274,108.0465757517098,93.5658633811707
