RMSE,NDCG,F1,MAE
93.81744775903972,103.07315909679748,110.62526074259493,96.40907993677484
