RMSE,NDCG,F1,MAE
95.64351754091793,99.73746786121252,108.4754106476578,96.20341934159649
