RMSE,NDCG,F1,MAE
0.18925202329168633,0.0064123351316773824,0.15049418338969328,0.15001416078209817
