RMSE,NDCG,F1,MAE
1.217723868961424,0.8031491447513225,0.4816753926701571,0.9725616761339742
