RMSE,NDCG,F1,MAE
1.0284718456697377,0.8095614798829999,0.6321695760598504,0.822547515351876
