RMSE,NDCG,F1,MAE
0.19074468108606268,0.005283465920845609,0.14213682005345663,0.14934409006650584
