RMSE,NDCG,F1,MAE
1.0424344407078043,0.7974842839424321,0.6250764525993884,0.8330549843325685
