RMSE,NDCG,F1,MAE
1.233179121793867,0.7922008180215865,0.48293963254593175,0.9823990743990744
