RMSE,NDCG,F1,MAE
1.031029835081243,0.8078414953361186,0.6244458518049398,0.821611683397592
