RMSE,NDCG,F1,MAE
0.18243600568853235,0.00677088708850071,0.1423266465069266,0.14736035221284605
