RMSE,NDCG,F1,MAE
1.2134658407697754,0.8010706082476179,0.4821192052980132,0.9689720356104381
