RMSE,NDCG,F1,MAE
1.220899883215972,0.800857221975513,0.4896373056994819,0.9719935345455021
