RMSE,NDCG,F1,MAE
0.19403548679473226,0.007549719108327357,0.15173356333356586,0.15361383047590782
