RMSE,NDCG,F1,MAE
1.0268643964212398,0.8084069410838404,0.6413708690330477,0.8183797040695943
