RMSE,NDCG,F1,MAE
1.2272544470955802,0.7981924678789784,0.5031766200762389,0.9736659577059632
