RMSE,NDCG,F1,MAE
0.19350363819896477,0.012425192056170764,0.14413130490863713,0.1542053824324705
