RMSE,NDCG,F1,MAE
1.0337508088966154,0.8106176599351491,0.647307924984876,0.8194605752734927
