RMSE,NDCG,F1,MAE
1.0317522683416382,0.805755672292367,0.6409785932721712,0.8192407167325296
