RMSE,NDCG,F1,MAE
0.19523195828768047,0.011329045996880005,0.14934410163767958,0.15580976923120993
