RMSE,NDCG,F1,MAE
1.2269842266293187,0.794426626295487,0.49163449163449163,0.9750504859637396
