RMSE,NDCG,F1,MAE
0.18250786501268124,0.005083688291131483,0.14738799070777575,0.14746625235305533
