RMSE,NDCG,F1,MAE
1.213732051138747,0.8010624917167817,0.47745358090185674,0.9692124661213802
