RMSE,NDCG,F1,MAE
1.0312241861260658,0.8061461800079132,0.6248415716096325,0.8217462137683249
