RMSE,NDCG,F1,MAE
1.0260392344664193,0.8073156321854774,0.6135922330097088,0.8204036342095675
