RMSE,NDCG,F1,MAE
0.17997116519392464,0.010958145757312687,0.153537136590976,0.14528666364916187
