RMSE,NDCG,F1,MAE
1.206010399660344,0.7963574864281647,0.46005509641873277,0.9656902978587294
