RMSE,NDCG,F1,MAE
0.1608897846964774,0.06961632283562169,0.10390436422960236,0.13100843774205795
