RMSE,NDCG,F1,MAE
0.8953616218729761,0.909140199836789,0.75635103926097,0.7059729399840564
