RMSE,NDCG,F1,MAE
1.0562514065694535,0.8395238770011673,0.6524466750313677,0.8369813777261144
