RMSE,NDCG,F1,MAE
1.1120051883939486,0.8256487629046967,0.626984126984127,0.8773094644213814
