RMSE,NDCG,F1,MAE
0.9639523230395242,0.8878471990774269,0.7271619975639464,0.7519179568293554
