RMSE,NDCG,F1,MAE
0.1480528653544244,0.06219843617273024,0.10017787057981942,0.125391507592026
