RMSE,NDCG,F1,MAE
0.9982926919122058,0.8516572612204143,0.6952054794520548,0.7881005048596086
