RMSE,NDCG,F1,MAE
1.1781855043747276,0.8438299127786066,0.5823389021479713,0.9331684237409621
