RMSE,NDCG,F1,MAE
0.17989281246252176,0.007827348441807658,0.11286657730408345,0.1450679188813535
