RMSE,NDCG,F1,MAE
1.0421566730787912,0.8655903064735606,0.6508563899868248,0.8222455933695457
