RMSE,NDCG,F1,MAE
0.15548766202289777,0.04069432932653938,0.11050071179580889,0.12487498454788759
