RMSE,NDCG,F1,MAE
0.8866690110558935,0.9062846358001,0.7613571017826337,0.6973706088216581
