RMSE,NDCG,F1,MAE
0.09012830499329927,0.05933425372084722,0.07452739865253011,0.06618256135626732
