RMSE,NDCG,F1,MAE
1.153990602039884,0.7481095550199893,0.5392354124748491,0.9075005821475467
