RMSE,NDCG,F1,MAE
1.0638622970465847,0.8074438087408365,0.6137628111273792,0.8413180207912794
