RMSE,NDCG,F1,MAE
1.1724016038311966,0.7558503281342259,0.6178571428571429,0.9245319100850123
