RMSE,NDCG,F1,MAE
1.0734834718330566,0.8125663596816498,0.6477024070021882,0.8536424998347181
