RMSE,NDCG,F1,MAE
0.09891813199814004,0.056716031547423884,0.02984526414504529,0.07088941025029427
