RMSE,NDCG,F1,MAE
1.0632206501261763,0.8078746387941823,0.6392492409605299,0.8458707092105722
