RMSE,NDCG,F1,MAE
0.08777588792977653,0.054889676976524804,0.049930640592205755,0.06352767652992997
