RMSE,NDCG,F1,MAE
1.1509965380559528,0.7529849618176575,0.5893186003683242,0.9093983857405021
