RMSE,NDCG,F1,MAE
1.1510254312364814,0.7341778386132909,0.5955882352941176,0.9058839054878928
