RMSE,NDCG,F1,MAE
0.0924660663955128,0.07861947615957465,0.053371238966561485,0.06673354416349231
