RMSE,NDCG,F1,MAE
1.0585593648409686,0.8127973147728655,0.6489594742606791,0.8391503613244005
