RMSE,NDCG,F1,MAE
0.08879914839576175,0.055300334600290824,0.0470093509221593,0.06922556526795398
