RMSE,NDCG,F1,MAE
1.1630751675971012,0.7522739066636766,0.6014492753623188,0.9193449965747283
