RMSE,NDCG,F1,MAE
1.0742760192013394,0.8075742412639674,0.6484586262844781,0.8501194313067744
