RMSE,NDCG,F1,MAE
0.09688914719761055,0.06672315036672594,0.05188687349874599,0.07065820117893429
