RMSE,NDCG,F1,MAE
1.1611821528317574,0.7458623199598714,0.5989110707803993,0.9137882494473484
