RMSE,NDCG,F1,MAE
1.0642930056341469,0.8125854703265973,0.6507979442791453,0.8431300482684141
