RMSE,NDCG,F1,MAE
1.0633275745901858,0.8079099948134214,0.6390728476821192,0.8459374618314285
