RMSE,NDCG,F1,MAE
0.08781187423911319,0.0549250329957639,0.049754247313795075,0.06356033934179672
