RMSE,NDCG,F1,MAE
1.151139448829299,0.7529849618176575,0.5893186003683242,0.9094978011732252
