RMSE,NDCG,F1,MAE
1.0638723571646544,0.8125602117313083,0.6257142857142857,0.8487674794663865
