RMSE,NDCG,F1,MAE
1.1366264712035334,0.74783371123465,0.5675146771037182,0.9026299060394841
