RMSE,NDCG,F1,MAE
0.07275411403887899,0.06472650049665829,0.0581996086105675,0.05386242657309759
