RMSE,NDCG,F1,MAE
0.8271986931288103,0.90227713392452,0.7757464960390006,0.6674615540465596
