RMSE,NDCG,F1,MAE
0.1026443168474569,0.022577249382745412,0.118287932503089,0.07316451165974591
