RMSE,NDCG,F1,MAE
0.9298430099762672,0.8796998845417746,0.6574585635359116,0.7406260657063055
