RMSE,NDCG,F1,MAE
0.10713095711092424,0.019106801780319427,0.10379726058497518,0.07818528697658489
