RMSE,NDCG,F1,MAE
0.8398990024603785,0.896236028073634,0.7744009351256576,0.6685282896338989
