RMSE,NDCG,F1,MAE
0.9470299595713028,0.8771292262933146,0.6706036745406824,0.7467135766104838
