RMSE,NDCG,F1,MAE
0.09841700555680655,0.02404457260978421,0.10146218579723054,0.07559093084631541
