RMSE,NDCG,F1,MAE
0.9198285735848644,0.8793801109641126,0.6781685467816855,0.7224415427604132
