RMSE,NDCG,F1,MAE
0.8214115680280578,0.9034246835738968,0.779630732578916,0.6468506119140978
