RMSE,NDCG,F1,MAE
0.10330359389047383,0.0209676555083097,0.10821484337216214,0.07517696426624354
