RMSE,NDCG,F1,MAE
0.9271389090046949,0.879925279823426,0.6790697674418604,0.7307348684399282
