RMSE,NDCG,F1,MAE
0.823835315114221,0.9008929353317358,0.7872846108140226,0.6555579041736846
