RMSE,NDCG,F1,MAE
0.9250329917205744,0.8802351329481188,0.6860090264345583,0.7245032276902227
