RMSE,NDCG,F1,MAE
0.8204636829380425,0.9029842770896781,0.7901955062737088,0.6419129624388927
