RMSE,NDCG,F1,MAE
0.1045693087825319,0.022749144141559263,0.10418647983915053,0.08259026525132995
