RMSE,NDCG,F1,MAE
0.10698485443650574,0.02255606945107591,0.11121348628052674,0.0774811063895241
