RMSE,NDCG,F1,MAE
0.8233742039993276,0.9005264592291544,0.7867101750222486,0.6557850672863555
