RMSE,NDCG,F1,MAE
0.9303590584358333,0.8779703897780785,0.6754966887417219,0.7332661736758797
