RMSE,NDCG,F1,MAE
0.8214738673220118,0.9032580294301531,0.7792672028596962,0.64686957944691
