RMSE,NDCG,F1,MAE
0.09788939371681427,0.025148654648117996,0.10109865607801072,0.07531557009043344
