RMSE,NDCG,F1,MAE
0.919363261038826,0.8781093747820351,0.6781685467816855,0.7221851495373435
