RMSE,NDCG,F1,MAE
0.9291893074055904,0.8777180885054584,0.656984785615491,0.7278597829242744
