RMSE,NDCG,F1,MAE
0.10039486333837522,0.024455995523455343,0.10919348056277522,0.07271134005490187
