RMSE,NDCG,F1,MAE
0.8287944440672151,0.9021740840289137,0.7661782661782662,0.6551484428693726
