RMSE,NDCG,F1,MAE
0.9491843130139818,0.8820592140304717,0.7217806041335453,0.7492232142500789
