RMSE,NDCG,F1,MAE
0.990014565448964,0.8689173037458153,0.6747868453105969,0.7831657649031583
