RMSE,NDCG,F1,MAE
0.040830252434982284,0.013141910284656388,0.04699375882294843,0.033942550653079384
