RMSE,NDCG,F1,MAE
0.06365505460354792,0.041422647792318634,0.05331280655902049,0.05300360194801046
