RMSE,NDCG,F1,MAE
0.9981679207670557,0.8865584866190246,0.6958934517203108,0.7860335337761309
