RMSE,NDCG,F1,MAE
1.0618229753706037,0.845135838826706,0.6425806451612903,0.8390371357241414
