RMSE,NDCG,F1,MAE
0.07405384026128448,0.014603761959208872,0.046220498968609136,0.06234394420381917
