RMSE,NDCG,F1,MAE
1.1124348546615421,0.8284617672539517,0.6292134831460674,0.883876176258697
