RMSE,NDCG,F1,MAE
1.0383810144002577,0.8430655292131606,0.6754339821146765,0.8215322320548778
