RMSE,NDCG,F1,MAE
0.9322528494569245,0.8971973435183647,0.73315649867374,0.7373362593541527
