RMSE,NDCG,F1,MAE
0.04063932144869187,0.010767040260113214,0.05083264206063742,0.026221596835143135
