RMSE,NDCG,F1,MAE
0.9728921709056164,0.8864303032582515,0.6823238566131026,0.7635578561892958
