algorithm,georisk
SVD,0.7738433420631579
BIASEDMF,0.777639501325819
NMF,0.7668344870378825
StochasticItemKNN,0.7469881981260944
BayesianRidge,0.7229972134487144
Tweedie,0.7208937366384797
Ridge,0.7229731024619995
RandomForest,0.7226109487160847
Bagging,0.7208829280768589
AdaBoost,0.7232898968016308
GradientBoosting,0.7233946543841739
LinearSVR,0.7217535405604063
