algorithm,georisk
SVD,0.8039433486406442
BIASEDMF,0.8085593030131331
NMF,0.7952732612222586
StochasticItemKNN,0.770881205411955
BayesianRidge,0.7457454264460335
Tweedie,0.7447394915908135
Ridge,0.7457150784931493
RandomForest,0.7456209916887089
Bagging,0.7432931462373028
AdaBoost,0.7465262717984695
GradientBoosting,0.7465341933903367
LinearSVR,0.7434800464542805
