RMSE,NDCG,F1,MAE
0.8736044320671975,0.8884047268051413,0.7276995305164319,0.689983538910361
