RMSE,NDCG,F1,MAE
0.10023579410198225,0.008303289759461041,0.04252903091294258,0.07288964083066019
