RMSE,NDCG,F1,MAE
0.9738402261691798,0.8801014370456802,0.6851704996034893,0.7628731797410212
