RMSE,NDCG,F1,MAE
0.9146518318893871,0.8672390032097541,0.6975259377494014,0.719386907519423
