RMSE,NDCG,F1,MAE
0.12426725737464828,0.00047865642344369075,0.028402268625732252,0.09677571654425954
