RMSE,NDCG,F1,MAE
1.0389190892640354,0.8667603467863104,0.6691236691236692,0.8161626240636826
