RMSE,NDCG,F1,MAE
1.10195555118528,0.8439789136854788,0.6815262561390253,0.8545759446037503
