RMSE,NDCG,F1,MAE
0.9845746969481375,0.8242099590225513,0.6576862123613312,0.77328233879525
