RMSE,NDCG,F1,MAE
0.11738085423714262,0.019768954662927496,0.02384004377769411,0.08129360580850031
