RMSE,NDCG,F1,MAE
0.9583011759314988,0.8869908648130883,0.7017543859649122,0.7514530339760244
