RMSE,NDCG,F1,MAE
0.08657400260986281,0.003188156830525757,0.017738482497845265,0.0624019486295837
