RMSE,NDCG,F1,MAE
0.871727173321636,0.8901790216436141,0.7194928684627575,0.6890510853464407
