RMSE,NDCG,F1,MAE
98.96231271711065,103.48403862890268,91.7418658278128,98.19325237586054
