RMSE,NDCG,F1,MAE
98.4343827364697,101.620984020931,92.82343256962547,98.48355554943993
