RMSE,NDCG,F1,MAE
98.64850612100689,101.0675426963833,91.29850541615248,97.30537721493518
