RMSE,NDCG,F1,MAE
98.26514115280163,102.35228792585373,91.2418944430764,97.41836202567964
