RMSE,NDCG,F1,MAE
99.06112121110013,101.59895979587365,93.91204051953262,97.61169239938977
