RMSE,NDCG,F1,MAE
98.12778708106302,102.10858072424148,87.39036392526897,97.09765462756648
