RMSE,NDCG,F1,MAE
98.6796929816729,101.05726958047958,90.96563011456628,97.32346463379533
