RMSE,NDCG,F1,MAE
99.20976864983791,101.52066496920213,88.68362365137725,97.7698405359235
