RMSE,NDCG,F1,MAE
1.1732698105616641,0.6060051810067337,0.4558139534883721,0.9621106841309366
