RMSE,NDCG,F1,MAE
0.10195647972057476,0.23473321912497547,0.2000393610391314,0.11121688750077907
