RMSE,NDCG,F1,MAE
1.0713133308410894,0.8407384001317092,0.6558533145275035,0.8508937966301575
