RMSE,NDCG,F1,MAE
1.1959107647922766,0.5650062798432232,0.430622009569378,0.982332029861358
