RMSE,NDCG,F1,MAE
1.0864373174829502,0.8297804506528069,0.6404657933042213,0.8643755911353076
