RMSE,NDCG,F1,MAE
0.1094734473093264,0.26477417080958376,0.20984378373484325,0.11795643872605044
