RMSE,NDCG,F1,MAE
1.073585962976669,0.8422735866239324,0.6422287390029325,0.8516516449367767
