RMSE,NDCG,F1,MAE
1.174043794954462,0.5816461308393925,0.4230769230769231,0.9633056472651427
