RMSE,NDCG,F1,MAE
0.1004578319777929,0.26062745578453983,0.21915181592600946,0.11165400232836598
