RMSE,NDCG,F1,MAE
1.0720240328918509,0.8449375924135216,0.6542591267000716,0.8481442428385002
