RMSE,NDCG,F1,MAE
1.18823506559375,0.56417880107196,0.44339622641509435,0.9762571961139214
