RMSE,NDCG,F1,MAE
0.11621103270189903,0.2807587913415617,0.21086290028497723,0.12811295327542116
