RMSE,NDCG,F1,MAE
1.0747067703052935,0.8407070440795389,0.6600846262341326,0.8458230286481992
