RMSE,NDCG,F1,MAE
0.10292730556912288,0.26753991837198676,0.19579891194841825,0.11853989644136531
