RMSE,NDCG,F1,MAE
1.1776340758744164,0.5731671257075521,0.4642857142857143,0.9643629250895646
