RMSE,NDCG,F1,MAE
0.11003885483751907,0.2791966823172781,0.22505218621723483,0.12168051057213314
