RMSE,NDCG,F1,MAE
1.068738224744777,0.8415910187628005,0.6522366522366523,0.8450519022498271
