RMSE,NDCG,F1,MAE
1.178777079582296,0.5623943364455224,0.42718446601941745,0.9667324128219602
