RMSE,NDCG,F1,MAE
1.1739169805185485,0.587904827866347,0.430622009569378,0.9630674446082336
