RMSE,NDCG,F1,MAE
0.09967272013887563,0.25400689262748233,0.21108136781681874,0.11096770052224836
