RMSE,NDCG,F1,MAE
1.074244260379673,0.8419117204938293,0.6417033773861968,0.8520997440859852
