RMSE,NDCG,F1,MAE
1.0743776888009748,0.8466017461210216,0.6189024390243902,0.8528697992730679
