RMSE,NDCG,F1,MAE
1.173476599854903,0.5647784943988368,0.3877551020408163,0.9608470806197474
