RMSE,NDCG,F1,MAE
0.09909891105392821,0.2818232517221848,0.23114733698357393,0.1079772813466795
