RMSE,NDCG,F1,MAE
116.78951311580714,112.82113399008927,107.22653167753136,115.48620540054766
