RMSE,NDCG,F1,MAE
116.24038288321732,119.57869549631855,113.39079251629178,114.08854500397405
