RMSE,NDCG,F1,MAE
116.5848508121552,113.03097404579303,105.26315789473684,115.08616879976007
