RMSE,NDCG,F1,MAE
117.42189781252048,116.26384485886834,106.46037514223836,115.25706846415093
