RMSE,NDCG,F1,MAE
117.70660102896595,111.70747100578726,106.43977310643977,115.86422219367066
