RMSE,NDCG,F1,MAE
117.04315617495928,113.5904950257838,110.25060172731136,115.2114755246167
