RMSE,NDCG,F1,MAE
116.58170565632611,113.07420716447677,106.28434886499403,115.06418099560898
