RMSE,NDCG,F1,MAE
116.9358024175378,111.17250371335115,104.1542193652416,115.87888748721173
