RMSE,NDCG,F1,MAE
91.17455809048128,101.27764090678065,103.94758541400644,91.13764762686881
