RMSE,NDCG,F1,MAE
89.28883414445214,100.06247460135482,103.02310718274974,89.00565798089038
