RMSE,NDCG,F1,MAE
94.80568196593882,101.55872369505028,108.69265358125253,95.66261672790415
