RMSE,NDCG,F1,MAE
92.50699074108451,101.11511947562713,104.48099398667023,91.5493577196272
