RMSE,NDCG,F1,MAE
1.0657751954062,0.8625364958813309,0.6261216350947159,0.8424073746666483
