RMSE,NDCG,F1,MAE
0.13922508723966187,0.025197830208695704,0.07478470931616032,0.10950179618844413
