RMSE,NDCG,F1,MAE
0.9265501081665382,0.8877343260900266,0.7009063444108762,0.7329055784782041
