RMSE,NDCG,F1,MAE
0.15838036355726515,0.01724388379221886,0.08418527781434193,0.13218600733112884
