RMSE,NDCG,F1,MAE
0.9713784330772794,0.8802449446097881,0.6823161189358372,0.7630293174522753
