RMSE,NDCG,F1,MAE
1.1297587966345446,0.8630010608175692,0.5981308411214953,0.8952153247834042
