RMSE,NDCG,F1,MAE
0.15285688914292006,0.0002705699864278266,0.07114706098047896,0.11863780680766067
