RMSE,NDCG,F1,MAE
1.186417863139073,0.8327019407359523,0.6032045240339302,0.9360561008191999
