RMSE,NDCG,F1,MAE
1.0335609739961529,0.8329725107223801,0.6743515850144092,0.8174182940115392
