RMSE,NDCG,F1,MAE
0.9124986202025127,0.888220374662995,0.702020202020202,0.7227413711491573
