RMSE,NDCG,F1,MAE
0.14876378100191556,0.01561026949492128,0.06792249514084003,0.11751600106019455
