RMSE,NDCG,F1,MAE
1.0612624012044283,0.8726101051680737,0.634097706879362,0.8402573722093518
