RMSE,NDCG,F1,MAE
102.66753637137282,98.49594742289152,96.29297881271073,102.2125703446648
