RMSE,NDCG,F1,MAE
102.4858119496088,97.04274722364732,95.18159215677056,102.86175155952594
