RMSE,NDCG,F1,MAE
102.39082073528299,98.23506034102917,96.4695053704861,102.50557100774064
