RMSE,NDCG,F1,MAE
102.56178491184056,97.80225470204874,96.28406865113175,102.39405632890511
