RMSE,NDCG,F1,MAE
102.27399318624508,98.19756448034572,95.79926866755045,102.56515881504338
