RMSE,NDCG,F1,MAE
102.62720937485375,97.318233040654,98.27107843137254,102.44875419890913
