RMSE,NDCG,F1,MAE
102.3919366539705,98.30601024567582,96.49169246923736,102.50775352944883
