RMSE,NDCG,F1,MAE
102.42832802456483,97.93984445855942,94.28056502960821,102.6503315452218
