RMSE,NDCG,F1,MAE
101.52577599097619,95.50843457126953,105.31555292975756,102.14567042162055
