RMSE,NDCG,F1,MAE
100.14984310063622,97.80718256728453,105.72788306280276,100.2366385280754
