RMSE,NDCG,F1,MAE
100.7555722989548,95.64886517257824,103.06765038267534,101.57747911141031
