RMSE,NDCG,F1,MAE
100.86012800096209,95.35361091855692,102.39844866299244,101.25036351193215
