RMSE,NDCG,F1,MAE
100.40924427094657,95.81908107558552,102.7856603311353,101.01964282755831
