RMSE,NDCG,F1,MAE
101.16235121338302,96.47102275988264,102.20590757830456,101.67805737818121
