RMSE,NDCG,F1,MAE
100.75955341527776,95.29493851530394,103.00136500737544,101.60297145107715
