RMSE,NDCG,F1,MAE
99.84850906748017,96.67437193854215,105.56862599421324,100.48319461240001
