RMSE,NDCG,F1,MAE
0.928795753659409,0.9138829151445468,0.7498036135113905,0.7219722298839419
