RMSE,NDCG,F1,MAE
0.8506955448830166,0.8921261464728758,0.7424242424242424,0.6635778235723915
