RMSE,NDCG,F1,MAE
0.07810020877639245,0.02175676867167098,0.0073793710871480345,0.05839440631155046
