RMSE,NDCG,F1,MAE
0.9691078019913759,0.8904108476073093,0.7187751813053989,0.7562588383634108
