RMSE,NDCG,F1,MAE
0.8781845717937823,0.8882281092085064,0.7183308494783904,0.6870706485082141
