RMSE,NDCG,F1,MAE
0.09092323019759363,0.002182738398802897,0.0004443318270084262,0.0691881898551967
