RMSE,NDCG,F1,MAE
1.0056848942467032,0.853875492097927,0.6737612238111074,0.7862828676290032
