RMSE,NDCG,F1,MAE
1.0836330415861644,0.8469476627570606,0.719038495035708,0.840393976317187
