RMSE,NDCG,F1,MAE
0.0779481473394612,0.006927829340866443,0.04527727122460068,0.05411110868818381
