RMSE,NDCG,F1,MAE
0.8480360376802634,0.8967257828629772,0.7366087920206871,0.6621511593108376
