RMSE,NDCG,F1,MAE
0.9286282486639216,0.9068945847449383,0.7429025213420687,0.7262416630032813
