RMSE,NDCG,F1,MAE
0.08059221098365821,0.01016880188196112,0.006293729321381614,0.06409050369244373
