algorithm,georisk
SVD,0.7158084155993901
BIASEDMF,0.7153073436316187
NMF,0.7006703747864781
StochasticItemKNN,0.6827042376075642
BayesianRidge,0.6694442009559172
Tweedie,0.6686037739215398
Ridge,0.669362366581103
RandomForest,0.6703368265561631
Bagging,0.6668487957056327
AdaBoost,0.6690310029136539
GradientBoosting,0.6685220191741653
LinearSVR,0.669308018206364
