algorithm,georisk
SVD,0.7698400099863726
BIASEDMF,0.7681848561158344
NMF,0.7503959015134795
StochasticItemKNN,0.7344770855516637
BayesianRidge,0.7189544546477132
Tweedie,0.7187732015797503
Ridge,0.7188240042006946
RandomForest,0.7214325313833247
Bagging,0.7162192027633257
AdaBoost,0.7210988335607572
GradientBoosting,0.7190339360342792
LinearSVR,0.7177169308250594
