RMSE,NDCG,F1,MAE
90.35765399614839,99.21931450745386,105.29387635258254,89.5939137490017
