RMSE,NDCG,F1,MAE
90.04670041055208,99.31799996360304,107.12110831462456,89.06104367139659
