RMSE,NDCG,F1,MAE
93.00728216107944,100.85249206752076,113.0723307699242,93.04536379676514
