RMSE,NDCG,F1,MAE
89.79881151927445,99.53097537031098,105.59017914242617,88.36826177002149
