RMSE,NDCG,F1,MAE
0.08997057753789406,0.11072574617712572,0.029490482324316614,0.062212970183343486
