RMSE,NDCG,F1,MAE
1.1046538603961615,0.800637810828542,0.5273722627737226,0.8760933541403031
