RMSE,NDCG,F1,MAE
1.1946244379340556,0.6899120646514163,0.5568627450980392,0.9383063243236466
