RMSE,NDCG,F1,MAE
1.114745857671782,0.8072344498020271,0.5246053853296193,0.8852058739357214
