RMSE,NDCG,F1,MAE
1.2107890433366053,0.7097206287906951,0.5645161290322581,0.9426447848010878
