RMSE,NDCG,F1,MAE
0.0960431856648234,0.09751382101133199,0.03991074370263881,0.057438910865366455
