RMSE,NDCG,F1,MAE
0.09843367196331809,0.11577924845169463,0.04883178909538033,0.0753728521856808
