RMSE,NDCG,F1,MAE
1.099996237367955,0.8012337998007677,0.5154835636017151,0.8778162634079842
