RMSE,NDCG,F1,MAE
1.1984299093312731,0.6854545513490731,0.5643153526970954,0.953189115593665
