RMSE,NDCG,F1,MAE
0.10229602161198059,0.11657738704519616,0.01854888201202398,0.06833411904451836
