RMSE,NDCG,F1,MAE
1.102758531736281,0.8042433506304479,0.5276358569437993,0.8737600695112495
