RMSE,NDCG,F1,MAE
1.2050545533482615,0.6876659635852518,0.5461847389558233,0.9420941885557679
