RMSE,NDCG,F1,MAE
0.10200352264450396,0.11094356063409205,0.02762637819846059,0.0804755592755304
