RMSE,NDCG,F1,MAE
1.1035030065438647,0.8024164053433485,0.5336384439359267,0.8760337572437098
