RMSE,NDCG,F1,MAE
1.2055065291883686,0.6914728447092564,0.5612648221343873,0.9565093165192402
