RMSE,NDCG,F1,MAE
1.104962377157079,0.8001669786340132,0.5170640486208509,0.876647758020561
