RMSE,NDCG,F1,MAE
1.1871327854051699,0.7024351874786878,0.5542168674698795,0.9355888981441806
