RMSE,NDCG,F1,MAE
0.08217040824809096,0.09773179115532538,0.03715281884902866,0.058941140123619506
