RMSE,NDCG,F1,MAE
1.1987776272414723,0.6847827869835273,0.5702479338842975,0.953234106790723
