RMSE,NDCG,F1,MAE
0.09840222378086882,0.11741111380067437,0.05451866791670934,0.07512695519053048
