RMSE,NDCG,F1,MAE
1.1003754034606035,0.8021939007842017,0.5157292659675882,0.8781071516001925
