RMSE,NDCG,F1,MAE
1.1928850042123018,0.6991907760366356,0.5546218487394958,0.9507307739418912
