RMSE,NDCG,F1,MAE
0.09538235898284797,0.10357178517571508,0.05412630860074463,0.07220541496219435
