RMSE,NDCG,F1,MAE
1.0975026452294538,0.8027625612123507,0.5004955401387512,0.8785253589796969
