RMSE,NDCG,F1,MAE
0.19214002933593122,0.03430249064855051,0.11968951449478171,0.14880669709858396
