RMSE,NDCG,F1,MAE
0.912053631263471,0.8881368142137279,0.7225186766275347,0.7251358627883676
