RMSE,NDCG,F1,MAE
1.1041936605994023,0.8538343235651774,0.602829162132753,0.8739425598869516
