RMSE,NDCG,F1,MAE
1.19064558130039,0.831257492656107,0.5743473325766175,0.9491459860974598
