RMSE,NDCG,F1,MAE
0.22922981320606362,0.059890366799398964,0.11237230419977295,0.18883877882817046
