RMSE,NDCG,F1,MAE
0.9614157680943264,0.891147859455506,0.6867196367763905,0.7603072072692894
