RMSE,NDCG,F1,MAE
1.2663670492875458,0.8210188633029183,0.5546038543897216,1.0034069856685595
