RMSE,NDCG,F1,MAE
1.0060969094938879,0.8388811591468341,0.6926272066458983,0.7950156848681464
