RMSE,NDCG,F1,MAE
0.260270139793658,0.017862295843915854,0.13802335225617668,0.20839130080041302
