RMSE,NDCG,F1,MAE
0.2081420845451244,0.05282450227945634,0.1284207119898586,0.16214483648668354
