RMSE,NDCG,F1,MAE
0.8901042284205781,0.8957929741993967,0.7270754205100379,0.7057604751591825
