RMSE,NDCG,F1,MAE
1.0982463129657025,0.8429684719199404,0.5986547085201793,0.867905311645866
