RMSE,NDCG,F1,MAE
0.05378013633626433,0.032217104467248014,0.06939790420934233,0.05029863188810613
