RMSE,NDCG,F1,MAE
0.9798213541315298,0.8600359736270545,0.7263157894736842,0.7713684625276586
