RMSE,NDCG,F1,MAE
0.0684032645245668,0.011013792528904776,0.08443012999071497,0.06431446601716606
