RMSE,NDCG,F1,MAE
0.920150574817646,0.8933069977032915,0.6551532033426184,0.7160730831565013
