RMSE,NDCG,F1,MAE
0.9278798334425632,0.889694985148843,0.660387811634349,0.7186859083831433
