RMSE,NDCG,F1,MAE
0.06777436683599825,0.018811360210265193,0.06378624095827468,0.061801655040233716
