RMSE,NDCG,F1,MAE
0.9768414564279038,0.8659130407796957,0.7357512953367875,0.7658752645477228
