RMSE,NDCG,F1,MAE
0.9236130857817643,0.8939749615155497,0.661878453038674,0.7170259641332668
