RMSE,NDCG,F1,MAE
0.0532283706461395,0.028061920735854007,0.07387284229811353,0.04884930041445601
