RMSE,NDCG,F1,MAE
0.9895923011972962,0.8826553329387649,0.7395833333333334,0.7806928699814581
