RMSE,NDCG,F1,MAE
0.06867884734804774,0.010296913265194663,0.08295011148272025,0.0640292154353701
