RMSE,NDCG,F1,MAE
0.9209134538492485,0.8929522462039595,0.6566332218506131,0.716663654546088
