RMSE,NDCG,F1,MAE
0.9238065896629195,0.8916107397927532,0.638840579710145,0.7227855216699494
