algorithm,georisk
SVD,0.8071125800280259
BIASEDMF,0.8078212948507525
NMF,0.7935176186182451
StochasticItemKNN,0.7796577250092094
BayesianRidge,0.7596534248799397
Tweedie,0.7607969069769882
Ridge,0.7595949231697999
RandomForest,0.7589834198741106
Bagging,0.755573336922435
AdaBoost,0.7573731880439682
GradientBoosting,0.7586023076746297
LinearSVR,0.7592580804485594
