algorithm,georisk
SVD,0.7767701223019158
BIASEDMF,0.7769059856251997
NMF,0.7570610706883167
StochasticItemKNN,0.7421522788233172
BayesianRidge,0.7180556223672487
Tweedie,0.7207531265663885
Ridge,0.7179590079084321
RandomForest,0.7191456869609802
Bagging,0.7141644452172227
AdaBoost,0.719061988024574
GradientBoosting,0.718942797506032
LinearSVR,0.7155710025971986
