algorithm,georisk
SVD,0.9929128182197933
BIASEDMF,0.9968832577662857
NMF,0.9886182426219964
StochasticItemKNN,0.9693525101775291
BayesianRidge,0.953107999412731
Tweedie,0.9522586677240599
Ridge,0.9530943255002498
RandomForest,0.9539185035148456
Bagging,0.9507142652048014
AdaBoost,0.9552881552754053
GradientBoosting,0.9549063149043711
LinearSVR,0.9521385089775861
