algorithm,georisk
SVD,0.9714056900551848
BIASEDMF,0.976197919075476
NMF,0.9667201478431686
StochasticItemKNN,0.9388446472964305
BayesianRidge,0.9202800089742899
Tweedie,0.9202167357196376
Ridge,0.920259957299677
RandomForest,0.9206320426630554
Bagging,0.9172802923519322
AdaBoost,0.9224184382444462
GradientBoosting,0.9220302342107733
LinearSVR,0.9180329494152054
