RMSE,NDCG,F1,MAE
0.031176428191405314,0.04797246720155357,0.05368389942752061,0.04538536747712141
