RMSE,NDCG,F1,MAE
0.8074822721302534,0.9525487711054011,0.8076009501187649,0.6161257996013156
