RMSE,F1,MAE
0.8106223236770125,0.8047058823529412,0.6180663173940822
