RMSE,F1,MAE
0.030071465936341357,0.052954568867827345,0.04530999268416569
