RMSE,NDCG,F1,MAE
0.8386587003216587,0.9045763039038476,0.7539170506912443,0.661511167078437
