RMSE,NDCG,F1,MAE
0.040168741648759276,0.02268384295614556,0.06236371416884623,0.05345346910537352
