RMSE,F1,MAE
0.8076080176244594,0.8212226066897347,0.6117061922700522
