RMSE,NDCG,F1,MAE
0.8440186624919795,0.9059647260387883,0.7595221996844715,0.6629369185708939
