RMSE,NDCG,F1,MAE
0.8038499208432203,0.9286485689949339,0.8218859138533178,0.6094834494655204
