RMSE,F1,MAE
0.03929276252099512,0.06419923118040594,0.05411182227756706
