RMSE,F1,MAE
0.8469007801454546,0.7570233755093287,0.6658180145476192
