RMSE,F1,MAE
0.7862671563361194,0.8291571753986332,0.5920312894837073
