RMSE,NDCG,F1,MAE
0.8271535509739839,0.9104469974805912,0.7708846584546473,0.6486668489099159
