RMSE,F1,MAE
0.043302539098590165,0.060319372078071254,0.05832284675712962
