RMSE,NDCG,F1,MAE
0.7825563875070147,0.9448290007314623,0.832183908045977,0.5898363126314258
