RMSE,NDCG,F1,MAE
0.04459716346696918,0.03438200325087104,0.06129924959132971,0.05883053627849011
