RMSE,NDCG,F1,MAE
0.8298235178958149,0.904420876213824,0.7749389024661186,0.6522200103566123
