RMSE,NDCG,F1,MAE
0.7913890196185768,0.9428414016626695,0.8331415420023015,0.5989152705489394
