RMSE,NDCG,F1,MAE
0.038434498277238105,0.038420525448845444,0.058202639536182876,0.05330473980767281
