RMSE,F1,MAE
0.036687510059499884,0.05749061919573284,0.0528988191405354
