RMSE,F1,MAE
0.7953953497748216,0.830102622576967,0.6012955114762305
