RMSE,F1,MAE
0.040754617950311656,0.05913978494623662,0.0561830524463105
