RMSE,NDCG,F1,MAE
0.8256944152873679,0.9101803858592504,0.7766519823788546,0.6445688511894775
