RMSE,NDCG,F1,MAE
0.04198329260296285,0.034962104909466496,0.05971165398478173,0.056763919768791915
