RMSE,F1,MAE
0.7874431944267211,0.8333333333333334,0.5901158180978533
