RMSE,NDCG,F1,MAE
0.783711122684405,0.9451424907687169,0.8363636363636363,0.5878049314206856
