RMSE,F1,MAE
0.8328551193467997,0.7738947368421053,0.6537001770156741
