RMSE,NDCG,F1,MAE
0.7904074069873972,0.9444203138367216,0.8384879725085911,0.5981963636729738
