RMSE,NDCG,F1,MAE
0.8304871068878693,0.9048559818294467,0.7765486725663717,0.6515848214363614
