RMSE,NDCG,F1,MAE
0.04007969990047211,0.03956433200727494,0.06193929994221936,0.05338845776338763
