RMSE,F1,MAE
0.04333756398097022,0.059376076087856666,0.058327200214843056
