RMSE,NDCG,F1,MAE
0.8271799130197288,0.9106802586679732,0.7708846584546473,0.6486715943123115
