RMSE,F1,MAE
0.8295937991413646,0.768837803320562,0.6503564368796108
