RMSE,NDCG,F1,MAE
0.7825464909924112,0.9448290007314623,0.8312284730195177,0.589833706780589
