RMSE,NDCG,F1,MAE
0.04463342202731757,0.03414874206348906,0.06034381456487048,0.05883788753172248
