RMSE,NDCG,F1,MAE
0.8371514930438517,0.907742176657024,0.7558219967719622,0.660388754022598
