RMSE,NDCG,F1,MAE
0.7877819422205956,0.9436773729511496,0.8137603795966786,0.5993411548075419
