RMSE,F1,MAE
0.7913182385541823,0.8108108108108109,0.601371575438131
