RMSE,NDCG,F1,MAE
0.049369550823256114,0.03593519629412567,0.05793838282471642,0.06104759921505609
