RMSE,NDCG,F1,MAE
1.0415760861126067,0.8669819471154125,0.6480086114101185,0.8159354692652014
