RMSE,NDCG,F1,MAE
0.8657640417131528,0.9029677126718388,0.7049180327868853,0.6871013362677116
