RMSE,NDCG,F1,MAE
0.8814424137144952,0.9036021454771337,0.6916752312435765,0.6969590269771043
