RMSE,NDCG,F1,MAE
0.16736119694468277,0.03866075479844333,0.04744189280809419,0.12482339775542695
