RMSE,NDCG,F1,MAE
0.1601336723981115,0.036620198361721146,0.0436666198334581,0.11897644228809712
