RMSE,NDCG,F1,MAE
1.0331252386578356,0.8643069578733955,0.6574761399787911,0.8119247340231386
