RMSE,NDCG,F1,MAE
0.17876601094408706,0.04698658430309954,0.050610992035140634,0.1345381596961871
