RMSE,NDCG,F1,MAE
0.9086536738818477,0.9057579775822767,0.6948215183509301,0.7143658565345069
