RMSE,NDCG,F1,MAE
1.0874196848259348,0.8587713932791772,0.6442105263157895,0.848904016230694
