RMSE,NDCG,F1,MAE
0.1632079401917086,0.03929813052630171,0.04106404369209038,0.1219763854629129
