RMSE,NDCG,F1,MAE
0.8674922648884384,0.9034707240107942,0.7021166752710377,0.6874143603801489
