RMSE,NDCG,F1,MAE
1.030700205080147,0.8641725934844925,0.6610526315789473,0.8093907458430618
