RMSE,NDCG,F1,MAE
0.16493048648242226,0.026690668449867117,0.03309007645853701,0.12188201901200202
