RMSE,NDCG,F1,MAE
0.9344038131612261,0.8831222153816279,0.6843989769820972,0.7399040200161929
