RMSE,NDCG,F1,MAE
1.0993342996436484,0.8564315469317608,0.6513089005235602,0.861786039028195
