RMSE,NDCG,F1,MAE
0.8971935752184368,0.9108638188212851,0.7615187136873396,0.7007784228080142
