RMSE,NDCG,F1,MAE
0.9210765612708632,0.8994892211089472,0.7449425915800985,0.7249084392378307
