RMSE,NDCG,F1,MAE
0.03841501516453416,0.00678009193071627,0.005908800192981234,0.03640322044176103
