RMSE,NDCG,F1,MAE
0.050002361756476654,0.004090998391846679,0.009514712142141168,0.04536757703761363
