RMSE,NDCG,F1,MAE
0.8587785600539026,0.9040837268905688,0.7674275138803208,0.6643752023662531
