RMSE,NDCG,F1,MAE
0.8710741995143866,0.8953982227171006,0.7544573037222396,0.679540862200217
