RMSE,NDCG,F1,MAE
0.8946468572652412,0.907045965496852,0.7572389186222039,0.6962460418027597
