RMSE,NDCG,F1,MAE
0.8459365836210353,0.9093412566958632,0.7695155816106141,0.6522571283432086
