RMSE,NDCG,F1,MAE
0.04871027364420588,0.0022952911990111735,0.012276662988410125,0.04398891345955114
