RMSE,NDCG,F1,MAE
0.04242092922851615,0.008077907196626044,0.007214039503351755,0.038128450339477205
