RMSE,NDCG,F1,MAE
0.8615583167838525,0.8979272284969172,0.7611336032388664,0.6725049865660477
