RMSE,NDCG,F1,MAE
0.9039792460123687,0.9060051356935432,0.7539195637355146,0.7106334369055249
