RMSE,NDCG,F1,MAE
0.8930221759273643,0.8908213887665803,0.757020757020757,0.6901673592788057
