RMSE,NDCG,F1,MAE
0.9474667489676529,0.9038691246651179,0.7530717399920729,0.7377873487254804
