RMSE,NDCG,F1,MAE
0.0544445730402886,0.013047735898537582,0.00394901702868411,0.04761998944667467
