RMSE,NDCG,F1,MAE
0.9089119501173698,0.9105450754614128,0.7527502254283138,0.7098237823531058
