RMSE,NDCG,F1,MAE
0.031348879855635725,0.01434152922771037,0.022164542131133835,0.033492821016562035
