RMSE,NDCG,F1,MAE
0.8775630702617341,0.8962035462337025,0.73058568329718,0.6763309613365438
