RMSE,NDCG,F1,MAE
0.940908582324282,0.8926893493720701,0.7267678637541651,0.7355505771934656
