RMSE,NDCG,F1,MAE
0.9066617154126851,0.8767199571600631,0.7139013452914799,0.7053251955170348
