RMSE,NDCG,F1,MAE
0.03424686691159684,0.015969392212006994,0.012866518462685272,0.03022538167643085
