RMSE,NDCG,F1,MAE
0.0772045214932977,0.006170102956820633,0.025645950142174523,0.05494322110883776
