RMSE,NDCG,F1,MAE
1.0011003525348168,0.8320122032517722,0.688843813387424,0.7819829970944014
