RMSE,NDCG,F1,MAE
1.0783048740281145,0.8381823062085928,0.7144897635295985,0.8369262182032392
