RMSE,NDCG,F1,MAE
0.9091925946177849,0.909534930366768,0.7501366867140514,0.7118423222788743
