RMSE,NDCG,F1,MAE
0.032122629090656996,0.014778588519421265,0.029888018863252097,0.029575455580262533
