RMSE,NDCG,F1,MAE
0.8770699655271279,0.8947563418473468,0.7202486678507993,0.6822668666986118
