RMSE,NDCG,F1,MAE
107.33476552793924,100.84454934006011,92.60396397448864,108.51724821556958
