RMSE,NDCG,F1,MAE
106.96657109418344,100.47981502399492,93.20558531277644,107.48487615642173
