RMSE,NDCG,F1,MAE
107.61024382604634,100.16971370947884,92.28230307722785,108.23660322571043
