RMSE,NDCG,F1,MAE
107.93312349007667,101.06402873575252,91.91909127142289,108.83411581496392
