RMSE,NDCG,F1,MAE
107.47210648951,100.45582362346073,93.12892621163297,107.82842620528103
