RMSE,NDCG,F1,MAE
107.38595766874175,101.53412096853893,94.02701748190006,108.06543387962768
