RMSE,NDCG,F1,MAE
107.61509932241873,100.26686924686699,92.24377184421022,108.25878203071737
