RMSE,NDCG,F1,MAE
106.91867459208002,100.42702063510798,91.8616364463508,107.53255855569257
