RMSE,NDCG,F1,MAE
0.8567259194975881,0.8984992045312784,0.7648397828751532,0.6724786132481384
