RMSE,NDCG,F1,MAE
0.9114446906317489,0.8748721979859284,0.7305122494432071,0.7155349884583406
