RMSE,NDCG,F1,MAE
0.05471877113416079,0.023627006545349993,0.034327533431946056,0.043056375210202225
