RMSE,NDCG,F1,MAE
0.9424317213137119,0.8649632877428052,0.7043931496649293,0.7325929713657856
