RMSE,NDCG,F1,MAE
0.04838511485109831,0.016624908236309244,0.02993088078088446,0.02574796989730732
