RMSE,NDCG,F1,MAE
0.8940466064626136,0.8815881959791144,0.7343240304458137,0.7068450014684783
