RMSE,NDCG,F1,MAE
1.1180550208537567,0.8266196786682742,0.6872985170857512,0.8586466173182422
