RMSE,NDCG,F1,MAE
0.11243645097087374,0.012433129857831404,0.022335812518523346,0.07547571896459238
