RMSE,NDCG,F1,MAE
1.005618569882883,0.8390528085261056,0.7096343296042745,0.7831708983536498
