RMSE,NDCG,F1,MAE
0.0548192552098663,0.01975766602815565,0.028775669782593827,0.042374896501879866
