RMSE,NDCG,F1,MAE
0.9211427071323289,0.8755736242095379,0.7248322147651006,0.7231860060038434
