RMSE,NDCG,F1,MAE
0.8663234519224626,0.8953312902376935,0.7536078845476945,0.6808111095019636
