RMSE,NDCG,F1,MAE
103.78355528781009,99.38502246195137,101.83547672192613,104.89459735565933
