RMSE,NDCG,F1,MAE
103.29205440124684,100.18753859508473,103.67673086757708,104.98623681302996
