RMSE,NDCG,F1,MAE
103.27077258679405,99.65934371007961,99.22544034958734,103.53106263137835
