RMSE,NDCG,F1,MAE
103.96208805624758,100.25293206837222,103.0892225264572,105.31305242020971
