RMSE,NDCG,F1,MAE
0.02825918768525515,0.0212493531917628,0.04895357254080068,0.03631079621992006
