RMSE,NDCG,F1,MAE
1.0889592445971856,0.7958608364097693,0.6109301483894318,0.8633774974050747
