RMSE,NDCG,F1,MAE
1.0607000569119305,0.8171101896015321,0.6598837209302325,0.8270667011851547
