RMSE,NDCG,F1,MAE
0.028229159909401558,0.012451096165589481,0.04009359987295036,0.038995687157528214
