RMSE,NDCG,F1,MAE
1.0938642924224589,0.8010691488911895,0.636938202247191,0.8735520732748084
