RMSE,NDCG,F1,MAE
1.0656351325130573,0.813520245056779,0.6770318021201414,0.8345563861172802
