RMSE,NDCG,F1,MAE
1.0575888512307916,0.8145722042533485,0.663287472845764,0.8314022116088575
