RMSE,NDCG,F1,MAE
1.0857738335372737,0.7939232361684954,0.6199712643678161,0.8664931355745576
