RMSE,NDCG,F1,MAE
0.028184982306482143,0.02064896808485317,0.043316208477947815,0.03509092396570013
