RMSE,NDCG,F1,MAE
0.029379054800294124,0.016156319018928,0.041454298335032225,0.03409027396510356
