RMSE,NDCG,F1,MAE
1.052919057602388,0.8172753826740603,0.6723646723646723,0.824708237661537
