RMSE,NDCG,F1,MAE
1.082298112402682,0.8011190636551323,0.6309103740296401,0.8587985116266406
