RMSE,NDCG,F1,MAE
1.094501730039112,0.7947357994654801,0.629838142153413,0.8689850431925578
