RMSE,NDCG,F1,MAE
0.029441854357708186,0.02135470509412618,0.034452663263550565,0.03446930232556178
