RMSE,NDCG,F1,MAE
1.0650598756814038,0.8160905045596063,0.6642908054169636,0.834515740866996
