RMSE,NDCG,F1,MAE
1.0876186834040893,0.7995139097042615,0.6356643356643357,0.862939735272409
