RMSE,NDCG,F1,MAE
0.02625753735478842,0.02158802794489678,0.0366045718986896,0.03230780912629805
