RMSE,NDCG,F1,MAE
1.0613611460493009,0.8211019376491583,0.6722689075630253,0.8306319261461109
