RMSE,NDCG,F1,MAE
1.0859009765170544,0.7935771634205784,0.6199712643678161,0.8665807199186685
