RMSE,NDCG,F1,MAE
0.02823924818183987,0.02099504083277015,0.043316208477947815,0.035154052728602836
