RMSE,NDCG,F1,MAE
1.0576617283352145,0.8145722042533485,0.663287472845764,0.8314266671900656
