RMSE,NDCG,F1,MAE
0.025817270288165828,0.020026446611723814,0.02688258943990629,0.029808239202124054
