RMSE,NDCG,F1,MAE
1.0833854430201422,0.796098246432504,0.6102449888641426,0.8666051733025664
