RMSE,NDCG,F1,MAE
1.0575681727319763,0.8161246930442279,0.6371275783040489,0.8367969341004423
