RMSE,NDCG,F1,MAE
99.32851211995488,95.80168247785369,92.83127228058177,99.00263738622989
