RMSE,NDCG,F1,MAE
96.34554767723415,98.96623161766883,92.05335489086501,94.90914387442561
