RMSE,NDCG,F1,MAE
100.71788425987585,99.81931278625531,96.70532783541388,101.04804252729271
