RMSE,NDCG,F1,MAE
101.11987787703033,96.3262939923138,91.97178592265595,100.02254194872506
