RMSE,NDCG,F1,MAE
0.8546282745053975,0.9067684683074895,0.7109546854377474,0.6715953875381094
