RMSE,NDCG,F1,MAE
0.7814226897753705,0.8936158194381971,0.7210884353741497,0.6134781591477849
