RMSE,F1,MAE
0.7830619146808662,0.7215815485996705,0.6147842385283373
