RMSE,NDCG,F1,MAE
0.07320558473002692,0.01315264886929235,0.010133749936402259,0.058117228390324516
