RMSE,F1,MAE
0.07192997541401536,0.007375732044860639,0.056610787078672065
