RMSE,F1,MAE
0.07971311709786255,0.0014354951770285673,0.06961788560361382
