RMSE,F1,MAE
0.7754494715189795,0.726984126984127,0.6024876108502869
