RMSE,NDCG,F1,MAE
0.773934673816917,0.9068731165709232,0.7245901639344262,0.601876003210273
