RMSE,NDCG,F1,MAE
0.8542799334060761,0.9057772809207603,0.7235795454545455,0.6721043169881705
