RMSE,NDCG,F1,MAE
0.08034525958915906,0.001095835650162913,0.0010106184798807094,0.07022831377789751
