RMSE,F1,MAE
0.855162588616842,0.7255486318070984,0.6721054964539007
