RMSE,NDCG,F1,MAE
0.07444403526723187,0.003994380890558591,0.008396813531688196,0.06753785338656215
