RMSE,NDCG,F1,MAE
0.7607088523435598,0.9063413556850867,0.7236180904522613,0.5889141401302155
