RMSE,NDCG,F1,MAE
0.8351528876107916,0.9103357365756453,0.7320149039839495,0.6564519935167776
