RMSE,F1,MAE
0.7632203672645275,0.7260940032414911,0.5919518194793235
