RMSE,NDCG,F1,MAE
0.8359209658453026,0.9116429161802894,0.7335137444808432,0.6557234666281148
