RMSE,NDCG,F1,MAE
0.7666118342057012,0.9033104423739352,0.739413680781759,0.5920230785416712
