RMSE,NDCG,F1,MAE
0.0693091316396014,0.008332473806354157,0.005899936300915787,0.06370038808644352
