RMSE,NDCG,F1,MAE
0.8369035474050499,0.9099266411424843,0.7399523876207814,0.6544477024078246
