RMSE,F1,MAE
0.07336512402329953,0.001858756323041999,0.06526917252048192
