RMSE,NDCG,F1,MAE
0.7613256614333215,0.902989213417777,0.7423014586709886,0.5855258226328319
