RMSE,NDCG,F1,MAE
0.07557788597172843,0.00693742772470729,0.0023490710502072076,0.06892187977499264
