RMSE,F1,MAE
0.7719780801123471,0.7401574803149606,0.598023430200682
