RMSE,NDCG,F1,MAE
0.7700107424992207,0.9093707132140941,0.7382113821138211,0.5958082036491664
