RMSE,NDCG,F1,MAE
0.8392053992196736,0.913440802719374,0.7312473210458637,0.6569420910061259
