RMSE,NDCG,F1,MAE
0.06919465672045289,0.0040700895052798725,0.006964061067957439,0.06113388735695946
