RMSE,NDCG,F1,MAE
0.7606595845508224,0.9063413556850867,0.7236180904522613,0.5888206740938025
