RMSE,F1,MAE
0.8357371844284154,0.7347998360431753,0.6563856116776814
