RMSE,NDCG,F1,MAE
0.0744697390197453,0.0041015384275916444,0.008578499317046573,0.0676095037745964
