RMSE,NDCG,F1,MAE
0.8351293235705677,0.9104428941126783,0.7321965897693079,0.6564301778683989
