RMSE,F1,MAE
0.7798882987530924,0.7090301003344481,0.612730426041419
