RMSE,NDCG,F1,MAE
0.8479460455507963,0.9079043367368689,0.7052300314701034,0.6695099356279608
