RMSE,NDCG,F1,MAE
0.0704785963369392,0.003963367337638246,0.002887412398635769,0.05997259163973856
