RMSE,NDCG,F1,MAE
0.7774674492138571,0.9039409693992306,0.7081174438687392,0.6095373439882222
