RMSE,F1,MAE
0.8482367428395984,0.7087558920154263,0.6691956979349307
