RMSE,F1,MAE
0.06834844408650598,0.000274208319021807,0.05646527189351169
