RMSE,NDCG,F1,MAE
93.49353832758082,103.00662242023448,134.81234846443968,92.83085494625247
