RMSE,NDCG,F1,MAE
93.93451797001032,104.23610047819396,124.28285760361233,92.70516052237565
