RMSE,NDCG,F1,MAE
93.49057601251947,101.3393265530873,135.65363814090216,93.01666316810488
