RMSE,NDCG,F1,MAE
93.3717752043279,106.96724051099531,133.1562161208179,92.84957851599285
