RMSE,NDCG,F1,MAE
93.99500626198481,101.38350921893604,135.32664546121853,93.85322603532485
