RMSE,NDCG,F1,MAE
94.01758025452614,102.54325765392032,132.81849135507673,93.5246042066017
