RMSE,NDCG,F1,MAE
93.49158783948546,101.32968418311185,135.69869852023533,93.02479500418113
