RMSE,NDCG,F1,MAE
91.8404393738941,103.0946507106256,135.3326346712437,90.9612298042098
