RMSE,NDCG,F1,MAE
117.09886782804956,117.71308076629808,111.13567839195981,116.12702778836785
