RMSE,NDCG,F1,MAE
118.22944199824418,113.33251401633495,113.82347666542512,117.1923245542261
