RMSE,NDCG,F1,MAE
117.5165349283401,115.43402637346685,112.29591836734694,116.4200730157916
