RMSE,NDCG,F1,MAE
117.82919230437234,115.19872699183364,107.4971832089125,116.2203449718233
