RMSE,NDCG,F1,MAE
117.97348073433689,117.48992365819444,108.96059113300494,116.93442872653472
