RMSE,NDCG,F1,MAE
117.10860941145694,112.06577428072697,109.21248142644873,115.78330352887372
