RMSE,NDCG,F1,MAE
117.51873262755066,117.73517757198897,112.29591836734694,116.42111646863856
