RMSE,NDCG,F1,MAE
118.00350111920912,114.63689723356556,108.74943430381659,117.32442953653354
