RMSE,NDCG,F1,MAE
84.45854367188382,99.20792487154847,76.19401674979606,84.57535758776565
