RMSE,NDCG,F1,MAE
84.53228101943597,99.33748338027098,77.26089033391374,84.79802211154785
