RMSE,NDCG,F1,MAE
84.96570735169587,99.16185450641112,77.2075279072579,84.79209442612952
