RMSE,NDCG,F1,MAE
84.10717459619839,99.06609917299754,76.34230510619784,84.19600285224772
