RMSE,NDCG,F1,MAE
84.23280203572206,98.46719450237923,77.73373392392737,84.16239355889662
