RMSE,NDCG,F1,MAE
84.08847040976171,98.59398495270297,76.70061009755665,84.02033828256518
