RMSE,NDCG,F1,MAE
84.96308432808965,99.3693838143497,76.41194225792391,84.78494060820435
