RMSE,NDCG,F1,MAE
85.07714649520342,98.64264417528396,74.97733375178713,84.95514928840925
