RMSE,NDCG,F1,MAE
0.8859681728139862,0.8859271115887104,0.7409733124018838,0.7025481270865115
