RMSE,NDCG,F1,MAE
0.02518861272338535,0.0070687634181495484,0.005862130636090868,0.020221820539471858
