RMSE,NDCG,F1,MAE
0.8607795600906009,0.89299587500686,0.7468354430379747,0.6823263065470396
