RMSE,NDCG,F1,MAE
0.8770430789791545,0.8840366086376767,0.72,0.6908645032261136
