RMSE,NDCG,F1,MAE
0.899302420242301,0.8790610806287731,0.7332814930015552,0.7089698706822279
