RMSE,NDCG,F1,MAE
0.022259341263146548,0.004975528008903662,0.013281493001555233,0.018105367456114352
