RMSE,NDCG,F1,MAE
0.8873275233132163,0.8869080899750639,0.739009900990099,0.6952333726684332
