RMSE,NDCG,F1,MAE
0.027756485872789005,0.001336108747864273,7.423106527904011e-05,0.020427257701440937
