RMSE,NDCG,F1,MAE
0.8595710374404273,0.8882441987229281,0.739084132055378,0.6748061149669923
