RMSE,NDCG,F1,MAE
0.8867533548029709,0.8863920463878696,0.7420604182804028,0.6964207058524681
