RMSE,NDCG,F1,MAE
0.8623192574468702,0.8848071850217181,0.7468879668049793,0.6794139154816458
