RMSE,NDCG,F1,MAE
0.024434097356100692,0.0015848613661515465,0.004827548524576453,0.01700679037082231
