RMSE,NDCG,F1,MAE
0.02697972522861014,0.00010472475317413465,0.0008086588205121759,0.018775065424432524
