RMSE,NDCG,F1,MAE
0.8880589173576869,0.8864245851655214,0.7432327919566899,0.6922839245585031
