RMSE,NDCG,F1,MAE
0.8610791921290768,0.8863198604123472,0.7440414507772021,0.6735088591340705
