RMSE,NDCG,F1,MAE
0.8599759102551863,0.888006011878349,0.7492195629552549,0.6768263235646362
