RMSE,NDCG,F1,MAE
0.023912370054939958,0.0021610308798892808,0.004349257109339311,0.01824249744648876
