RMSE,NDCG,F1,MAE
0.8838882803101262,0.8858449809984598,0.7448703058459156,0.695068821011125
