RMSE,NDCG,F1,MAE
0.8596637481135793,0.8882441987229281,0.7377398720682303,0.674870190712635
