RMSE,NDCG,F1,MAE
0.027789271677763572,0.0012629263411230163,0.0005222739707273494,0.020419092605321043
