RMSE,NDCG,F1,MAE
0.8874530197913428,0.8869812723818051,0.737217598097503,0.695289283317956
