RMSE,NDCG,F1,MAE
0.8633215839972909,0.8874883733465396,0.7296416938110749,0.6793544315689153
