RMSE,NDCG,F1,MAE
0.02778767606041177,0.0019039944255390129,0.0004410412825267551,0.020898488340166277
