RMSE,NDCG,F1,MAE
0.8911092600577026,0.8855843789210006,0.7292006525285482,0.7002529199090816
