RMSE,NDCG,F1,MAE
82.40932078181508,92.3772093867598,79.30276381909547,82.72653419361392
