RMSE,NDCG,F1,MAE
82.5659824582637,96.57862808362322,81.23498585143581,82.76395872423225
