RMSE,NDCG,F1,MAE
81.70719778146868,94.5885769546079,79.38388625592417,82.34752443371967
