RMSE,NDCG,F1,MAE
81.95893920064233,93.493704854844,79.12263027749795,82.3067472352791
