RMSE,NDCG,F1,MAE
80.96731962046509,94.68899679894413,81.19119878603944,81.3045777837575
