RMSE,NDCG,F1,MAE
81.74887291522971,92.3352680922049,78.6902219633728,82.06522547894181
