RMSE,NDCG,F1,MAE
81.73036766584855,94.95687653408642,79.79064338250677,82.36221535967843
