RMSE,NDCG,F1,MAE
82.0067648708556,94.75204725677774,77.78775044643274,82.58824213582014
