RMSE,NDCG,F1,MAE
0.8638205668204523,0.9042836404212297,0.7401993355481727,0.6871173130364638
