RMSE,NDCG,F1,MAE
0.04961028561109715,0.0043920287423271365,0.020085483555762895,0.041751535305635024
