RMSE,NDCG,F1,MAE
0.8142102812093551,0.9086756691635568,0.7201138519924098,0.6453657777308288
