RMSE,NDCG,F1,MAE
0.8123501018264583,0.908656362768438,0.7297423887587822,0.6421736796658032
