RMSE,NDCG,F1,MAE
0.8709942399184147,0.9029903231801061,0.736865053411816,0.6871126285194669
