RMSE,NDCG,F1,MAE
0.058644138091956455,0.005666039588331895,0.0071226646530337945,0.044938948853663674
