RMSE,NDCG,F1,MAE
0.05802136992948215,0.0032275035730696677,0.01715291750503023,0.0507147434834736
