RMSE,NDCG,F1,MAE
0.7968958352347674,0.9128022694120222,0.7321428571428571,0.6225490271419586
