RMSE,NDCG,F1,MAE
0.8549172051642495,0.9095747658389526,0.7492957746478873,0.6732637706254322
