RMSE,NDCG,F1,MAE
0.8571531922528793,0.9061276963497722,0.7493528904227783,0.6778939451250898
