RMSE,NDCG,F1,MAE
0.8023857560574141,0.9135050693845926,0.735050597976081,0.630508644977219
