RMSE,NDCG,F1,MAE
0.0547674361954652,0.007377373034820445,0.01430229244669734,0.04738530014787079
