RMSE,NDCG,F1,MAE
0.7979981431772784,0.9128189383151222,0.7418912745545911,0.619458444639774
