RMSE,NDCG,F1,MAE
0.855819476812576,0.9100658281276139,0.7572242143007805,0.6702856811493663
