RMSE,NDCG,F1,MAE
0.05782133363529762,0.0027531101875082342,0.015332939746189322,0.05082723650959231
