RMSE,NDCG,F1,MAE
0.8596877370022736,0.9070082176241928,0.7492460146488582,0.6789765037809551
