RMSE,NDCG,F1,MAE
0.8055154488084971,0.9076022881658802,0.7348066298342542,0.633034129665817
