RMSE,NDCG,F1,MAE
0.05417228819377651,0.0005940705416873637,0.01443938481460405,0.04594237411513813
