RMSE,NDCG,F1,MAE
0.8549152382196801,0.9096464796912325,0.7495667244367418,0.6732356245945773
