RMSE,NDCG,F1,MAE
0.7968624920515042,0.9124264658006829,0.732738374823861,0.6225160066388471
