RMSE,NDCG,F1,MAE
0.058052746168175906,0.0027799861094504053,0.016828349612880822,0.05071961795573021
