RMSE,NDCG,F1,MAE
0.06070255567843741,0.0015128232670947872,0.020082971736318567,0.05341808150819105
