RMSE,NDCG,F1,MAE
0.8075390930340808,0.9095532699623988,0.7152641878669276,0.6337925106972233
