RMSE,NDCG,F1,MAE
0.8682416487125182,0.908040446695304,0.7353471596032461,0.6872105922054144
