RMSE,NDCG,F1,MAE
90.3615184474217,99.6295135314451,98.70893595426796,92.93432979742249
