RMSE,NDCG,F1,MAE
88.88565070052032,100.5793707919729,97.38461538461539,91.17369551662
