RMSE,NDCG,F1,MAE
94.27199331662723,101.14578237669419,105.82020329859583,97.1980026274734
