RMSE,NDCG,F1,MAE
92.16095121266929,98.73166701783508,102.70377343613274,95.11497956276654
