RMSE,NDCG,F1,MAE
110.3812298302887,116.53190193756635,94.24521648472955,108.42570402979139
