RMSE,NDCG,F1,MAE
109.96379108092007,112.79353624953387,95.72826624384089,108.04778842952376
