RMSE,NDCG,F1,MAE
112.12625984365357,116.55911985526251,94.9710573439387,110.57712183631901
