RMSE,NDCG,F1,MAE
111.3828437095056,114.14469456332282,94.789791868568,109.43154403184592
