RMSE,NDCG,F1,MAE
113.1193575676078,116.36540132152685,96.87437862310527,112.00451450783038
