RMSE,NDCG,F1,MAE
111.97871962964807,114.0135946859591,95.3260286568079,109.99515547141054
