RMSE,NDCG,F1,MAE
112.0799619935761,116.70769029955142,95.30779594484457,110.5508033231996
