RMSE,NDCG,F1,MAE
112.61867919370219,116.05414019865378,93.63912574732922,110.06677490332284
