algorithm,value
SVD,0.0681918081918082
userKNN,0.0702262497038617
itemKNN,0.0760491963499482
BIASEDMF,0.076278624914496
BIAS,0.0766964202238402
