algorithm,value
GradientBoosting,0.0003870907805298
RandomForest,0.0011870416518334
LinearSVR,0.0035567456453532
Tweedie,0.005100706539749
Bagging,0.0054747034893715
