algorithm,value
userKNN,0.0221922850901994
SVD,0.0292799000647647
BIAS,0.0388357314761553
BIASEDMF,0.0407825756197595
itemKNN,0.0413401228476861
