algorithm,value
itemKNN,0.0021239111765427
BIASEDMF,0.0024067130760151
AdaBoost,0.00258795637743
SVD,0.0035726458028427
BIAS,0.0046122557683461
