algorithm,value
itemKNN,0.0065449043437056
userKNN,0.0132231404958678
BIASEDMF,0.0214964861513021
SVD,0.0445537513334124
BIAS,0.0510073907574595
