algorithm,value
userKNN,0.0161317412203177
itemKNN,0.0219897596339566
BIAS,0.0428284920376804
SVD,0.0444570779257649
BIASEDMF,0.0607136259928807
