algorithm,value
Ridge,0.003270722362396
BayesianRidge,0.003707823507601
GradientBoosting,0.0065268065268064
LinearSVR,0.0120867919033056
itemKNN,0.0200514383692131
