algorithm,value
Tweedie,0.0001203415165564
Ridge,0.0008744434358478
BayesianRidge,0.0022714158394181
RandomForest,0.0024730290614179
GradientBoosting,0.0067680244788678
