algorithm,value
userKNN,0.0290514451106265
SVD,0.0400091519219035
BIASEDMF,0.0405263351485714
BIAS,0.0462175309191491
itemKNN,0.0477249575237893
