algorithm,value
userKNN,0.0035315034988532
BIASEDMF,0.0068528874042455
SVD,0.0082287458175454
BIAS,0.0100938678960068
itemKNN,0.0126231891315596
