algorithm,value
itemKNN,0.0295811782863126
AdaBoost,0.0351675505871992
userKNN,0.0379222494354882
LinearSVR,0.0383769465821478
GradientBoosting,0.039266305401152
