algorithm,value
userKNN,0.0148737779598767
SVD,0.024277716365216
itemKNN,0.0269731339887316
BIAS,0.0299401115429375
BIASEDMF,0.0364900823072908
