algorithm,value
BIASEDMF,0.001308875116121
Bagging,0.0017923801094877
itemKNN,0.0044487171633958
userKNN,0.0066847019887646
GradientBoosting,0.0099187337742382
