algorithm,value
BIASEDMF,0.0092897568776273
BIAS,0.0168979448624491
userKNN,0.0179325145303453
itemKNN,0.0185057425105147
SVD,0.0237005178585267
