algorithm,value
itemKNN,0.0270379930090577
userKNN,0.0298642605815587
BIASEDMF,0.0529958805837004
AdaBoost,0.0603561510733113
BIAS,0.0701937034849298
