algorithm,value
Bagging,0.1065470516774133
BayesianRidge,0.1370483281399808
RandomForest,0.1385895568961931
AdaBoost,0.1396294321514263
GradientBoosting,0.1402244134648078
