algorithm,value
BIASEDMF,0.0013169137974365
userKNN,0.0042814272083215
BIAS,0.0171491587205155
itemKNN,0.0194847437434847
SVD,0.0208762285523904
