algorithm,value
userKNN,0.0021963559293064
SVD,0.0356754768711236
BIAS,0.0363742100454445
itemKNN,0.038665641371912
BIASEDMF,0.0436042324586494
