algorithm,value
Bagging,0.0005270875794938
RandomForest,0.0030190312310022
BayesianRidge,0.0035533682654134
Ridge,0.0037957289491571
AdaBoost,0.0055009596811553
