algorithm,value
userKNN,0.0920418398610541
Bagging,0.1001894935022067
BIASEDMF,0.1067085014193934
itemKNN,0.1067262557270146
GradientBoosting,0.1107151728222863
