RMSE,NDCG,F1,MAE
0.1782711895624287,0.09150723422786089,0.051684159140834796,0.13025867658653423
