RMSE,NDCG,F1,MAE
1.2510270359236442,0.7214690653605731,0.5147058823529411,0.9877182223481533
