RMSE,NDCG,F1,MAE
1.0727558463612155,0.812976299588434,0.5663900414937759,0.8574595457616191
