RMSE,NDCG,F1,MAE
0.18858516571263473,0.0925674098301732,0.057539583792507676,0.13761273745230962
