RMSE,NDCG,F1,MAE
1.0903624045801814,0.807577072523742,0.5734406438631791,0.869095334255762
