RMSE,NDCG,F1,MAE
1.2789475702928161,0.7150096626935688,0.5159010600706714,1.0067080717080716
