RMSE,NDCG,F1,MAE
1.2567948600147838,0.7308925765687118,0.5179856115107914,0.9906841559031477
