RMSE,NDCG,F1,MAE
1.075774926607808,0.8140886465566015,0.5712830957230143,0.8572117734834074
