RMSE,NDCG,F1,MAE
0.18101993340697575,0.08319606998788975,0.05329748421222291,0.13347238241974035
