RMSE,NDCG,F1,MAE
1.2609215042119042,0.7176273765729675,0.532871972318339,0.9910890704682345
