RMSE,NDCG,F1,MAE
0.18647043044557776,0.09900880398489209,0.05500985041576212,0.13464771313663082
