RMSE,NDCG,F1,MAE
1.0744510737663264,0.8166361805578596,0.5878818227341012,0.8564413573316036
