RMSE,NDCG,F1,MAE
1.0821276780523954,0.814695494162048,0.5902125556104795,0.859366465893861
