RMSE,NDCG,F1,MAE
0.190772055438019,0.08685228011904966,0.04665854864183838,0.1386858406715975
