RMSE,NDCG,F1,MAE
1.2728997334904144,0.7278432140429983,0.5435540069686411,0.9980523065654585
