RMSE,NDCG,F1,MAE
1.079585076644928,0.8114584727989477,0.5844611528822055,0.8587799254841259
