RMSE,NDCG,F1,MAE
1.2611362574549978,0.7140485739804051,0.5379310344827586,0.9889814254950782
