RMSE,NDCG,F1,MAE
0.18155118081006982,0.09740989881854256,0.046530118399446874,0.13020150001095232
