RMSE,NDCG,F1,MAE
1.2571135409214083,0.7308925765687118,0.5232974910394266,0.9908610246964441
