RMSE,NDCG,F1,MAE
1.076078899454594,0.813908642122289,0.5712830957230143,0.8574825242868874
