RMSE,NDCG,F1,MAE
0.18103464146681425,0.08301606555357721,0.0479856046835877,0.13337850040955668
