RMSE,NDCG,F1,MAE
1.0686850353300703,0.8144270818342699,0.5550847457627118,0.8535401018177949
