RMSE,NDCG,F1,MAE
1.2535582535526706,0.718295320035548,0.5074626865671642,0.9945877852896435
