RMSE,NDCG,F1,MAE
0.18487321822260028,0.09613176179872196,0.04762205919554763,0.1410476834718486
