RMSE,NDCG,F1,MAE
104.59311867366976,105.66015563193456,110.62226691654857,103.77104541746134
