RMSE,NDCG,F1,MAE
104.65852400380766,105.66647211117024,111.64946778256277,103.89397949296426
