RMSE,NDCG,F1,MAE
103.63773558114798,105.72309374278535,110.03814380418156,103.49127865965637
