RMSE,NDCG,F1,MAE
104.3856791558617,108.06484362014423,109.85514739110948,103.37363470103698
