RMSE,NDCG,F1,MAE
103.52237311895564,105.8544043401173,110.08701116551809,103.77221880929545
