RMSE,NDCG,F1,MAE
104.53710481841543,105.63737915142737,110.25935431581793,103.9615285868524
