RMSE,NDCG,F1,MAE
103.63401862857604,105.79893914568814,110.03814380418156,103.4886802270342
