RMSE,NDCG,F1,MAE
102.58608020170585,107.0338294860332,110.51295270597036,102.56858119559311
