RMSE,NDCG,F1,MAE
97.56333486625276,97.9537090195222,94.09591417414049,98.58212768894971
