RMSE,NDCG,F1,MAE
100.60555417951957,97.5312975629879,93.77760319224421,100.81586034474101
