RMSE,NDCG,F1,MAE
99.25429037134738,100.5466634588183,92.20960080615139,99.6711392729826
