RMSE,NDCG,F1,MAE
97.12250064694913,98.09102553518228,94.00496928715552,98.60424764987178
