RMSE,NDCG,F1,MAE
1.257631514961457,0.7258968111586095,0.5564516129032258,1.011908750674964
