RMSE,NDCG,F1,MAE
1.0933536384778666,0.8030732095457416,0.5851318944844125,0.8702563935911082
