RMSE,NDCG,F1,MAE
0.16427787648359038,0.07717639838713208,0.02868028158118674,0.14165235708385582
