RMSE,NDCG,F1,MAE
1.122566088705105,0.7962923913394452,0.572926596758818,0.8941749432101543
