RMSE,NDCG,F1,MAE
0.1509816153970418,0.08147955637140547,0.008410467726559845,0.11680268727866083
