RMSE,NDCG,F1,MAE
1.2735477041021468,0.7148128349680397,0.5645161290322581,1.0109776304888152
