RMSE,NDCG,F1,MAE
1.0889807388119643,0.8049293538282799,0.577755905511811,0.8667198769538069
