RMSE,NDCG,F1,MAE
0.16259624497170955,0.08503773607763399,0.03994077946139085,0.14662421952572902
