RMSE,NDCG,F1,MAE
1.2515769837836739,0.7198916177506459,0.5378151260504201,1.013344096479536
