RMSE,NDCG,F1,MAE
1.2602308227403274,0.70265852542688,0.5725190839694656,1.0092366448641694
