RMSE,NDCG,F1,MAE
1.095378953614202,0.809021680132226,0.5983224603914259,0.8704351101037651
