RMSE,NDCG,F1,MAE
0.16485186912612537,0.10636315470534596,0.02580337642196029,0.13880153476040435
