RMSE,NDCG,F1,MAE
1.1014638753824693,0.8048888919260316,0.592663172939495,0.8732020782140183
