RMSE,NDCG,F1,MAE
0.16606299573392969,0.08487820634485,0.034894248636706204,0.14958430923134125
