RMSE,NDCG,F1,MAE
1.267526871116399,0.7200106855811816,0.5577689243027888,1.0227863874453595
