RMSE,NDCG,F1,MAE
1.2605912409123687,0.7251460079993235,0.5680933852140078,1.0121836862477824
