RMSE,NDCG,F1,MAE
1.0878263006587585,0.805666463782012,0.5973782771535581,0.8632192220266304
