RMSE,NDCG,F1,MAE
0.17276494025361022,0.08052045578268852,0.029284891939550306,0.14896446422115206
