RMSE,NDCG,F1,MAE
1.2518197060046656,0.721521432143951,0.5462184873949579,1.0134918731121152
