RMSE,NDCG,F1,MAE
1.089331587544886,0.8055297668779725,0.5776244455396747,0.8669345848662905
