RMSE,NDCG,F1,MAE
0.16248811845977973,0.08400833473402147,0.031405958144716806,0.1465572882458247
