RMSE,NDCG,F1,MAE
1.244596699519884,0.7195860206574568,0.5110132158590308,1.0121960503908742
