RMSE,NDCG,F1,MAE
0.1633967908546874,0.08552936207602224,0.057663925549991,0.14909368972742365
