RMSE,NDCG,F1,MAE
1.0811999086651967,0.805115382733479,0.5686771414090218,0.8631023606634506
