RMSE,NDCG,F1,MAE
101.36950514140908,96.62820975227618,93.61584685057643,101.24917318182798
