RMSE,NDCG,F1,MAE
101.66381950026893,96.66371694135088,92.24752303146184,100.78391692902933
