RMSE,NDCG,F1,MAE
102.7784456830228,97.78994469180596,91.90792224080266,102.6601240104522
