RMSE,NDCG,F1,MAE
101.85369964760751,96.39693703742161,94.55534950244234,101.54163219713357
