RMSE,NDCG,F1,MAE
102.91222737197899,97.564013719016,93.56146998784787,103.06693993033333
