RMSE,NDCG,F1,MAE
100.93051724442452,96.97612537313046,95.42105263157895,100.80047522142846
