RMSE,NDCG,F1,MAE
102.78787633668043,97.57824340771421,92.2840378208961,102.68126963679502
