RMSE,NDCG,F1,MAE
102.12774289849077,97.50983688176423,89.65562739147646,102.1967756892419
