RMSE,NDCG,F1,MAE
1.001251844095736,0.8187808158716319,0.6573426573426573,0.7921739906019348
