RMSE,NDCG,F1,MAE
0.09495689121990347,0.027276415644717056,0.17632999911480918,0.09785038630324006
