RMSE,NDCG,F1,MAE
1.0962087353156396,0.7915044002269148,0.4810126582278481,0.8900243769051749
