RMSE,NDCG,F1,MAE
0.10143230736941222,0.036811437342283315,0.16237577833681238,0.10488811328573833
