RMSE,NDCG,F1,MAE
0.9989234376208861,0.8226134887376388,0.6581740976645435,0.7898023982042544
