RMSE,NDCG,F1,MAE
1.1003557449902983,0.7858020513953555,0.4957983193277311,0.8946905114899927
