RMSE,NDCG,F1,MAE
0.1000396237310276,0.01463447983935584,0.15006113964294449,0.0996412521247182
