RMSE,NDCG,F1,MAE
1.093229138382939,0.8050946293141354,0.49361702127659574,0.8919054305490158
