RMSE,NDCG,F1,MAE
0.9931895146519113,0.8197291091534913,0.6436781609195402,0.7922641784242976
