RMSE,NDCG,F1,MAE
0.10149340365028259,0.010865010557277066,0.18913196894848272,0.09968109811463233
