RMSE,NDCG,F1,MAE
1.0969131631076783,0.8161037575514293,0.46153846153846156,0.8875754008553728
