RMSE,NDCG,F1,MAE
0.9954197594573957,0.8269687681087063,0.6506704304869443,0.7878943027407405
