RMSE,NDCG,F1,MAE
1.093706879861868,0.8010079001340893,0.5099601593625498,0.8877067425594113
