RMSE,NDCG,F1,MAE
0.9909106170671701,0.8172372855428753,0.6744827586206896,0.7866527416273361
