RMSE,NDCG,F1,MAE
0.102796262794698,0.016229385408786046,0.16452259925813983,0.10105400093207517
