RMSE,NDCG,F1,MAE
0.9949115487092943,0.8250493504168637,0.6535211267605634,0.788295795811247
