RMSE,NDCG,F1,MAE
1.0995652138598329,0.7943946257079733,0.4396551724137931,0.8995634204711995
