RMSE,NDCG,F1,MAE
0.10465366515053853,0.030654724708890413,0.2138659543467703,0.11126762465995255
