RMSE,NDCG,F1,MAE
0.9937377514295137,0.8194094411680651,0.6416726748377793,0.7928188139107675
