RMSE,NDCG,F1,MAE
1.0933819580492121,0.8038357571688406,0.49361702127659574,0.8919719085228524
