RMSE,NDCG,F1,MAE
0.09964420661969842,0.015573683999224541,0.1480556535611836,0.09915309461208488
