RMSE,NDCG,F1,MAE
0.10571272329923265,0.01733555714519186,0.2133953394328464,0.10351981112950404
