RMSE,NDCG,F1,MAE
0.9938597350305834,0.8206902703598922,0.6243542435424354,0.7931316019795557
