RMSE,NDCG,F1,MAE
1.099572458329816,0.8033547132147003,0.410958904109589,0.8966514131090597
