RMSE,NDCG,F1,MAE
0.06537576419869628,0.00434723612043475,0.04298386755303385,0.04949144310602205
