RMSE,NDCG,F1,MAE
0.8353817208572686,0.8975266123760102,0.7225663716814159,0.6554472351303914
