RMSE,NDCG,F1,MAE
0.9007574850559649,0.8931793762555754,0.7655502392344498,0.7049386782364134
