RMSE,NDCG,F1,MAE
0.9285764286630361,0.8818816861202514,0.7423973051370825,0.7293750879239913
