RMSE,NDCG,F1,MAE
0.06116885121825988,0.01005922823321237,0.041428223457340874,0.04811431107786379
