RMSE,NDCG,F1,MAE
0.8674075774447763,0.8919409143534638,0.7009690816797416,0.6812607768461275
