RMSE,NDCG,F1,MAE
1.0242860607828024,0.8450051911240405,0.6525703200775945,0.8005333298581678
