RMSE,NDCG,F1,MAE
0.03775725390755302,0.003913535667547818,0.07856641797841868,0.030523662286797926
