RMSE,NDCG,F1,MAE
1.0620433146903554,0.8489187267915883,0.7311367380560132,0.8310569921449658
