RMSE,NDCG,F1,MAE
0.913744988556259,0.889337298096718,0.7529368575624082,0.7177333978008112
