RMSE,NDCG,F1,MAE
0.8464366146558323,0.895413711262133,0.7181208053691275,0.6607474920730277
