RMSE,NDCG,F1,MAE
0.06730837390042665,0.006076413165414962,0.034816052193280767,0.056985905727783503
