RMSE,NDCG,F1,MAE
0.8441143932847205,0.8919520879837232,0.7532305127136307,0.6586775307948658
