RMSE,NDCG,F1,MAE
0.894764575907572,0.8958276962159275,0.7520118397928036,0.7017610868577417
