RMSE,NDCG,F1,MAE
0.05065018262285148,0.0038756082322043417,0.001218672920827113,0.04308355606287595
