RMSE,NDCG,F1,MAE
0.8750958313032894,0.8884640632633073,0.7350722138391895,0.6837355424685088
