RMSE,NDCG,F1,MAE
0.9219224805472271,0.8813748714580563,0.729848745931457,0.7280336048509748
