RMSE,NDCG,F1,MAE
0.04682664924393776,0.007089191805251027,0.0052234679077325374,0.04429806238246603
