RMSE,NDCG,F1,MAE
1.0647951885516882,0.8410818925421301,0.7232313179066102,0.8275955430207266
