RMSE,NDCG,F1,MAE
1.0130809668205358,0.8465164904781227,0.6907275868688808,0.8008969138814657
