RMSE,NDCG,F1,MAE
0.051714221731152366,0.005434597935992658,0.03250373103772941,0.02669862913926091
