RMSE,NDCG,F1,MAE
0.8569180253330757,0.8877776869167917,0.7569955817378498,0.6675823803408261
