RMSE,NDCG,F1,MAE
0.9072172988111048,0.8922083902821344,0.7373176470588235,0.7130618286831651
