RMSE,NDCG,F1,MAE
0.050299273478029094,0.004430703365342681,0.019677934679026232,0.04547944834233908
