RMSE,NDCG,F1,MAE
82.55055744343927,96.34978783641391,83.21920453082765,83.16599056252366
