RMSE,NDCG,F1,MAE
84.56290965814247,92.79712225745988,84.64050034661182,83.37475546303624
