RMSE,NDCG,F1,MAE
80.4320210405025,98.23342250824352,79.78000196573075,79.98848308420207
