RMSE,NDCG,F1,MAE
81.10814831712845,93.96835482631917,82.18112599065299,81.32044902287141
