RMSE,NDCG,F1,MAE
0.025716746904500987,0.004101536875982137,0.08337808202332397,0.02083611788598838
