RMSE,NDCG,F1,MAE
0.9468576492947385,0.8761535394607587,0.7577319587628866,0.7590347616831545
