RMSE,NDCG,F1,MAE
0.9725743961992395,0.8802550763367408,0.6743538767395626,0.7798708795691429
