RMSE,NDCG,F1,MAE
1.489253129476725,0.869368806837599,0.6028833551769331,1.0853498512386945
