RMSE,NDCG,F1,MAE
0.9491379826786355,0.8692690188378898,0.7531806615776081,0.7435954631970286
