RMSE,NDCG,F1,MAE
0.5401151467980896,9.978799970922214e-05,0.15029730640067496,0.3417543880416659
