RMSE,NDCG,F1,MAE
1.4882011156030277,0.8317635087818324,0.6216640502354788,1.0845720407314892
