RMSE,NDCG,F1,MAE
1.0477663022254249,0.7926626645045091,0.7227722772277227,0.8261257135268564
