RMSE,NDCG,F1,MAE
0.4404348133776028,0.0391008442773233,0.10110822699224398,0.2584463272046328
