RMSE,NDCG,F1,MAE
0.0027080942556018117,0.004969601864301176,0.07238026872891101,0.006619777014560291
