RMSE,NDCG,F1,MAE
0.9560155971197405,0.8889205430277568,0.7539267015706806,0.7630638284813606
