RMSE,NDCG,F1,MAE
0.9587236913753423,0.8839509411634556,0.6815464328417696,0.7696836054959209
