algorithm,georisk
SVD,1.1284191390179135
BIASEDMF,1.126031220430585
NMF,1.109122375290189
StochasticItemKNN,1.1022892811642973
BayesianRidge,1.10031834695498
Tweedie,1.1004432803192588
Ridge,1.1001751450887123
RandomForest,1.101899863940841
Bagging,1.0976111404154625
AdaBoost,1.1007891745531138
GradientBoosting,1.1006977082209628
LinearSVR,1.100987051508217
