algorithm,georisk
SVD,1.1186095806900003
BIASEDMF,1.1155685272903504
NMF,1.0936533543284863
StochasticItemKNN,1.0852413796790659
BayesianRidge,1.0853527628605535
Tweedie,1.086506862483825
Ridge,1.0850894669006823
RandomForest,1.0882949302716105
Bagging,1.082337498432011
AdaBoost,1.0875315668518217
GradientBoosting,1.0868300038083287
LinearSVR,1.0851684152766412
