RMSE,NDCG,F1,MAE
107.21040719320885,100.0805024711568,94.70877768662838,107.70200538374945
