RMSE,NDCG,F1,MAE
107.02680882867386,99.88998053642787,94.74027158756223,107.28070832347598
