RMSE,NDCG,F1,MAE
107.1707122519384,100.35642793359558,93.61329833770779,107.56685748326211
