RMSE,NDCG,F1,MAE
107.41117137354222,99.19841711931366,92.72051986885157,107.70562271366065
