RMSE,NDCG,F1,MAE
107.06777065686646,100.61069408948975,91.21582315299594,107.14535153396257
