RMSE,NDCG,F1,MAE
107.27613072351862,100.21268462360366,92.9395682784889,107.44693609742113
