RMSE,NDCG,F1,MAE
107.17251436622475,100.40905463021016,93.70520480171395,107.57599049843365
