RMSE,NDCG,F1,MAE
106.45176681975205,100.33235801944096,93.51706649761435,106.9614683411401
