RMSE,NDCG,F1,MAE
0.9541338305295468,0.8390181267345947,0.6336633663366337,0.7572191344946249
