RMSE,NDCG,F1,MAE
0.20366460959555543,0.06395659500810846,0.13115080352256336,0.15810886984606531
