RMSE,NDCG,F1,MAE
1.1577984401251022,0.7750615317264863,0.5025125628140703,0.9153280043406902
