RMSE,NDCG,F1,MAE
0.9672039652423253,0.8347362183744982,0.648506151142355,0.7708426494253692
