RMSE,NDCG,F1,MAE
1.1714315465588232,0.8061767878232076,0.526813880126183,0.9313747932162121
