RMSE,NDCG,F1,MAE
0.20422758131649787,0.02855943055129062,0.12169227101617197,0.1605321437908429
