RMSE,NDCG,F1,MAE
0.9486498228153072,0.8311792712256992,0.6567164179104478,0.7604811776785292
