RMSE,NDCG,F1,MAE
1.161035806603641,0.7862006445940696,0.5213270142180095,0.9235021731474508
