RMSE,NDCG,F1,MAE
0.21238598378833384,0.04497862663162966,0.13538940369243824,0.16302099546892157
