RMSE,NDCG,F1,MAE
0.9566239692769793,0.8341843028403453,0.6381461675579323,0.7622618133770972
