RMSE,NDCG,F1,MAE
1.16719906163632,0.7799098100429904,0.5049180327868853,0.9261231174621969
