RMSE,NDCG,F1,MAE
0.21057509235934058,0.054274492797354856,0.133228134771047,0.1638613040850997
