RMSE,NDCG,F1,MAE
0.9485429866663685,0.8320670985516501,0.6728343145500421,0.7545131378170319
