RMSE,NDCG,F1,MAE
0.22297039813217812,0.04419111023901079,0.12655206872303149,0.17349504866390641
