RMSE,NDCG,F1,MAE
1.1715133847985466,0.7878759883126393,0.5462822458270106,0.9280081864809383
