RMSE,NDCG,F1,MAE
0.9496131196002974,0.8385504994502455,0.6375,0.755011240557122
