RMSE,NDCG,F1,MAE
0.21200915815881982,0.06427264769433816,0.13584983498349834,0.1650023658770189
