RMSE,NDCG,F1,MAE
1.1616222777591172,0.7742778517559074,0.5016501650165016,0.9200136064341409
