RMSE,NDCG,F1,MAE
1.161123624341771,0.7890801213179969,0.526813880126183,0.9235793723033672
