RMSE,NDCG,F1,MAE
0.21213301711221555,0.04190774403659159,0.13343130376173296,0.16289894066930155
