RMSE,NDCG,F1,MAE
0.9489906072295555,0.8309878653545885,0.660245183887916,0.7606804316340656
