RMSE,NDCG,F1,MAE
0.20845306373101746,0.04350798736088679,0.14230352254826212,0.16059874841283117
