RMSE,NDCG,F1,MAE
0.9500549101539971,0.829046858645543,0.6406533575317604,0.7617592907098075
