RMSE,NDCG,F1,MAE
1.1585079738850146,0.7855388712846562,0.49834983498349833,0.9223580391226387
