RMSE,NDCG,F1,MAE
105.49073957064392,105.28943286737314,109.2673020357933,106.5050404697993
