RMSE,NDCG,F1,MAE
106.29641845582603,107.41776238990539,106.35380106675085,107.07575699930456
