RMSE,NDCG,F1,MAE
105.56303085434489,105.47704696924679,109.92514970059881,106.15085288546517
