RMSE,NDCG,F1,MAE
105.87794316849714,106.66375769198385,111.17903136538987,106.68253516485342
