RMSE,NDCG,F1,MAE
106.0035291711235,105.56268052226625,111.4678899082569,106.54364272420531
