RMSE,NDCG,F1,MAE
106.11658714179586,105.56291354031882,109.79458036631881,106.94896429285434
