RMSE,NDCG,F1,MAE
105.56314548239307,105.53497418527031,109.92514970059881,106.14877054088777
