RMSE,NDCG,F1,MAE
104.92269615794112,105.47457108837786,109.69436185485324,105.63167711936816
