RMSE,NDCG,F1,MAE
90.52804021369991,99.87431698441439,104.31263749495857,90.27058745014443
