RMSE,NDCG,F1,MAE
90.29976127147718,100.33625603016361,102.33602050195267,89.58544128834622
