RMSE,NDCG,F1,MAE
93.02313156206897,100.29768765570506,108.83577041543842,91.97951205181205
