RMSE,NDCG,F1,MAE
89.71797497216245,99.50737923627331,103.45291340451442,88.76610961162854
