RMSE,NDCG,F1,MAE
1.1197367029751268,0.8222622122474172,0.595255212077642,0.8953039764570772
