RMSE,NDCG,F1,MAE
1.1008394828528387,0.8283700089659556,0.603264726756565,0.8791980686616458
