RMSE,NDCG,F1,MAE
1.094949831476247,0.8278490659672704,0.5940879596250901,0.8769636194520727
