RMSE,NDCG,F1,MAE
1.107685857360524,0.8294229440088268,0.6243243243243243,0.8805019258506271
