RMSE,NDCG,F1,MAE
1.0905677538361072,0.8278854118135718,0.5944767441860465,0.8770654113763611
