RMSE,NDCG,F1,MAE
1.1018838091178864,0.8315650789548903,0.6028368794326241,0.8796681154673682
