RMSE,NDCG,F1,MAE
1.0909528751030755,0.8279918193554545,0.5909090909090909,0.877653083335599
