RMSE,NDCG,F1,MAE
0.8275821099574023,0.902125990927012,0.7323350491343005,0.6460916088825206
