RMSE,NDCG,F1,MAE
0.08540719401290064,0.0005956520020783396,0.03264633671894801,0.06892505164235718
