RMSE,NDCG,F1,MAE
0.912989303970303,0.9015303389249336,0.7649813858532485,0.7150166605248778
