RMSE,NDCG,F1,MAE
0.8530344130036193,0.8861382357946289,0.7131186929360884,0.6672389296487797
