RMSE,NDCG,F1,MAE
0.9516747982722508,0.8851598450551305,0.7429699062654169,0.7471892296160039
