RMSE,NDCG,F1,MAE
0.0986403852686315,0.0009783907394984581,0.029851213329328496,0.07995029996722414
