RMSE,NDCG,F1,MAE
1.0752614583463496,0.8580098984327286,0.7262654790354117,0.843501053152801
