RMSE,NDCG,F1,MAE
0.9948935942205039,0.8434397907934174,0.6720977596741344,0.7765539186170042
