RMSE,NDCG,F1,MAE
0.08036786412584562,0.014570107639311214,0.05416771936127729,0.06694713453579682
