RMSE,NDCG,F1,MAE
0.926866246785898,0.8981678590943286,0.7532246288634704,0.7294424221818001
