RMSE,NDCG,F1,MAE
0.8302485737848305,0.9036775513374712,0.7293233082706767,0.6485023083901754
