RMSE,NDCG,F1,MAE
0.0966176730010675,0.005509692243142572,0.023901320592793707,0.08094011379162469
