algorithm,georisk
SVD,0.8649986572835126
BIASEDMF,0.8681185014223093
NMF,0.8597677917481541
StochasticItemKNN,0.8392206374490557
BayesianRidge,0.8148301203463427
Tweedie,0.8139513402090218
Ridge,0.8148129107150094
RandomForest,0.8153976185524634
Bagging,0.8140594085361961
AdaBoost,0.8148107570409339
GradientBoosting,0.8158184744865102
LinearSVR,0.8133106031844167
