algorithm,georisk
SVD,0.9768313821930233
BIASEDMF,0.9792510057497718
NMF,0.969983767347539
StochasticItemKNN,0.94931670764486
BayesianRidge,0.9247333137085414
Tweedie,0.9250324192490434
Ridge,0.924709540876081
RandomForest,0.9257336824388596
Bagging,0.9236542261364086
AdaBoost,0.9257937470318994
GradientBoosting,0.9264284311898954
LinearSVR,0.9223418022707259
