RMSE,NDCG,F1,MAE
0.04628495147671341,0.0037689387569693755,0.06183344846118244,0.029964287400490397
