RMSE,NDCG,F1,MAE
0.8851625280428017,0.890168580783313,0.7638117509500146,0.6930581164419789
