RMSE,NDCG,F1,MAE
0.8388775765660883,0.8863996420263436,0.7019783024888322,0.6630938290414885
