RMSE,NDCG,F1,MAE
0.9193778512362055,0.8763073569765064,0.7411167512690355,0.7226131562211426
