RMSE,NDCG,F1,MAE
0.035264312039261836,0.0003297604383987185,0.09677649674793709,0.02805127993733869
