RMSE,NDCG,F1,MAE
0.8841135391969437,0.8759775965381077,0.6443402545210984,0.694561876283804
