RMSE,NDCG,F1,MAE
1.0184303472925986,0.8406662652121644,0.5955334987593052,0.8030613160945576
