RMSE,NDCG,F1,MAE
1.0463212103249244,0.8401101503822522,0.7267105793789488,0.806018602302051
