RMSE,NDCG,F1,MAE
0.027890863032325797,0.0005561148299121355,0.13117708061964362,0.0029572862074934703
