RMSE,NDCG,F1,MAE
0.8911651612937685,0.890404597525734,0.7599941426270318,0.698848810024636
