RMSE,NDCG,F1,MAE
0.8627189187340492,0.8731528309447597,0.6688396349413298,0.6774988097799967
