RMSE,NDCG,F1,MAE
0.028446242559719392,0.01725176658097427,0.09115450768570199,0.02135000024463929
