RMSE,NDCG,F1,MAE
1.0076390237795152,0.887827723374649,0.676602086438152,0.8090228045725266
