RMSE,NDCG,F1,MAE
0.08198586520927997,0.002346259791333183,0.024034856237007185,0.06658859222403657
