RMSE,NDCG,F1,MAE
0.9256531585702352,0.8854814635833158,0.7006369426751592,0.74243421234849
