RMSE,NDCG,F1,MAE
1.592357304054797,0.8606565077735768,0.5849973016729627,1.1762476264340351
