RMSE,NDCG,F1,MAE
0.6136628741655219,0.005080750871961359,0.12315720476480552,0.3991099205909088
