RMSE,NDCG,F1,MAE
0.978694429889275,0.8555757569016155,0.7081545064377682,0.7771377058431264
