RMSE,NDCG,F1,MAE
1.0546329433452308,0.8076333571759425,0.6221335992023929,0.8481876552140378
