RMSE,NDCG,F1,MAE
1.596846450651777,0.8151138284232463,0.5901970692268823,1.171486332846028
