RMSE,NDCG,F1,MAE
0.5422135073065462,0.007480471247303777,0.03193652997551055,0.32329867763199027
