RMSE,NDCG,F1,MAE
0.07122656853995435,0.0055520289791325395,0.0072526459370027,0.05939821824367564
