RMSE,NDCG,F1,MAE
0.9208496684415993,0.9005734110025228,0.6927966101694916,0.7390394476189246
