RMSE,NDCG,F1,MAE
0.9920762369815537,0.8950213820233902,0.6855439642324889,0.7984376658626002
