RMSE,NDCG,F1,MAE
1.0841772754838215,0.8043818203781002,0.5944931163954944,0.8607008054935441
