RMSE,NDCG,F1,MAE
0.08235226872213142,0.05348873318969505,0.07759360447171426,0.06603078589127476
