RMSE,NDCG,F1,MAE
1.00182500676169,0.7508930871884052,0.6720867208672087,0.7946700196022694
