RMSE,NDCG,F1,MAE
0.07012707145123276,0.02355766263828396,0.05210608524409288,0.05088263630435941
