RMSE,NDCG,F1,MAE
1.025675710123245,0.7701513327197654,0.6364922206506365,0.8159087010782453
