RMSE,NDCG,F1,MAE
1.0958027815744777,0.7937089953580494,0.5843861354065436,0.8667913373826047
