RMSE,NDCG,F1,MAE
1.0049580163396832,0.756119630121524,0.6601123595505618,0.7957024335828521
