RMSE,NDCG,F1,MAE
0.08872547336094194,0.04833554624150749,0.0871820047542412,0.07075131440920257
