RMSE,NDCG,F1,MAE
1.0936834897006251,0.8044551763630314,0.5729303547963206,0.8664537479920547
