RMSE,NDCG,F1,MAE
1.0099040846482648,0.7507994852060077,0.6574585635359116,0.7977100487784013
