RMSE,NDCG,F1,MAE
1.0938702774085685,0.8030100898394965,0.5910372923848324,0.8666286682897996
