RMSE,NDCG,F1,MAE
0.0839661927603037,0.05221060463348881,0.06642127115107921,0.06891861951139822
