RMSE,NDCG,F1,MAE
1.105500087677614,0.8045048902973455,0.5875634517766497,0.871665744336323
