RMSE,NDCG,F1,MAE
1.0161235144183773,0.757368791863006,0.6538987688098495,0.8012400886569351
