RMSE,NDCG,F1,MAE
0.08937657325923665,0.047136098434339524,0.06633531703319984,0.07042565567938797
