RMSE,NDCG,F1,MAE
1.000078973042321,0.7560567853718007,0.6666666666666666,0.7930883600608648
