RMSE,NDCG,F1,MAE
1.0859523365147044,0.8045572450266318,0.6018691588785047,0.8594766268014056
