RMSE,NDCG,F1,MAE
0.08587336347238339,0.048500459654831185,0.06479750778816196,0.06638826674054077
