RMSE,NDCG,F1,MAE
1.0939704617282757,0.8042989173222863,0.573587385019711,0.8666363313955181
