RMSE,NDCG,F1,MAE
1.005156080479358,0.7644308075019423,0.6601123595505618,0.7957360978931968
