RMSE,NDCG,F1,MAE
0.08881438124891772,0.039868109820344055,0.08652497453085084,0.07090023350232133
