RMSE,NDCG,F1,MAE
1.0784854203563392,0.8032554217315644,0.5618820320490965,0.8564058451251423
