RMSE,NDCG,F1,MAE
0.9976368377038901,0.753643894903562,0.6505681818181818,0.7963345824599382
