RMSE,NDCG,F1,MAE
0.0808485826524491,0.049611526828002406,0.08868614976908529,0.06007126266520413
