RMSE,NDCG,F1,MAE
0.04474893901739074,0.001612402268157509,0.07027078078208071,0.028464224905488944
