RMSE,NDCG,F1,MAE
0.8397546538917967,0.8903060592535159,0.6966003848620911,0.6641531137293444
