RMSE,NDCG,F1,MAE
0.8845035929091875,0.8919184615216734,0.7668711656441718,0.6926173386348333
