RMSE,NDCG,F1,MAE
0.9195986770973591,0.8762848239709373,0.738301043219076,0.7235784058321502
