RMSE,NDCG,F1,MAE
0.875588210808959,0.8784994681224597,0.6626506024096386,0.6866765793621886
