RMSE,NDCG,F1,MAE
0.04401046628840011,0.0022146441515223936,0.07565044080943739,0.03690182646996154
