RMSE,NDCG,F1,MAE
0.018150318013499644,0.036966758627538066,0.13762341415010193,0.008407219760762752
