RMSE,NDCG,F1,MAE
1.0462275816826543,0.8428464937713589,0.7269308260577568,0.8047174508323441
