RMSE,NDCG,F1,MAE
1.0280772636691546,0.8058797351438208,0.5893074119076549,0.8131246705931069
