RMSE,NDCG,F1,MAE
0.8903010092578784,0.8931357607090876,0.7589037080463139,0.6984115924948779
