RMSE,NDCG,F1,MAE
0.027983872875430138,0.017810674069029253,0.07882583653430875,0.01860632727431477
