RMSE,NDCG,F1,MAE
0.8623171363824482,0.8753250866400584,0.6800778715120052,0.6798052652205632
