RMSE,NDCG,F1,MAE
91.85805962609238,101.56463502277109,98.37658587398695,92.12803284955741
