RMSE,NDCG,F1,MAE
87.21226663814419,100.58083031802857,96.05227819442888,86.81354646537145
