RMSE,NDCG,F1,MAE
93.82012280658758,103.60380605105766,107.44035010125934,94.54636409286792
