RMSE,NDCG,F1,MAE
92.74149326806953,101.48902060588598,101.89013813042082,93.0984855084236
