RMSE,NDCG,F1,MAE
0.8835060304765457,0.9003623854560523,0.7630092179601546,0.6938831650070546
