RMSE,NDCG,F1,MAE
0.9053668814456315,0.8808313502421645,0.7182061579651942,0.7026998613405493
