RMSE,NDCG,F1,MAE
0.021860850969085743,0.01953103521388777,0.04480305999496048,0.008816696333494689
