RMSE,NDCG,F1,MAE
0.9346943723480877,0.8592322788842564,0.6830620020782819,0.7333026207114469
