RMSE,NDCG,F1,MAE
0.9383801148471024,0.8818462863681694,0.7291991274540355,0.7381427516187462
