RMSE,NDCG,F1,MAE
0.0036857424990146548,0.022614007483913068,0.04613712537575354,0.004840130907299289
