RMSE,NDCG,F1,MAE
1.0410737643209085,0.8467355047992332,0.7200679309368808,0.8171916635151198
