RMSE,NDCG,F1,MAE
0.014665025562865308,0.037829150566959235,0.06125150581610783,0.010602771904453023
