RMSE,NDCG,F1,MAE
1.0557387898837738,0.808906354232274,0.658816425120773,0.8277944354195729
