RMSE,NDCG,F1,MAE
0.8886419460268633,0.8949304321305761,0.756342891457739,0.7004536971946331
