RMSE,NDCG,F1,MAE
0.9149095869561179,0.8749868252392451,0.7067161660479244,0.7122889528154552
