RMSE,NDCG,F1,MAE
0.0262676409292546,0.01994360689133101,0.04962672540981461,0.011835255620822105
