RMSE,NDCG,F1,MAE
85.77340943460044,106.64583227781112,96.39280415430268,84.1293899040892
