RMSE,NDCG,F1,MAE
85.85540995293101,103.2222027698785,101.24245416863715,85.47146622066799
