RMSE,NDCG,F1,MAE
86.69755604907398,107.11881156574978,99.60441489182165,84.88437430926155
