RMSE,NDCG,F1,MAE
86.02019461485081,104.4477135560556,100.4040404040404,84.82043895638982
