RMSE,NDCG,F1,MAE
87.07463318419806,108.07573887719116,101.04895104895104,85.6387140453347
