RMSE,NDCG,F1,MAE
86.19696310859955,105.42018496518948,100.79143389199257,84.89226700225794
