RMSE,NDCG,F1,MAE
86.71544623492473,106.9841729716781,99.56879099522229,84.88524773296497
