RMSE,NDCG,F1,MAE
85.75202660821901,106.52155861580309,94.74275258323766,84.23038792150476
