RMSE,NDCG,F1,MAE
99.58671151565261,100.22661060230914,109.38045734782216,99.97833585466562
