RMSE,NDCG,F1,MAE
99.57193431474754,99.93069489929671,110.24757631600033,100.17715467258681
