RMSE,NDCG,F1,MAE
103.55635911306862,101.02495720574487,116.65580282965425,103.64596472776357
