RMSE,NDCG,F1,MAE
98.48239524993103,99.11013194764577,108.71771398811643,98.63310328883152
