RMSE,NDCG,F1,MAE
0.8516912310632638,0.8925170557573134,0.740981240981241,0.6641657138139039
