RMSE,NDCG,F1,MAE
0.07711596127115383,0.020125953950947073,0.006366499686735416,0.05794390793083448
