RMSE,NDCG,F1,MAE
0.9288071923344177,0.9126430097082605,0.7473477406679764,0.7221096217447384
