RMSE,NDCG,F1,MAE
0.07734593953727387,0.012387525113466191,0.014462360607440328,0.06069210313892892
