RMSE,NDCG,F1,MAE
0.9593442891823448,0.8955079663002876,0.7270888124620676,0.7501876886391526
