RMSE,NDCG,F1,MAE
0.881998349645071,0.8831204411868214,0.7126264518546273,0.6894955855002237
