RMSE,NDCG,F1,MAE
0.0637230281588641,0.010683684009846761,0.036900094666461714,0.044497631931164294
