RMSE,NDCG,F1,MAE
1.0758451153831674,0.8482617523349734,0.7218045112781954,0.8351247281739299
