RMSE,NDCG,F1,MAE
1.0121220872243033,0.8375780683251266,0.6849044166117337,0.7906270962427656
