RMSE,NDCG,F1,MAE
0.0761796331555894,0.01015160019195016,0.0011919217112215108,0.059428632624091815
