RMSE,NDCG,F1,MAE
0.8535545409544117,0.898276555087152,0.7417218543046358,0.6682262205708759
