RMSE,NDCG,F1,MAE
0.9297341741100011,0.9084281552791021,0.7429137760158573,0.7276548531949677
