RMSE,NDCG,F1,MAE
0.83167280720671,0.9084732743466278,0.7379310344827587,0.6456568494788921
