RMSE,NDCG,F1,MAE
0.9203059023328377,0.9018025720644924,0.778311805346951,0.7207121467651402
