RMSE,NDCG,F1,MAE
0.08863309512612771,0.006670702282135399,0.04038077086419234,0.07505529728624805
