RMSE,NDCG,F1,MAE
0.9586778146513472,0.8839994797846327,0.7581979773214833,0.751249041111649
