RMSE,NDCG,F1,MAE
0.8598369604270153,0.8896348020490535,0.7108335595981536,0.6686867061084775
