RMSE,NDCG,F1,MAE
0.09884085422433186,0.005635322264420872,0.047364417723329666,0.08256233500317156
