RMSE,NDCG,F1,MAE
1.0166541116700585,0.8307648238295092,0.6542491268917345,0.7915794727135068
