RMSE,NDCG,F1,MAE
1.084014657104833,0.8528210803681902,0.7482840733996358,0.8488437322824922
