RMSE,NDCG,F1,MAE
0.09832514497789446,0.002548926808965568,0.03821665575466593,0.08566514350873322
