RMSE,NDCG,F1,MAE
0.9300985332467913,0.9012668441889934,0.7712121212121212,0.7339203551677719
