RMSE,NDCG,F1,MAE
0.8317733882688968,0.903815770997959,0.7329954654574553,0.6482552116590387
