RMSE,NDCG,F1,MAE
102.41560108094774,95.20961520887035,98.64665340303392,99.63525586841006
