RMSE,NDCG,F1,MAE
102.30979998215955,93.55940931847283,95.51979121357112,100.23751994304394
