RMSE,NDCG,F1,MAE
101.79114371304121,94.32230158273252,96.61570034422282,99.29408516353593
