RMSE,NDCG,F1,MAE
102.25380627586043,95.17394807794791,96.18378177078485,99.21305971248657
