RMSE,NDCG,F1,MAE
102.10796302102263,94.28561558750809,97.77345800757693,99.9152362275048
