RMSE,NDCG,F1,MAE
101.82836741380876,95.4764794876531,96.50687876182288,98.96651021861854
