RMSE,NDCG,F1,MAE
101.79250805726103,94.3321346784606,96.52993767837381,99.29818301013509
