RMSE,NDCG,F1,MAE
102.10627909342035,93.66388364829601,96.2169356233624,99.84282077102722
