RMSE,NDCG,F1,MAE
100.46307844030619,101.97362433081673,92.24200342545018,100.664490042038
