RMSE,NDCG,F1,MAE
99.53578955549658,100.81409082860522,92.1476788702748,100.05625235542131
