RMSE,NDCG,F1,MAE
100.52614990484795,102.11669632299794,92.95176891189439,101.5188885826346
