RMSE,NDCG,F1,MAE
100.32421213858625,101.61124825107642,91.88986731950972,100.65853373110727
