RMSE,NDCG,F1,MAE
100.45778762596993,102.41038422352193,92.90622966116844,101.48497020688878
