RMSE,NDCG,F1,MAE
100.20788206128263,101.01318734250636,92.17803753118366,100.6833653241955
