RMSE,NDCG,F1,MAE
100.53419147229444,102.14110884345213,92.90790634469231,101.52989354043834
