RMSE,NDCG,F1,MAE
100.28747433405071,101.37324265442625,92.26847999239163,101.31137875763285
