RMSE,NDCG,F1,MAE
1.159588241655152,0.7491501941866378,0.5360134003350083,0.9185965086823956
