RMSE,NDCG,F1,MAE
1.0982245353441775,0.7922906758048391,0.5839544059622972,0.8610776069958773
