RMSE,NDCG,F1,MAE
0.06136370631097443,0.04314048161820139,0.04794100562728887,0.0575189016865183
