RMSE,NDCG,F1,MAE
1.112780420131741,0.7942185457395257,0.5968244967394386,0.8746975362956445
