RMSE,NDCG,F1,MAE
1.1873901420950104,0.7197062804390434,0.5555555555555556,0.9318935774946923
