RMSE,NDCG,F1,MAE
0.07460972196326932,0.07451226530048227,0.04126894118388302,0.057196041199047754
