RMSE,NDCG,F1,MAE
1.103834746069692,0.7910645647953726,0.597835374537169,0.8673711556927933
