RMSE,NDCG,F1,MAE
0.06553139541221031,0.03620909621641788,0.054178043400430864,0.05831662275998917
