RMSE,NDCG,F1,MAE
1.1693661414819023,0.7548554685789547,0.5436573311367381,0.9256877784527825
