RMSE,NDCG,F1,MAE
0.06360100171425054,0.0376883734087462,0.06283440724703548,0.057010181061403764
