RMSE,NDCG,F1,MAE
1.1606940580490075,0.7492703968436185,0.5368248772504092,0.9169490307780708
