RMSE,NDCG,F1,MAE
1.097093056334757,0.7869587702523647,0.5996592844974447,0.859938849716667
