RMSE,NDCG,F1,MAE
0.06710862938681572,0.03701876085939826,0.06937964832701671,0.059557110038476524
