RMSE,NDCG,F1,MAE
1.1808334397363993,0.754694796892526,0.5390749601275917,0.9315488602124352
