RMSE,NDCG,F1,MAE
1.1137248103495836,0.7917135577519243,0.6084546084546084,0.8719917501739587
