RMSE,NDCG,F1,MAE
1.1040802616634353,0.7903685364399585,0.6019004396539498,0.865248243020403
