RMSE,NDCG,F1,MAE
1.1738487018690213,0.7367948960618521,0.5533980582524272,0.9257751351408826
