RMSE,NDCG,F1,MAE
0.06976844020558604,0.05357364037810641,0.04850238140152263,0.06052689212047957
