RMSE,NDCG,F1,MAE
1.1038967840996636,0.7906005043939195,0.5974654705966111,0.8674173303651556
