RMSE,NDCG,F1,MAE
1.1694573183281527,0.7545461034106112,0.5436573311367381,0.9257547556412842
