RMSE,NDCG,F1,MAE
0.06556053422848906,0.036054400983308255,0.05380813945987306,0.05833742527612862
