RMSE,NDCG,F1,MAE
1.1002897347999356,0.7908594444983966,0.5770951386817775,0.8682959313833519
