RMSE,NDCG,F1,MAE
0.0550816682825741,0.04320616638074948,0.05883426911656009,0.050951888884183116
