RMSE,NDCG,F1,MAE
1.1553714030825097,0.7476532781176471,0.5182608695652174,0.919247820267535
