RMSE,NDCG,F1,MAE
1.0984183554472222,0.8258048095287416,0.6029935851746258,0.8833379059391415
