RMSE,NDCG,F1,MAE
1.1154128553973006,0.8298623509278297,0.5978947368421053,0.8889337496411139
