RMSE,NDCG,F1,MAE
1.099256305252101,0.8274609387196223,0.6045845272206304,0.878153386130597
