RMSE,NDCG,F1,MAE
1.0996137475878764,0.827938052790982,0.6194814295725298,0.8788198239024619
