RMSE,NDCG,F1,MAE
1.105668960021132,0.8295595025939714,0.6207845836200964,0.8802115545684208
