RMSE,NDCG,F1,MAE
1.0937888695997866,0.8292995372179158,0.6086341118188252,0.8781165585386936
