RMSE,NDCG,F1,MAE
1.1000435619337576,0.82766982125063,0.6037195994277539,0.8785218069519327
