RMSE,NDCG,F1,MAE
1.0915932675159603,0.8298791708195532,0.5874538745387454,0.8766066777532417
