RMSE,NDCG,F1,MAE
0.986082198539414,0.8845772225235526,0.6682027649769585,0.7907911424777201
