RMSE,NDCG,F1,MAE
0.9288322089766232,0.8675395458875254,0.7318932655654383,0.7471889138884742
