RMSE,NDCG,F1,MAE
0.057249989562790815,0.017037676636027288,0.0636905005884798,0.043602228589245895
