RMSE,NDCG,F1,MAE
1.5073179595629809,0.872850294038388,0.6123876123876124,1.0859546704026095
