RMSE,NDCG,F1,MAE
0.9921411144862732,0.8883341507529323,0.6916890080428955,0.7824538776157841
