RMSE,NDCG,F1,MAE
0.5151768450767077,0.01548385671454433,0.07930139565528305,0.3035007927868254
