RMSE,NDCG,F1,MAE
0.5079885990053854,0.0016709079842988084,0.12003941936583595,0.2996931461159499
