RMSE,NDCG,F1,MAE
1.5346787891017715,0.8207530820937379,0.5912882298424467,1.1217292814298299
