RMSE,NDCG,F1,MAE
1.026690190096386,0.8224239900780367,0.7113276492082826,0.82203613531388
