RMSE,NDCG,F1,MAE
0.9097283088342908,0.885477510001367,0.7480916030534351,0.7345772848100939
