RMSE,NDCG,F1,MAE
0.0672732847937314,0.0015158138263048349,0.07645676374276911,0.04944215676237784
