RMSE,NDCG,F1,MAE
0.9770015936280222,0.8839616961750622,0.671634839310666,0.7840194415724717
