RMSE,NDCG,F1,MAE
86.785828994655,97.2085724765278,88.6074646074646,86.65257874207822
