RMSE,NDCG,F1,MAE
88.88548137188643,95.81656291268331,90.3797866759923,87.30412773388628
