RMSE,NDCG,F1,MAE
86.27067908416912,100.05123341699054,87.14867392978982,86.38582628526561
