RMSE,NDCG,F1,MAE
85.92242802082122,97.8959957676266,89.87299221417527,85.91472298858966
