RMSE,NDCG,F1,MAE
102.81283750297554,96.05300581644403,121.64167608092843,101.19812737279783
