RMSE,NDCG,F1,MAE
103.09508800770722,95.69959663830576,120.04488866228198,101.2964712608965
