RMSE,NDCG,F1,MAE
102.61221560856946,97.75924445780745,125.82398583698706,101.58457036745008
