RMSE,NDCG,F1,MAE
103.09036585964122,95.53209266796424,123.20678061081534,101.57253546757505
