RMSE,NDCG,F1,MAE
103.0590180625531,97.68458145819118,123.65283720837448,101.94605678390631
