RMSE,NDCG,F1,MAE
103.27220129917501,96.51709218005988,123.45546557905989,101.8501814689607
