RMSE,NDCG,F1,MAE
102.59628658182524,97.824520790648,126.75883504438914,101.5700470799098
