RMSE,NDCG,F1,MAE
101.84122119240983,98.48594040259671,126.24681851615902,100.95628761414596
