RMSE,NDCG,F1,MAE
0.8918030413879988,0.9033685049102502,0.7493138151875571,0.6989120683311519
