RMSE,NDCG,F1,MAE
0.8586682555101787,0.8956384934034736,0.7632398753894081,0.6662445481505203
