RMSE,NDCG,F1,MAE
0.03313478587782015,0.007730011506776657,0.013926060201850943,0.03266752018063168
