RMSE,NDCG,F1,MAE
0.8964831444224518,0.8801796499845425,0.7409574468085106,0.6986194059119538
