RMSE,NDCG,F1,MAE
0.028064561716173664,0.0028081166310182093,0.016852208600404373,0.028127865225182402
