RMSE,NDCG,F1,MAE
0.9245477061386255,0.8829877666155607,0.7241052382081062,0.7267472711371362
