RMSE,NDCG,F1,MAE
0.03451266239373507,0.012491257614571705,0.005337436910712756,0.02682393655407589
