RMSE,NDCG,F1,MAE
1.0622435508964663,0.8508325735403366,0.710836038961039,0.8293736720516918
