RMSE,NDCG,F1,MAE
1.0277308885027312,0.8383413159257649,0.7054986020503262,0.8025497354976159
