RMSE,NDCG,F1,MAE
0.036261328241030344,0.0017103513145734217,0.030124882169522138,0.03688456703969489
