RMSE,NDCG,F1,MAE
0.8666741639455325,0.8998348411025051,0.768305439330544,0.6728209704248533
