RMSE,NDCG,F1,MAE
0.9029354921865629,0.8981244897879317,0.7381805571610218,0.7097055374645482
