RMSE,NDCG,F1,MAE
99.1780535729511,95.35354900965987,92.64515261586683,99.04976924642894
