RMSE,NDCG,F1,MAE
97.16135134302182,98.75384881632483,93.34912468136153,96.75547408140984
