RMSE,NDCG,F1,MAE
100.6697716740125,98.7324178710415,96.16080820705096,101.14078890140318
