RMSE,NDCG,F1,MAE
101.2677897793119,96.72639743215025,91.8310928461202,100.35296986210325
