RMSE,NDCG,F1,MAE
0.9903231602369664,0.8367721069919114,0.6429101707498144,0.7773730635280418
