RMSE,NDCG,F1,MAE
1.209177620520996,0.7224369515923694,0.47530864197530864,0.9676003136954301
