RMSE,NDCG,F1,MAE
0.21885446028402966,0.11433515539954198,0.16760152877450574,0.19022725016738828
