RMSE,NDCG,F1,MAE
0.215787069524789,0.09628331445840199,0.12680598147387057,0.1840481081674603
