RMSE,NDCG,F1,MAE
1.0098755806948625,0.836055821166974,0.637444279346211,0.7969957852012772
