RMSE,NDCG,F1,MAE
1.2256626502196515,0.739772506708572,0.5106382978723404,0.9810438933687375
