RMSE,NDCG,F1,MAE
0.9877368547834353,0.8279682898279545,0.6429101707498144,0.7826704516144556
