RMSE,NDCG,F1,MAE
1.2086442340938137,0.6970676009034876,0.47416413373860183,0.9742066320064138
