RMSE,NDCG,F1,MAE
0.2209073793103784,0.13090068892446682,0.16874603701121255,0.1915361803919582
