RMSE,NDCG,F1,MAE
1.2131842011627874,0.7024749317759776,0.5232558139534884,0.9705682831402402
