RMSE,NDCG,F1,MAE
0.9902139794686733,0.8342952954662133,0.6467589220684632,0.781051696888108
