RMSE,NDCG,F1,MAE
0.22297022169411407,0.13182036369023564,0.12350310811497478,0.1895165862521322
