RMSE,NDCG,F1,MAE
0.2292403129578211,0.13143045223825867,0.13124202768460336,0.19784751435257097
