RMSE,NDCG,F1,MAE
1.2211302423970978,0.6990735975600597,0.5244956772334294,0.9787994705222397
