RMSE,NDCG,F1,MAE
0.9918899294392767,0.8305040497983184,0.6557377049180327,0.7809519561696687
