RMSE,NDCG,F1,MAE
0.2237552303542003,0.14164010727078846,0.19267174999060965,0.1941332086268962
