RMSE,NDCG,F1,MAE
1.211596248875363,0.6943620592365389,0.45569620253164556,0.9714578624792515
