RMSE,NDCG,F1,MAE
0.9878410185211628,0.8360021665073274,0.6483679525222552,0.7773246538523553
