RMSE,NDCG,F1,MAE
0.9882117132709001,0.8293408355434142,0.642962962962963,0.7829577346729645
