RMSE,NDCG,F1,MAE
0.22064827734679793,0.13227323463992657,0.16879882922436112,0.1914531849206078
