RMSE,NDCG,F1,MAE
1.208859990617698,0.6970676009034876,0.47416413373860183,0.9744109195935723
