RMSE,NDCG,F1,MAE
1.2045700335863916,0.6936578120537714,0.4119601328903654,0.9721044536356802
