RMSE,NDCG,F1,MAE
0.9856941541952466,0.8328514392758775,0.6283524904214559,0.7812458946471916
