RMSE,NDCG,F1,MAE
0.21887587939114495,0.13919362722210604,0.21639235753109048,0.19085855898848858
