RMSE,NDCG,F1,MAE
0.19113211912318473,0.006040381693379171,0.15265533360612038,0.15165449941758558
