RMSE,NDCG,F1,MAE
1.2129886840959405,0.8097178038593709,0.4929757343550447,0.9662810734525871
