RMSE,NDCG,F1,MAE
1.0218565649727558,0.8036774221659917,0.6456310679611651,0.8146265740350015
