RMSE,NDCG,F1,MAE
1.0443240813149444,0.800513433944245,0.6244622003687769,0.8311560985293079
