RMSE,NDCG,F1,MAE
0.1944915654722843,0.0006831441459990151,0.14789970036877687,0.15424899014850801
