RMSE,NDCG,F1,MAE
1.2388156467872287,0.801196578090244,0.4765625,0.985405088677816
