RMSE,NDCG,F1,MAE
0.18088378027158614,0.0026209843871392025,0.1482243070727841,0.144412269602597
