RMSE,NDCG,F1,MAE
1.2099329993243895,0.8068370389668014,0.4754316069057105,0.9639811747300042
