RMSE,NDCG,F1,MAE
1.0290492190528033,0.8042160545796622,0.6236559139784946,0.8195689051274072
