RMSE,NDCG,F1,MAE
1.2132267200119007,0.8052117106517617,0.49032258064516127,0.9642744318618989
