RMSE,NDCG,F1,MAE
0.18691569303953948,0.0015940673721861476,0.15314506282248225,0.14852194287332998
