RMSE,NDCG,F1,MAE
1.0263110269723612,0.8036176432795755,0.6434676434676435,0.8157524889885689
