RMSE,NDCG,F1,MAE
0.19118743013966877,0.003629214489841326,0.1480495091762698,0.15245280381689008
