RMSE,NDCG,F1,MAE
1.0334273125429732,0.8038304018000142,0.6448484848484849,0.8188298921723306
