RMSE,NDCG,F1,MAE
1.224614742682642,0.8074596162898555,0.4967989756722151,0.9712826959892207
