RMSE,NDCG,F1,MAE
1.0311271090767014,0.8058432162697639,0.6417636252296387,0.8185286702587172
