RMSE,NDCG,F1,MAE
1.2203712742387445,0.8013903979580697,0.49032258064516127,0.9695160520192512
