RMSE,NDCG,F1,MAE
0.18924416516204312,0.0044528183116941955,0.15144104458447744,0.15098738176053395
