RMSE,NDCG,F1,MAE
0.18095105318935412,0.0017437947384690844,0.1502516586593457,0.14463109048351508
