RMSE,NDCG,F1,MAE
1.0292061521488,0.8047818707199099,0.6236559139784946,0.819633348581425
