RMSE,NDCG,F1,MAE
1.2101572053381542,0.806525665458379,0.4734042553191489,0.9642644390649401
