RMSE,NDCG,F1,MAE
1.2035480098662743,0.8056568996003804,0.45604395604395603,0.9613700531860997
