RMSE,NDCG,F1,MAE
0.17765536510119806,0.005472802195145121,0.1533814797210537,0.1414765558418194
