RMSE,NDCG,F1,MAE
1.0258926447650762,0.8001840974052353,0.6094254357650097,0.8198934973442803
