RMSE,NDCG,F1,MAE
0.9872327223649237,0.8870295798637033,0.7045454545454546,0.7750945789070133
