RMSE,NDCG,F1,MAE
0.09124536457078147,0.0008574832859591375,0.006219785402664768,0.0528776834243857
