RMSE,NDCG,F1,MAE
0.8959873577941422,0.8861720965777442,0.7107652399481194,0.7222168954826276
