RMSE,NDCG,F1,MAE
0.9592852690955523,0.8569920586805563,0.6961038961038961,0.757031429568092
