RMSE,NDCG,F1,MAE
0.09272384025693381,0.01984630643113172,0.018490321938597787,0.06325712544775475
