RMSE,NDCG,F1,MAE
1.0520091093524861,0.876838365111688,0.6776135741652983,0.8202885550158467
