RMSE,NDCG,F1,MAE
1.0355177839226957,0.8211864189320712,0.6257668711656442,0.8366168180642378
