RMSE,NDCG,F1,MAE
0.04655489343876407,0.020697860956886638,0.03717161383689771,0.010587738450501538
