RMSE,NDCG,F1,MAE
1.0820726773614597,0.8418842798889579,0.6629384850025419,0.8472045565147394
