RMSE,NDCG,F1,MAE
0.07621207845411537,0.007412816686711454,0.009778177230815865,0.0361764999291978
