RMSE,NDCG,F1,MAE
0.89233898746924,0.898441102904152,0.7120418848167539,0.7212274411101574
