RMSE,NDCG,F1,MAE
0.9685510659233554,0.8910282862174406,0.7218200620475698,0.7574039410393552
