RMSE,NDCG,F1,MAE
0.9885195283360185,0.8714980404464162,0.6876513317191283,0.7820133827920959
