RMSE,NDCG,F1,MAE
0.039725202756171196,0.015909132469873244,0.02959004759121653,0.03135618696732412
