RMSE,NDCG,F1,MAE
0.9487943255798473,0.8874071729162895,0.7172413793103448,0.7506571958247718
