RMSE,NDCG,F1,MAE
1.0494532669451004,0.8603071929764412,0.654320987654321,0.833209356662727
