RMSE,NDCG,F1,MAE
0.994084524692238,0.8795088000252065,0.6965554948059048,0.7784775991396959
