RMSE,NDCG,F1,MAE
0.05536874225286248,0.01920160704876528,0.04223450715158383,0.054731757523031055
