RMSE,NDCG,F1,MAE
1.0394912493747592,0.8391180869942022,0.6798336798336798,0.8235626802230016
