RMSE,NDCG,F1,MAE
1.1140938223389156,0.8434707056011023,0.6230248306997742,0.883623506308624
