RMSE,NDCG,F1,MAE
0.0746025729641564,0.0043526186069000605,0.0568088491339056,0.060060826085622354
