RMSE,NDCG,F1,MAE
0.04020544574019391,0.006924481999117882,0.048606483987839955,0.02430356213197793
