RMSE,NDCG,F1,MAE
0.9735843468827775,0.8888911327987109,0.6855036855036855,0.7626933298605304
