RMSE,NDCG,F1,MAE
0.9333789011425836,0.8958156147978288,0.7341101694915254,0.7383897677285525
