RMSE,NDCG,F1,MAE
98.9749064337694,95.77535954484816,93.06655909979979,98.56841216702836
