RMSE,NDCG,F1,MAE
99.1896169892146,98.72859026153634,90.95098920863308,98.40150236452861
