RMSE,NDCG,F1,MAE
100.99654574604267,99.42819928100457,97.59581794590278,100.99216304056135
