RMSE,NDCG,F1,MAE
101.1056457134452,97.03800475589173,92.50336930732874,100.02410714178247
