RMSE,NDCG,F1,MAE
0.8957948360332868,0.902131648500081,0.7628390075014426,0.7059475105534723
