RMSE,NDCG,F1,MAE
1.0535197261644424,0.8509666643931325,0.6465408805031446,0.8355166202757037
