RMSE,NDCG,F1,MAE
0.15772489013115565,0.051164984106948475,0.116298126998298,0.12956910972223146
