RMSE,NDCG,F1,MAE
1.069689129843166,0.8404989620652946,0.6360052562417872,0.8473393028138483
