RMSE,NDCG,F1,MAE
0.960146857329081,0.9057867167752127,0.7367773677736777,0.7475419440385107
