RMSE,NDCG,F1,MAE
0.1095422725140851,0.0652877547099181,0.10077211153189058,0.09979735877533757
