RMSE,NDCG,F1,MAE
0.17840478888586087,0.018166943563697302,0.12420889997851836,0.1458011173338596
