RMSE,NDCG,F1,MAE
1.1883416118473384,0.8333958688550464,0.5572979493365501,0.9425539929940335
