RMSE,NDCG,F1,MAE
1.0099368229614776,0.8515628124187437,0.6815068493150684,0.7967528756601739
