RMSE,NDCG,F1,MAE
0.8859237764279524,0.9074239923407248,0.7626728110599078,0.6969236378019881
