RMSE,NDCG,F1,MAE
1.0436848680370037,0.8666596759501698,0.6527415143603134,0.8232232585004351
