RMSE,NDCG,F1,MAE
0.15776109160905127,0.040764316390555,0.10993129669959445,0.12629962069844702
