RMSE,NDCG,F1,MAE
99.41976959359057,98.1147605929935,101.38197622686747,100.71124855601936
