RMSE,NDCG,F1,MAE
101.44943885780194,99.34228893941736,102.7437106918239,101.057482054623
