RMSE,NDCG,F1,MAE
103.6621314163146,101.5759509142721,105.84286264546097,105.47715174417056
