RMSE,NDCG,F1,MAE
100.21713206027681,99.11736879443298,103.1862952614794,101.83204925541986
