RMSE,NDCG,F1,MAE
0.09137136336762375,0.002294840491658734,0.008432059819288074,0.051780918052659386
