RMSE,NDCG,F1,MAE
0.8971032427948954,0.8836470979620213,0.7126137841352406,0.7240763310964976
