RMSE,NDCG,F1,MAE
0.9884746061625191,0.8813522574703626,0.7041817243159525,0.775857249149157
