RMSE,NDCG,F1,MAE
0.9651983737682275,0.8645311959336057,0.7049608355091384,0.7526054885164623
