RMSE,NDCG,F1,MAE
1.0556755525273243,0.870768963871461,0.6768893756845564,0.8227903557136143
