RMSE,NDCG,F1,MAE
0.09047717875909678,0.006237767937855243,0.028071459824581924,0.070184867197152
