RMSE,NDCG,F1,MAE
1.0101507116544395,0.8369709588120111,0.6418835192069393,0.8135218059961924
