RMSE,NDCG,F1,MAE
0.07192572596539093,0.004637290364175706,0.028146753245129275,0.03458068001158876
