RMSE,NDCG,F1,MAE
1.0820764376198304,0.8416082491761868,0.6700302724520686,0.8481024860077812
