RMSE,NDCG,F1,MAE
0.07408361371748229,0.008423615631359738,0.022877424102985766,0.03610434792681105
