RMSE,NDCG,F1,MAE
0.9681133501906792,0.8939688344684862,0.7237996902426432,0.7574780531791667
