RMSE,NDCG,F1,MAE
0.894029736473197,0.9023924500998459,0.7009222661396575,0.7213737052523557
