RMSE,NDCG,F1,MAE
1.0646208707335394,0.867064773784093,0.624,0.8429275620526707
