RMSE,NDCG,F1,MAE
0.1380373165969624,0.020827277668775457,0.07332187973724102,0.11007790729890177
