RMSE,NDCG,F1,MAE
0.926583554136577,0.8878920514528684,0.697321879737241,0.732849654753769
