RMSE,NDCG,F1,MAE
0.9934444390539641,0.8679277624891086,0.6673651126244107,0.7822759764826879
