RMSE,NDCG,F1,MAE
1.1217246270683032,0.8579026201981986,0.6169772256728778,0.8910568468549493
