RMSE,NDCG,F1,MAE
0.12828018801433916,0.010025142290910005,0.050387886951532845,0.10878087037226147
