RMSE,NDCG,F1,MAE
1.176651807862754,0.8173268304872144,0.5980769230769231,0.9305923234820744
