RMSE,NDCG,F1,MAE
1.028894329546971,0.8326075875900854,0.6615532118887824,0.8200937604309362
