RMSE,NDCG,F1,MAE
0.1477574783157829,0.015280757102870912,0.0634762888118593,0.11049856305113825
