RMSE,NDCG,F1,MAE
1.0606134261253803,0.8714618169740233,0.6326326326326326,0.8391650711190208
