RMSE,NDCG,F1,MAE
0.1503018387706686,0.021311841339106463,0.07069733709491532,0.11779597637471217
