RMSE,NDCG,F1,MAE
0.9103115873547117,0.8927736583131297,0.7033299697275479,0.7213690947443087
