RMSE,NDCG,F1,MAE
103.15918919467141,96.97514773054523,127.41346813995362,101.33184870263716
