RMSE,NDCG,F1,MAE
102.91794538334209,97.2944261251622,122.06589086743725,101.35902951730257
