RMSE,NDCG,F1,MAE
102.79761211708977,97.85098489911177,124.69606081991402,101.65721480291643
