RMSE,NDCG,F1,MAE
103.19170329207414,96.00872799266304,125.97740863787375,101.63087673101468
