RMSE,NDCG,F1,MAE
103.17632292150432,97.57247681229016,121.68434007320556,101.91884133767364
