RMSE,NDCG,F1,MAE
103.82786915487752,97.14843003382819,121.6007269866674,102.1405042176392
