RMSE,NDCG,F1,MAE
102.77613409416679,97.78196088279374,125.28285647043003,101.64199272064293
