RMSE,NDCG,F1,MAE
102.08354957343076,97.99044965428998,127.54548474000813,101.03065426042457
