RMSE,NDCG,F1,MAE
1.0163792700547165,0.8018238634822471,0.5471698113207547,0.8149324988843132
