RMSE,NDCG,F1,MAE
1.0896643540530253,0.801178894673648,0.577739281074058,0.8776986438223069
