RMSE,NDCG,F1,MAE
0.0732850839983088,0.0006449688085991001,0.030569469753303324,0.0627661449379937
