RMSE,NDCG,F1,MAE
0.07274086603976748,0.0008824568097702823,0.031622907019564495,0.06010695353610607
