RMSE,NDCG,F1,MAE
1.1079314883168199,0.8020915400953066,0.6012269938650306,0.8856715945792962
