RMSE,NDCG,F1,MAE
1.0351906222770524,0.8012090832855363,0.5696040868454662,0.8255646410431902
