RMSE,NDCG,F1,MAE
1.0954429496778442,0.8044629424942923,0.6,0.8756713495648407
