RMSE,NDCG,F1,MAE
1.0221476807046517,0.8073302731367669,0.5616797900262467,0.814071703917816
