RMSE,NDCG,F1,MAE
0.0732952689731925,0.002867330642474575,0.038320209973753294,0.06159964564702469
