RMSE,NDCG,F1,MAE
1.095498049846717,0.8073814560442725,0.6139421116999593,0.8793044862163262
