RMSE,NDCG,F1,MAE
1.0199107186317893,0.8009096245107854,0.5692503176620076,0.8163960841245861
