RMSE,NDCG,F1,MAE
0.07558733121492778,0.006471831533487071,0.04469179403795165,0.06290840209174009
