RMSE,NDCG,F1,MAE
0.07263815407427265,0.004898351419466929,0.05447330447330445,0.05850193121023106
