RMSE,NDCG,F1,MAE
1.027737848336992,0.8069941148743935,0.5656565656565656,0.8187411204636411
