RMSE,NDCG,F1,MAE
1.1003760024112648,0.8020957634549266,0.6201298701298701,0.8772430516738722
