RMSE,NDCG,F1,MAE
1.0164840010032232,0.8095674083641132,0.5754119138149556,0.8136130315759369
