RMSE,NDCG,F1,MAE
1.09044470569987,0.8078492372545732,0.6191247974068071,0.8742022741176877
