RMSE,NDCG,F1,MAE
0.07396070469664684,0.0017181711095399788,0.04371288359185155,0.0605892425417508
