RMSE,NDCG,F1,MAE
1.095704490940592,0.803894955145754,0.5994115174443043,0.8758216667542756
