RMSE,NDCG,F1,MAE
1.0223745308395056,0.8071833246818036,0.5616797900262467,0.8141423218102072
