RMSE,NDCG,F1,MAE
0.07332996010108639,0.003288369536049607,0.03773172741805764,0.06167934494406846
