RMSE,NDCG,F1,MAE
1.0936271496395598,0.8041417107043505,0.5734265734265734,0.8768952162408336
