RMSE,NDCG,F1,MAE
0.06628191873199918,0.002672629463195686,0.037174863440253336,0.05707175098689099
