RMSE,NDCG,F1,MAE
1.0273452309075606,0.8068143401675462,0.5362517099863201,0.8198234652539426
