RMSE,NDCG,F1,MAE
115.02513648852837,110.63186904815716,105.15413755951761,116.27708318227093
