RMSE,NDCG,F1,MAE
113.44968611791946,111.39872598608957,101.48985428299059,113.06262137690086
