RMSE,NDCG,F1,MAE
114.931048748309,111.8125748349926,107.42648868110236,116.91714052307856
