RMSE,NDCG,F1,MAE
115.04975685192753,115.13724673599144,104.50698974836908,115.94622426752268
