RMSE,NDCG,F1,MAE
115.07657213689977,111.78846481650999,106.25604029129518,117.13054892600458
