RMSE,NDCG,F1,MAE
115.88166604806196,111.10403351800065,105.15494330716741,117.25685207419494
