RMSE,NDCG,F1,MAE
114.91631384948565,111.64322097604176,105.74970618341739,116.90523031428359
