RMSE,NDCG,F1,MAE
115.11254205121139,111.88591212456818,111.28423370676548,117.27416080901669
