RMSE,NDCG,F1,MAE
0.2079908243073484,0.06197137212335402,0.14449860879243182,0.15934739141922982
