RMSE,NDCG,F1,MAE
0.9521634655485042,0.8377227489794876,0.6453333333333333,0.7580430125538429
