RMSE,NDCG,F1,MAE
1.1601542898558526,0.7757513768561336,0.5008347245409015,0.9173904039730727
