RMSE,NDCG,F1,MAE
1.1830684464144918,0.7963010988664035,0.5038639876352395,0.9442396031424026
