RMSE,NDCG,F1,MAE
0.22006421681555022,0.035621166642218816,0.15755333519940617,0.18112535988033618
