RMSE,NDCG,F1,MAE
0.9630042295989416,0.8319222655086224,0.6614173228346457,0.7631142432620664
