RMSE,NDCG,F1,MAE
0.9450546932820747,0.8334597915792977,0.6522116218560278,0.7567732701469715
