RMSE,NDCG,F1,MAE
0.21048271554096032,0.047073784456747814,0.1359778556222615,0.16253611858447714
