RMSE,NDCG,F1,MAE
1.155537408823035,0.7863860071225499,0.5162337662337663,0.9193093887314486
