RMSE,NDCG,F1,MAE
1.1680186074281778,0.7801167997818278,0.5201938610662359,0.9265170971197267
