RMSE,NDCG,F1,MAE
0.21988037890200318,0.05743885929269088,0.13432002782265295,0.172485181111392
