RMSE,NDCG,F1,MAE
0.9481382285261746,0.8375556590745187,0.6545138888888888,0.7540319160083347
