RMSE,NDCG,F1,MAE
0.9461702620055807,0.8360401324652306,0.6821963394342762,0.7523189337906492
