RMSE,NDCG,F1,MAE
0.2204951497436587,0.05461428089063469,0.13730469856740313,0.17181092872603188
