RMSE,NDCG,F1,MAE
1.1666654117492394,0.7814258515745959,0.544891640866873,0.924129862516681
