RMSE,NDCG,F1,MAE
0.9482895035551652,0.8370493448042585,0.6579406631762653,0.7528744531396162
