RMSE,NDCG,F1,MAE
0.21103320627463107,0.04711284876256239,0.14896839563956055,0.16625369546281998
