RMSE,NDCG,F1,MAE
1.1593227098297962,0.7899364960416961,0.5089722675367048,0.9191281486024362
