RMSE,NDCG,F1,MAE
0.21014979621418672,0.0494209410169143,0.13717973211063705,0.16233945623882806
