RMSE,NDCG,F1,MAE
0.9455427880001794,0.8320704648581907,0.6510008703220191,0.7570425111592315
