RMSE,NDCG,F1,MAE
1.1556925842143662,0.7826495238412764,0.5138211382113821,0.9193819673980596
