RMSE,NDCG,F1,MAE
0.945293142741839,0.8353495889841402,0.6487455197132617,0.7580830035370076
