RMSE,NDCG,F1,MAE
1.151457106230398,0.7902584365905373,0.4974958263772955,0.9165267035225478
