RMSE,NDCG,F1,MAE
0.20616396348855903,0.04509115239360295,0.15124969333596616,0.1584436999855402
