RMSE,NDCG,F1,MAE
94.98916047065124,100.92448105524711,110.71674707098553,95.80906939573539
