RMSE,NDCG,F1,MAE
92.22372887685938,101.0132334710755,106.08028146489686,92.61831741029786
