RMSE,NDCG,F1,MAE
94.6886335145135,104.65256437379063,110.0391279338809,96.61240438813819
