RMSE,NDCG,F1,MAE
95.6120278051521,99.80101319058961,109.82127273114281,96.225163723119
