RMSE,NDCG,F1,MAE
91.64364032236077,102.1379823481803,100.74200145537817,91.95589539954938
