RMSE,NDCG,F1,MAE
90.92713970420498,100.6327402161403,101.31416918055002,91.10843587974657
