RMSE,NDCG,F1,MAE
93.55894063960123,102.57530228386595,107.4144474320787,95.02422437893314
