RMSE,NDCG,F1,MAE
91.60174770486337,101.16903393372965,100.24170996393218,91.52209009311132
