RMSE,NDCG,F1,MAE
100.01669387991801,96.61118804272625,94.79941983219197,101.76348809711693
