RMSE,NDCG,F1,MAE
104.4847251281642,97.43125230122732,97.1779377790557,104.64094351289175
