RMSE,NDCG,F1,MAE
104.7022241083558,97.31646525868626,94.24478162101924,105.2210776059768
