RMSE,NDCG,F1,MAE
100.4032620741853,97.6963622145831,94.42215659553437,102.10808959174722
