RMSE,NDCG,F1,MAE
0.834993722689739,0.8976428627212274,0.7192205491585474,0.6552157030521768
