RMSE,NDCG,F1,MAE
0.06565716450037018,0.003511258711935472,0.045209465271467075,0.04981537160896654
