RMSE,NDCG,F1,MAE
0.9006508871901092,0.8941316040092919,0.7644300144300145,0.7050310746611433
