RMSE,NDCG,F1,MAE
0.9332491029749762,0.8783131148983312,0.7421641791044776,0.7332789135654795
