RMSE,NDCG,F1,MAE
0.06559965118778044,0.0028991159476939865,0.0412231646449871,0.05179276075110428
