RMSE,NDCG,F1,MAE
0.8676494517871958,0.8812122308460252,0.7009410144594905,0.6814861528143752
