RMSE,NDCG,F1,MAE
1.027748228879177,0.8373309732213424,0.6566815794592492,0.8016974451390317
