RMSE,NDCG,F1,MAE
0.03431265512504367,0.009453485654256522,0.07505780103536919,0.030718928370757514
