RMSE,NDCG,F1,MAE
1.0620608840042207,0.8467844588755989,0.7317393804946184,0.8324163735097893
