RMSE,NDCG,F1,MAE
0.06618685953993697,0.008215791569855413,0.03006155825935619,0.05624559648137528
