RMSE,NDCG,F1,MAE
0.9139302057785758,0.8872625258154293,0.7522464698331194,0.7180481286306397
