RMSE,NDCG,F1,MAE
0.8477433462386388,0.8954783173852847,0.7221849115737632,0.6618025321492644
