RMSE,NDCG,F1,MAE
0.8317991151839274,0.9073372778590009,0.7386574688246219,0.6459014058380449
