RMSE,NDCG,F1,MAE
0.9205629832082448,0.9002538273622924,0.7777610818933133,0.7209210746698091
