RMSE,NDCG,F1,MAE
0.08876386802431746,0.007083450496708443,0.03910361306869137,0.07501966883176425
