RMSE,NDCG,F1,MAE
0.0952155978089757,0.006089267384707275,0.050494427636054495,0.0822709981368368
