RMSE,NDCG,F1,MAE
0.9566234488703579,0.8867651402011387,0.7595754499307799,0.7520918419037191
