RMSE,NDCG,F1,MAE
0.8614078510613822,0.892854407585846,0.7090810222947254,0.6698208437668823
