RMSE,NDCG,F1,MAE
1.0873427364763848,0.8431218356032528,0.7476425052779733,0.8489228139917298
