RMSE,NDCG,F1,MAE
0.07603480950379105,0.007126791436389279,0.0864352053247679,0.05903949335938896
