RMSE,NDCG,F1,MAE
1.0113079269725938,0.8359950441668635,0.6612072999532054,0.7898833206323408
