RMSE,NDCG,F1,MAE
0.8342926345328526,0.9016127940397032,0.7312633832976445,0.6481667204893686
