RMSE,NDCG,F1,MAE
0.9290686818875992,0.8973840079712296,0.7721423164269493,0.7334836144861866
