RMSE,NDCG,F1,MAE
0.09477604735474654,0.0042287860684735445,0.040878933129304795,0.08531689399681797
