RMSE,NDCG,F1,MAE
94.34651931506329,98.03102452490756,95.22002873001553,94.24751725949871
