RMSE,NDCG,F1,MAE
94.87025290258697,98.17553617948913,96.12804203191779,95.07095801667089
