RMSE,NDCG,F1,MAE
88.8017121493919,96.23621767951788,94.71239679783689,90.0491297584987
