RMSE,NDCG,F1,MAE
93.80018910719181,97.77597996738102,95.83150522848094,93.82185175863202
