RMSE,NDCG,F1,MAE
1.0827828321642314,0.8032054209470578,0.5885350318471337,0.8619951215534587
