RMSE,NDCG,F1,MAE
0.9964599971063998,0.7552147251509116,0.6694214876033058,0.7964705740511758
