RMSE,NDCG,F1,MAE
0.08632283505783167,0.04799069579614623,0.08088645575617204,0.06552454750228287
