RMSE,NDCG,F1,MAE
1.0985630834087852,0.80096263433626,0.5827430779137154,0.8713137992883293
