RMSE,NDCG,F1,MAE
1.015323814632534,0.776231044811362,0.6601941747572816,0.8036786320539892
