RMSE,NDCG,F1,MAE
0.0832392687762511,0.024731589524898068,0.07745109684356621,0.06763516723434015
