RMSE,NDCG,F1,MAE
1.094810740590814,0.7991037250696975,0.5765824860610036,0.8678144325415298
