RMSE,NDCG,F1,MAE
0.0887314737818714,0.05160379603396836,0.08542868712335394,0.07023736622591448
