RMSE,NDCG,F1,MAE
1.0060792668089427,0.7474999290357291,0.6620111731843575,0.7975770663156153
