RMSE,NDCG,F1,MAE
1.013407945559455,0.7693310822561775,0.6565934065934066,0.8045901130328641
