RMSE,NDCG,F1,MAE
0.08263289992802236,0.03247654650637377,0.06266551285526623,0.06551367265073926
