RMSE,NDCG,F1,MAE
1.0960408454874773,0.8018076287625513,0.5939278937381404,0.8701037856836034
