RMSE,NDCG,F1,MAE
1.0153073864813384,0.7510757056811244,0.6684782608695652,0.8021874059507694
