RMSE,NDCG,F1,MAE
0.08746932865567647,0.0484677611015647,0.07748269967742827,0.0673066170306893
