RMSE,NDCG,F1,MAE
1.102776715137015,0.7995434667826891,0.5909955611921369,0.8694940229814587
