RMSE,NDCG,F1,MAE
0.08569550108519652,0.05235929830641772,0.07902142916588106,0.06541793833428733
