RMSE,NDCG,F1,MAE
0.9992258964961702,0.7492125362262987,0.6738544474393531,0.7952704596225086
