RMSE,NDCG,F1,MAE
1.0849213975813667,0.8015718345327164,0.594833018273472,0.860688397956796
