RMSE,NDCG,F1,MAE
1.00623677664718,0.7474999290357291,0.6620111731843575,0.7976186318883054
