RMSE,NDCG,F1,MAE
1.095097377816243,0.7988332281255445,0.5763934426229508,0.8679983143405691
