RMSE,NDCG,F1,MAE
0.08886060116906291,0.05133329908981532,0.08561773056140676,0.07037968245226367
