RMSE,NDCG,F1,MAE
0.9992833827945675,0.76076875557296,0.6467236467236467,0.7981541395993791
