RMSE,NDCG,F1,MAE
0.08023688315207944,0.03693936699755196,0.08541574481628977,0.06015453453231179
