RMSE,NDCG,F1,MAE
1.079520265946647,0.7977081225705119,0.5613079019073569,0.8583086741316909
