RMSE,NDCG,F1,MAE
0.001660441553686609,0.025462698307941234,0.035371111738085825,0.00948285706037244
