RMSE,NDCG,F1,MAE
0.9062400241915141,0.8845080322492506,0.726148409893993,0.6976741204928307
