RMSE,NDCG,F1,MAE
0.9045795826378275,0.9099707305571918,0.7615195216320788,0.7071569775532032
