RMSE,NDCG,F1,MAE
0.025941213073291336,0.01912273932044073,0.01601842642516882,0.025277496410888167
