RMSE,NDCG,F1,MAE
0.9267253001962102,0.8763542105869871,0.7142857142857143,0.7182375980826469
