RMSE,NDCG,F1,MAE
0.9526665132695016,0.8954769499074279,0.7303041407108831,0.743515094493535
