RMSE,NDCG,F1,MAE
0.04625026947088906,0.01674615041254479,0.0525829166126387,0.03327441758605221
