RMSE,NDCG,F1,MAE
1.0775805318231688,0.8532072648007942,0.7155042649272454,0.8379755789135724
