RMSE,NDCG,F1,MAE
1.0313302623522798,0.8364611143882494,0.6629213483146067,0.8047011613275202
