RMSE,NDCG,F1,MAE
0.002614588272862539,0.025903872863569655,0.04281396075309518,0.015082863933031043
