RMSE,NDCG,F1,MAE
0.9098099949975053,0.9087490294716967,0.7560198300283286,0.7138178455967898
