RMSE,NDCG,F1,MAE
0.9071954067246427,0.882845156608127,0.7132058692752334,0.6987349816637588
