RMSE,NDCG,F1,MAE
0.10996293350046127,0.11457373005406868,0.03697373864733344,0.07115540539083232
