RMSE,NDCG,F1,MAE
1.1692105881437374,0.6930462719096854,0.6424870466321243,0.9156593796491598
