RMSE,NDCG,F1,MAE
1.059247654643276,0.807620001963754,0.6055133079847909,0.8445039742583275
