RMSE,NDCG,F1,MAE
1.074723809338303,0.8032921154546332,0.5898931000971818,0.8561783382887908
