RMSE,NDCG,F1,MAE
0.10708323505937423,0.0911129053999854,0.026323116119034484,0.0689034212448939
