RMSE,NDCG,F1,MAE
1.1818070443976771,0.7121792100546478,0.6162162162162163,0.9250817595336847
