RMSE,NDCG,F1,MAE
1.1971076671731053,0.6934972160352633,0.6178010471204188,0.9414667334288254
