RMSE,NDCG,F1,MAE
1.067642556562866,0.8083342512314513,0.5867321867321867,0.8514118633169208
