RMSE,NDCG,F1,MAE
0.12946511061023935,0.11483703519618804,0.03106886038823209,0.0900548701119046
