RMSE,NDCG,F1,MAE
1.0594782294467033,0.8066958330742031,0.6027658559847401,0.8426516166103405
