RMSE,NDCG,F1,MAE
1.1800769804408584,0.7067309051553695,0.6358974358974359,0.9221266748660062
