RMSE,NDCG,F1,MAE
0.12059875099415507,0.0999649279188336,0.033131579912695774,0.0794750582556657
