RMSE,NDCG,F1,MAE
1.0771631476458914,0.8097267731427082,0.6097676623992413,0.8554979707778452
