RMSE,NDCG,F1,MAE
1.218480032572055,0.6958483913146735,0.6294416243654822,0.9581963487940659
