RMSE,NDCG,F1,MAE
0.14131688492616368,0.11387838182803478,0.019673961966240938,0.10269837801622073
