RMSE,NDCG,F1,MAE
0.1266243491203638,0.09966186444373548,0.029721663925939446,0.08427396251152042
