RMSE,NDCG,F1,MAE
1.1837018418346998,0.7111798698130712,0.6358974358974359,0.9274220531297396
