RMSE,NDCG,F1,MAE
1.057077492714336,0.8108417342568067,0.6061757719714964,0.8431480906182192
