RMSE,NDCG,F1,MAE
1.0680342366659206,0.809364583126446,0.5888125613346418,0.8516455182496068
