RMSE,NDCG,F1,MAE
0.12901812986762384,0.11586736709118273,0.028988485785777063,0.08985544364136011
