RMSE,NDCG,F1,MAE
1.1970523665335444,0.6934972160352633,0.6178010471204188,0.9415009618909669
