RMSE,NDCG,F1,MAE
1.1842718543951152,0.6965915549311916,0.6096256684491979,0.930973640422572
