RMSE,NDCG,F1,MAE
0.13269509743618468,0.11183178484063594,0.03877752218205721,0.0851474215292749
