RMSE,NDCG,F1,MAE
1.0515767569589305,0.8084233397718276,0.5708481462671406,0.8458262188932971
