algorithm,georisk
SVD,0.7721121897118192
BIASEDMF,0.7729302654056808
NMF,0.7638773948117518
StochasticItemKNN,0.7362443252738913
BayesianRidge,0.7155446508358636
Tweedie,0.7149420425612304
Ridge,0.7155180481142182
RandomForest,0.7159513143371352
Bagging,0.7121640339857558
AdaBoost,0.7159842236691352
GradientBoosting,0.7169391108523026
LinearSVR,0.7138534119177146
