algorithm,georisk
SVD,0.8159222922119176
BIASEDMF,0.8163470011538391
NMF,0.8063208783395501
StochasticItemKNN,0.7748336631218148
BayesianRidge,0.7534712439906208
Tweedie,0.7532064891629906
Ridge,0.7534327828986451
RandomForest,0.752965774351082
Bagging,0.749365882947019
AdaBoost,0.7523911532103447
GradientBoosting,0.7546349134981849
LinearSVR,0.7499082975448575
