RMSE,NDCG,F1,MAE
0.9051455692167214,0.8783066687777108,0.7267573696145124,0.7144890704861746
