RMSE,NDCG,F1,MAE
0.8309722323424256,0.8832227979967322,0.7316602316602316,0.6691108908799466
