RMSE,NDCG,F1,MAE
0.07417333687429584,0.004916129219021403,0.004902862045719214,0.04537817960622803
