RMSE,NDCG,F1,MAE
0.8588910884089078,0.8782104268551333,0.713026444662096,0.6929193411952033
