RMSE,NDCG,F1,MAE
0.9210469768495876,0.8731146537463215,0.7057083703046436,0.722834775897238
