RMSE,NDCG,F1,MAE
0.06215588844067976,0.0050957731088118186,0.007318074357452353,0.029915434702034727
