RMSE,NDCG,F1,MAE
0.9004729780269848,0.8790005709734062,0.7155797101449275,0.7060036390128546
