RMSE,NDCG,F1,MAE
0.08070307323390968,0.0032189985353272554,0.009317698271717245,0.04889520796823654
