RMSE,NDCG,F1,MAE
0.9077104094464428,0.877563211756716,0.7193951730154114,0.7119937256835677
