RMSE,NDCG,F1,MAE
0.8266578377361254,0.8909042316712098,0.7283582089552239,0.6547112514462292
