RMSE,NDCG,F1,MAE
0.07407166545303479,0.0069096466516239685,0.013366770216085233,0.043799233708077256
