RMSE,NDCG,F1,MAE
0.9032506761408441,0.8806472272659142,0.7185314685314685,0.7093005233936462
