RMSE,NDCG,F1,MAE
0.900307581350661,0.8780056774841731,0.7162284678150499,0.7058054754773477
