RMSE,NDCG,F1,MAE
0.07404049213032493,0.013983659582344599,0.008261328103317478,0.04719729984417653
