RMSE,NDCG,F1,MAE
0.08410010281773839,0.008770053366707664,0.02419387598656575,0.056946125453327556
