RMSE,NDCG,F1,MAE
0.9075847187623848,0.8797199500795655,0.6996554963983714,0.7144479138417839
