RMSE,NDCG,F1,MAE
0.8234846159446464,0.8884900034462732,0.7238493723849372,0.6575017883884563
