RMSE,NDCG,F1,MAE
105.5864545117557,105.22075143326998,107.73131156178279,106.64359483991002
