RMSE,NDCG,F1,MAE
104.55275760004648,101.30936764817832,107.03791070615407,105.00396060175174
