RMSE,NDCG,F1,MAE
105.7288550224767,105.97514918390083,109.21679732455962,106.4608284445425
