RMSE,NDCG,F1,MAE
105.11871042007073,104.44416396696616,111.62768986603184,105.91809546862932
