RMSE,NDCG,F1,MAE
105.94506628612639,105.96822467338241,110.3810446020987,106.74201368019969
