RMSE,NDCG,F1,MAE
105.73552548034112,102.24481346417575,109.90260060721633,106.74922957433697
