RMSE,NDCG,F1,MAE
105.73114982712954,105.95249662227944,109.21679732455962,106.46147624221139
