RMSE,NDCG,F1,MAE
104.86811830100208,105.98407135874008,109.72027930809551,105.81135239438177
