RMSE,NDCG,F1,MAE
0.8992780780393508,0.9009170048802575,0.7435897435897436,0.7025784702932014
