RMSE,NDCG,F1,MAE
0.11070842832641603,0.007203213662135832,0.06843111784657574,0.09466386709730112
