RMSE,NDCG,F1,MAE
1.0197689559823766,0.8847961076788122,0.662751677852349,0.8097688775749449
