RMSE,NDCG,F1,MAE
0.9090605276559606,0.8919993213409481,0.7311827956989247,0.7151050104776437
