RMSE,F1,MAE
0.98096952156273,0.6748554913294798,0.7747292067949472
