RMSE,F1,MAE
0.10030202026606616,0.0595284178748372,0.08590832200655607
