RMSE,NDCG,F1,MAE
0.9895533598590264,0.89037227178908,0.6588037068239259,0.7819821540228644
