RMSE,NDCG,F1,MAE
0.09027528181967559,0.010544733091177538,0.08478603676581775,0.079403683729663
