RMSE,F1,MAE
1.010687670678164,0.6748201438848921,0.8006915548619584
