RMSE,F1,MAE
0.9017728368624314,0.7504302925989673,0.7035933618131087
