RMSE,NDCG,F1,MAE
0.9067431905567269,0.888697063367536,0.7495682210708118,0.711948322128842
