RMSE,NDCG,F1,MAE
0.13653686285137456,0.0040642161338625415,0.08290155440414515,0.1144852496954546
