RMSE,F1,MAE
0.9032100291618511,0.755700325732899,0.7082629816974039
