RMSE,NDCG,F1,MAE
1.0432800534081015,0.8927612795013985,0.6666666666666666,0.8264335718242966
