RMSE,NDCG,F1,MAE
0.905502103970957,0.8991108677786853,0.7362637362637363,0.7124448392281288
