RMSE,NDCG,F1,MAE
0.9914194106885899,0.8871556634862143,0.6593220338983051,0.7824344956702551
