RMSE,NDCG,F1,MAE
0.08591730671763287,0.011955204292470989,0.07694170236543119,0.06998965644212629
