RMSE,NDCG,F1,MAE
1.0541284302168683,0.8819652488934868,0.6622296173044925,0.8380355795128382
