RMSE,F1,MAE
0.14315266100148305,0.05126476963565352,0.11353261652012137
