RMSE,NDCG,F1,MAE
0.1489953803678984,0.00903547671546956,0.05968566814670462,0.11907916236199334
