RMSE,NDCG,F1,MAE
0.9051330498489699,0.8729297721780173,0.7219152854511971,0.7189564171508449
