algorithm,value
userKNN,0.5947256521394699
Bagging,0.5907387477982815
GradientBoosting,0.5877065913848749
AdaBoost,0.5866027756994767
itemKNN,0.5811644040781972
