algorithm,value
userKNN,0.6029430357929983
BIAS,0.6008336616121552
SVD,0.5964973180209168
Bagging,0.593418095587264
Tweedie,0.5923352225770812
