algorithm,value
userKNN,0.608788834311453
Bagging,0.6036098341905788
itemKNN,0.5994071777066969
AdaBoost,0.5985147977337725
GradientBoosting,0.5977556531633185
