algorithm,value
userKNN,0.6024876965180094
BIAS,0.6003702010949796
AdaBoost,0.5963452590822877
SVD,0.5956433758366307
Bagging,0.5938848757082246
