algorithm,value
userKNN,0.6015010462569684
Bagging,0.5953440788761587
BIAS,0.5937609571410593
AdaBoost,0.5936997614198328
Tweedie,0.5919849462544262
