algorithm,value
userKNN,0.6105429921121764
itemKNN,0.6050476114101075
Bagging,0.5927428835381628
AdaBoost,0.5927230880561466
GradientBoosting,0.5921153522289385
