algorithm,value
userKNN,0.6167226505379548
Bagging,0.6046006653616353
itemKNN,0.6032926996787104
BIASEDMF,0.6020394968324884
Tweedie,0.5979295617498936
