algorithm,value
userKNN,0.6128748417369261
BIASEDMF,0.5977246545936401
itemKNN,0.5975656259115395
AdaBoost,0.5940322716884684
Bagging,0.593496376112816
