algorithm,value
userKNN,0.6060523240326637
itemKNN,0.5940231680840156
Bagging,0.5875527573931291
BIASEDMF,0.5864978094643218
AdaBoost,0.585459701617462
