algorithm,value
userKNN,0.6077185812364545
BIAS,0.606835036206514
SVD,0.6009474441699527
AdaBoost,0.5972873464757643
Tweedie,0.5972488456335762
