algorithm,value
userKNN,0.6073650300956055
Bagging,0.5955868374881357
itemKNN,0.5907440397886905
AdaBoost,0.5902086824014556
GradientBoosting,0.5888344971858932
