algorithm,value
userKNN,0.6142343849120756
Bagging,0.6079544908603538
AdaBoost,0.606329690620198
BIASEDMF,0.6053363332328527
Tweedie,0.60517722628403
