algorithm,value
userKNN,0.5989334460653065
BIAS,0.5937336639320189
Bagging,0.5935228054665099
AdaBoost,0.5928420146839954
SVD,0.5895808442280214
