algorithm,value
userKNN,0.6007307348017276
Bagging,0.5976066581368907
AdaBoost,0.5963598700495938
BIAS,0.5914919220768748
SVD,0.5912808697166437
