algorithm,value
userKNN,0.6077633310763376
Bagging,0.6028106557834355
itemKNN,0.60173235743402
AdaBoost,0.600091913066817
BIAS,0.5992830215468097
