algorithm,value
userKNN,0.6103859648018731
Bagging,0.609622910058571
AdaBoost,0.6065227419683406
BIASEDMF,0.6042759357672172
BIAS,0.6041442889496348
