algorithm,value
userKNN,0.6029391793047524
BIAS,0.5990196540758682
AdaBoost,0.5968371055182379
Bagging,0.5966330655346215
SVD,0.5955448472630421
