algorithm,value
userKNN,0.6046793123129363
itemKNN,0.5994466552342521
AdaBoost,0.5964465017679484
Bagging,0.5947028688040267
GradientBoosting,0.5938804674790253
