algorithm,value
userKNN,0.6016429729337534
itemKNN,0.5939723683836112
BIASEDMF,0.5887434817845617
Tweedie,0.5867565992500886
Bagging,0.5852348954217341
