algorithm,value
userKNN,0.6010402057410579
BIAS,0.5994723480056303
SVD,0.5944746650140915
AdaBoost,0.5920113182802604
Tweedie,0.5910248893505273
