RMSE,NDCG,F1,MAE
0.9136304429680133,0.8997819701005626,0.7642256902761104,0.7154985202798206
