RMSE,NDCG,F1,MAE
0.8274646919042514,0.9032673352809985,0.7327707454289732,0.6459695908456318
