RMSE,NDCG,F1,MAE
0.0861657510637619,0.003485365180435851,0.03145494484713718,0.06952892943418887
