RMSE,NDCG,F1,MAE
0.8549840770322926,0.8826135188184756,0.7109618613576397,0.6685995293167157
