RMSE,NDCG,F1,MAE
0.09648339494285096,0.0007345455083356267,0.027859909722195875,0.07995879847293186
