RMSE,NDCG,F1,MAE
0.9514674719751436,0.88187897331014,0.7388217710798356,0.7485583277896476
