RMSE,NDCG,F1,MAE
0.07613847763138426,0.01992977529810691,0.05790311385980085,0.06510051290680241
