RMSE,NDCG,F1,MAE
1.0802430095432545,0.8543704045112703,0.72932005197055,0.84599451721425
