RMSE,NDCG,F1,MAE
1.0041045319118702,0.8344406292131634,0.6714169381107492,0.7808940043074476
