RMSE,NDCG,F1,MAE
0.9273540262711071,0.8972476538103182,0.7544968400583374,0.7296924697870298
