RMSE,NDCG,F1,MAE
0.8313180274652368,0.9010512583762702,0.733694372498234,0.6478276197830518
