RMSE,NDCG,F1,MAE
0.09603599880587033,0.003803604565951968,0.0208024675601034,0.08186485000397803
