RMSE,NDCG,F1,MAE
1.1517693315204551,0.7561155031058974,0.5874730021598272,0.9016103694661123
