RMSE,NDCG,F1,MAE
0.04523900814213899,0.04366038132963157,0.07029398813143495,0.028653749537712825
