RMSE,NDCG,F1,MAE
1.1065303233783161,0.7997758844355289,0.6577669902912622,0.8729566199283995
