RMSE,NDCG,F1,MAE
1.115631198017683,0.7983831812074161,0.6379657603222558,0.8813794901956432
