RMSE,NDCG,F1,MAE
1.1474671400506484,0.7437569680237028,0.5866050808314087,0.906740681998414
