RMSE,NDCG,F1,MAE
0.03183594203296547,0.0546262131837133,0.051360679490847105,0.025361191802770744
