RMSE,NDCG,F1,MAE
0.04201377404315387,0.04152241946035662,0.06350267223196326,0.03175708291041168
