RMSE,NDCG,F1,MAE
1.1077753582213004,0.8020932919144612,0.6368971676448073,0.8759997452918201
