RMSE,NDCG,F1,MAE
1.1497891322644542,0.7605708724541046,0.573394495412844,0.9077568282022318
