RMSE,NDCG,F1,MAE
0.04264275295422304,0.049146980044113664,0.0682179675994109,0.02650302858775866
