RMSE,NDCG,F1,MAE
1.1037008554582481,0.8000096891576283,0.6548846342660776,0.8687820256019149
