RMSE,NDCG,F1,MAE
1.1463436084124712,0.7508627091135146,0.5866666666666667,0.8952850541896735
