RMSE,NDCG,F1,MAE
1.1223855252394093,0.8019340803372828,0.6469858595881915,0.8826483328794144
