RMSE,NDCG,F1,MAE
1.1644485889647067,0.7605708724541046,0.5827814569536424,0.9179568145275674
