RMSE,NDCG,F1,MAE
0.042063063725297445,0.041363207883178155,0.06420440263454918,0.035308481648153034
