RMSE,NDCG,F1,MAE
1.1090032598785897,0.7979744069898131,0.6555691554467564,0.8723507910287003
