RMSE,NDCG,F1,MAE
0.046224161760968,0.03519547212098606,0.06890248878008975,0.03244835947115998
