RMSE,NDCG,F1,MAE
1.1552274216395577,0.7627789348688271,0.5866666666666667,0.9047991504998603
