RMSE,NDCG,F1,MAE
0.042080342724482245,0.04152638040686074,0.06350267223196326,0.03176520514796555
