RMSE,NDCG,F1,MAE
1.1500337226556228,0.7605708724541046,0.573394495412844,0.907887487699182
