RMSE,NDCG,F1,MAE
1.1079533799311405,0.8020972528609653,0.6368971676448073,0.8761222825512165
