RMSE,NDCG,F1,MAE
1.1067886105881397,0.8009357624832101,0.6167728237791932,0.8771659370918539
