RMSE,NDCG,F1,MAE
0.02579388336632915,0.053689094732354836,0.05716211818308614,0.022130924372012806
