RMSE,NDCG,F1,MAE
1.1325824939544689,0.7472466677508552,0.559610705596107,0.8992968614638667
