RMSE,NDCG,F1,MAE
103.85885767468288,99.14431248546299,101.85850840056447,104.90323264502742
