RMSE,NDCG,F1,MAE
103.13051749949567,99.68197559046808,102.32731483093637,104.02620725779373
