RMSE,NDCG,F1,MAE
103.35814197858895,98.53187830331939,99.2491324836999,103.34233946727849
