RMSE,NDCG,F1,MAE
104.18396321818923,100.19043588433685,104.08096391557369,105.48207750070632
