RMSE,NDCG,F1,MAE
0.9295110310718928,0.8812504158002452,0.7059716599190283,0.7335585950048733
