RMSE,NDCG,F1,MAE
0.9358917780222049,0.8678018834519042,0.712130356065178,0.7292147810149826
