RMSE,NDCG,F1,MAE
0.0063807469503120995,0.01344853234834098,0.0061586961461497225,0.004343813989890699
