RMSE,NDCG,F1,MAE
0.008472593816690632,0.020048428989810296,0.010394945229538544,0.010744830238693992
