RMSE,NDCG,F1,MAE
1.0005485902396933,0.8611702450391048,0.6659647275598842,0.790782773888724
