RMSE,NDCG,F1,MAE
0.9920759964230027,0.8411218160492945,0.6555697823303457,0.78003794365003
