RMSE,NDCG,F1,MAE
0.013264354317007232,0.004328557283191703,0.012663376857036668,0.01660125717557759
