RMSE,NDCG,F1,MAE
1.0549032146354864,0.8211924776768414,0.6670391061452514,0.826566340762645
