RMSE,NDCG,F1,MAE
1.0681675689524937,0.8255210349600332,0.6543757292882147,0.8431675979382226
