RMSE,NDCG,F1,MAE
0.927416348490251,0.8767334933582388,0.7024586051179127,0.7337458896237179
