RMSE,NDCG,F1,MAE
0.0015754180314455635,0.0047027818434838276,0.020260536205879753,0.014560735767329747
