RMSE,NDCG,F1,MAE
0.9258409304588054,0.872030711514755,0.7227191413237924,0.7191851538563881
