RMSE,NDCG,F1,MAE
0.19007968006725817,0.03369408251538675,0.11131137005057701,0.15151589979327618
