RMSE,NDCG,F1,MAE
0.8659025000109533,0.9051528373786996,0.7505518763796909,0.687297280018581
