RMSE,NDCG,F1,MAE
1.0559821800782114,0.8714587548633128,0.6392405063291139,0.8388131798118572
