RMSE,NDCG,F1,MAE
1.0745686862702897,0.8586084533399035,0.6010016694490818,0.8488009754775777
