RMSE,NDCG,F1,MAE
0.8794735249753611,0.9002936132750221,0.7275449101796407,0.6967079329884208
