RMSE,NDCG,F1,MAE
0.19509516129492854,0.041685159935118565,0.1265432407305589,0.1520930424891569
