RMSE,NDCG,F1,MAE
0.2062858129142071,0.03473373456927775,0.11259147326974828,0.16890446629709177
