RMSE,NDCG,F1,MAE
0.8548693786353216,0.9064437645083354,0.7297921478060047,0.6753654468075437
