RMSE,NDCG,F1,MAE
1.0611551915495288,0.8717100299390577,0.6172006745362564,0.8442699131046355
