RMSE,NDCG,F1,MAE
0.8675620497842792,0.9016440599918315,0.7451274362818591,0.6867097317930679
