RMSE,NDCG,F1,MAE
1.0644485179834184,0.8735011957068692,0.6178861788617886,0.8467419934291167
