RMSE,NDCG,F1,MAE
0.19688646819913924,0.028142864284962266,0.12724125742007042,0.16003226163604878
