RMSE,NDCG,F1,MAE
1.066482501877677,0.8698721500616768,0.6264274061990212,0.8418975766412953
