RMSE,NDCG,F1,MAE
0.8563368268174508,0.9066149521684347,0.7338345864661654,0.6729776130360201
