RMSE,NDCG,F1,MAE
0.21014567506022608,0.036742802106757844,0.10740718026714424,0.16891996360527517
