RMSE,NDCG,F1,MAE
0.8641957572612621,0.9045609416186601,0.7449814126394052,0.6815952838912913
