RMSE,NDCG,F1,MAE
0.19648349149644562,0.031344917253252835,0.12418141263940519,0.1559189657472787
