RMSE,NDCG,F1,MAE
1.0606792487577077,0.8732160243654072,0.6208,0.83751424963857
