RMSE,NDCG,F1,MAE
0.8549100979902885,0.9077039472259439,0.7288135593220338,0.6752190816011202
