RMSE,NDCG,F1,MAE
0.2066724043992979,0.03732918618878245,0.10928493979341436,0.16957893547251546
