RMSE,NDCG,F1,MAE
1.0615825023895864,0.8703747610371615,0.6195286195286195,0.8447980170736357
