RMSE,NDCG,F1,MAE
0.8560212778810184,0.9060145319624926,0.7244094488188977,0.6782585482882973
