RMSE,NDCG,F1,MAE
0.20557101852915427,0.03741432438858738,0.11739190495924856,0.1701942884355131
