RMSE,NDCG,F1,MAE
1.0615922964101727,0.8686002075739052,0.6070175438596491,0.8484528367238104
