RMSE,NDCG,F1,MAE
0.9078577848297192,0.891458890251745,0.7285570131180625,0.713631156930126
