RMSE,NDCG,F1,MAE
0.8924859000920103,0.8964747260436904,0.7274569402228976,0.6973494488221819
