RMSE,NDCG,F1,MAE
0.9016401131314187,0.8952256156796614,0.7418111753371869,0.7098636473668649
