RMSE,NDCG,F1,MAE
0.8956584317181913,0.8956827781642596,0.7426326129666012,0.6950730281695507
