RMSE,NDCG,F1,MAE
0.8976514875161117,0.896199602703371,0.7452471482889734,0.7077951016386361
