RMSE,NDCG,F1,MAE
0.8925284454401964,0.896916696913764,0.72782874617737,0.6967954144641932
