RMSE,NDCG,F1,MAE
0.8576468162306518,0.8945903611844869,0.7545184168382522,0.6681783334471526
