RMSE,NDCG,F1,MAE
0.014021506781736859,0.00783959150794733,0.013198656794623731,0.012410887279367788
