RMSE,NDCG,F1,MAE
0.8716683230123886,0.9024299526924342,0.7413197600436284,0.6805892207265204
