RMSE,NDCG,F1,MAE
0.9073570850768153,0.886252783674207,0.7097869130680746,0.7124873318822585
