RMSE,NDCG,F1,MAE
0.01156403140472051,0.00862873499780814,0.03104148929878925,0.014445857941247975
