RMSE,NDCG,F1,MAE
0.8957930536720948,0.8776240486763989,0.7408284023668639,0.6980414739410106
