RMSE,NDCG,F1,MAE
1.0422784193015997,0.8361510116465822,0.7016424067875768,0.8073283589987247
