RMSE,NDCG,F1,MAE
0.03421948301695599,0.0020436023243716184,0.00736660453258986,0.017230528099420495
