RMSE,NDCG,F1,MAE
1.0080589362846437,0.8341074093222106,0.694275802254987,0.7900978308993042
