RMSE,NDCG,F1,MAE
0.8917260754207392,0.8938058464625495,0.7256244218316373,0.6969881652116208
