RMSE,NDCG,F1,MAE
0.023208436942270927,0.003753229203898756,0.02709863726453876,0.020647180957682698
