RMSE,NDCG,F1,MAE
0.8685176384784683,0.8975590756664482,0.7527230590961761,0.6763409842539381
