RMSE,NDCG,F1,MAE
0.9695365039790242,0.8669100250321518,0.6527616840478949,0.7606136408323082
