RMSE,NDCG,F1,MAE
0.9630261838621921,0.9049006265965672,0.7031700288184438,0.753027564743411
