RMSE,NDCG,F1,MAE
0.006510320116832169,0.03799060156441547,0.050408344770548896,0.0075860760888971646
