RMSE,NDCG,F1,MAE
0.0386128739926368,0.008964089337930026,0.05387556006193217,0.042328511514471145
