RMSE,NDCG,F1,MAE
1.0565981050592226,0.8581633534375852,0.624090541632983,0.831461555195596
