RMSE,NDCG,F1,MAE
1.0179852310665858,0.8671274427755152,0.6779661016949152,0.7891330436811248
