RMSE,NDCG,F1,MAE
1.0780514969251596,0.8228746991377569,0.6609360076408787,0.8425748592842257
