RMSE,NDCG,F1,MAE
1.0703674971403618,0.8213878697712749,0.6391603329714078,0.8338359043982958
