RMSE,NDCG,F1,MAE
0.007683999784797724,0.0014868293664820342,0.021775674669470835,0.008738954885929906
