RMSE,NDCG,F1,MAE
0.9520482547871602,0.8725465698881645,0.6554105909439755,0.7510972156984997
