RMSE,NDCG,F1,MAE
0.962710032571175,0.9058238760413516,0.7126213592233009,0.7512665276477378
