RMSE,NDCG,F1,MAE
0.010661777784014892,0.033277306153187136,0.057210768279325475,0.00016931194923808235
