RMSE,NDCG,F1,MAE
0.9052091345993258,0.8925573316225455,0.7252215954875101,0.7135902167649152
