RMSE,NDCG,F1,MAE
0.9196539706911255,0.8877931403129884,0.7203252032520325,0.7267767165443826
