RMSE,NDCG,F1,MAE
0.04694777452706922,0.010239628626169894,0.027149544222714983,0.024928833242885307
