RMSE,NDCG,F1,MAE
0.8727061961640563,0.8980327689391583,0.7474747474747475,0.7018478833014973
