RMSE,NDCG,F1,MAE
0.8689765540705272,0.9059173215140526,0.7555555555555555,0.7051131478742173
