RMSE,NDCG,F1,MAE
0.03623258052879863,0.013359989891507107,0.03033396006804545,0.00847706889069788
