RMSE,NDCG,F1,MAE
0.9230016302840442,0.8917642449090675,0.732,0.7292817760926966
