RMSE,NDCG,F1,MAE
0.9477851426682983,0.8817514402178447,0.7076923076923077,0.7435293507847031
