RMSE,NDCG,F1,MAE
0.024783512384254025,0.010012804691222787,0.024307692307692252,0.014247574692006437
