RMSE,NDCG,F1,MAE
0.9059261982136712,0.8917958276718514,0.7281475541299118,0.7144508534731204
