RMSE,NDCG,F1,MAE
0.03302447853831203,0.008378128004704277,0.03337549196227252,0.007334892819293004
