RMSE,NDCG,F1,MAE
0.8729017196753591,0.9001739556765557,0.7615230460921844,0.7071159606538274
