RMSE,NDCG,F1,MAE
0.9213935327601827,0.8800919626813853,0.7624750499001997,0.7461616018139559
