RMSE,NDCG,F1,MAE
0.9772984802593131,0.8887473113289533,0.7193798449612403,0.7637854999104886
