RMSE,NDCG,F1,MAE
0.05590494749913044,0.008655348647568006,0.04309520493895935,0.017623898096532753
