RMSE,NDCG,F1,MAE
0.08570824046605785,0.001129712823306761,0.03310426689730972,0.06927182612463989
