RMSE,NDCG,F1,MAE
0.8273609841149833,0.9010535268455417,0.7313188100257672,0.6459153136830874
