RMSE,NDCG,F1,MAE
0.9130692245810411,0.9021832396688485,0.7644230769230769,0.7151871398077273
