RMSE,NDCG,F1,MAE
0.8554633021679471,0.8862435078924182,0.7126491646778043,0.6666474463791559
