RMSE,NDCG,F1,MAE
0.09586179112816717,0.0034352785289921695,0.02833117869119306,0.07992682084996305
