RMSE,NDCG,F1,MAE
0.9513250932961143,0.8896787864214104,0.7409803433689973,0.7465742672291189
