RMSE,NDCG,F1,MAE
0.9999294698987224,0.8410995080483858,0.675577156743621,0.7779026230260201
