RMSE,NDCG,F1,MAE
0.07758380763970218,0.011773706477263834,0.052842064826285506,0.06775974873660773
