RMSE,NDCG,F1,MAE
1.0775132775384246,0.8528732145256497,0.7284192215699065,0.8456623717626278
