RMSE,NDCG,F1,MAE
0.832260307582897,0.9040942649409932,0.7273582686426723,0.6491703480120173
