RMSE,NDCG,F1,MAE
0.09451797810485218,0.00657431830589239,0.02746400480146216,0.08051799200510001
