RMSE,NDCG,F1,MAE
0.9267782856877492,0.8975199466351008,0.7548222734441344,0.7296883400171174
