RMSE,NDCG,F1,MAE
0.9049792075752593,0.8678701497784267,0.7342995169082126,0.7135590147323004
