RMSE,NDCG,F1,MAE
0.9876689909673212,0.8879384093757943,0.7229773462783171,0.7765709762605769
