RMSE,NDCG,F1,MAE
0.0826897833920619,0.020068259597367577,0.01132217062989549,0.06301196152827648
