RMSE,NDCG,F1,MAE
0.1254286884404502,0.012819510615639018,0.0013192789243665626,0.09982450991430425
