RMSE,NDCG,F1,MAE
0.9245990431105283,0.8623737607241662,0.7084100675260896,0.7207759178366728
