RMSE,NDCG,F1,MAE
1.0500277315509785,0.8751932713398052,0.707090788601723,0.8206004277509771
