RMSE,NDCG,F1,MAE
0.08523550936491053,0.021938002466266204,0.03315484428531634,0.05917204343597304
