RMSE,NDCG,F1,MAE
1.082992721098701,0.8336489225867089,0.6953581309560406,0.8448461757603503
