RMSE,NDCG,F1,MAE
0.9977572117337904,0.8117109201204427,0.6622032866707243,0.7856741323243772
