RMSE,NDCG,F1,MAE
0.07045403279570062,0.01121082556423636,0.01705131093044998,0.052519890198027386
