RMSE,NDCG,F1,MAE
0.972668644803942,0.889198671421574,0.740455566249599,0.7654750072495047
