RMSE,NDCG,F1,MAE
0.9022146120082414,0.8779878458573377,0.723404255319149,0.7129551170514773
