RMSE,NDCG,F1,MAE
105.98890827439276,97.25724835082752,108.55298090605952,105.96732932312705
