RMSE,NDCG,F1,MAE
145.01620246039045,100.55054032554358,114.68656156156159,136.00057144658874
