RMSE,NDCG,F1,MAE
149.22536402617004,100.20301031535197,120.27514446500736,136.06354300214056
