RMSE,NDCG,F1,MAE
107.34432481661852,99.48437820087307,110.88613269575613,106.91780613256022
