RMSE,NDCG,F1,MAE
1.0671691010564137,0.8612266717810994,0.6246246246246246,0.8455045318900899
