RMSE,NDCG,F1,MAE
0.14101754992979754,0.02473086245699785,0.08030991716792324,0.11285305162618997
