RMSE,NDCG,F1,MAE
0.9261515511266162,0.8859575342380972,0.7049345417925479,0.7326514802638999
