RMSE,NDCG,F1,MAE
1.1412882033733802,0.8347875557260911,0.5831578947368421,0.9110612974381874
