RMSE,NDCG,F1,MAE
0.12684868996439702,0.03644757351437722,0.062072544705816024,0.11566717858875075
