RMSE,NDCG,F1,MAE
1.0144395134089832,0.8712351292404683,0.6452304394426581,0.7953941188494367
