RMSE,NDCG,F1,MAE
0.163386469980485,0.00042169502604616493,0.08620995127712971,0.12792757640762176
