RMSE,NDCG,F1,MAE
1.1900549996765584,0.8235075846986626,0.5846153846153846,0.9396646398684325
