RMSE,NDCG,F1,MAE
1.0266685296960734,0.8230858896726164,0.6708253358925144,0.8117370634608108
