RMSE,NDCG,F1,MAE
0.1493587809326994,0.018732645904913636,0.07122628079434756,0.11822144065150386
