RMSE,NDCG,F1,MAE
1.0609697549663126,0.8716004445272525,0.6321036889332003,0.8393263444924364
