RMSE,NDCG,F1,MAE
0.9116109740336132,0.8903330904321661,0.7033299697275479,0.7211049038409325
