RMSE,NDCG,F1,MAE
0.8708133444290389,0.8953452838740649,0.7521739130434782,0.7011718404766334
