RMSE,NDCG,F1,MAE
0.867490177658527,0.8994749113415521,0.7581699346405228,0.704762480249101
