RMSE,NDCG,F1,MAE
0.04624134784798062,0.0030190211876550688,0.03273375465888828,0.016474470220197657
