RMSE,NDCG,F1,MAE
0.9137315255065076,0.896455890153897,0.7254361799816346,0.7212369504692987
