RMSE,NDCG,F1,MAE
0.05429087688253298,0.00024583002888456384,0.027081662120969074,0.030802231773218836
