RMSE,NDCG,F1,MAE
0.9251042213115719,0.8950994538451803,0.7250922509225092,0.7319740722498522
