RMSE,NDCG,F1,MAE
0.9506121332243008,0.894070603647798,0.712707182320442,0.7469969690006308
