RMSE,NDCG,F1,MAE
0.02685436058235724,0.006819752355935016,0.020051438369213193,0.014803656245882202
