RMSE,NDCG,F1,MAE
0.9237577726419436,0.887250851291863,0.7327586206896551,0.7321933127547486
