RMSE,NDCG,F1,MAE
0.8719540338174214,0.8920547371701567,0.7645788336933045,0.7069400198889286
