RMSE,NDCG,F1,MAE
0.9136540258708462,0.8966503896422794,0.7287671232876712,0.7215379303076541
