RMSE,NDCG,F1,MAE
0.041699992053424784,0.00459565247212268,0.035811710405633246,0.01459791041872549
