RMSE,NDCG,F1,MAE
0.062319194366250885,0.0009116056639582037,0.041029994340690434,0.019516160754598055
