RMSE,NDCG,F1,MAE
0.9766192988538303,0.8976263667065877,0.724561403508772,0.7636327299743533
