RMSE,NDCG,F1,MAE
0.9143001044875794,0.8985379723705459,0.7655913978494624,0.7441165692197552
