RMSE,NDCG,F1,MAE
98.45012465405732,101.66255297899549,88.42967956991944,96.90133081961953
