RMSE,NDCG,F1,MAE
98.50282555847866,102.78848762284593,84.98396425536579,95.95257539331845
