RMSE,NDCG,F1,MAE
98.96034459693294,101.15538121206428,87.95938104448743,96.87988000052262
