RMSE,NDCG,F1,MAE
98.49436787687252,102.15380742301281,88.69501999272991,96.76712542975652
