RMSE,NDCG,F1,MAE
99.37769061767303,101.28952274748875,89.06420519323746,97.40772218218959
