RMSE,NDCG,F1,MAE
98.56983307343485,100.00291029407886,88.85013949780787,96.44920112032703
