RMSE,NDCG,F1,MAE
98.9847568942625,101.5845759338208,88.63834196891193,96.92190359294652
