RMSE,NDCG,F1,MAE
99.31858879306765,99.33946776468702,86.28959453624839,96.82833708863178
