RMSE,NDCG,F1,MAE
0.9226544148033525,0.89351344187612,0.7266099635479951,0.7229987909828883
