RMSE,NDCG,F1,MAE
0.9962561367081116,0.8763567780270114,0.6473029045643154,0.7899962286439811
