RMSE,NDCG,F1,MAE
0.07360172190475911,0.017156663849108633,0.07930705898367973,0.06699743766109278
