RMSE,NDCG,F1,MAE
0.16742921222124618,0.006549923994919715,0.11980708287946107,0.14227483000345909
