RMSE,NDCG,F1,MAE
1.101955360577245,0.8692138063620167,0.5957656326932546,0.8759404013320568
