RMSE,NDCG,F1,MAE
0.9345261483559988,0.862663882367097,0.7155727155727156,0.7336655713285977
