RMSE,NDCG,F1,MAE
0.0702947238307583,0.022787209827880517,0.04768423834005009,0.05893693717653303
