RMSE,NDCG,F1,MAE
1.1032733092374634,0.8333987285376065,0.6221837088388215,0.8751052333619712
