RMSE,NDCG,F1,MAE
1.032978585406705,0.810611518709726,0.6698679471788715,0.8161682961854382
