RMSE,NDCG,F1,MAE
0.92418279323917,0.8895150281482891,0.7459727385377943,0.7182786096849421
