RMSE,NDCG,F1,MAE
0.9797102354931115,0.8827151026068404,0.6509695290858726,0.7777954817054631
