RMSE,NDCG,F1,MAE
0.05552744225394157,0.006799925541448704,0.09500320945192176,0.05951687202052103
