RMSE,NDCG,F1,MAE
0.08092831553441848,0.010569808976794604,0.03318373539273056,0.06355670087175425
