RMSE,NDCG,F1,MAE
0.9116347652422525,0.897635728641489,0.7586834916092103,0.7138703191118085
