RMSE,NDCG,F1,MAE
0.830706449707834,0.8870659196646944,0.7254997562164798,0.6503136182400543
