RMSE,NDCG,F1,MAE
0.86191920837564,0.8814870369648123,0.7057644110275689,0.6785080410835833
