RMSE,NDCG,F1,MAE
0.10327838303720704,0.01066397734807012,0.0147459731179449,0.07880425863699259
