RMSE,NDCG,F1,MAE
0.965197591412847,0.8921510143128825,0.7205103841455138,0.7573122997205759
