RMSE,NDCG,F1,MAE
0.053723312418272995,0.00103261803741872,0.052876550177947124,0.03881787923470237
