RMSE,NDCG,F1,MAE
1.0105852755438525,0.8325467656234435,0.6613047363717605,0.7951110378681732
