RMSE,NDCG,F1,MAE
1.0643085879621255,0.8335793836608623,0.7141812865497076,0.8339289171028755
