RMSE,NDCG,F1,MAE
0.9155752285700429,0.8964420108094063,0.7505582556153947,0.7208343860720504
