RMSE,NDCG,F1,MAE
0.8443919477253293,0.8784741745169073,0.7232363098174642,0.6587066675849567
