RMSE,NDCG,F1,MAE
0.07118328084471359,0.017967836292498984,0.027321945797930458,0.06212771848709375
