RMSE,NDCG,F1,MAE
0.871818681359464,0.9021146098362903,0.7392727272727273,0.6807230021807311
