RMSE,NDCG,F1,MAE
0.8571111000078407,0.8934805706570319,0.7540082455336693,0.6677336521256824
