RMSE,NDCG,F1,MAE
0.014707581351623311,0.008634039179258424,0.014735518260941993,0.012989350055048754
