RMSE,NDCG,F1,MAE
0.9030228208178747,0.8722137329538726,0.7344713134186819,0.697989091678158
