RMSE,NDCG,F1,MAE
0.010322010263279502,0.01255633983537574,0.02613798008534851,0.018340783498717594
