RMSE,NDCG,F1,MAE
0.9133448310811542,0.8847700727892484,0.7083333333333334,0.7163298751768756
