RMSE,NDCG,F1,MAE
0.030730558999747082,0.003671609283808941,0.007338159702783842,0.015871081181846436
