RMSE,NDCG,F1,MAE
1.0431888456521476,0.8327268064157012,0.701215710723192,0.8083929207035768
