RMSE,NDCG,F1,MAE
1.0124582866524006,0.8290551971318922,0.6938775510204082,0.7925218395217304
