RMSE,NDCG,F1,MAE
0.890527173661498,0.8933923689486125,0.7251667902149741,0.6958382754538608
