RMSE,NDCG,F1,MAE
0.019852761327429858,0.0017205508059562336,0.028779356488832786,0.01735951475751185
