RMSE,NDCG,F1,MAE
0.8706744123340682,0.8951129197545687,0.7539461467038069,0.6784787606963489
