algorithm,georisk
SVD,1.0033169200798122
BIASEDMF,1.0065221111463623
NMF,0.9973069828474141
StochasticItemKNN,0.9755853617880867
BayesianRidge,0.959141414940882
Tweedie,0.9583646601333101
Ridge,0.9590871857215153
RandomForest,0.9599659413073893
Bagging,0.9568800157780147
AdaBoost,0.9576260719848764
GradientBoosting,0.9584336019075722
LinearSVR,0.9578630630972776
