algorithm,georisk
SVD,1.014887513274472
BIASEDMF,1.0182440212118276
NMF,1.0067071901734543
StochasticItemKNN,0.9820053641618437
BayesianRidge,0.9640376730052741
Tweedie,0.9634931406580747
Ridge,0.9639667600728176
RandomForest,0.9659655883051412
Bagging,0.9614508215039436
AdaBoost,0.9647133726354433
GradientBoosting,0.964396152921512
LinearSVR,0.9614168329619628
