RMSE,NDCG,F1,MAE
0.07919668470029861,0.009285721076984554,0.07557480126948757,0.07113584498183845
