RMSE,NDCG,F1,MAE
0.9017728368624314,0.9002481932137112,0.7504302925989673,0.7035933618131087
