RMSE,NDCG,F1,MAE
0.9103856504120978,0.8841005151640176,0.7343485617597293,0.7147832328554024
