RMSE,NDCG,F1,MAE
0.1343942238700787,0.01008033117490481,0.0753898105599985,0.1107364273749063
