RMSE,NDCG,F1,MAE
0.9032100291618511,0.8988715349376879,0.755700325732899,0.7082629816974039
