RMSE,NDCG,F1,MAE
1.0376042530319298,0.8887912037627831,0.6803105151729005,0.8189994090723102
