RMSE,NDCG,F1,MAE
0.9827047162488168,0.8883666679226809,0.6777939042089985,0.7749706203186137
