RMSE,NDCG,F1,MAE
0.07621611921442206,0.014762477182421074,0.065751706806492,0.06360394773871358
