RMSE,NDCG,F1,MAE
0.9064885970343948,0.903129145105102,0.7435456110154905,0.7113666725799002
