RMSE,NDCG,F1,MAE
1.0493620432229975,0.8820159398918473,0.6766381766381766,0.8324966536779985
