RMSE,NDCG,F1,MAE
0.9062093822215145,0.8725637665371819,0.7279029462738301,0.7189640371578772
