RMSE,NDCG,F1,MAE
0.02489036116567711,0.0014301634970773636,0.08074530552050896,0.016870443330375462
