RMSE,NDCG,F1,MAE
0.8992356739052808,0.8904080370107642,0.6685796269727403,0.7099692200163982
