RMSE,NDCG,F1,MAE
0.8743453127396037,0.8918382005078416,0.7493249324932493,0.6930987766860227
