RMSE,NDCG,F1,MAE
0.8679971723976729,0.9043279863980658,0.6814159292035398,0.6852904364961967
