RMSE,NDCG,F1,MAE
0.013414430194939486,0.004394888347001524,0.07423088804492017,0.014294380496561843
