RMSE,NDCG,F1,MAE
0.8789619027180393,0.8956423078269045,0.6735905044510386,0.695945657735057
