RMSE,NDCG,F1,MAE
0.8571104447855523,0.8992288620438932,0.7622950819672131,0.6785086410608921
