RMSE,NDCG,F1,MAE
0.021851457932486995,0.0035865542169887243,0.08870457751617444,0.017437016674164862
