RMSE,NDCG,F1,MAE
0.016004978570740458,0.004732584935819961,0.07452928100577039,0.019009630753101137
