RMSE,NDCG,F1,MAE
0.8554779774825367,0.8995717027305213,0.7650736936132202,0.6676080613178845
