RMSE,NDCG,F1,MAE
0.8571143575716451,0.8991815389017239,0.7603456116416553,0.678801191313441
