RMSE,NDCG,F1,MAE
0.025334241538251145,0.0022630013701565588,0.08093384693577288,0.02076900377672919
