RMSE,NDCG,F1,MAE
0.8824485991098963,0.8969185375315674,0.6794117647058824,0.6995701950901702
