RMSE,NDCG,F1,MAE
0.012569199361972205,0.005859437955628488,0.07394691881106541,0.013502695278975518
