RMSE,NDCG,F1,MAE
0.8546164030445196,0.8998410693269268,0.7553628480146052,0.6710682303253923
