RMSE,NDCG,F1,MAE
0.8628424153853717,0.8992871504021317,0.7399765533411489,0.6783931932885577
