RMSE,NDCG,F1,MAE
94.77102226875161,100.42519633112141,108.8084557944248,95.67651158111804
