RMSE,NDCG,F1,MAE
96.16432873689037,100.03764484841872,115.01947085703432,96.11807788221972
