RMSE,NDCG,F1,MAE
97.33438806772688,99.93384832329725,122.02681812071516,99.63309950923623
