RMSE,NDCG,F1,MAE
96.80797187825185,101.97580148280659,113.62875387815467,96.94497580329475
