RMSE,NDCG,F1,MAE
0.9434770905181414,0.8888812141339201,0.7304027051952044,0.7440334201327093
