RMSE,NDCG,F1,MAE
0.9390369491162728,0.8695669312786455,0.6963055729492799,0.7547836360856248
