RMSE,NDCG,F1,MAE
0.004440141401868658,0.01931428285527459,0.03409713224592459,0.010750215952915476
