RMSE,NDCG,F1,MAE
1.0013927880003575,0.8657599477086352,0.6881651080296678,0.7926926792631654
