RMSE,NDCG,F1,MAE
0.9626844497707917,0.8616774105546335,0.6748545572074984,0.7802726262408842
