RMSE,NDCG,F1,MAE
0.038708338229565764,0.004082537154001642,0.013310550822169365,0.012420053022281219
