RMSE,NDCG,F1,MAE
1.0148869795551783,0.8176243373855825,0.6994285714285714,0.7913570965635753
