RMSE,NDCG,F1,MAE
1.0582902525727196,0.8306509262763312,0.6510524755410614,0.8377437148485222
