RMSE,NDCG,F1,MAE
0.04340327301754132,0.013026588890748703,0.04837609588751002,0.046386618284946834
