RMSE,NDCG,F1,MAE
0.9263481099477389,0.8734912651993882,0.7041901188242652,0.7411064291402425
