RMSE,NDCG,F1,MAE
0.9399615661054009,0.8855539851114708,0.7337821297429621,0.7429610167667057
