RMSE,NDCG,F1,MAE
0.013613456157662074,0.01206271991208252,0.029592010918696898,0.0018545876264631778
