RMSE,NDCG,F1,MAE
92.69702828991254,98.0958864830848,89.52613643670033,91.70365771358045
