RMSE,NDCG,F1,MAE
87.50216457791706,98.63187390600207,87.33974358974359,86.87644347326898
