RMSE,NDCG,F1,MAE
94.93305640638462,101.53397858320929,92.50596270598439,94.31171429962532
