RMSE,NDCG,F1,MAE
94.84072108246559,99.7367022079955,86.82196766618088,93.19256679374436
