RMSE,NDCG,F1,MAE
0.8830275285633321,0.8885369868468895,0.7505910165484634,0.6986718980607511
