RMSE,NDCG,F1,MAE
0.9025875942621789,0.8457116317430771,0.6632739609838847,0.7180468467005557
