RMSE,NDCG,F1,MAE
0.01956006569884683,0.04282535510381247,0.0873170555645787,0.0193749486398046
