RMSE,NDCG,F1,MAE
0.9227532548370309,0.837916889568123,0.647887323943662,0.7333801133115027
