RMSE,NDCG,F1,MAE
0.021826328772642012,0.046186910711019324,0.0804434570670578,0.023993721572169835
