RMSE,NDCG,F1,MAE
0.9009269260643888,0.8841038002791424,0.7283307810107198,0.7093863917393328
