RMSE,NDCG,F1,MAE
0.8780377380860281,0.8914759440189401,0.7416012558869701,0.6891538318540829
