RMSE,NDCG,F1,MAE
0.8989250142925205,0.8436135867062516,0.6521739130434783,0.7106906008306364
