RMSE,NDCG,F1,MAE
0.020887276206492333,0.04786235731268851,0.08942734284349185,0.021536768976553544
