RMSE,NDCG,F1,MAE
0.9083002248224895,0.8440203895711949,0.6549912434325744,0.7202592786841011
