RMSE,NDCG,F1,MAE
0.025881935043784443,0.04356877329120712,0.08971535063881098,0.02694662410094173
