RMSE,NDCG,F1,MAE
0.8824182897787051,0.887589162862402,0.7447065940713854,0.6933126545831594
