RMSE,NDCG,F1,MAE
0.8813038279572772,0.8897099885197365,0.7439435755903098,0.6880540459891031
