RMSE,NDCG,F1,MAE
0.9079410807318437,0.8458833873849758,0.6620087336244541,0.7157909858314397
