RMSE,NDCG,F1,MAE
0.02663725277456641,0.04382660113476067,0.08193484196585565,0.027736939842336605
