RMSE,NDCG,F1,MAE
0.8798212484726724,0.8911138367420615,0.7409656847859095,0.692584274692193
