RMSE,NDCG,F1,MAE
0.024433201622611977,0.041934530903730005,0.07372430547556474,0.02415124818138592
