RMSE,NDCG,F1,MAE
0.9042544500952844,0.8491793058383315,0.6672413793103448,0.7167355228735789
