RMSE,NDCG,F1,MAE
0.8985386317065565,0.8459828854006094,0.6497277676950998,0.7104632368701795
