RMSE,NDCG,F1,MAE
0.02058392388230912,0.044570006174265986,0.09226846582655746,0.02142622400567251
