RMSE,NDCG,F1,MAE
0.8779547078242473,0.8905528915748754,0.7419962335216572,0.689037012864507
