RMSE,NDCG,F1,MAE
0.02082389458867162,0.04525160109765047,0.08245129170096832,0.018413223525168942
