RMSE,NDCG,F1,MAE
0.8829531152536935,0.8912960188933564,0.7263906856403622,0.6961974677501124
