RMSE,NDCG,F1,MAE
0.9037770098423651,0.8460444177957059,0.6439393939393939,0.7146106912752813
