RMSE,NDCG,F1,MAE
95.6159355953652,103.84979957689822,101.33705162560942,95.20690448900847
