RMSE,NDCG,F1,MAE
91.14969527583182,103.81504493962038,100.83768376151457,91.61552110618214
