RMSE,NDCG,F1,MAE
95.11699295122828,104.76250393710806,105.34893072087299,96.1048173750905
