RMSE,NDCG,F1,MAE
96.74349939082397,103.51442672851286,103.55538202908636,96.13878886658892
