RMSE,NDCG,F1,MAE
0.8393777861061198,0.8972519402052105,0.7487844408427877,0.6514675543916528
