RMSE,NDCG,F1,MAE
0.001097646285205367,0.024041964901852175,0.010664426968351348,0.018517732113692675
