RMSE,NDCG,F1,MAE
0.8404754323913252,0.9212939051070627,0.7381200138744364,0.6699852865053455
