RMSE,NDCG,F1,MAE
0.0026614338704873397,0.022427461583743202,0.002328260620427125,0.017713049008651893
