RMSE,NDCG,F1,MAE
0.8404423259481648,0.897099130556072,0.7584097859327217,0.650973271603876
