RMSE,NDCG,F1,MAE
0.8431037598186522,0.9195265921398152,0.7560815253122946,0.6686863206125279
