RMSE,NDCG,F1,MAE
0.8350078609935383,0.8973551646670166,0.760670731707317,0.6442183231308268
