RMSE,NDCG,F1,MAE
0.8269847728407553,0.9234295081660011,0.7571572920175144,0.6570610418485313
