RMSE,NDCG,F1,MAE
0.008023088152782964,0.02607434349898452,0.0035134396898026665,0.012842718717704482
