RMSE,NDCG,F1,MAE
0.8337497205033366,0.8976954914862814,0.7604562737642585,0.6437493703820747
