RMSE,NDCG,F1,MAE
0.8335518071230044,0.9227421915151947,0.7619676460878178,0.6605947508958548
