RMSE,NDCG,F1,MAE
0.0001979133803322597,0.025046700028913294,0.0015113723235592458,0.01684538051378015
