RMSE,NDCG,F1,MAE
0.8262413992484126,0.924036358307091,0.7645702996378004,0.6515321725003228
