RMSE,NDCG,F1,MAE
0.010023680881383612,0.025947548133594567,0.00026816768000570423,0.010568548116786758
