RMSE,NDCG,F1,MAE
0.8362650801297962,0.8980888101734964,0.7648384673178061,0.640963624383536
