RMSE,NDCG,F1,MAE
0.832853334369594,0.921981979881549,0.7630019749835418,0.6601003807022104
