RMSE,NDCG,F1,MAE
0.0001961055334342987,0.020308861050452154,0.000302960578689615,0.015890204524226292
