RMSE,NDCG,F1,MAE
0.8330494399030283,0.9016731188310968,0.7626990144048522,0.6442101761779842
