RMSE,NDCG,F1,MAE
0.00810932481316562,0.025840485151533032,0.0024215734581587434,0.012823641304963607
