RMSE,NDCG,F1,MAE
0.8270024381870194,0.9234295081660011,0.7582491582491583,0.6570589990589631
