RMSE,NDCG,F1,MAE
0.835111763000185,0.8975890230144681,0.760670731707317,0.6442353577539995
