RMSE,NDCG,F1,MAE
0.8360749796937426,0.8989517170966431,0.7413931144915933,0.6511745942688923
