RMSE,NDCG,F1,MAE
0.004580751521178317,0.025819259952944762,0.0024883057083378013,0.009444752559709335
