RMSE,NDCG,F1,MAE
0.8314942281725642,0.9247709770495879,0.7438814201999311,0.6606193468286017
