algorithm,georisk
SVD,0.7028551219661939
BIASEDMF,0.6951509383235928
NMF,0.6722607660274633
StochasticItemKNN,0.6638818022369911
BayesianRidge,0.654199577387224
Tweedie,0.6517390169008234
Ridge,0.654235903994024
RandomForest,0.655232147927303
Bagging,0.6490411036500364
AdaBoost,0.6555762213631641
GradientBoosting,0.654629591838985
LinearSVR,0.6582179015440213
