algorithm,georisk
SVD,0.6888158639848329
BIASEDMF,0.6797971607587531
NMF,0.6471373268802347
StochasticItemKNN,0.6420106459319982
BayesianRidge,0.6341742589312541
Tweedie,0.6326601103169698
Ridge,0.6341624356820683
RandomForest,0.6321920923016865
Bagging,0.6239676444302755
AdaBoost,0.6311641156263021
GradientBoosting,0.6309850410587455
LinearSVR,0.6357941629035014
