algorithm,georisk
SVD,0.7103063528784574
BIASEDMF,0.7080415278605672
NMF,0.6846731681777863
StochasticItemKNN,0.6837766909992948
BayesianRidge,0.6642073832295408
Tweedie,0.6611360115402142
Ridge,0.664152430897849
RandomForest,0.6654283677245679
Bagging,0.6598709523521222
AdaBoost,0.6657798847863461
GradientBoosting,0.6656372282059521
LinearSVR,0.66582004610996
