algorithm,georisk
SVD,0.7881274522216367
BIASEDMF,0.7852847582045092
NMF,0.7577674292153319
StochasticItemKNN,0.7570177798002391
BayesianRidge,0.7418861620524488
Tweedie,0.739295803253623
Ridge,0.7417830309286427
RandomForest,0.7415881087890863
Bagging,0.7371341264257019
AdaBoost,0.741686255712834
GradientBoosting,0.7418801322006332
LinearSVR,0.7420073058228445
