RMSE,NDCG,F1,MAE
0.9122306724897599,0.9020227066178611,0.7428571428571429,0.7249214816821915
