RMSE,F1,MAE
0.8988127476188634,0.7476459510357816,0.7150937299343229
