RMSE,NDCG,F1,MAE
0.9244922027536489,0.8937218439183,0.7201889020070839,0.725758744855967
