RMSE,NDCG,F1,MAE
0.9037010445154677,0.9046657233855715,0.7274881516587678,0.7053776799065962
