RMSE,F1,MAE
0.9016401131314187,0.7418111753371869,0.7098636473668649
