RMSE,NDCG,F1,MAE
0.915652292569576,0.897545247508084,0.7415730337078652,0.719953678365151
