RMSE,NDCG,F1,MAE
0.9099152533114768,0.9000951714825005,0.7379310344827587,0.7059893569192771
