RMSE,NDCG,F1,MAE
0.9104349722013497,0.901582692501775,0.74,0.7173271079242802
