RMSE,NDCG,F1,MAE
0.9041382097584365,0.9044113859175178,0.7279236276849642,0.7048798599662853
