RMSE,F1,MAE
0.8997548704104374,0.718266253869969,0.7074296352872997
