RMSE,NDCG,F1,MAE
0.9122777127589058,0.9020346618084595,0.7244283995186522,0.7162071270302744
