RMSE,NDCG,F1,MAE
0.8692270138285252,0.9010037225698083,0.7636396428893498,0.6774766731651862
