RMSE,NDCG,F1,MAE
0.8650405247357662,0.8995099791022109,0.6970121381886087,0.6765515029065795
