RMSE,NDCG,F1,MAE
0.004186489092758983,0.0014937434675974526,0.06662750470074108,0.0009251702586067223
