RMSE,NDCG,F1,MAE
0.8984940092433911,0.8879238811456546,0.6674792784007801,0.7036840602137862
