RMSE,NDCG,F1,MAE
0.9070442927223706,0.8809703878219259,0.7381862242520272,0.7109389258904082
