RMSE,NDCG,F1,MAE
0.00855028347897957,0.006953493323728632,0.07070694585124704,0.007254865676622035
