RMSE,NDCG,F1,MAE
1.0199358403244987,0.8429661143093932,0.731537793223284,0.791309154224477
