RMSE,NDCG,F1,MAE
0.038294881607948916,0.017032704957079203,0.11586459605779842,0.03355284207482789
