RMSE,NDCG,F1,MAE
1.0582307219324476,0.825933409352314,0.6156731971654856,0.8248619962993049
