RMSE,NDCG,F1,MAE
0.8905907115183833,0.8931322325233887,0.7499082568807339,0.6954936319895192
