RMSE,NDCG,F1,MAE
0.8749977550652054,0.8969885642506726,0.6906508875739645,0.6829844320635342
