RMSE,NDCG,F1,MAE
0.01559295645317793,0.003856331727283946,0.05925736930676939,0.012509199925984982
