RMSE,NDCG,F1,MAE
111.88028546522733,112.26969391454291,97.28285584356526,110.77049029266573
