RMSE,NDCG,F1,MAE
111.8822362643013,118.02985983146766,94.7168925264994,110.61742260744619
