RMSE,NDCG,F1,MAE
111.57450886491083,111.23575857776227,97.41483107868828,110.7686905727012
