RMSE,NDCG,F1,MAE
112.87044540507776,111.23141294759647,94.26117451260106,111.34783181529919
