RMSE,NDCG,F1,MAE
112.19533255659655,111.01843663183237,95.0661663045625,111.73127710373684
