RMSE,NDCG,F1,MAE
112.53524160598816,112.08943675837372,95.2522942635937,111.04493785831771
