RMSE,NDCG,F1,MAE
111.53239614617922,111.26290618931318,97.46315192743764,110.77597601727153
