RMSE,NDCG,F1,MAE
112.21269854036716,115.60579204908336,94.53862190037306,110.20904728233025
