RMSE,NDCG,F1,MAE
84.24287698399773,100.75159280661386,76.3556400579994,84.30534307417261
