RMSE,NDCG,F1,MAE
84.30020108506999,100.08533824880779,76.31566806102363,84.34664160751653
