RMSE,NDCG,F1,MAE
85.05009943752343,100.32590550415077,76.23299903832944,85.01918155787175
