RMSE,NDCG,F1,MAE
84.59350672414253,100.19836142044876,76.20003672644916,84.59754422954555
