RMSE,NDCG,F1,MAE
84.38795292298593,100.45149007573171,77.04119453563484,84.30397201078293
