RMSE,NDCG,F1,MAE
84.49290235218854,99.44743366677376,76.40236394976606,84.42652069080586
