RMSE,NDCG,F1,MAE
85.04731018489528,100.21667917754027,75.9079236977256,85.0008893178965
