RMSE,NDCG,F1,MAE
85.23902963198474,100.68394288425525,74.83178897373811,85.28386073885406
