algorithm,georisk
SVD,0.7454452453410156
BIASEDMF,0.7414734104237721
NMF,0.7281583705811859
StochasticItemKNN,0.7208306225804331
BayesianRidge,0.6992333749324202
Tweedie,0.7004183243478284
Ridge,0.6991770229464205
RandomForest,0.7010085818628347
Bagging,0.6998964710424884
AdaBoost,0.6988349126612421
GradientBoosting,0.7002908680912284
LinearSVR,0.6989113343784762
