algorithm,georisk
SVD,0.7463033473770081
BIASEDMF,0.7411873310209651
NMF,0.724315312354695
StochasticItemKNN,0.7166526060381316
BayesianRidge,0.6933149686785604
Tweedie,0.6960189674747033
Ridge,0.6932478163696171
RandomForest,0.6953917492665747
Bagging,0.6928554721885825
AdaBoost,0.6951959853252886
GradientBoosting,0.6953269000191071
LinearSVR,0.691079777782403
