RMSE,NDCG,F1,MAE
92.22345260260141,106.49946840821751,87.74359160705572,92.61270594799541
