RMSE,NDCG,F1,MAE
92.04732227017524,109.29148123006097,88.14757142001557,91.81338033173135
