RMSE,NDCG,F1,MAE
91.9995126180981,104.69901022213455,88.37734861831247,91.56109445896993
