RMSE,NDCG,F1,MAE
91.82488424684007,103.78834218394064,89.30584042299274,91.83888354671817
