RMSE,NDCG,F1,MAE
92.19334087696652,105.48335767715164,90.21758379434208,91.87438060707846
