RMSE,NDCG,F1,MAE
92.17077128755496,106.89131273688118,89.30067247547696,92.18627840361317
