RMSE,NDCG,F1,MAE
91.9931102511726,104.60483527151649,88.3953429511516,91.54532084287482
