RMSE,NDCG,F1,MAE
92.58590456434513,105.93697544397801,86.44931016286917,92.6364613910194
