RMSE,NDCG,F1,MAE
1.1057191444682093,0.7955554830264546,0.5844387250049495,0.8683287205624719
