RMSE,NDCG,F1,MAE
0.006797331432146114,0.044949059592019225,0.03834256267588032,0.00023337417751267964
