RMSE,NDCG,F1,MAE
1.0989218130360632,0.7506064234344354,0.5460961623290692,0.8685620947399846
