RMSE,NDCG,F1,MAE
0.015134229332033566,0.03619878857063896,0.012902554202273153,0.007517742428092333
