RMSE,NDCG,F1,MAE
1.1251225302660184,0.795351937173572,0.592467043314501,0.8809113921989973
