RMSE,NDCG,F1,MAE
1.1099883009339848,0.759153148602933,0.5795644891122278,0.873393649770905
