RMSE,NDCG,F1,MAE
1.1043639823244873,0.7482295433076083,0.575273338940286,0.8701541229816838
