RMSE,NDCG,F1,MAE
0.007981116663676069,0.05038831534367716,0.021917245721824852,0.002229516892138128
