RMSE,NDCG,F1,MAE
1.1123450989881634,0.7986178586512854,0.5971905846621108,0.872383639873822
