RMSE,NDCG,F1,MAE
0.006679647776262065,0.042287793088159,0.025772195575720858,0.0023965220572524926
