RMSE,NDCG,F1,MAE
1.0994987569303067,0.7563868483239652,0.5806988352745425,0.8640404919475144
