RMSE,NDCG,F1,MAE
1.1061784047065688,0.7986746414121242,0.6064710308502633,0.8664370140047669
