RMSE,NDCG,F1,MAE
1.1227021424553194,0.7989799662352862,0.6113277623026927,0.876912727040036
