RMSE,NDCG,F1,MAE
1.1152692311817864,0.7489245361908347,0.5890580008227067,0.87593392163612
