RMSE,NDCG,F1,MAE
0.0074329112735329605,0.050055430044451565,0.02226976147998605,0.0009788054039159277
