RMSE,NDCG,F1,MAE
1.1141730749917387,0.7965266927036819,0.6038163612318156,0.8711155408134826
