RMSE,NDCG,F1,MAE
0.007275308994940444,0.0413804166023759,0.021073551727855633,0.001576847708394169
