RMSE,NDCG,F1,MAE
1.1068977659967982,0.755146276101306,0.58274280950396,0.8695386931050885
