RMSE,NDCG,F1,MAE
1.1044297197583783,0.7482295433076083,0.575273338940286,0.8701941456261144
