RMSE,NDCG,F1,MAE
0.007984646114696403,0.050326929561889444,0.022183483986265573,0.00224172594893135
