RMSE,NDCG,F1,MAE
1.1124143658730747,0.7985564728694977,0.5974568229265516,0.8724358715750458
