RMSE,NDCG,F1,MAE
0.0057162492004252385,0.046948498921626,0.03776447746323042,0.0005170193840510207
