RMSE,NDCG,F1,MAE
1.1067574665133224,0.7952945335761735,0.5842607313195548,0.8726402663739505
