RMSE,NDCG,F1,MAE
1.1010412173128972,0.7483460346545475,0.5464962538563244,0.8721232469898995
