RMSE,NDCG,F1,MAE
0.887346325625022,0.884913102811802,0.744218640504555,0.6911642846626993
