RMSE,NDCG,F1,MAE
0.018287763835298176,0.0022093408401313575,0.028271173337575672,0.017441331218876588
