RMSE,NDCG,F1,MAE
0.9056340894603202,0.8871224436519334,0.7159474671669793,0.7086056158815759
