RMSE,NDCG,F1,MAE
0.01572663571519861,0.004937944891597712,0.015106886694194688,0.0137406573303126
