RMSE,NDCG,F1,MAE
0.85624497169971,0.89596847339851,0.7552095259903824,0.6667643687018083
