RMSE,NDCG,F1,MAE
0.8719716074149086,0.9009064182901078,0.7401026392961877,0.6805050260321209
