RMSE,NDCG,F1,MAE
0.8632928790549268,0.9035692305213685,0.739154616240267,0.6750279337513709
