RMSE,NDCG,F1,MAE
0.0022527601740007785,0.010382152361471553,0.01660365057843305,0.004638419543946171
