RMSE,NDCG,F1,MAE
0.861040118880926,0.893187078159897,0.7557582668187001,0.6703895142074248
