RMSE,NDCG,F1,MAE
0.022199378188965557,0.0023461984355681587,0.03277385691161905,0.019032038386633254
