RMSE,NDCG,F1,MAE
0.8897118735339458,0.893393778657691,0.7226168224299065,0.6950139530034078
