RMSE,NDCG,F1,MAE
0.8675124953449802,0.8957399770932591,0.7553906793415256,0.6759819146167746
