RMSE,NDCG,F1,MAE
0.8889151073297852,0.8931081227703687,0.7528167394803403,0.6887961598932842
