RMSE,NDCG,F1,MAE
0.9097095642925946,0.8942792606996685,0.7443805541035023,0.7090383607987095
