RMSE,NDCG,F1,MAE
0.02079445696280946,0.0011711379292997925,0.00843618537683799,0.02024220090542528
