RMSE,NDCG,F1,MAE
0.8960470559058167,0.9079546899580575,0.7586691000982732,0.701242269374769
