RMSE,NDCG,F1,MAE
0.03639524706195274,0.017021670183192006,0.015641714806301166,0.036790263757496056
