RMSE,NDCG,F1,MAE
0.8596518088438639,0.8909330197748655,0.7743108149045743,0.6644520056172729
