RMSE,NDCG,F1,MAE
0.9325348268557047,0.8920895570449732,0.7320863309352518,0.7314304766831121
