RMSE,NDCG,F1,MAE
0.04649987748149409,0.010227564784815346,0.029140054942728977,0.04339600547469524
