RMSE,NDCG,F1,MAE
0.8860349493742106,0.8818619922601578,0.7612263858779807,0.6880344712084169
