RMSE,NDCG,F1,MAE
1.0322913765434798,0.8198309438972643,0.7210440456769984,0.8028621250143023
