RMSE,NDCG,F1,MAE
1.0672292976319433,0.848985825095583,0.7123750162316582,0.8341353475688353
