RMSE,NDCG,F1,MAE
0.0349379210884635,0.02915488119831866,0.008669029445340204,0.03127322255453302
