RMSE,NDCG,F1,MAE
0.9029919884542564,0.9062234000269604,0.7521585279547063,0.7093192092478371
