RMSE,NDCG,F1,MAE
0.8639933450484146,0.8816386970193677,0.7686202686202687,0.6733970613626303
