RMSE,NDCG,F1,MAE
0.038998643405841804,0.024584703007592745,0.016461740665562385,0.03592214788520676
