RMSE,NDCG,F1,MAE
92.64838351051058,101.61673360966527,89.78961760684516,89.30854659010876
