RMSE,NDCG,F1,MAE
93.32291777766646,101.50835416551345,89.45579503483098,90.63349795640302
