RMSE,NDCG,F1,MAE
92.19445895786995,100.19772963468489,87.64551019760839,89.30115124309845
