RMSE,NDCG,F1,MAE
92.85127118745811,100.63007824725689,89.74296384895159,89.29729227862047
