RMSE,NDCG,F1,MAE
92.86464952852391,99.81398931574019,88.2951146560319,89.85223086094058
