RMSE,NDCG,F1,MAE
92.47944966269961,99.61035222033999,89.52184480892176,88.98928846151904
