RMSE,NDCG,F1,MAE
92.19252979340108,100.04307758258312,87.64551019760839,89.34453849492863
