RMSE,NDCG,F1,MAE
92.34340661988031,102.6057225320173,88.60805264775541,89.70488753905656
