algorithm,georisk
SVD,0.7508811502121971
BIASEDMF,0.7439995277408583
NMF,0.726800095548935
StochasticItemKNN,0.7101654867353606
BayesianRidge,0.706269214156761
Tweedie,0.7049814740769199
Ridge,0.7062011176399334
RandomForest,0.7069906304651067
Bagging,0.7046434094015581
AdaBoost,0.7068352465946393
GradientBoosting,0.7078316500983011
LinearSVR,0.7097910890154714
