algorithm,georisk
SVD,0.7377550833641144
BIASEDMF,0.729441423339244
NMF,0.7038729390400427
StochasticItemKNN,0.6900144482383634
BayesianRidge,0.686748798901474
Tweedie,0.6860207068600812
Ridge,0.6866857555643584
RandomForest,0.6852474628012847
Bagging,0.6836725062631117
AdaBoost,0.6839053972531827
GradientBoosting,0.685152834642712
LinearSVR,0.6884466261991092
