RMSE,NDCG,F1,MAE
1.0964757421005393,0.7753507480743995,0.6008888888888889,0.8901910620657562
