RMSE,NDCG,F1,MAE
1.1026304605896493,0.7828912226666551,0.5008787346221442,0.8872465841908659
