RMSE,NDCG,F1,MAE
0.006154718489109978,0.007540474592255597,0.10001015426674476,0.0029444778748902722
