RMSE,NDCG,F1,MAE
1.1153608372117405,0.7743493914648943,0.5990424895272292,0.8979546761292793
