RMSE,NDCG,F1,MAE
0.01293956121051143,0.022428057341695506,0.0876589518739892,0.001274544178372361
