RMSE,NDCG,F1,MAE
1.128300398422252,0.7967774488065898,0.51138353765324,0.8992292203076516
