RMSE,NDCG,F1,MAE
0.0009228679544017737,0.01361340899527863,0.10013327207379824,0.006004365907748221
