RMSE,NDCG,F1,MAE
1.1052648699767946,0.7742672812425866,0.5974499089253188,0.8879186301466995
