RMSE,NDCG,F1,MAE
1.1061877379311964,0.7878806902378652,0.49731663685152055,0.8819142642389513
