RMSE,NDCG,F1,MAE
0.012729809151438731,0.015969259945352365,0.10124002277162547,0.000540547282757653
