RMSE,NDCG,F1,MAE
1.0985260150375857,0.7736190795585998,0.6051770306456412,0.8858104649914792
