RMSE,NDCG,F1,MAE
1.1112558241890245,0.7895883395039521,0.5039370078740157,0.8863510122742368
