RMSE,NDCG,F1,MAE
0.006338177207193985,0.016990282845788407,0.10121182835526599,0.00022982082306455265
