RMSE,NDCG,F1,MAE
1.1210429312867496,0.7730427552600192,0.6092831962397179,0.8962615286479131
