RMSE,NDCG,F1,MAE
1.1273811084939436,0.7900330381058076,0.508071367884452,0.8960317078248485
