RMSE,NDCG,F1,MAE
1.0984438210726468,0.773349722015761,0.607206142941524,0.8849675334624998
