RMSE,NDCG,F1,MAE
1.1103187580687417,0.7882770337045799,0.5017241379310344,0.8861338803283374
