RMSE,NDCG,F1,MAE
0.011874936996094876,0.01492731168881889,0.10548200501048954,0.0011663468658376086
