RMSE,NDCG,F1,MAE
0.0007626585719693324,0.014335799895783707,0.09926212815170998,0.006121293994818644
