RMSE,NDCG,F1,MAE
1.1063520788339354,0.787963263973034,0.4977618621307073,0.8820561335225385
