RMSE,NDCG,F1,MAE
1.105589420261966,0.7736274640772502,0.5970239902824173,0.8881774275173572
