RMSE,NDCG,F1,MAE
0.006065187554900708,0.022043203985045112,0.09408523683084513,0.004577755330821276
