RMSE,NDCG,F1,MAE
1.0946863026295244,0.7901341623845397,0.49207828518173347,0.8728591825099187
