RMSE,NDCG,F1,MAE
1.0886211150746237,0.7680909583994946,0.5861635220125786,0.87743693784074
