RMSE,NDCG,F1,MAE
0.069394889751345,0.02941589988892157,0.13953922208749187,0.06304382611336723
