RMSE,NDCG,F1,MAE
1.136287982380399,0.7727376909159556,0.5633802816901409,0.9071040454828131
