RMSE,NDCG,F1,MAE
1.066893092629054,0.743321791027034,0.423841059602649,0.8440602193694459
