RMSE,NDCG,F1,MAE
1.1468469969996378,0.7680130091371893,0.6090863704443334,0.9094706561702038
