RMSE,NDCG,F1,MAE
0.07791898008273224,0.04050461374707692,0.16132517641448268,0.06251538795423328
