RMSE,NDCG,F1,MAE
1.0689280169169055,0.7275083953901124,0.44776119402985076,0.8469552682159706
