RMSE,NDCG,F1,MAE
1.1411125080564128,0.7707364790461032,0.6005579507988841,0.9078115584675398
