RMSE,NDCG,F1,MAE
1.0725908378368736,0.7478991515482603,0.44025157232704404,0.8479844957945765
