RMSE,NDCG,F1,MAE
0.06852167021953925,0.022837327497842952,0.16030637847184004,0.05982706267296334
