RMSE,NDCG,F1,MAE
1.0617072039050945,0.7562226210264282,0.4662576687116564,0.8367242351384155
