RMSE,NDCG,F1,MAE
0.07279835519927413,0.013244391810721012,0.14402177240610803,0.06400869373486617
