RMSE,NDCG,F1,MAE
1.1345055591043687,0.7694670128371492,0.6102794411177644,0.9007329288732817
