RMSE,NDCG,F1,MAE
0.06537812236315887,0.023141504516376532,0.16847694550863918,0.05573317605446915
