RMSE,NDCG,F1,MAE
1.0868569127727896,0.7478991515482603,0.45180722891566266,0.856232463451297
