RMSE,NDCG,F1,MAE
1.1522350351359485,0.7710406560646368,0.6202841744243018,0.9119656395057661
