RMSE,NDCG,F1,MAE
1.0753030999824804,0.7618161394295905,0.45454545454545453,0.8482544699102706
