RMSE,NDCG,F1,MAE
1.1409627383793108,0.7706155950138622,0.613167701863354,0.9057066835845916
