RMSE,NDCG,F1,MAE
0.06565963839683042,0.008799455584271754,0.15862224731789948,0.05745221367432096
