RMSE,NDCG,F1,MAE
1.141409538064908,0.7708419483508419,0.6002029426686961,0.9080331593780897
