RMSE,NDCG,F1,MAE
0.06849623582754871,0.0229427968025816,0.15995137034165208,0.05977592867214121
