RMSE,NDCG,F1,MAE
1.0729133022373594,0.7478991515482603,0.44025157232704404,0.8482572307059485
