RMSE,NDCG,F1,MAE
1.0477944816993199,0.7541576272193938,0.4304635761589404,0.8285198665934781
