RMSE,NDCG,F1,MAE
0.08833757655441032,0.01874036595029749,0.15302363038286915,0.07840657950425112
