RMSE,NDCG,F1,MAE
1.1361320582537302,0.7728979931696913,0.5834872065418095,0.9069264460977292
