RMSE,NDCG,F1,MAE
106.163652488523,98.07391868090141,109.53161284668973,105.83550261236263
