RMSE,NDCG,F1,MAE
151.9257631353645,101.77394185695987,112.94954274892959,138.7883300817197
