RMSE,NDCG,F1,MAE
149.4782753264347,100.2035822978619,120.30133753851678,136.45741753207938
