RMSE,NDCG,F1,MAE
107.3948764856987,100.1714795825276,111.38368042688802,106.73069502484817
