RMSE,NDCG,F1,MAE
94.92269531108658,100.76783193104181,110.91658091707428,95.81479779723652
