RMSE,NDCG,F1,MAE
92.0298035412389,100.32025048767639,107.47596677110896,91.61366706456717
