RMSE,NDCG,F1,MAE
94.2301392831178,101.65657292633871,112.08702118448157,96.72215244476348
