RMSE,NDCG,F1,MAE
95.46044859529017,99.46619066215986,110.20909032957225,96.333140315766
