algorithm,georisk
SVD,1.1296022308054212
BIASEDMF,1.1270259447045818
NMF,1.1125597341784144
StochasticItemKNN,1.102632331898959
BayesianRidge,1.1008110653384662
Tweedie,1.1010815278167494
Ridge,1.1006678268661567
RandomForest,1.1028118435636438
Bagging,1.0970074628544153
AdaBoost,1.101994799364166
GradientBoosting,1.1014647821053338
LinearSVR,1.1027321883916466
