algorithm,georisk
SVD,1.1199172606839927
BIASEDMF,1.1164749268629592
NMF,1.097728127457143
StochasticItemKNN,1.0850366517337222
BayesianRidge,1.0857361254756441
Tweedie,1.0870564304670634
Ridge,1.0854522526713875
RandomForest,1.0898693209649968
Bagging,1.0804952497356155
AdaBoost,1.0883901931623041
GradientBoosting,1.0874213710454799
LinearSVR,1.0869101138004098
