RMSE,NDCG,F1,MAE
0.9051510964895427,0.8782884861702012,0.7343014128728415,0.7125178064360034
