RMSE,NDCG,F1,MAE
0.003957893520838307,0.006067016888875676,0.02545226110759613,0.0012567271009421566
