RMSE,NDCG,F1,MAE
0.9011932029687044,0.8722214692813255,0.7088491517652453,0.7137745335369455
