RMSE,NDCG,F1,MAE
0.932504415059872,0.8610159184852917,0.6928471248246845,0.7368548833718106
