RMSE,NDCG,F1,MAE
0.9608589458919653,0.868671553233482,0.6926809543065103,0.7583035120435246
