RMSE,NDCG,F1,MAE
0.028354530832093272,0.00765563474819031,0.00016617051817413575,0.021448628671714043
