RMSE,NDCG,F1,MAE
1.0260029236822565,0.8149132367822463,0.6866998577524893,0.8092845203421751
