RMSE,NDCG,F1,MAE
0.04045831004512057,0.01327062571515325,0.012348272738080146,0.01407452558933131
