RMSE,NDCG,F1,MAE
1.0664612337273771,0.801642611067093,0.6743515850144092,0.8233590459315064
