RMSE,NDCG,F1,MAE
0.8980043450626849,0.8624507739645867,0.7131711794401101,0.7086937289230659
