RMSE,NDCG,F1,MAE
0.005320388112127872,0.017674545801788732,0.01124445599497137,0.006038338986724012
