RMSE,NDCG,F1,MAE
0.9033247331748128,0.8801253197663754,0.7244156354350815,0.7147320679097899
