RMSE,NDCG,F1,MAE
0.903658533766404,0.8827556415560134,0.7271925958572059,0.6946061544599448
