RMSE,NDCG,F1,MAE
0.9048796598494243,0.9109013786679895,0.7611835153222966,0.7075567358352322
