RMSE,NDCG,F1,MAE
0.0012211260830202741,0.0281457371119761,0.033990919465090697,0.012950581375287373
