RMSE,NDCG,F1,MAE
0.954088564586644,0.899411120999042,0.7329102447869447,0.7476193122961037
