RMSE,NDCG,F1,MAE
0.9278777025763278,0.8652805288038105,0.7018493459630131,0.7182759739147101
