RMSE,NDCG,F1,MAE
0.026210862010316194,0.03413059219523151,0.031060898823931593,0.02934333838139358
