RMSE,NDCG,F1,MAE
1.01783772828279,0.8402206674074107,0.670921420023933,0.7958175551504456
