RMSE,NDCG,F1,MAE
0.05847479075680817,0.007012604297999991,0.04074944479554643,0.042194542202322216
