RMSE,NDCG,F1,MAE
1.0763125190395981,0.8472332717054107,0.7116708648194794,0.8380120973527678
