RMSE,NDCG,F1,MAE
0.0017507975719133206,0.025498755038235288,0.043584173212102395,0.013770362412458992
