RMSE,NDCG,F1,MAE
0.9073300932638471,0.8842890703363588,0.7131438721136767,0.6985860551064129
