RMSE,NDCG,F1,MAE
0.9090808908357604,0.9097878253745941,0.7567280453257791,0.7123564175188719
