algorithm,georisk
SVD,0.6966150443990952
BIASEDMF,0.6935504861771082
NMF,0.6710449379757117
StochasticItemKNN,0.6635518995393493
BayesianRidge,0.660316326456666
Tweedie,0.6608808552888322
Ridge,0.6602461497990998
RandomForest,0.6617159151090739
Bagging,0.6584565890286832
AdaBoost,0.6616456337839085
GradientBoosting,0.6617677886714911
LinearSVR,0.6620664915397172
