algorithm,georisk
SVD,0.7178230107456752
BIASEDMF,0.7144034290752146
NMF,0.6850367036865569
StochasticItemKNN,0.6796958146820705
BayesianRidge,0.6768057329173026
Tweedie,0.6777957202440833
Ridge,0.6766716526508532
RandomForest,0.6764310558349306
Bagging,0.6736674372913907
AdaBoost,0.6765935920031542
GradientBoosting,0.6767551275185543
LinearSVR,0.6770393588636971
