RMSE,NDCG,F1,MAE
0.01716980720164263,0.021220987613889575,0.060345264456709735,0.02395146341103882
