RMSE,NDCG,F1,MAE
1.083653645475662,0.8244805009779788,0.6295358649789029,0.8598099035096112
