RMSE,NDCG,F1,MAE
1.1008234526773046,0.8457014885918683,0.5691906005221932,0.88376136692065
