RMSE,NDCG,F1,MAE
1.1086292368319433,0.8370379668277422,0.5813333333333334,0.890467163520216
