RMSE,NDCG,F1,MAE
1.097336636260389,0.8148858463819927,0.6204564666103127,0.8753273265470878
