RMSE,NDCG,F1,MAE
0.011292600571554345,0.022152120445749546,0.03912313327697936,0.015139836973128262
