RMSE,NDCG,F1,MAE
0.010432717195989705,0.030511639693468262,0.062555703740929,0.022148496411726448
