RMSE,NDCG,F1,MAE
1.0876754711249597,0.8195956675969946,0.633249791144528,0.8604473737417608
