RMSE,NDCG,F1,MAE
1.0981081883209494,0.8501073072904629,0.570694087403599,0.8825958701534873
