RMSE,NDCG,F1,MAE
1.1024351734756892,0.8474035901882071,0.5654450261780105,0.8844537902036009
