RMSE,NDCG,F1,MAE
1.0830773758821157,0.8290470131754214,0.6394671107410491,0.8570826729219142
