RMSE,NDCG,F1,MAE
0.019357797593573478,0.018356577012785702,0.0740220845630386,0.02737111728168673
