RMSE,NDCG,F1,MAE
1.096119950068313,0.8208629362824179,0.6433793663688059,0.8617044284706535
