RMSE,NDCG,F1,MAE
1.1025147727291134,0.8463066742675961,0.5864661654135338,0.8828067517522654
