RMSE,NDCG,F1,MAE
0.006394822660800381,0.025443737985178183,0.05691320095527208,0.02110232328161188
