RMSE,NDCG,F1,MAE
0.020665983744789562,0.014960342337839494,0.08345500653192961,0.028604809753469795
