RMSE,NDCG,F1,MAE
1.1023926380099844,0.8420097333371396,0.5454545454545454,0.8849085900843493
