RMSE,NDCG,F1,MAE
1.0817266542651949,0.8270493909993001,0.628909551986475,0.8563037803308795
