RMSE,NDCG,F1,MAE
1.0880729299873615,0.8199827225731656,0.6343096234309623,0.8607392627050696
