RMSE,NDCG,F1,MAE
1.0984029894097562,0.8504530683609645,0.5743589743589743,0.8828061501003295
