RMSE,NDCG,F1,MAE
0.010330059422394733,0.030470345787798836,0.059950649071987994,0.02206688739525986
