RMSE,NDCG,F1,MAE
1.0965833811455865,0.843623765143348,0.5365853658536586,0.883921645592255
