RMSE,NDCG,F1,MAE
1.0915119967681033,0.8169870600725379,0.614853195164076,0.8632728501490837
