RMSE,NDCG,F1,MAE
0.0050713843774832235,0.026636705070810174,0.07826782931041742,0.02064879544317122
