RMSE,NDCG,F1,MAE
0.07570356707138881,0.05053521641556735,0.025468016908997915,0.04418088339237636
