RMSE,NDCG,F1,MAE
1.0368298742720417,0.7392955875931035,0.5921052631578947,0.8516348621808938
