RMSE,NDCG,F1,MAE
1.1125334413434305,0.7898308040086709,0.5666372462488968,0.8958157455732702
