RMSE,NDCG,F1,MAE
1.049773165076625,0.7363994995924623,0.6026119402985075,0.8487803899542645
