RMSE,NDCG,F1,MAE
0.08691944555930764,0.05192679602581507,0.03202197845524368,0.0612500799139335
