RMSE,NDCG,F1,MAE
1.1366926106359327,0.7883262956182774,0.5705899618432638,0.910030469868198
