RMSE,NDCG,F1,MAE
0.06852164280356865,0.05775484759732541,0.02278437367108399,0.040861304600339765
