RMSE,NDCG,F1,MAE
1.1213653981057623,0.7918591709967707,0.5664670658682635,0.896083788462753
