RMSE,NDCG,F1,MAE
1.0528437553021937,0.7341043233994453,0.5892514395393474,0.8552224838624133
