RMSE,NDCG,F1,MAE
1.1161483033898643,0.7896070789124299,0.5722560092673038,0.8934598541935593
