RMSE,NDCG,F1,MAE
1.0401601231985969,0.7304879295500484,0.6003717472118959,0.8491185110132186
