RMSE,NDCG,F1,MAE
0.07598818019126741,0.059119149362381496,0.0281157379445921,0.044341343180340775
