RMSE,NDCG,F1,MAE
1.13645411319073,0.793203140846966,0.5747460087082729,0.9045584404034414
