RMSE,NDCG,F1,MAE
1.0627790131307564,0.7314802218491985,0.6,0.8611556460631061
