RMSE,NDCG,F1,MAE
0.07367510005997358,0.061722918997767495,0.025253991291727118,0.04340279434033523
