RMSE,NDCG,F1,MAE
0.0786076011813821,0.05219738841309873,0.029196147512609127,0.04610625437387683
