RMSE,NDCG,F1,MAE
1.117179723469795,0.788303710763699,0.5743321718931476,0.89390132751461
