RMSE,NDCG,F1,MAE
1.038572122288413,0.7361063223506003,0.6035283194057567,0.8477950731407332
