RMSE,NDCG,F1,MAE
1.1216421399186813,0.7919192653817104,0.5660377358490566,0.8962969446148693
