RMSE,NDCG,F1,MAE
0.06839661147245701,0.05781494198226511,0.023213703690290854,0.04078300819181768
