RMSE,NDCG,F1,MAE
1.0532455284462243,0.7341043233994453,0.5892514395393474,0.8555139364230516
