RMSE,NDCG,F1,MAE
0.08168679914489796,0.06047554804708666,0.027882398586966395,0.05022364034747495
