RMSE,NDCG,F1,MAE
1.0258906659034814,0.7278458860592812,0.5851272015655578,0.8371168265610787
