RMSE,NDCG,F1,MAE
1.1075774650483794,0.7883214341063679,0.5572448029785914,0.8873404669085536
