RMSE,NDCG,F1,MAE
116.61805807604067,112.68345915595532,110.04149377593362,115.19123289610529
