RMSE,NDCG,F1,MAE
117.29564087320534,112.94631592550166,111.15322069402718,115.83402096734905
