RMSE,NDCG,F1,MAE
116.82693367633857,111.38280407477478,110.28937542430415,115.57052604134861
