RMSE,NDCG,F1,MAE
117.3549484940188,113.7966871411329,110.32327712347745,115.72176681847193
