RMSE,NDCG,F1,MAE
117.62934811734684,111.932828175536,108.58397657705616,116.13814899413659
