RMSE,NDCG,F1,MAE
116.81675531994978,113.64191490160664,108.64982970246129,115.16121839219203
