RMSE,NDCG,F1,MAE
116.82354719143466,111.35817604596683,109.16985185391847,115.55466107259488
