RMSE,NDCG,F1,MAE
117.29913043701421,113.3833200798196,109.38434695912262,116.52502128153766
