algorithm,georisk
SVD,0.7740313174820241
BIASEDMF,0.7733349607551376
NMF,0.7499597549707767
StochasticItemKNN,0.7393649804101438
BayesianRidge,0.730636699915344
Tweedie,0.7326902301004207
Ridge,0.7305834631883238
RandomForest,0.7320347072039732
Bagging,0.7269720374596655
AdaBoost,0.7314352896380796
GradientBoosting,0.7291209157544886
LinearSVR,0.7297078111710106
