algorithm,georisk
SVD,0.7652280697564784
BIASEDMF,0.7633259688776042
NMF,0.7388358798899913
StochasticItemKNN,0.7274349237622311
BayesianRidge,0.7095422488300672
Tweedie,0.7143882848217492
Ridge,0.7094302958247123
RandomForest,0.7122371395045083
Bagging,0.7056074143515608
AdaBoost,0.7121683921273021
GradientBoosting,0.7083956534979341
LinearSVR,0.7063770759891782
