algorithm,georisk
SVD,0.8228349214036894
BIASEDMF,0.8187038676873843
NMF,0.8013926344573495
StochasticItemKNN,0.7978349419067061
BayesianRidge,0.7775065172141566
Tweedie,0.7802447827060084
Ridge,0.7774184441279776
RandomForest,0.779824285737356
Bagging,0.7787889270697175
AdaBoost,0.7792336423464538
GradientBoosting,0.7803815424849686
LinearSVR,0.7752836598900239
