algorithm,georisk
SVD,0.8165511664088085
BIASEDMF,0.8119086577990473
NMF,0.7898960644762277
StochasticItemKNN,0.7842995666409774
BayesianRidge,0.7633185410047212
Tweedie,0.7681926930340864
Ridge,0.7631694896400347
RandomForest,0.7657137447074102
Bagging,0.7645543215401135
AdaBoost,0.7648326410389609
GradientBoosting,0.7656680077998725
LinearSVR,0.7589564788695755
