RMSE,NDCG,F1,MAE
100.80723634798072,94.28013966583416,96.04803982130547,100.28628913495172
