RMSE,NDCG,F1,MAE
100.07231857521859,95.71389041058063,94.64973659509883,100.07081723849589
