RMSE,NDCG,F1,MAE
100.81894059193968,94.94635761639603,95.878889823381,100.34586637811567
