RMSE,NDCG,F1,MAE
101.1361931719527,94.76331519524929,97.01808220486569,100.78161876348777
