RMSE,NDCG,F1,MAE
100.77888944372653,94.57272685912544,96.80595237216352,100.23246540924231
