RMSE,NDCG,F1,MAE
100.8723892289778,94.95858815943168,97.17843148054892,100.50169637895632
