RMSE,NDCG,F1,MAE
100.82046145859766,94.95666447128505,95.878889823381,100.34858285213295
