RMSE,NDCG,F1,MAE
100.4814840091917,95.32731509890384,93.2581775458474,100.00153691386386
