RMSE,NDCG,F1,MAE
101.6914069320626,99.0825936021005,101.99377660886482,101.9025262493795
