RMSE,NDCG,F1,MAE
101.92626391973734,100.05524829634045,103.39807335858768,102.18160503424004
