RMSE,NDCG,F1,MAE
103.03390024627863,99.16611484019523,97.92292176392095,101.41152998739653
