RMSE,NDCG,F1,MAE
102.42004497218377,100.13783295781008,104.1024628102936,102.62136085539962
