algorithm,georisk
SVD,0.7156716732386094
BIASEDMF,0.7159517730290995
NMF,0.6939514838019156
StochasticItemKNN,0.6859172014423662
BayesianRidge,0.6683812903986298
Tweedie,0.6677742231816388
Ridge,0.6683116188042737
RandomForest,0.6704159005813937
Bagging,0.6634860698157201
AdaBoost,0.6694159959065564
GradientBoosting,0.6688924087903633
LinearSVR,0.6675676908880209
