algorithm,georisk
SVD,0.7552021180497932
BIASEDMF,0.7548783294550444
NMF,0.7313255812940465
StochasticItemKNN,0.722776863365571
BayesianRidge,0.7027478539923936
Tweedie,0.7028857457285502
Ridge,0.7026315937783796
RandomForest,0.7062259442285835
Bagging,0.6983416187310969
AdaBoost,0.7061262683124914
GradientBoosting,0.7045760049429826
LinearSVR,0.7005115488692707
