RMSE,NDCG,F1,MAE
1.0634064157009897,0.7472005508048998,0.42244224422442245,0.84555642046008
