RMSE,NDCG,F1,MAE
1.1374116700718366,0.7696660500895154,0.5695043103448276,0.9108570862022581
