RMSE,NDCG,F1,MAE
0.07400525437084693,0.02246549928461561,0.14706206612040518,0.06530066574217819
