RMSE,NDCG,F1,MAE
1.1445934975395933,0.7672496908842078,0.6002515723270441,0.9109857916317903
