RMSE,NDCG,F1,MAE
1.0751683846298987,0.7360690656733799,0.48297213622291024,0.8445308404682859
