RMSE,NDCG,F1,MAE
0.06942511290969455,0.031180625210827873,0.11727943610413383,0.06645495116350442
