RMSE,NDCG,F1,MAE
0.07431632219089845,0.010130681427201305,0.15870898482784035,0.06346273322493357
