RMSE,NDCG,F1,MAE
1.1416727860073308,0.7665318297393053,0.6038500506585613,0.9087737675072363
