RMSE,NDCG,F1,MAE
1.0673564638164323,0.756401148312104,0.445141065830721,0.8453110342823027
