RMSE,NDCG,F1,MAE
1.0581086219320157,0.716180108513794,0.46706586826347307,0.8372202212730574
