RMSE,NDCG,F1,MAE
1.133221061307369,0.7660780991658572,0.6219272369714848,0.9016952307746348
