RMSE,NDCG,F1,MAE
0.07511243937535328,0.04989799065206324,0.1548613687080117,0.06447500950157736
