RMSE,NDCG,F1,MAE
1.1653338260916404,0.7647179298744919,0.6151211157328114,0.9216704268462986
