RMSE,NDCG,F1,MAE
1.0953556028078646,0.7542823638340392,0.45454545454545453,0.8650174290088001
