RMSE,NDCG,F1,MAE
0.06997822328377579,0.010435566040452704,0.16057566118735683,0.05665299783749855
