RMSE,NDCG,F1,MAE
1.1405283522410847,0.7697717349780662,0.620349839862035,0.9067664138475818
