RMSE,NDCG,F1,MAE
0.06823119334719818,0.019091726765320338,0.15328397159856189,0.05871671421823499
