RMSE,NDCG,F1,MAE
1.0722971588938865,0.7506800082127458,0.46706586826347307,0.8480496996293468
