RMSE,NDCG,F1,MAE
1.1419614545197352,0.7664588947420866,0.6040506329113924,0.9089713849118309
