RMSE,NDCG,F1,MAE
1.067637896345384,0.756401148312104,0.445141065830721,0.8455687674608968
