RMSE,NDCG,F1,MAE
0.0743235581743511,0.010057746429982584,0.1589095670806714,0.06340261745093412
