RMSE,NDCG,F1,MAE
1.0432393306452905,0.7478445896189585,0.4280936454849498,0.8257339999466153
