RMSE,NDCG,F1,MAE
1.1359258925124807,0.7709877675259766,0.5793504092949564,0.907786758956506
