RMSE,NDCG,F1,MAE
0.09268656186719015,0.023143177907018142,0.15125676381000658,0.08205275900989062
