RMSE,NDCG,F1,MAE
0.8406937896133538,0.9093566804658817,0.7517513134851138,0.6633763100782479
