RMSE,NDCG,F1,MAE
0.03929276252099512,0.023278621039257597,0.06419923118040594,0.05411182227756706
