RMSE,NDCG,F1,MAE
0.8295696954347096,0.912940724502595,0.768837803320562,0.6503541362408369
