RMSE,NDCG,F1,MAE
0.8320828598343215,0.9104001187766656,0.7726120033812341,0.6541943306167659
