RMSE,NDCG,F1,MAE
0.8281978123770327,0.9132412566594204,0.7741935483870968,0.6462988705441638
