RMSE,NDCG,F1,MAE
0.03855684823027172,0.03000878338605073,0.06283995703544576,0.053145997005083045
