RMSE,NDCG,F1,MAE
0.794298271116528,0.939136207608488,0.8367346938775511,0.600554180010591
