RMSE,NDCG,F1,MAE
0.7862562351603943,0.9457276693705464,0.8282138794084186,0.5920292366647677
