RMSE,NDCG,F1,MAE
0.8398074729203506,0.9126453885426836,0.7538899846592154,0.6619984558316641
