RMSE,NDCG,F1,MAE
0.048489234366168366,0.03216833142337394,0.05692082615159544,0.060626880393533034
