RMSE,NDCG,F1,MAE
99.22407926468543,99.2369897483608,91.3699948033245,100.25068710185539
