RMSE,NDCG,F1,MAE
98.3065542784376,101.12878563276814,91.45866516384446,99.33992504440556
