RMSE,NDCG,F1,MAE
98.98926703451268,99.86656015938046,92.23096222569218,100.16673611545788
