RMSE,NDCG,F1,MAE
98.8176742162726,99.72153952706526,92.20028474878639,99.78714186656417
