RMSE,NDCG,F1,MAE
98.92416682306865,99.67351017002201,92.77749079292629,100.0822807982148
