RMSE,NDCG,F1,MAE
98.41296906753522,99.54677245808546,91.73876659480314,99.19178287293778
