RMSE,NDCG,F1,MAE
98.99449556327336,99.89911107032879,92.00145077434637,100.17168509102004
