RMSE,NDCG,F1,MAE
99.23205751277288,100.46564262495892,91.79651966111196,100.41078448600014
