algorithm,georisk
SVD,0.7590024194904254
BIASEDMF,0.7544925941805063
NMF,0.7340214218252352
StochasticItemKNN,0.728884110169997
BayesianRidge,0.7196096294883396
Tweedie,0.7187703498125888
Ridge,0.7195705189137456
RandomForest,0.7215793656472825
Bagging,0.715023414876873
AdaBoost,0.7211342324110301
GradientBoosting,0.7211600945189569
LinearSVR,0.7187747303953514
