algorithm,georisk
SVD,0.7463213488104474
BIASEDMF,0.741505902710361
NMF,0.7140309599981434
StochasticItemKNN,0.710232351171137
BayesianRidge,0.7009692549119807
Tweedie,0.7010845592238808
Ridge,0.7008513404090884
RandomForest,0.7008206060510314
Bagging,0.6941365070694958
AdaBoost,0.6998302538465095
GradientBoosting,0.7000299394528484
LinearSVR,0.6985156565289994
