RMSE,NDCG,F1,MAE
0.06519600012862992,0.002681668698961359,0.04556692773131099,0.049264897286775855
