RMSE,NDCG,F1,MAE
0.9005481797492756,0.8950252912060378,0.7664713835060838,0.7048089274090049
