RMSE,NDCG,F1,MAE
0.8353521796206457,0.8977069599049992,0.7209044557747728,0.6555440301222291
