RMSE,NDCG,F1,MAE
0.9330764809905897,0.8789889013316915,0.743982901217359,0.7337271962857669
