RMSE,NDCG,F1,MAE
0.8680919224450978,0.8856618643264558,0.6992498295067061,0.6818345999868859
