RMSE,NDCG,F1,MAE
0.0649845585454919,0.0066729629947642755,0.04473307171065288,0.05189259629888099
