RMSE,NDCG,F1,MAE
1.0388074816834134,0.8413195953463742,0.6511085180863477,0.8095365355638033
