RMSE,NDCG,F1,MAE
1.0612539231536884,0.8528449666083132,0.730983606557377,0.8306896067641559
