RMSE,NDCG,F1,MAE
0.02244644147027497,0.011525371261938977,0.07987508847102931,0.02115307120035259
