RMSE,NDCG,F1,MAE
0.8473079546808244,0.8957453132835727,0.7156291983878191,0.661512750365975
