RMSE,NDCG,F1,MAE
0.9132874552609891,0.887526400458333,0.7524951927479169,0.7178296028658627
