RMSE,NDCG,F1,MAE
0.06597950058016466,0.008218912825239677,0.03686599436009774,0.056316852499887715
