algorithm,value
userKNN,0.6711284451977259
itemKNN,0.6582510655398598
BIASEDMF,0.6559208886512887
GradientBoosting,0.6537463709149705
Bagging,0.6531248300602174
