algorithm,value
userKNN,0.6707231371375829
itemKNN,0.6656549127720288
Bagging,0.6643723589974736
BIASEDMF,0.6614673144316265
BIAS,0.6610484706765002
