algorithm,value
userKNN,0.6743879880098622
itemKNN,0.6691566987845274
Bagging,0.6689840830012306
BIASEDMF,0.6670211287954678
SVD,0.6664678355392069
