algorithm,value
userKNN,0.6660009148237809
BIAS,0.6571939624313994
Bagging,0.6567163230512756
SVD,0.6540483743125998
itemKNN,0.6537516721334291
