algorithm,value
userKNN,0.6761636877820526
itemKNN,0.669656571024515
Bagging,0.6572079683845463
GradientBoosting,0.6564477193923695
LinearSVR,0.6555930109824779
