algorithm,value
userKNN,0.6645492720094914
BIAS,0.657124127718932
Bagging,0.6550288674633629
AdaBoost,0.6533480436172463
SVD,0.6529223393461129
