algorithm,value
userKNN,0.6808324398056373
Bagging,0.6682855287338947
BIASEDMF,0.6672727838835607
itemKNN,0.6658433341367546
Ridge,0.6628860004143463
