algorithm,value
userKNN,0.6671874525574785
Bagging,0.6591445608201733
itemKNN,0.6561492803914445
BIAS,0.6549206865330395
SVD,0.6546902298037931
