algorithm,value
userKNN,0.6709948754939151
itemKNN,0.6581701393176674
Bagging,0.6506048625573643
BIASEDMF,0.6486899710861652
GradientBoosting,0.6468916187676734
