algorithm,value
userKNN,0.6690905223741873
BIAS,0.6602205138453499
SVD,0.6568317506261642
Bagging,0.6558067140892266
BIASEDMF,0.6543158949385156
