algorithm,value
userKNN,0.6690130534765939
BIAS,0.6645471674973772
SVD,0.6593610204784984
itemKNN,0.6555252599701163
Bagging,0.6554563478649686
