algorithm,value
userKNN,0.656213504204758
Bagging,0.650020335804391
GradientBoosting,0.6468544412085772
itemKNN,0.6440444684387726
AdaBoost,0.642407111681228
