algorithm,value
userKNN,0.6725480237934172
Bagging,0.6648411518724048
itemKNN,0.663570116632665
GradientBoosting,0.6575310703884191
AdaBoost,0.6573121120007577
