algorithm,value
userKNN,0.6683336313649335
itemKNN,0.6598608090226974
BIASEDMF,0.6534795661175461
Bagging,0.6524107025398905
Tweedie,0.6510424354097961
