algorithm,value
userKNN,0.6677106915186352
itemKNN,0.6599129428593753
Bagging,0.6548700477386746
GradientBoosting,0.6522488376643204
BIASEDMF,0.650966053823761
