algorithm,value
userKNN,0.6839027257200248
itemKNN,0.6744021979836735
Bagging,0.6738551634009999
BIASEDMF,0.672061507113404
Tweedie,0.6707844233799597
