algorithm,value
userKNN,0.6759599690430219
BIAS,0.6716418780703557
SVD,0.6656305730459533
Bagging,0.6608061547925295
itemKNN,0.660702787229791
