algorithm,value
userKNN,0.6686140817892343
Bagging,0.6550010851376152
AdaBoost,0.6515685237144688
itemKNN,0.6512642193907051
GradientBoosting,0.6500905578066697
