algorithm,value
userKNN,0.6709957651974121
BIAS,0.664944376569218
SVD,0.6609529277120015
Bagging,0.6566011593055658
itemKNN,0.6563153143568389
