algorithm,value
userKNN,0.6667458663217137
BIAS,0.6623133790010357
SVD,0.6563727902430239
itemKNN,0.65348676685547
Bagging,0.6526833417064578
