algorithm,value
Bagging,0.0518307755990454
GradientBoosting,0.0524794420196876
RandomForest,0.054159132509879
AdaBoost,0.0545770962903711
LinearSVR,0.0548046688715264
