algorithm,value
BIAS,0.0536178305565654
BIASEDMF,0.0610317907552779
SVD,0.0616628027156506
userKNN,0.0757318364015191
itemKNN,0.084022736057801
