algorithm,value
SVD,0.0243715145919134
BIAS,0.0256409315094476
BIASEDMF,0.0350486788356337
userKNN,0.0369660748658718
itemKNN,0.1103729299417618
