algorithm,value
userKNN,0.0199245963896688
SVD,0.0250247579492648
BIAS,0.0318436941591376
BIASEDMF,0.0341041101107035
itemKNN,0.0469734894401249
