algorithm,value
SVD,0.0114065543644544
BIAS,0.0133697655848434
BIASEDMF,0.0268304526425207
userKNN,0.0486020284019829
itemKNN,0.0686852839435425
