algorithm,value
BIAS,0.0490909691952805
BIASEDMF,0.0500494316122823
SVD,0.0550197225127028
itemKNN,0.057820243954861
userKNN,0.066355705157296
