algorithm,value
SVD,0.0288949684528413
BIASEDMF,0.0361384418464091
BIAS,0.0367167396288644
itemKNN,0.0732524753141625
userKNN,0.0765279340027093
