algorithm,value
SVD,0.0206484682601176
BIASEDMF,0.0238858230574714
BIAS,0.0292061287473618
Bagging,0.0325164919993896
userKNN,0.0357968345745095
