algorithm,value
AdaBoost,0.0346517089580517
Tweedie,0.0380924234340558
RandomForest,0.0385209480012785
GradientBoosting,0.0389961707068033
Bagging,0.0392666770179656
