algorithm,value
BIASEDMF,0.0012065625596131
BIAS,0.0023773468837565
userKNN,0.0060441558697873
itemKNN,0.0118615697499581
SVD,0.0120128317148809
