algorithm,value
userKNN,0.009059770136502
BIASEDMF,0.01010033553357
BIAS,0.0118365158921383
SVD,0.0129127082448988
itemKNN,0.0327974758362801
