algorithm,value
Bagging,0.0311147258823115
GradientBoosting,0.0434883776568639
RandomForest,0.0571210311912785
AdaBoost,0.0611146571600921
Tweedie,0.0649915913607338
