algorithm,value
BIAS,0.0308509462337678
AdaBoost,0.0466894444506271
SVD,0.0468885395277656
BIASEDMF,0.0480258264441075
RandomForest,0.0552885595048372
