algorithm,value
BIASEDMF,0.0706293163516522
BIAS,0.0737317271624806
itemKNN,0.0777047923691647
SVD,0.0830743305957318
userKNN,0.0831280826981689
