algorithm,value
AdaBoost,0.0453853674771214
GradientBoosting,0.0533047398076728
RandomForest,0.0533884577633876
Bagging,0.0534534691053735
LinearSVR,0.0567639197687919
