algorithm,value
Ridge,0.0179264811749028
BayesianRidge,0.0187541438243027
Tweedie,0.0199485393688516
AdaBoost,0.0201946826189548
SVD,0.0211982690790403
