algorithm,value
SVD,0.0663146669932874
BIAS,0.0711950361411313
BIASEDMF,0.0725703403376198
LinearSVR,0.0850422220315541
Bagging,0.0884724255477552
