algorithm,value
Bagging,0.018933067742657
AdaBoost,0.0206761533575828
RandomForest,0.0235193727561838
GradientBoosting,0.0243964152772848
LinearSVR,0.0321621200038656
