algorithm,value
SVD,0.0483566936282073
BIASEDMF,0.0557493859300096
BIAS,0.0579958166640498
Bagging,0.0735425731571819
RandomForest,0.0748604350343661
