algorithm,value
BIASEDMF,0.001480283321336
BIAS,0.0133688833459055
SVD,0.0171764890448408
userKNN,0.0344986278222841
itemKNN,0.0415110638562702
