algorithm,georisk
SVD,0.7718850228514762
BIASEDMF,0.7737477711897431
NMF,0.7616797612385443
StochasticItemKNN,0.7332202739796437
BayesianRidge,0.7039103695219597
Tweedie,0.7025763857641188
Ridge,0.7038636297562334
RandomForest,0.7045729268098924
Bagging,0.702504236110519
AdaBoost,0.7035910007939025
GradientBoosting,0.7052399763105711
LinearSVR,0.7011468962866363
