algorithm,georisk
SVD,0.7762483483724288
BIASEDMF,0.7786009493407233
NMF,0.7632651823149844
StochasticItemKNN,0.73015151549994
BayesianRidge,0.6962937855041879
Tweedie,0.6956622058637063
Ridge,0.6962269851805978
RandomForest,0.6963552803466794
Bagging,0.6926071118354649
AdaBoost,0.697210038713663
GradientBoosting,0.6979092473189972
LinearSVR,0.6905154459075084
