RMSE,NDCG,F1,MAE
91.69731221855267,102.25496575344096,100.85919849715825,91.97574631524334
