RMSE,NDCG,F1,MAE
91.93762443687487,101.40269939814989,102.0294448192039,91.90974418028308
