RMSE,NDCG,F1,MAE
94.07693289231798,101.275544861294,105.38762691135923,94.67173819311253
