RMSE,NDCG,F1,MAE
91.80629955562155,101.13011968691148,100.16069658785219,91.83285422159227
