RMSE,NDCG,F1,MAE
82.07214108278727,92.60240071087392,77.60868665406532,82.63036208694558
