RMSE,NDCG,F1,MAE
81.3988601012481,95.71820972715032,76.17943622580407,80.81786028910923
