RMSE,NDCG,F1,MAE
81.78486356790941,94.35200294815073,79.15126761536337,82.31975866049186
