RMSE,NDCG,F1,MAE
81.17492499660167,93.1420845086093,79.47789495335594,81.38348643024521
