RMSE,NDCG,F1,MAE
81.10039540702083,93.4675048756818,79.8731405270709,81.40835658549767
