RMSE,NDCG,F1,MAE
81.79685393158445,94.37155658086327,77.35838442931879,81.91180460356763
