RMSE,NDCG,F1,MAE
81.81611623327622,94.0604860881179,78.9278727011869,82.3425451014376
