RMSE,NDCG,F1,MAE
82.09538484994098,94.60212191539618,76.68582075097538,82.71259316541646
