RMSE,NDCG,F1,MAE
1.0027098658826796,0.8785547300989277,0.6673076923076923,0.7940787101959145
