RMSE,NDCG,F1,MAE
0.9296170711160735,0.8784910395951278,0.7275280898876404,0.7315429170679878
