RMSE,NDCG,F1,MAE
0.07309279476660613,6.369050379995134e-05,0.060220397579948126,0.06253579312792668
