RMSE,NDCG,F1,MAE
0.9494773131855492,0.8675949003674015,0.7298850574712644,0.7533974094351439
