RMSE,NDCG,F1,MAE
0.12918106197868084,0.0045627033805241135,0.09622169113463075,0.10132905110630852
