RMSE,NDCG,F1,MAE
1.07865837516423,0.8630321969868774,0.6336633663366337,0.8547264605414524
