RMSE,NDCG,F1,MAE
1.0257145834583745,0.8024145044488116,0.6572637517630465,0.8086196764695494
