RMSE,NDCG,F1,MAE
1.128851691894746,0.8405160270625422,0.6279831539541413,0.8899330815062068
