RMSE,NDCG,F1,MAE
0.10313710843637147,0.038101522613730676,0.02928059780890524,0.0813134050366574
