RMSE,NDCG,F1,MAE
0.9275824954631411,0.8962145748968804,0.7338129496402878,0.727164631582127
