RMSE,NDCG,F1,MAE
0.9863235961981843,0.8772502271768325,0.6699314397649363,0.7796090601990038
