RMSE,NDCG,F1,MAE
0.05874110073504324,0.018964347720047847,0.06388150987535146,0.052444428616876815
