RMSE,NDCG,F1,MAE
90.61317168965093,100.12537688268772,104.52665327945596,90.31416782140921
