RMSE,NDCG,F1,MAE
89.92334042235457,100.38762241961712,103.97547350020425,89.29419022884242
