RMSE,NDCG,F1,MAE
92.79973534832516,101.39979947254784,107.82176607050953,91.98737569517549
