RMSE,NDCG,F1,MAE
89.8014466281208,99.2728282259017,103.77585654628123,88.96542707490555
