RMSE,NDCG,F1,MAE
92.8475751794869,98.2800527974072,90.47520006953542,91.8079601545174
