RMSE,NDCG,F1,MAE
86.58896643833577,99.86226962871005,86.29259168050804,86.19917990876894
