RMSE,NDCG,F1,MAE
93.20621184823852,102.73058000420446,92.81624933878223,92.62338129873795
