RMSE,NDCG,F1,MAE
94.36696427868182,98.84776795611252,87.46578773734757,92.47179042313472
