RMSE,NDCG,F1,MAE
82.82645390510834,97.11443238347589,83.9285512206399,83.54645922484896
