RMSE,NDCG,F1,MAE
85.52612401550435,95.1000020647738,83.46761198839832,84.89556359782432
