RMSE,NDCG,F1,MAE
80.09751162785433,98.66740498026999,80.09866477608412,79.8101217909093
