RMSE,NDCG,F1,MAE
81.00108866520225,93.22959092336863,81.21396540679052,81.35238408262964
