RMSE,NDCG,F1,MAE
0.007020362272069924,0.004168752675056897,0.10559683410361087,0.0018391723724522357
