RMSE,NDCG,F1,MAE
1.1015044528197138,0.7739604262765498,0.4995648389904265,0.884511425820287
