RMSE,NDCG,F1,MAE
1.1103321199355776,0.7794638331677015,0.5961768219832736,0.8945220558762225
