RMSE,NDCG,F1,MAE
1.1344589129243439,0.7742546383266465,0.49865470852017935,0.9034792368125701
