RMSE,NDCG,F1,MAE
0.0241267929887663,0.005209194841054976,0.09752211346309425,0.008957180936347675
