RMSE,NDCG,F1,MAE
0.0006544944105750794,0.007418425562217612,0.10028086645377249,0.00746900530788186
