RMSE,NDCG,F1,MAE
1.103345686090529,0.779948366232804,0.5975683890577508,0.8863180455320795
