RMSE,NDCG,F1,MAE
1.102691191679954,0.7873667917950216,0.4972875226039783,0.8788490402241976
