RMSE,NDCG,F1,MAE
0.013370719802901831,0.0037052277673262912,0.10613587359864718,0.00303914599834465
