RMSE,NDCG,F1,MAE
1.1091725346373318,0.7747657186636548,0.4995648389904265,0.8875926323148677
