RMSE,NDCG,F1,MAE
1.09580181483443,0.7784709464309811,0.6057007125890737,0.8845534863165231
