RMSE,NDCG,F1,MAE
0.004968428486822329,0.010327146410275212,0.08734827851964666,0.002118421402716786
