RMSE,NDCG,F1,MAE
1.124618275523461,0.7898971898172183,0.5194132873166523,0.8930764029278183
