RMSE,NDCG,F1,MAE
1.1196498470366387,0.7795700434069431,0.6067615658362989,0.8951948243305351
