RMSE,NDCG,F1,MAE
0.00940245445429988,0.009229006064413348,0.10155975544482054,0.00037768491150702577
