RMSE,NDCG,F1,MAE
1.1077273232040186,0.7698469223384343,0.5089974293059126,0.8863588281228655
