RMSE,NDCG,F1,MAE
1.0983248687497187,0.7790759284028477,0.6105571847507332,0.8859811432113585
