RMSE,NDCG,F1,MAE
1.1028483280734163,0.7873667917950216,0.497737556561086,0.8789768753217799
