RMSE,NDCG,F1,MAE
1.1036374030786582,0.7798439395507729,0.5967790945001519,0.8865327366119513
