RMSE,NDCG,F1,MAE
0.000789075005241946,0.007522852244248646,0.0990415379390659,0.007555861290171384
