RMSE,NDCG,F1,MAE
0.0046760302899169215,0.008933575774378921,0.09568873141712275,0.005648281572823488
