RMSE,NDCG,F1,MAE
1.091698074916776,0.7902141618186387,0.4902143522833178,0.8703820841966939
