RMSE,NDCG,F1,MAE
1.087022044626859,0.7812805860442598,0.5859030837004405,0.8760303657695174
