RMSE,NDCG,F1,MAE
1.065693485699342,0.8084470593673861,0.6350263669164585,0.8415157577012822
