RMSE,NDCG,F1,MAE
0.08796949797666476,0.06616294653776655,0.060399501244816745,0.06454575034029575
