RMSE,NDCG,F1,MAE
1.1536629836760068,0.7422841128296196,0.5746268656716418,0.9060615080415779
