RMSE,NDCG,F1,MAE
1.0734222716559403,0.8095795521955389,0.6566037735849056,0.8522685848405003
