RMSE,NDCG,F1,MAE
0.07092195600287532,0.05152065067829947,0.04900883687604485,0.05519129937569889
