RMSE,NDCG,F1,MAE
1.1443442276588156,0.7580589015172394,0.6075949367088608,0.9074598842161992
