RMSE,NDCG,F1,MAE
1.0631666638771875,0.8055694261727699,0.6414573557825007,0.8456862388422887
