RMSE,NDCG,F1,MAE
1.147301516383116,0.7478393331942444,0.5867158671586716,0.9060012732668078
