RMSE,NDCG,F1,MAE
0.08413485250592845,0.057730092978525493,0.054741488623829104,0.06031503442451913
