RMSE,NDCG,F1,MAE
0.08219836071842668,0.08114566577574123,0.05295036891974758,0.058454298724660236
