RMSE,NDCG,F1,MAE
1.1418264763586117,0.7322890439749753,0.5985401459854015,0.897061115314279
