RMSE,NDCG,F1,MAE
1.059628115640185,0.8134347097507165,0.6514905149051491,0.8386068165896188
