RMSE,NDCG,F1,MAE
1.1556072568598108,0.7478393331942444,0.5895117540687161,0.9128645897316396
