RMSE,NDCG,F1,MAE
1.0714994296251137,0.80670550244184,0.6489707475622969,0.8476139565949541
