RMSE,NDCG,F1,MAE
0.08410782723469712,0.05886616924759558,0.05945899349358075,0.06525063313668555
