RMSE,NDCG,F1,MAE
1.1511220839638279,0.7579740044503617,0.605072463768116,0.9039361401760515
