RMSE,NDCG,F1,MAE
0.08576185941632564,0.053066732725824295,0.04910312509698045,0.06100316131213357
