RMSE,NDCG,F1,MAE
1.0653602245475022,0.811040737176186,0.6541755888650964,0.8429329788639179
