RMSE,NDCG,F1,MAE
1.0632644550500114,0.8053092210991479,0.6414573557825007,0.8457402561014364
