RMSE,NDCG,F1,MAE
0.08420739305154545,0.05746988790490348,0.054741488623829104,0.060398665760527326
