RMSE,NDCG,F1,MAE
1.147471848101557,0.7478393331942444,0.5867158671586716,0.9061389218619638
