RMSE,NDCG,F1,MAE
1.1329439669249037,0.7501010520672178,0.56640625,0.89899889338725
