RMSE,NDCG,F1,MAE
1.0640458337262075,0.8075206529805342,0.6267545116012604,0.8491452087933666
