RMSE,NDCG,F1,MAE
0.0688981331986962,0.05741960091331644,0.06034826160126039,0.049853684593883396
