RMSE,NDCG,F1,MAE
92.14781180667732,99.7141952580823,86.000666000666,89.23820858861933
