RMSE,NDCG,F1,MAE
91.50712283873217,97.26751569184096,86.40757833373816,88.79712275360578
