RMSE,NDCG,F1,MAE
91.94707190900958,98.13282239198102,87.04404897134921,89.59682324126798
