RMSE,NDCG,F1,MAE
92.41365634723448,100.59415171258648,86.10722281135854,89.31309573832127
