RMSE,NDCG,F1,MAE
92.49666894993675,97.92062719364245,88.52264426588751,89.76520048581045
