RMSE,NDCG,F1,MAE
92.08741700470715,99.23364284774483,86.17625725338492,88.96328371105821
