RMSE,NDCG,F1,MAE
91.94678651436729,98.25331786967472,86.65794637017659,89.6225927411546
