RMSE,NDCG,F1,MAE
91.98124887071751,98.62976499414839,85.605849258381,89.795416055128
