RMSE,NDCG,F1,MAE
1.087534787198902,0.8168419818263682,0.6299081035923141,0.8636303278446305
