RMSE,NDCG,F1,MAE
0.01140354330240867,0.028459090183924785,0.05201865635613323,0.015890725739436506
