RMSE,NDCG,F1,MAE
1.0989383305013107,0.845301072010293,0.5778894472361809,0.879521053584067
