RMSE,NDCG,F1,MAE
1.1181442191392377,0.8287277925910207,0.5786802030456852,0.8905710353423876
