RMSE,NDCG,F1,MAE
0.017505858926010198,0.013219262954733524,0.044740184485907,0.013505015043745017
