RMSE,NDCG,F1,MAE
1.1006383602132275,0.8155085296362872,0.6234203875315922,0.8770660202986426
