RMSE,NDCG,F1,MAE
0.014813833695772827,0.008810658957663642,0.054741109745314986,0.023775729677184665
