RMSE,NDCG,F1,MAE
1.096108086468699,0.834132117997477,0.5743589743589743,0.8823398142761815
