RMSE,NDCG,F1,MAE
1.0812942527729261,0.8253214590398134,0.6291000841042893,0.8585640845989968
