RMSE,NDCG,F1,MAE
0.01919070872979778,0.01902063193190151,0.05471058383166372,0.02282631504139343
