RMSE,NDCG,F1,MAE
1.0869920081401685,0.8086013503214393,0.6246851385390428,0.8613532356333147
