RMSE,NDCG,F1,MAE
1.1061827168699663,0.8276219822533408,0.5699745547073791,0.8841795506747081
