RMSE,NDCG,F1,MAE
0.010291225593588527,0.013187371335267484,0.038768601903302,0.020980518210643062
