RMSE,NDCG,F1,MAE
1.0858274337327116,0.8247468991590324,0.6368078175895765,0.8574874900677891
