RMSE,NDCG,F1,MAE
1.0961186593263001,0.8379342704942999,0.5980392156862745,0.8784680082784322
