RMSE,NDCG,F1,MAE
0.02060351213489886,0.017306007078460306,0.07911512625525108,0.025653830349265716
