RMSE,NDCG,F1,MAE
1.100489796139068,0.8380479819765654,0.5483028720626631,0.8838999862981827
