RMSE,NDCG,F1,MAE
1.0798862840041692,0.8207419748981051,0.6274179983179142,0.858246155948917
