RMSE,NDCG,F1,MAE
1.0963065272463062,0.834132117997477,0.5743589743589743,0.8824981909464925
