RMSE,NDCG,F1,MAE
0.014474612021611044,0.008726759768206582,0.05704320868048829,0.023620376186799352
