RMSE,NDCG,F1,MAE
1.0818319152246951,0.8254053582292704,0.6314021830394626,0.8588778147596932
