RMSE,NDCG,F1,MAE
1.085359984285664,0.8290839956563673,0.6117850953206239,0.8623933740592487
