RMSE,NDCG,F1,MAE
1.0940051560007718,0.841691585543575,0.5425531914893617,0.8820648262614074
