RMSE,NDCG,F1,MAE
0.008645171715107702,0.012607589887207782,0.06923190383126221,0.019671452202158712
