RMSE,NDCG,F1,MAE
1.2212571124412432,0.8103601688573462,0.4805194805194805,0.9760396042603728
