RMSE,NDCG,F1,MAE
0.1988812758505436,0.00628127188945915,0.1662890301188174,0.15894648364397934
