RMSE,NDCG,F1,MAE
1.0223758365906996,0.8166414407468053,0.6468085106382979,0.8170931206163935
