RMSE,NDCG,F1,MAE
1.2470317261699355,0.7965222859101113,0.47244094488188976,0.9916364747273838
