RMSE,NDCG,F1,MAE
1.0438583814026539,0.806929762245345,0.6229307173513182,0.8260376231489807
