RMSE,NDCG,F1,MAE
0.20317334476728166,0.010407476335233645,0.15048977246942846,0.16559885157840315
