RMSE,NDCG,F1,MAE
0.18195301129999342,0.008923401960607036,0.1558530375666965,0.14302091774431802
