RMSE,NDCG,F1,MAE
1.213392421436879,0.8150553302482768,0.4650537634408602,0.9655361668166221
