RMSE,NDCG,F1,MAE
1.0314394101368856,0.8061319282876698,0.6209068010075567,0.8225152490723041
