RMSE,NDCG,F1,MAE
0.19712269957129713,0.0055677683216258655,0.15027159398651246,0.1576008093152741
