RMSE,NDCG,F1,MAE
1.0252186584342362,0.8107362053520938,0.6464155528554071,0.8154453328443355
