RMSE,NDCG,F1,MAE
1.2223413580055333,0.8051684370304679,0.4961439588688946,0.9730461421596096
