RMSE,NDCG,F1,MAE
1.227707686387926,0.8148741719099095,0.4833759590792839,0.9731104680590534
