RMSE,NDCG,F1,MAE
0.19277760945804467,0.00847982592622798,0.15094787354654993,0.15201859193878098
