RMSE,NDCG,F1,MAE
1.0349300769298813,0.8063943459836815,0.6343238326258338,0.8210918761202725
