RMSE,NDCG,F1,MAE
1.0271731879970305,0.8130688805272398,0.6451219512195122,0.8155774051709959
