RMSE,NDCG,F1,MAE
1.2285092562777897,0.8032722528704467,0.4889466840052016,0.9753738115464291
