RMSE,NDCG,F1,MAE
0.20133606828075923,0.009796627656793122,0.15617526721431063,0.15979640637543324
