RMSE,NDCG,F1,MAE
0.18194129258192793,0.0071512464454639435,0.1586038241095451,0.14315045716318642
