RMSE,NDCG,F1,MAE
1.0316169188275484,0.8074032792435683,0.6230333543108874,0.8225763302730367
