RMSE,NDCG,F1,MAE
1.2135582114094763,0.8145545256890322,0.46442953020134226,0.9657267874362231
