RMSE,NDCG,F1,MAE
1.205543892099156,0.8110483973916252,0.44972067039106145,0.9621807524971027
