RMSE,NDCG,F1,MAE
0.1786999753276899,0.0036805634794461195,0.15767712324943173,0.14086803816286242
