RMSE,NDCG,F1,MAE
1.026843916771466,0.807367833912179,0.6073977936404932,0.8213127143342402
