RMSE,NDCG,F1,MAE
90.36262634200834,99.12430738185324,105.37142112290063,89.55051694671134
