RMSE,NDCG,F1,MAE
90.52235615063192,99.90489986224124,107.54984048209857,89.56703856001079
