RMSE,NDCG,F1,MAE
92.95976504707507,102.3332857223822,113.72602632011608,92.8518147786485
