RMSE,NDCG,F1,MAE
89.61303458886015,99.56169084445803,104.46321360515807,88.31821160124672
