RMSE,NDCG,F1,MAE
106.9011236345823,99.92673849583892,92.8429119581717,107.17058639386974
