RMSE,NDCG,F1,MAE
106.3599130603824,98.73534892092994,92.99298745487488,105.90215034223552
