RMSE,NDCG,F1,MAE
107.4744723550785,99.57755070643672,93.26955852839151,107.81462995618554
