RMSE,NDCG,F1,MAE
107.39923303430021,100.29776710664522,93.42782858347472,107.36975504252469
