RMSE,NDCG,F1,MAE
107.30747743588942,99.61814113129384,92.96876539560547,107.41692424771996
