RMSE,NDCG,F1,MAE
107.23978462327499,99.37077340539541,93.84943133010341,107.20905061850677
