RMSE,NDCG,F1,MAE
107.47901120399399,99.47407800678299,92.18446601941747,107.82553383137174
