RMSE,NDCG,F1,MAE
106.63081811796407,99.48490296442041,93.00668106288714,107.1176407966833
