RMSE,NDCG,F1,MAE
0.9396547974826636,0.888457685305825,0.7357963365414467,0.7359471470932614
