RMSE,NDCG,F1,MAE
0.05103734020090822,0.037035983747625734,0.02607683230139457,0.051211434005621226
