RMSE,NDCG,F1,MAE
0.9906921376835718,0.8514217015581993,0.7097195042400521,0.7871585810988826
