RMSE,NDCG,F1,MAE
0.9924128642872011,0.8739760271672151,0.7207729468599033,0.7743512976118629
