RMSE,NDCG,F1,MAE
0.04254727955952442,0.022540466663748204,0.03972102507972797,0.04335054070642197
