RMSE,NDCG,F1,MAE
1.0349601438467255,0.8514355605034669,0.6810519217801754,0.8177018383182849
