RMSE,NDCG,F1,MAE
1.066378222704501,0.8404085606494787,0.6604244694132334,0.8367867170338048
