RMSE,NDCG,F1,MAE
1.0410013041477522,0.8176763608830937,0.7258548290341932,0.8041120000289891
