RMSE,NDCG,F1,MAE
0.02537691855674895,0.022732199766384964,0.06543035962095978,0.03267471700481572
