RMSE,NDCG,F1,MAE
0.0365744456688567,0.027863608886958047,0.02302320829005733,0.03239351081666342
