RMSE,NDCG,F1,MAE
0.9352042263787781,0.8928087972192081,0.7434393331275085,0.7357271966420533
