RMSE,NDCG,F1,MAE
0.9717786720476348,0.8649451883322501,0.7204161248374512,0.7681207074587167
