algorithm,georisk
SVD,0.8037352351438529
BIASEDMF,0.8056932024550343
NMF,0.7977784604073552
StochasticItemKNN,0.765222287774066
BayesianRidge,0.7443083361454129
Tweedie,0.7429279279657829
Ridge,0.7442662305571541
RandomForest,0.7455176426545029
Bagging,0.7435779756156485
AdaBoost,0.7449644994842104
GradientBoosting,0.7468246615207268
LinearSVR,0.7420040094134487
