algorithm,georisk
SVD,0.8445250829111816
BIASEDMF,0.8464565399917963
NMF,0.8368994862538552
StochasticItemKNN,0.801472825158192
BayesianRidge,0.7774983524712586
Tweedie,0.7768954597051793
Ridge,0.7774423010219303
RandomForest,0.7775554800368777
Bagging,0.7756108781766948
AdaBoost,0.7776166654461536
GradientBoosting,0.7794069535678659
LinearSVR,0.7731519832034509
