RMSE,NDCG,F1,MAE
1.0943508370469117,0.8057536656078924,0.5667655786350149,0.8829375983263443
