RMSE,NDCG,F1,MAE
0.9418112399080221,0.7622981174299404,0.5971830985915493,0.7494507423124566
