RMSE,NDCG,F1,MAE
0.15253959713888965,0.04345554817795205,0.03041751995653441,0.13348685601388777
