RMSE,NDCG,F1,MAE
0.9674863186187572,0.7690335694669126,0.5822102425876011,0.7713105944906387
