RMSE,NDCG,F1,MAE
1.1116434283485312,0.8055139794728545,0.5950297514875744,0.8891968037851489
