RMSE,NDCG,F1,MAE
0.14415710972977402,0.03648041000594193,0.012819508899973298,0.11788620929451021
