RMSE,NDCG,F1,MAE
0.14713514755047885,0.04213290677148085,0.0030538216283356734,0.13040758059659663
