RMSE,NDCG,F1,MAE
0.9522821844557116,0.767423765585614,0.5934065934065934,0.7503155919324406
