RMSE,NDCG,F1,MAE
1.0994173320061904,0.8095566723570948,0.5903527717782577,0.8807231725290372
