RMSE,NDCG,F1,MAE
1.0993554765254656,0.8088618676785646,0.6052998605299861,0.8841809998838589
