RMSE,NDCG,F1,MAE
0.1501167042706668,0.03349667974631032,0.019278355153641957,0.13129396749387412
