RMSE,NDCG,F1,MAE
0.9492387722547988,0.7753651879322543,0.5860215053763441,0.7528870323899848
