RMSE,NDCG,F1,MAE
1.1039130121343168,0.8083902763987305,0.6091476091476091,0.8819694572984385
