RMSE,NDCG,F1,MAE
0.961201879243435,0.7602671249940317,0.5891891891891892,0.7585956081418915
