RMSE,NDCG,F1,MAE
0.14271113289088178,0.048123151404698805,0.01995841995841996,0.12337384915654692
