RMSE,NDCG,F1,MAE
1.0945422993467837,0.8101962304633902,0.6103221337028056,0.8791378273684279
