RMSE,NDCG,F1,MAE
0.1492179536472349,0.01825825311415985,0.01572753910821101,0.12804583224921073
