RMSE,NDCG,F1,MAE
0.9453243456995488,0.7919379773492303,0.5945945945945946,0.7510919951192172
