RMSE,NDCG,F1,MAE
1.0996511109489393,0.8090624134142758,0.5903527717782577,0.8808513092854913
