RMSE,NDCG,F1,MAE
0.14698272221489161,0.04163864782866178,0.0008210913374864237,0.13038486134517513
