RMSE,NDCG,F1,MAE
0.9526683887340477,0.767423765585614,0.5895316804407713,0.7504664479403161
