RMSE,NDCG,F1,MAE
0.15884696821804678,0.03719495983318066,0.027312530107584387,0.13775246099659133
