RMSE,NDCG,F1,MAE
1.1007161757562167,0.8086799556675363,0.5612588984638441,0.8841152813928076
