RMSE,NDCG,F1,MAE
0.9418692075381699,0.7714849958343556,0.5885714285714285,0.7463628203962163
