RMSE,NDCG,F1,MAE
96.35013629010841,99.8707471908308,101.28145256197112,96.10846299219335
