RMSE,NDCG,F1,MAE
94.59622184535802,102.20589763533047,94.05506883604507,92.49972853778934
