RMSE,NDCG,F1,MAE
99.2363146789444,101.89245984080509,110.68327882424214,101.3592740400373
