RMSE,NDCG,F1,MAE
97.98242443253987,99.13739994756214,100.81128066447751,98.0041472372502
