RMSE,NDCG,F1,MAE
0.9254199253877422,0.9072205037678585,0.7490883833998958,0.7203409872499522
