RMSE,NDCG,F1,MAE
0.06688572796288283,0.011168472940623952,0.008681269250926826,0.052010305806525214
