RMSE,NDCG,F1,MAE
0.8585341974248594,0.8960520308272345,0.7577696526508226,0.668330681443427
