RMSE,NDCG,F1,MAE
0.8925745071437858,0.8928522376125239,0.7312734082397003,0.6958011623963546
