RMSE,NDCG,F1,MAE
0.9706062892523114,0.8893387997902661,0.7212294496068621,0.7590948228406739
