RMSE,NDCG,F1,MAE
0.07803178210852557,0.00351343782225777,0.010043958632838246,0.06329366044431928
