RMSE,NDCG,F1,MAE
0.05154151034135057,0.0223303638460004,0.04485941189096376,0.0308537526241488
