RMSE,NDCG,F1,MAE
1.0237895368603727,0.8304136534065906,0.6666666666666666,0.8043702478080567
