RMSE,NDCG,F1,MAE
1.0753310472017232,0.852744017252591,0.7115260785576304,0.8352240004322055
