RMSE,NDCG,F1,MAE
0.0635681846047309,0.003595122036060383,0.011825046840958309,0.05521355653522142
