RMSE,NDCG,F1,MAE
0.8648845557749395,0.9007130462052668,0.7528762080073631,0.6707078156672325
