RMSE,NDCG,F1,MAE
0.9284527403796704,0.9043081682413272,0.7410511611664048,0.7259213722024539
