RMSE,NDCG,F1,MAE
108.871605367862,102.80198497265623,106.20201943803653,109.48130800718097
