RMSE,NDCG,F1,MAE
107.74711867991671,103.74634044761531,106.57777197800569,107.6726930009282
