RMSE,NDCG,F1,MAE
108.77101580437866,103.15026075706461,105.62444317866479,108.90344077644656
