RMSE,NDCG,F1,MAE
108.31018243284112,102.1060473512262,106.66846425524581,108.49965002738382
