RMSE,NDCG,F1,MAE
108.90698478834044,102.95328411903391,105.02212933366117,108.65149145693007
