RMSE,NDCG,F1,MAE
108.59564378923035,102.80041513500097,105.50132516290218,108.8699002474437
