RMSE,NDCG,F1,MAE
108.78627575445819,103.51899907319282,105.63047826700607,108.91717529495114
