RMSE,NDCG,F1,MAE
107.90090734175881,102.52468960413297,106.55874446552815,108.19092591591071
