RMSE,NDCG,F1,MAE
0.07311831995731266,0.0062869586553195855,0.045879503727456084,0.06254172834490634
