RMSE,NDCG,F1,MAE
0.9311953348147195,0.874783026140801,0.7183098591549296,0.7320629150569424
