RMSE,NDCG,F1,MAE
1.0043136547720322,0.8810699847961205,0.6724303554274735,0.7946046434018488
