RMSE,NDCG,F1,MAE
0.9630035895027004,0.8627516821983999,0.7,0.7681169604716952
