RMSE,NDCG,F1,MAE
0.10838897018494242,0.003597147075249496,0.06956521739130428,0.08417188655808316
