RMSE,NDCG,F1,MAE
1.0713925596876428,0.8591545351231504,0.6304347826086957,0.8522888470297784
