RMSE,NDCG,F1,MAE
1.0301198457241274,0.8209507508922395,0.6573033707865169,0.8087611365302044
