RMSE,NDCG,F1,MAE
0.0993636400557103,0.022808623224980895,0.028678487718228785,0.07790508887242598
