RMSE,NDCG,F1,MAE
1.1294834857798377,0.8437593741172204,0.6286248830682881,0.8866662254026304
