RMSE,NDCG,F1,MAE
0.986239386462363,0.8756465594615198,0.6669936243256498,0.7793635682156874
