RMSE,NDCG,F1,MAE
0.9261672818284102,0.8905923941251352,0.7345767575322812,0.7257973931196798
