RMSE,NDCG,F1,MAE
0.06007210463395274,0.014945834663615432,0.06758313320663145,0.053566175096007584
