RMSE,NDCG,F1,MAE
122.01543939675837,118.67644906065689,147.15299079754604,124.80166799339342
