RMSE,NDCG,F1,MAE
121.37652068889963,110.83480928399668,132.93739173471917,123.06128857846208
