RMSE,NDCG,F1,MAE
121.74781112274322,115.86227810002856,140.13024927015496,123.81545457394003
