RMSE,NDCG,F1,MAE
122.08393701319171,119.74781366443077,143.46037466426412,124.4566800135664
