RMSE,NDCG,F1,MAE
122.42700715194287,113.4383825143529,129.04729403539145,124.7733566427052
