RMSE,NDCG,F1,MAE
122.44660396350513,119.70189923923975,144.08341974881898,125.0264829196355
