RMSE,NDCG,F1,MAE
121.72139929699999,114.10582761177932,139.11087908116139,123.7960979923165
