RMSE,NDCG,F1,MAE
121.51839859797875,117.63471560550924,145.08346124328475,123.86682269836477
