RMSE,NDCG,F1,MAE
0.0009577593198861756,0.03355839128928384,0.1003893066474637,0.014270987751210495
