RMSE,NDCG,F1,MAE
1.0814749407970998,0.7994915020198177,0.6199829205807003,0.8709106965356829
