RMSE,NDCG,F1,MAE
1.0805171814772137,0.7659331107305338,0.5195936139332366,0.8566397087844724
