RMSE,NDCG,F1,MAE
0.009029827627084819,0.029312233534721344,0.07883763094278806,0.009630636212189958
