RMSE,NDCG,F1,MAE
1.0948126365522632,0.8027392846511033,0.6053082191780822,0.880581553839164
