RMSE,NDCG,F1,MAE
1.103842464179348,0.773427051116382,0.5264705882352941,0.8709509176269741
