RMSE,NDCG,F1,MAE
0.014132408063302293,0.0247013652704986,0.095708630606399,0.002919070005552471
