RMSE,NDCG,F1,MAE
1.0982033960616249,0.7805165677282738,0.5175438596491229,0.8713926091810167
