RMSE,NDCG,F1,MAE
1.0840709879983226,0.8052179329987724,0.6132524902555219,0.8684735391754642
