RMSE,NDCG,F1,MAE
1.0816843946031423,0.8008380930837241,0.6167741935483871,0.8681944534755011
