RMSE,NDCG,F1,MAE
0.004273215880903791,0.031720733168383086,0.09923033389926428,0.009224653127012039
