RMSE,NDCG,F1,MAE
1.085957610484046,0.769117359915341,0.5175438596491229,0.858969800348489
