RMSE,NDCG,F1,MAE
1.1109618973495687,0.7707785458558439,0.5327635327635327,0.879524705093876
