RMSE,NDCG,F1,MAE
0.022072517053864926,0.03221072070928588,0.09355893867108434,0.011241545752626925
