RMSE,NDCG,F1,MAE
1.0888893802957038,0.8029892665651298,0.6263224714346171,0.8682831593412491
