RMSE,NDCG,F1,MAE
1.0858591605764096,0.7589254479207741,0.5161290322580645,0.8609968729473692
