RMSE,NDCG,F1,MAE
0.009217081987164866,0.04575335531317937,0.10122881297494102,0.0021792375049353163
