RMSE,NDCG,F1,MAE
1.0766420785892448,0.8046788032339535,0.6173578452330055,0.8631761104523045
