RMSE,NDCG,F1,MAE
1.0984582693128675,0.7817853152167801,0.5153733528550513,0.8715811662932
