RMSE,NDCG,F1,MAE
0.014117228974266594,0.02301330340904406,0.0957377582560599,0.002885974377228262
