RMSE,NDCG,F1,MAE
1.084341040338601,0.8047986186258241,0.6111111111111112,0.8686951919159718
