RMSE,NDCG,F1,MAE
1.0799710534734062,0.8027280451416179,0.5879712746858169,0.8686656890179714
