RMSE,NDCG,F1,MAE
1.0861585958445197,0.7672254301188925,0.5060975609756098,0.8630602030535385
