RMSE,NDCG,F1,MAE
0.006187542371113519,0.03550261502272534,0.08187371371020713,0.005605485964432888
