RMSE,NDCG,F1,MAE
100.57485793102539,101.52001263973114,92.69686883383493,100.68281367123642
