RMSE,NDCG,F1,MAE
101.08669568881379,100.8567083327558,93.32846706665006,101.76169384311721
