RMSE,NDCG,F1,MAE
100.76070666714676,101.33217791773596,93.46326147719876,101.64539884225627
