RMSE,NDCG,F1,MAE
100.41114126472719,101.15346446016129,93.49436548345841,100.77596594979363
