RMSE,NDCG,F1,MAE
100.70370331068968,101.5561999494088,93.65958604317613,101.62097780902137
