RMSE,NDCG,F1,MAE
100.4262845299593,100.51834524739829,93.21428571428571,100.87440155348402
