RMSE,NDCG,F1,MAE
100.77072030052075,101.38357875388822,93.53310104529618,101.65787904997832
