RMSE,NDCG,F1,MAE
100.30236378657268,101.93429823718736,91.80984781344999,101.31657682406976
