RMSE,NDCG,F1,MAE
0.8959912173722971,0.9083378938322207,0.7589786756453423,0.7011496854010978
