RMSE,NDCG,F1,MAE
0.036909434044598344,0.013592652392048432,0.014960718294051656,0.03722456754720482
