RMSE,NDCG,F1,MAE
0.8590817833276988,0.8947452414401723,0.7739393939393939,0.663925117853893
