RMSE,NDCG,F1,MAE
0.04147562696828866,0.0016457101824708387,0.025453293783860298,0.0401618271331603
