RMSE,NDCG,F1,MAE
0.9317297925256612,0.8866271445820214,0.7329978432782172,0.7294929495036565
