RMSE,NDCG,F1,MAE
0.8902541655573726,0.8849814343995506,0.7584511370620775,0.6893311223704962
