RMSE,NDCG,F1,MAE
0.03675548804775475,0.024472505102656417,0.0030982003950754677,0.02818020678566513
