RMSE,NDCG,F1,MAE
1.0310964265461628,0.8271563438868952,0.7108724832214766,0.8056715874898401
