RMSE,NDCG,F1,MAE
1.0678519145939176,0.8516288489895516,0.713970683616552,0.8338517942755053
