RMSE,NDCG,F1,MAE
0.039777042106712956,0.023818536901377363,0.018541424706386533,0.0354334145101336
