RMSE,NDCG,F1,MAE
0.9028870562223825,0.9092418879853581,0.7514859892442683,0.7094657301233079
