RMSE,NDCG,F1,MAE
0.8631100141156696,0.8854233510839807,0.7700274139506549,0.6740323156131743
