RMSE,NDCG,F1,MAE
1.000135815997681,0.8160484821545207,0.6376274328081557,0.7958839975321595
