RMSE,NDCG,F1,MAE
0.0909813043968799,0.02688752409201134,0.047028222187416535,0.07389337452198397
