RMSE,NDCG,F1,MAE
1.0911171203945609,0.7891609580625094,0.5905992106207392,0.8697773720541435
