RMSE,NDCG,F1,MAE
1.0187295921671868,0.8294528570893263,0.6313834726090993,0.8027562969868842
