RMSE,NDCG,F1,MAE
0.08793127187373417,0.04652873601166263,0.047383472609099364,0.07670375046554112
