RMSE,NDCG,F1,MAE
1.106660864040921,0.7829241210776636,0.584,0.8794600474524253
