RMSE,NDCG,F1,MAE
1.0102202536881775,0.8145133072981615,0.6281929990539262,0.8000860473928161
