RMSE,NDCG,F1,MAE
1.103253318175427,0.7832119641119181,0.5790251107828656,0.8750342410201593
