RMSE,NDCG,F1,MAE
0.09303306448724946,0.03130134318624345,0.04916788827106067,0.07494819362734317
