RMSE,NDCG,F1,MAE
1.0174685360200484,0.8181736275650946,0.6284658040665434,0.8074909058586311
