RMSE,NDCG,F1,MAE
1.1038571948773814,0.7885133688034824,0.5968660968660968,0.8766375649283014
