RMSE,NDCG,F1,MAE
0.08638865885733304,0.029660258761612157,0.03159970720044658,0.06914665906967021
