RMSE,NDCG,F1,MAE
1.0184043819698918,0.8130584062185102,0.6336088154269972,0.8050257793197173
