RMSE,NDCG,F1,MAE
1.1114291331445325,0.7850906461437608,0.5947875758657623,0.8762573307918087
