RMSE,NDCG,F1,MAE
0.09302475117464071,0.027967760074749437,0.038821239561234955,0.07123155147209137
