RMSE,NDCG,F1,MAE
1.0047257404636467,0.8160334321601972,0.6380255941499086,0.7967892970538873
