RMSE,NDCG,F1,MAE
1.0925901557494386,0.7860269606674984,0.5988660524450744,0.8677053527259492
