RMSE,NDCG,F1,MAE
0.08786441528579192,0.03000647149269875,0.039159541704834155,0.07091605567206183
