RMSE,NDCG,F1,MAE
0.09321987099713036,0.03166200577844769,0.049381629544882344,0.07501831277458748
