RMSE,NDCG,F1,MAE
1.0103447584630547,0.8145133072981615,0.6281929990539262,0.8001929058848772
