RMSE,NDCG,F1,MAE
1.103564629460185,0.7828513015197138,0.5788113695090439,0.8752112186594647
