RMSE,NDCG,F1,MAE
1.087247505877294,0.7840065216212239,0.5635528330781011,0.8662713149557247
