RMSE,NDCG,F1,MAE
0.0844264874934948,0.029442048597392634,0.050482254641197155,0.07094341015102612
