RMSE,NDCG,F1,MAE
1.0028210183837991,0.8134485702186165,0.6140350877192983,0.7953279048046986
