RMSE,NDCG,F1,MAE
0.9044046411160757,0.9113146946876198,0.7630098452883263,0.7068861445118675
