RMSE,NDCG,F1,MAE
0.00015095502451056841,0.03088274134196678,0.039680938692487455,0.012249828746769054
