RMSE,NDCG,F1,MAE
0.9042536860915651,0.880431953345653,0.7233289065958388,0.6946363157650984
