RMSE,NDCG,F1,MAE
0.9217973986943562,0.8742475995152607,0.7069431920649234,0.7152327524355288
