RMSE,NDCG,F1,MAE
0.041340079570009736,0.023049293284964523,0.020529738748069848,0.033193548026233755
