RMSE,NDCG,F1,MAE
0.9631374782643659,0.8972968928002252,0.7274729308129932,0.7484263004617625
