RMSE,NDCG,F1,MAE
1.0757478406122423,0.8485466181411682,0.7133008239448462,0.8404705495065642
