RMSE,NDCG,F1,MAE
0.04831232071444469,0.02277104329406099,0.04105202011709497,0.041704210452435886
