RMSE,NDCG,F1,MAE
1.0274355198977976,0.8257755748471072,0.6722488038277512,0.7987663390541283
