RMSE,NDCG,F1,MAE
0.9125417452094284,0.9068370233795984,0.7534537725823592,0.7149535230556205
