RMSE,NDCG,F1,MAE
0.003665154591112052,0.020890240322722353,0.04202647155968253,0.014760692189645819
