RMSE,NDCG,F1,MAE
0.9088765906183164,0.885946783056876,0.7114273010226767,0.7001928308659747
