RMSE,NDCG,F1,MAE
0.9012277441901,0.8684928182530451,0.7049632352941176,0.7118476290984409
