RMSE,NDCG,F1,MAE
0.9043434041283567,0.8822609811175792,0.7318315377081293,0.7116969413577164
