RMSE,NDCG,F1,MAE
0.0031156599382566874,0.013768162864534084,0.026868302414011613,0.00015068774072446445
