RMSE,NDCG,F1,MAE
0.016982742552976937,0.014833675289252723,0.008838150191777139,0.01553462742906353
