RMSE,NDCG,F1,MAE
0.9563293581026712,0.8624936233250028,0.692775974025974,0.7553670123133649
