RMSE,NDCG,F1,MAE
0.9393466155496942,0.8476599480357501,0.6839378238341969,0.7398323848843014
