RMSE,NDCG,F1,MAE
1.0695634986832236,0.8147338212322356,0.6718943458522493,0.8328904153281534
