RMSE,NDCG,F1,MAE
0.047275765024133776,0.0034682887952119934,0.01666535430837901,0.024431051535768855
