RMSE,NDCG,F1,MAE
1.0222877336590899,0.8182021100274476,0.6885597001606283,0.8084593637923846
