RMSE,NDCG,F1,MAE
0.8967232481631098,0.8665894185183471,0.7085242896425298,0.7081075174163715
