RMSE,NDCG,F1,MAE
0.006663514683277971,0.015393284081987146,0.015783039891759887,0.006404409187862892
