RMSE,NDCG,F1,MAE
0.9033867628463877,0.8819827026003343,0.7243073295342897,0.7145119266042343
