algorithm,georisk
SVD,0.7301633608322683
BIASEDMF,0.7241701324020786
NMF,0.7074409469067084
StochasticItemKNN,0.7031685908360421
BayesianRidge,0.6776762632250662
Tweedie,0.6810207302715375
Ridge,0.6775695089113363
RandomForest,0.6813937593366102
Bagging,0.6767074514962189
AdaBoost,0.6797254106188569
GradientBoosting,0.6808367292342961
LinearSVR,0.6756224127391147
