algorithm,georisk
SVD,0.765296562427449
BIASEDMF,0.759459924234724
NMF,0.7402332016835794
StochasticItemKNN,0.733145281262202
BayesianRidge,0.7074251647148477
Tweedie,0.7127004672087447
Ridge,0.7072537943164573
RandomForest,0.7110609590272682
Bagging,0.7063325310278058
AdaBoost,0.7090898239365191
GradientBoosting,0.7102394588307582
LinearSVR,0.7032749908819793
