RMSE,NDCG,F1,MAE
85.20572784245755,93.90513685384072,85.680818130303,84.79226513456412
