RMSE,NDCG,F1,MAE
91.75390691820377,93.88424014006817,90.01665001665002,89.47307160673722
