RMSE,NDCG,F1,MAE
86.02047256468127,101.44057194400216,83.44634015579172,84.71376404666997
