RMSE,NDCG,F1,MAE
84.83205377984714,95.69705246273104,84.67119922299034,84.50805220215555
