RMSE,NDCG,F1,MAE
89.63028334501004,99.38684642204663,94.51803348891502,90.53769889343847
