RMSE,NDCG,F1,MAE
87.27948062284312,98.04038379289123,95.23161271769129,86.13553954418106
