RMSE,NDCG,F1,MAE
87.84443813810174,100.55506079288669,102.0980260126874,89.06765088697877
