RMSE,NDCG,F1,MAE
91.02006457516208,98.95129949049768,96.59071906354515,91.69277884037704
