algorithm,georisk
SVD,1.0037474533234505
BIASEDMF,1.0064808976312611
NMF,0.9973339285515657
StochasticItemKNN,0.9765786668138492
BayesianRidge,0.9598641690631061
Tweedie,0.9589377759774023
Ridge,0.9598196030706104
RandomForest,0.9600033472722046
Bagging,0.9587543720049082
AdaBoost,0.9580141945656133
GradientBoosting,0.9593942816657183
LinearSVR,0.9592515348204734
