algorithm,georisk
SVD,1.0154473876449357
BIASEDMF,1.0182972163957051
NMF,1.008018653483309
StochasticItemKNN,0.9835145090715507
BayesianRidge,0.964568178214502
Tweedie,0.9639430231066292
Ridge,0.9645047915972457
RandomForest,0.9658690084655103
Bagging,0.963348533411545
AdaBoost,0.9652326578872485
GradientBoosting,0.965075184347218
LinearSVR,0.9628227857731609
