RMSE,NDCG,F1,MAE
1.1171113190667021,0.7641346692266114,0.5836940836940837,0.8970668725751667
