RMSE,NDCG,F1,MAE
0.03685151088663474,0.021251072144838568,0.10087902641094132,0.010097438277109516
