RMSE,NDCG,F1,MAE
1.1539628299533369,0.78538574137145,0.4828150572831424,0.9071643108522762
