RMSE,NDCG,F1,MAE
1.1630649891052791,0.7897660701548866,0.5344189489267209,0.9134272606668791
