RMSE,NDCG,F1,MAE
1.127084691663705,0.7543015190492466,0.6247491638795987,0.8976943696013259
