RMSE,NDCG,F1,MAE
0.03598029744157416,0.03546455110564006,0.09033021495287774,0.0157328910655532
