RMSE,NDCG,F1,MAE
0.0337059571491789,0.011122087564955696,0.09286143925840518,0.01341566424889884
