RMSE,NDCG,F1,MAE
1.123048721963786,0.7656743980116922,0.617426820966644,0.8970646376261426
