RMSE,NDCG,F1,MAE
1.1567546791129648,0.7767964855766479,0.5245653817082389,0.9104803018750415
