RMSE,NDCG,F1,MAE
0.0365048202036089,0.03268091233120707,0.1009306871680703,0.012795347470605067
