RMSE,NDCG,F1,MAE
1.1150946004358164,0.7586423480901155,0.6309084813945692,0.8897314550477848
