RMSE,NDCG,F1,MAE
1.1515994206394253,0.7913232604213226,0.5299777942264989,0.9025268025183899
