RMSE,NDCG,F1,MAE
1.1715868008514416,0.7758541800608498,0.5446623093681917,0.9181965325937788
