RMSE,NDCG,F1,MAE
0.03873011297162643,0.009372190716775086,0.09149179007204533,0.0179945094294639
