RMSE,NDCG,F1,MAE
1.1328566878798152,0.7664819893440747,0.636154099440237,0.9002020231643149
