RMSE,NDCG,F1,MAE
0.03534245678589376,0.02359383619228017,0.08841874309757525,0.012211926539608009
