RMSE,NDCG,F1,MAE
1.1226597118555957,0.7628580912278927,0.6288005345806883,0.8956003053373702
