RMSE,NDCG,F1,MAE
1.1580021686414894,0.7864519274201729,0.540381791483113,0.9078122318769782
