RMSE,NDCG,F1,MAE
1.1233760389540954,0.7658138896727983,0.617426820966644,0.8972988095457866
