RMSE,NDCG,F1,MAE
1.1569967895626927,0.7767964855766479,0.5234493192133132,0.9106923856312792
