RMSE,NDCG,F1,MAE
0.03362075060859726,0.010982595903849646,0.09397750175333086,0.013393576085492631
