RMSE,NDCG,F1,MAE
1.1129278559702238,0.7665419272165118,0.6030399434429127,0.8932483022726768
