RMSE,NDCG,F1,MAE
0.043304783180430295,0.016448827806747057,0.09987538648088734,0.016307343009721142
