RMSE,NDCG,F1,MAE
1.156232639150654,0.7829907550232589,0.5031645569620253,0.909555645282398
