RMSE,NDCG,F1,MAE
0.04811086471620174,0.007094784722869951,0.01220617630056231,0.04392148215506053
