RMSE,NDCG,F1,MAE
0.8435741945977084,0.8946414220850681,0.7540229885057471,0.6581918610262029
