RMSE,NDCG,F1,MAE
0.8692486711079758,0.8785764853512007,0.7450479233226837,0.6795804206843105
