RMSE,NDCG,F1,MAE
0.8941637603674671,0.8958470723958426,0.752714113389626,0.7012077568575543
