RMSE,NDCG,F1,MAE
0.9173595358241775,0.8856712700740706,0.7328417470221213,0.723501902839371
