RMSE,NDCG,F1,MAE
0.050589565769758704,0.0012056503107744643,0.0013088751161210999,0.04301589583135146
