RMSE,NDCG,F1,MAE
0.8945429679035847,0.89755667662825,0.7498346092051791,0.6986150145443057
