RMSE,NDCG,F1,MAE
0.8454322443017501,0.8961117079509793,0.754283326368575,0.6564121166819091
