RMSE,NDCG,F1,MAE
0.04911072360183455,0.0014449686772707304,0.004448717163395899,0.042202897862396616
