RMSE,NDCG,F1,MAE
0.8577459652134282,0.8857152647671754,0.7513695743784239,0.6687554812458771
