RMSE,NDCG,F1,MAE
0.04923254793370113,0.004014888913690284,0.01325864114553943,0.04472906129672949
