RMSE,NDCG,F1,MAE
0.9069785131471293,0.8897301536808657,0.7381109332328845,0.7134845425426066
