RMSE,NDCG,F1,MAE
0.07207873736793968,0.005999577956418256,0.006684701988764696,0.06634176600297459
