RMSE,NDCG,F1,MAE
0.8759158521493533,0.8894772402534472,0.7556109725685786,0.6783522157857059
