RMSE,NDCG,F1,MAE
0.947994589517293,0.8954768182098655,0.7489262705798139,0.7446939817886805
