RMSE,NDCG,F1,MAE
84.95376711836232,93.59382075854678,86.77309117254148,84.52333741874737
