RMSE,NDCG,F1,MAE
88.31061460818201,89.89813726316817,83.21922051822764,86.72622952362744
