RMSE,NDCG,F1,MAE
85.06509435908252,97.91741611741277,76.84447043614763,83.84907552932307
