RMSE,NDCG,F1,MAE
85.01762089208951,95.64190817111131,84.79231546291923,84.69798234043742
