RMSE,NDCG,F1,MAE
0.007371786536005787,0.005028498331540732,0.018468486778221882,0.0019880681228661157
