RMSE,NDCG,F1,MAE
0.9063323735865149,0.878270023154052,0.7292730844793713,0.7131224917351333
