RMSE,NDCG,F1,MAE
0.8989605870505091,0.8732415248225113,0.7108045977011495,0.7111344236122672
