RMSE,NDCG,F1,MAE
0.04713022342558382,0.0014410720568936997,0.004411786496300585,0.0330333806251516
