RMSE,NDCG,F1,MAE
0.9141262031205576,0.8568720969519813,0.6963032288254563,0.7244128890839947
