RMSE,NDCG,F1,MAE
0.9612564265461414,0.858313169008875,0.7007150153217568,0.7574462697091463
