RMSE,NDCG,F1,MAE
1.0178633920162712,0.8222751688979663,0.694409716020718,0.8012068000147191
