RMSE,NDCG,F1,MAE
1.0690704945835308,0.8241061691802278,0.6655587868716244,0.8287561607885144
