RMSE,NDCG,F1,MAE
0.05120710256725958,0.0018310002822615745,0.028850929149093596,0.02754936077379533
