RMSE,NDCG,F1,MAE
0.8980331836100447,0.8584329991098525,0.7123791992636908,0.7093827621624151
