RMSE,NDCG,F1,MAE
0.9031332865313931,0.882163032441595,0.7240227853074053,0.713611611163497
