RMSE,NDCG,F1,MAE
0.005100102921348437,0.023730033331742506,0.011643586043714516,0.004228849001081891
