RMSE,NDCG,F1,MAE
0.9061837483561287,0.8802195380535799,0.7203474774473773,0.703921806644451
