RMSE,NDCG,F1,MAE
0.8841030849122512,0.898607665665985,0.7655459684617674,0.6939410942565944
