RMSE,NDCG,F1,MAE
0.02208066344387749,0.01838812761240516,0.04519849101439011,0.009980712387856583
