RMSE,NDCG,F1,MAE
0.9438435360361066,0.8865443737367128,0.7304186621350224,0.7391187102740527
