RMSE,NDCG,F1,MAE
0.005681081951393385,0.02188614255963195,0.0454495475159421,0.005981376776498237
