RMSE,NDCG,F1,MAE
0.9381624540847132,0.8646582311770808,0.6849691146190803,0.7331373334975545
