RMSE,NDCG,F1,MAE
1.0490994146508277,0.8443421710130459,0.659963436928702,0.821187187646112
