RMSE,NDCG,F1,MAE
0.007823235349189384,0.004590614902116541,0.0557575196299509,0.002700562155466768
