RMSE,NDCG,F1,MAE
1.0412761793016383,0.8397515561109293,0.7157209565586529,0.8184866254906452
