RMSE,NDCG,F1,MAE
0.8880802281312611,0.8960895643343437,0.7570807732653979,0.7007504502968227
