RMSE,NDCG,F1,MAE
0.9143918476311986,0.8789834433693048,0.7116935483870968,0.7106696384775204
