RMSE,NDCG,F1,MAE
0.026311619499937544,0.01710612096503894,0.04538722487830116,0.009919188180697702
