RMSE,NDCG,F1,MAE
105.58753736928152,105.75858912578133,108.94399386234109,106.67987428998298
