RMSE,NDCG,F1,MAE
106.70480182913681,110.35314923957971,107.42840941309895,106.53895076019921
