RMSE,NDCG,F1,MAE
105.93670344637556,104.79682505110321,109.96547646789743,106.72337584403647
