RMSE,NDCG,F1,MAE
105.7972294462179,105.0300096690744,111.70482403290814,106.62956221598634
