RMSE,NDCG,F1,MAE
106.02560244354716,104.90512999583726,112.87013002989335,106.83000842916175
