RMSE,NDCG,F1,MAE
106.31914568425228,107.27117419847178,108.76446541115234,106.99532100859201
