RMSE,NDCG,F1,MAE
105.93900944117345,104.7782899971704,109.89743656125543,106.7254161559777
