RMSE,NDCG,F1,MAE
105.00610580472144,105.77890415855981,111.35224991343023,105.86803266520062
