algorithm,georisk
SVD,0.8043722778891481
BIASEDMF,0.8057968629161257
NMF,0.798122401148048
StochasticItemKNN,0.7649373758964567
BayesianRidge,0.7440253205310223
Tweedie,0.7427863723954987
Ridge,0.7439843983436442
RandomForest,0.7449408163937182
Bagging,0.7417456046587997
AdaBoost,0.7451459085888366
GradientBoosting,0.745830995536551
LinearSVR,0.7411536800603277
