algorithm,georisk
SVD,0.8453097420576364
BIASEDMF,0.8464925380372282
NMF,0.8381084164809052
StochasticItemKNN,0.8000000806736031
BayesianRidge,0.777107415174887
Tweedie,0.776716596736853
Ridge,0.7770506399480491
RandomForest,0.7773136852484613
Bagging,0.7742159671923386
AdaBoost,0.7779039429504705
GradientBoosting,0.7786939982283612
LinearSVR,0.7720619671143871
