RMSE,NDCG,F1,MAE
100.9176832531581,102.5887134155367,95.93801002354233,102.86444282735019
