RMSE,NDCG,F1,MAE
99.35664483223411,101.88122313922324,94.42468619246861,101.28569373396938
