RMSE,NDCG,F1,MAE
100.29068506297934,102.06943903318133,95.6193177641091,101.99332025250378
