RMSE,NDCG,F1,MAE
100.51243808762527,101.86119939257183,95.03504280574344,102.46251991442001
