RMSE,NDCG,F1,MAE
100.15980404815272,102.18024257117344,95.53477534985105,101.86224467272665
