RMSE,NDCG,F1,MAE
100.45384964031578,102.70083368625444,95.33601398008177,102.46926945515187
