RMSE,NDCG,F1,MAE
100.29366778552948,102.4282384910289,95.6193177641091,101.99626196157676
