RMSE,NDCG,F1,MAE
99.97800530973197,102.66495917622616,95.64359554519835,101.35414140059397
