RMSE,NDCG,F1,MAE
1.1017320995919277,0.8348376776434501,0.5891089108910891,0.8840071153496949
