RMSE,NDCG,F1,MAE
0.02109581710077535,0.012810408258848605,0.07007312599744342,0.02494922792605514
