RMSE,NDCG,F1,MAE
1.0806362824911524,0.8220272693846015,0.6591820368885325,0.8590578874236398
