RMSE,NDCG,F1,MAE
1.0894899295906944,0.8184349183674194,0.6372712146422629,0.8646315662494084
