RMSE,NDCG,F1,MAE
0.019930623773960265,0.020996840453768262,0.08572482288968553,0.02332968956092163
