RMSE,NDCG,F1,MAE
1.1094205533646546,0.8394317588211877,0.5515463917525774,0.88796125581033
