RMSE,NDCG,F1,MAE
0.015131157376901072,0.017493053285479676,0.07589415784501563,0.026419466126365587
