RMSE,NDCG,F1,MAE
1.0841167603222126,0.8236078762885889,0.6256323777403036,0.8602473078868152
