RMSE,NDCG,F1,MAE
1.0992479176991137,0.8411009295740686,0.5497382198952879,0.8866667740131808
