RMSE,NDCG,F1,MAE
1.0800994228287566,0.8281397654765545,0.6378018318068276,0.8546268035651602
