RMSE,NDCG,F1,MAE
0.024865751005010095,0.013083765203278697,0.07530183180682759,0.02978945639889574
