RMSE,NDCG,F1,MAE
1.1049651738337667,0.8412235306798332,0.5625,0.8844162599640559
