RMSE,NDCG,F1,MAE
0.008855232014084446,0.014741963506565647,0.06826525033195341,0.02295272269172488
