RMSE,NDCG,F1,MAE
1.0968635767604267,0.8217898967395366,0.648910411622276,0.8630610151007141
