RMSE,NDCG,F1,MAE
1.1057188087745111,0.8365318602461023,0.5806451612903226,0.886013737792439
