RMSE,NDCG,F1,MAE
0.027052894764456603,0.006788188082533564,0.09248887936116612,0.03252374065301067
