RMSE,NDCG,F1,MAE
1.1034100075673459,0.8337252627442935,0.5372340425531915,0.8862575338860083
