RMSE,NDCG,F1,MAE
1.0763571128028893,0.8269370746617599,0.6297229219143576,0.8537337932329976
