RMSE,NDCG,F1,MAE
1.0847727796426696,0.8223829837374667,0.6274179983179142,0.8606052570547642
