RMSE,NDCG,F1,MAE
1.0996315858848935,0.8419691160810139,0.5497382198952879,0.8870528418307236
