RMSE,NDCG,F1,MAE
0.01485880624222391,0.019586132343547225,0.0776797784226263,0.026447584775959432
