RMSE,NDCG,F1,MAE
1.0968865476576963,0.8334038158567694,0.510989010989011,0.88658516141501
