RMSE,NDCG,F1,MAE
0.010206738241485214,0.007890710172301918,0.10079608433161291,0.02355655920678046
