RMSE,NDCG,F1,MAE
1.0866798094162111,0.8255131056844675,0.6117850953206239,0.8630286022082295
