RMSE,NDCG,F1,MAE
111.0587973332843,108.3203781801349,113.61978620834208,112.92975395622416
