RMSE,NDCG,F1,MAE
109.57656453126414,107.39483894043403,118.45642845942209,112.34358579421134
