RMSE,NDCG,F1,MAE
110.87701145453065,107.01488320350569,112.05374935944883,111.63782652668752
