RMSE,NDCG,F1,MAE
110.98704608308432,106.99433630987659,115.578457075919,112.56108378163145
