RMSE,NDCG,F1,MAE
109.88900171324723,106.11131626546685,112.48843187660668,110.31060402558144
