RMSE,NDCG,F1,MAE
110.42920874697522,107.2763630563911,116.22448979591834,112.19448607619888
