RMSE,NDCG,F1,MAE
111.04494980308748,106.90962476710675,111.96264875021352,111.71427806076095
