RMSE,NDCG,F1,MAE
108.95802742000743,107.65540072110609,115.46111267473495,110.81280064720913
