RMSE,NDCG,F1,MAE
1.2354749417164614,0.7336359280376301,0.4993788819875776,0.9868312012333973
