RMSE,NDCG,F1,MAE
0.21127997825773837,0.08970897629880037,0.1454087628000672,0.17152610116580436
