RMSE,NDCG,F1,MAE
1.024194963458723,0.8233449043364305,0.6447876447876448,0.8153051000675929
