RMSE,NDCG,F1,MAE
0.22584439673534207,0.038885316156300975,0.1358386754350453,0.1824670486609714
