RMSE,NDCG,F1,MAE
1.0427599375611882,0.8179138659283395,0.6297262059973925,0.8328048570656048
