RMSE,NDCG,F1,MAE
1.2686043342965303,0.7790285497720385,0.4938875305623472,1.0152719057265762
