RMSE,NDCG,F1,MAE
1.01424394111105,0.827743010076422,0.6341789052069426,0.810260004865857
