RMSE,NDCG,F1,MAE
0.22246750365677315,0.0834075195338072,0.1522201423203447,0.18164992417575376
