RMSE,NDCG,F1,MAE
1.2367114447678231,0.7443354905426148,0.48195876288659795,0.9919099290416108
