RMSE,NDCG,F1,MAE
1.2440676610731598,0.7355290040967446,0.5135135135135135,0.9913704389284543
