RMSE,NDCG,F1,MAE
1.024681775642445,0.8219318697216134,0.6456996148908858,0.814194356943505
