RMSE,NDCG,F1,MAE
0.2193858854307149,0.08640286562486876,0.1321861013773723,0.17717608198494939
