RMSE,NDCG,F1,MAE
1.0208146149091872,0.8284489910383911,0.6433203631647212,0.8125924661013191
