RMSE,NDCG,F1,MAE
0.23560727688644323,0.0851863562315629,0.14083280097566642,0.19262119836111102
