RMSE,NDCG,F1,MAE
1.2564218917956305,0.7432626348068282,0.5024875621890548,1.00521366446243
