RMSE,NDCG,F1,MAE
1.0184121668612116,0.8290641283574569,0.6393762183235867,0.8092798847240353
