RMSE,NDCG,F1,MAE
1.2379676832939421,0.7390192692156984,0.5,0.9881127398580393
