RMSE,NDCG,F1,MAE
0.21955551643273052,0.09004485914175853,0.1393762183235867,0.17883285513400393
