RMSE,NDCG,F1,MAE
1.0146475042692584,0.8268759922474852,0.6336898395721925,0.8104498278438318
