RMSE,NDCG,F1,MAE
1.237077908464474,0.745047551979842,0.48195876288659795,0.9922460979738872
