RMSE,NDCG,F1,MAE
0.22243040419521565,0.08182844026764324,0.15173107668559455,0.1817962701300554
