RMSE,NDCG,F1,MAE
1.0039075426711679,0.8271287351633235,0.6229281767955801,0.8060291805602235
