RMSE,NDCG,F1,MAE
1.2326060337932188,0.7433689558564625,0.47820343461030385,0.990743642715489
