RMSE,NDCG,F1,MAE
0.22869849112205087,0.08375977930686107,0.14472474218527626,0.18471446215526544
