RMSE,NDCG,F1,MAE
0.07503053323491549,0.006962475692122272,0.042700747440171716,0.06511917156195979
