RMSE,NDCG,F1,MAE
1.0907093602205753,0.8039234961231048,0.5891341256366723,0.8792107920071646
