RMSE,NDCG,F1,MAE
1.0156788269856598,0.810885971815227,0.5464333781965006,0.8140916204452048
