RMSE,NDCG,F1,MAE
1.1102900263172573,0.8045431834757503,0.597682119205298,0.8902651527763905
