RMSE,NDCG,F1,MAE
0.07166101648627077,0.002698576019607324,0.020807913360317065,0.05881995987988109
