RMSE,NDCG,F1,MAE
1.0386290098309865,0.8072417594953576,0.576874205844981,0.8314451928965094
