RMSE,NDCG,F1,MAE
1.0198627653926533,0.8054253452598151,0.5526315789473685,0.8125767534758667
