RMSE,NDCG,F1,MAE
1.098339200995897,0.8012574642323563,0.5986677768526228,0.877990428621816
