RMSE,NDCG,F1,MAE
0.07847643560324369,0.004167881027458797,0.04603619790525437,0.06541367514594931
