RMSE,NDCG,F1,MAE
1.0149535235319516,0.8061251611816467,0.5739570164348925,0.8124996124043987
