RMSE,NDCG,F1,MAE
1.0965751540669648,0.8023566505424141,0.6111560226354082,0.8806151662968239
