RMSE,NDCG,F1,MAE
0.08162163053501326,0.0037685106392325585,0.03719900620051575,0.06811555389242518
