RMSE,NDCG,F1,MAE
0.07554884799373207,0.003666424876482277,0.030575377849710206,0.06067853098624032
