RMSE,NDCG,F1,MAE
1.0347284953360676,0.8058107421032893,0.583756345177665,0.8231382085568946
