RMSE,NDCG,F1,MAE
1.1102773433297997,0.802144317226807,0.6143317230273752,0.8838167395431349
