RMSE,NDCG,F1,MAE
1.0928746595908898,0.8022441596152013,0.6136546184738956,0.8758863088627237
