RMSE,NDCG,F1,MAE
1.0137222317618884,0.8025852070246211,0.5757575757575758,0.8102285998599439
