RMSE,NDCG,F1,MAE
0.07915242782900145,0.0003410474094197591,0.03789704271631977,0.06565770900277978
