RMSE,NDCG,F1,MAE
1.0985353647445102,0.8019844546630381,0.5986677768526228,0.8781215980231036
