RMSE,NDCG,F1,MAE
1.020080824356789,0.8062453769942672,0.5538057742782152,0.81271933473169
