RMSE,NDCG,F1,MAE
0.07845454038772126,0.0042609223312291,0.044862002574407644,0.06540226329141363
