RMSE,NDCG,F1,MAE
0.07176558997848637,0.0012607555901912315,0.04220644779650995,0.06080602688215009
