RMSE,NDCG,F1,MAE
1.0249492732618553,0.8038933563937773,0.5360544217687074,0.817998817860089
