RMSE,NDCG,F1,MAE
1.0967148632403416,0.8026326008035861,0.5782608695652174,0.8788048447422391
