RMSE,F1,MAE
0.9080030526787539,0.7613001523616049,0.7101851930319145
