RMSE,F1,MAE
0.9161960311197701,0.7502240430162591,0.722898917150792
