RMSE,NDCG,F1,MAE
0.8529016942373808,0.882411650363651,0.7118473895582329,0.6697652014083846
