RMSE,NDCG,F1,MAE
0.07767066420444158,0.01491844357265093,0.032110755186922635,0.06103179075527798
