RMSE,NDCG,F1,MAE
0.9077402185840809,0.9024430201735777,0.7598310899973608,0.710074013976344
