RMSE,NDCG,F1,MAE
0.9167640596961418,0.8882481360337471,0.7483699268130406,0.72338303196495
