RMSE,NDCG,F1,MAE
0.8300695543796394,0.8875245766009268,0.7277203348104382,0.649042223221066
