RMSE,NDCG,F1,MAE
0.063862365458761,0.005836485670096092,0.036522537254807697,0.05361783055656544
