RMSE,NDCG,F1,MAE
0.9393017928421185,0.8947203183702561,0.7504004271222637,0.7284399784928233
