RMSE,F1,MAE
0.9392861806969918,0.7519588953114965,0.7281168619824708
