RMSE,NDCG,F1,MAE
0.10983388154424134,0.009274478346041337,0.029933728045938968,0.08402273605780108
