RMSE,NDCG,F1,MAE
0.8294679112978771,0.8854458400242148,0.7204666990763248,0.6444172424350222
