RMSE,F1,MAE
0.8314427562992347,0.7181647940074907,0.6463204051231253
