RMSE,F1,MAE
0.8436226589315873,0.7221684414327202,0.6575292410646012
