RMSE,F1,MAE
0.06619342911466441,0.03029414012030529,0.05852961232017584
