RMSE,NDCG,F1,MAE
0.9104623628441635,0.8969530717314477,0.7503657401250167,0.7166259750590229
