RMSE,NDCG,F1,MAE
0.841007993643808,0.8902367672260413,0.7242591662481165,0.6549631723433723
