RMSE,NDCG,F1,MAE
0.06945436920035553,0.00671630450540639,0.026106573876900185,0.06166280271565061
