RMSE,NDCG,F1,MAE
0.10331385704876461,0.007267906811920133,0.019364754691747366,0.07573183640151915
