RMSE,F1,MAE
0.8693617801257193,0.7226580526072912,0.6810976443138522
