RMSE,NDCG,F1,MAE
0.971400930763328,0.8865444930809008,0.744113438272408,0.7546637421577713
