RMSE,NDCG,F1,MAE
0.8680870737145634,0.8792765862689806,0.7247486835806606,0.6789319057562522
