RMSE,F1,MAE
0.970346481287327,0.7454909819639278,0.7541647079964068
