RMSE,NDCG,F1,MAE
0.9046241255953086,0.9093837689996935,0.7625924621345544,0.7069589228859418
