RMSE,NDCG,F1,MAE
0.0010880985870682647,0.026650141739672284,0.0364386159807083,0.011699350880806203
