RMSE,NDCG,F1,MAE
0.9035360270082403,0.8827336272600212,0.7261538461538461,0.6952595720051356
