RMSE,NDCG,F1,MAE
0.9274200751693149,0.8774901057639068,0.7086897793786583,0.7165988196890675
