RMSE,NDCG,F1,MAE
0.027121902077072546,0.019033040581697858,0.018314828916272563,0.028037378603948948
