RMSE,NDCG,F1,MAE
0.9545419772463875,0.8965231463456047,0.7270046082949309,0.7446361982930164
