RMSE,NDCG,F1,MAE
1.0287606212086824,0.8315114824326152,0.666934835076428,0.8007210576581341
