RMSE,NDCG,F1,MAE
1.070483622586428,0.856183660443414,0.7160660154934322,0.8354514895576165
