RMSE,NDCG,F1,MAE
0.04172300137774565,0.024672178010798795,0.04913118041700415,0.03473043189948244
