RMSE,NDCG,F1,MAE
0.9093029136848662,0.9132352146889021,0.755846917080085,0.713367010704526
