RMSE,NDCG,F1,MAE
0.907701653571738,0.8797587354011185,0.7077197679607318,0.7013836622089479
