RMSE,NDCG,F1,MAE
0.0016012601131281112,0.033476479287783634,0.04812714911935323,0.011983348495578139
