RMSE,NDCG,F1,MAE
1.080320131903838,0.8003665142785711,0.5685903500473037,0.8710015196416154
