RMSE,NDCG,F1,MAE
0.010532630113733843,0.021461285560289256,0.030696213567440567,0.01336601445548291
