RMSE,NDCG,F1,MAE
1.0697875017901042,0.7789052287182818,0.5992865636147443,0.8576355051861325
