RMSE,NDCG,F1,MAE
1.0763679024082566,0.8009466135504846,0.6,0.8632847018088042
