RMSE,NDCG,F1,MAE
1.09716000527441,0.7975611883432081,0.5854341736694678,0.8779675353063047
