RMSE,NDCG,F1,MAE
0.020792102866153295,0.0033854252072764712,0.014565826330532161,0.014682833497500436
