RMSE,NDCG,F1,MAE
1.0750248967822882,0.785440489459953,0.6114352392065344,0.8515955680526791
