RMSE,NDCG,F1,MAE
0.014312515606542231,0.017603737118512153,0.030278522788623974,0.02205742458847515
