RMSE,NDCG,F1,MAE
1.0893374123888304,0.8030442265784652,0.5811567164179104,0.8736529926411543
