RMSE,NDCG,F1,MAE
1.0664159131380346,0.7768261269584308,0.6123399301513388,0.8527037880268131
