RMSE,NDCG,F1,MAE
1.081001514170951,0.7987255435754854,0.5824074074074074,0.8673482283932019
