RMSE,NDCG,F1,MAE
0.014585601032916395,0.021899416617054634,0.029932522743931433,0.014644440366388789
