RMSE,NDCG,F1,MAE
0.010522951328247654,0.01924635002399444,0.026256223614520624,0.016151534173344584
