RMSE,NDCG,F1,MAE
1.0835378444330588,0.780161831308593,0.6303854875283447,0.8568441549675047
