RMSE,NDCG,F1,MAE
1.0940607957613064,0.7994081813325874,0.604129263913824,0.8729956891408492
