RMSE,NDCG,F1,MAE
1.0793958548914722,0.8057111064958552,0.5855232826187183,0.8647121814098251
