RMSE,NDCG,F1,MAE
0.010820851310187063,0.022351652868921157,0.025394255128087684,0.012364626523083455
