RMSE,NDCG,F1,MAE
1.068575003581285,0.783359453626934,0.610917537746806,0.8523475548867416
