RMSE,NDCG,F1,MAE
1.0751975287021993,0.7864123789230073,0.6114352392065344,0.8515724653270056
