RMSE,NDCG,F1,MAE
0.014385749494074007,0.01720771318217229,0.027636356524970207,0.022346461823524955
