RMSE,NDCG,F1,MAE
1.0895832781962733,0.8036200921051796,0.5837988826815642,0.8739189271505305
