RMSE,NDCG,F1,MAE
1.0756486445668203,0.7840525872259997,0.5940119760479042,0.8554165716136266
