RMSE,NDCG,F1,MAE
1.080431443424108,0.799233186549178,0.5640038498556305,0.8690265769065745
