RMSE,NDCG,F1,MAE
0.004782798857287718,0.015180599323178279,0.030008126192273776,0.013610005292947869
