RMSE,NDCG,F1,MAE
0.8581592493628921,0.8963931241953706,0.7559414990859232,0.6682382063566591
