RMSE,NDCG,F1,MAE
0.06823897287533798,0.010318067855460966,0.006201825361522029,0.05309203184298328
