RMSE,NDCG,F1,MAE
0.9263982222382301,0.9067111920508316,0.7497396737244012,0.7213302381996424
