RMSE,NDCG,F1,MAE
0.0686784597372504,0.0031822586629474126,0.016535035383013263,0.05559814086832049
