RMSE,NDCG,F1,MAE
0.8977436253530638,0.8883450786400193,0.7375820056232427,0.6981469328203452
