RMSE,NDCG,F1,MAE
0.9664220850903142,0.8915273373029667,0.7210469702402295,0.7537450736886657
