RMSE,NDCG,F1,MAE
0.05062464129253108,0.00786880938681167,0.04154668345791679,0.03263342175790318
