RMSE,NDCG,F1,MAE
1.0798617472741943,0.8462446530477993,0.7111540941328175,0.838438908999431
