RMSE,NDCG,F1,MAE
1.0292371059816632,0.854113462434611,0.6696074106749007,0.8058054872415278
