RMSE,NDCG,F1,MAE
0.871381122973012,0.8993381928758393,0.7465309898242368,0.6782379987551409
