RMSE,NDCG,F1,MAE
0.05487917448795998,0.003938128175793865,0.0037236663717520324,0.045699951860680765
