RMSE,NDCG,F1,MAE
0.9262602974609719,0.9032763210516331,0.7428073234524848,0.7239379506158217
