RMSE,NDCG,F1,MAE
0.9924364026326967,0.8525784837253501,0.711864406779661,0.7872676919264181
