RMSE,NDCG,F1,MAE
0.9421780945121402,0.8879515701179042,0.7339335610058988,0.7387989683502905
