RMSE,NDCG,F1,MAE
0.05025830812055654,0.0353730863925541,0.022069154226237786,0.04846872357612764
