RMSE,NDCG,F1,MAE
0.9817040467513299,0.8900518645013783,0.7140538786108407,0.7716896835190117
