RMSE,NDCG,F1,MAE
1.028044717512022,0.8505985729466562,0.6977363515312917,0.8091622397629759
