RMSE,NDCG,F1,MAE
0.04634067076069204,0.0394532915547221,0.016317527079549032,0.03747255624396417
