RMSE,NDCG,F1,MAE
1.0403011980765877,0.8142783629421331,0.7073023536511768,0.8068714184059074
