RMSE,NDCG,F1,MAE
0.020405748933688628,0.026189783424106272,0.04272751838289934,0.02589526448774948
