RMSE,NDCG,F1,MAE
1.0607069470102763,0.8404681463662393,0.6645748352682774,0.8327666828936569
