RMSE,NDCG,F1,MAE
0.9720923522734316,0.8620927139159834,0.7243172951885566,0.7683301125075193
