RMSE,NDCG,F1,MAE
0.9339362304752654,0.8912590262371919,0.7452800990405447,0.734360317192376
