RMSE,NDCG,F1,MAE
0.03815612179816619,0.029166312321208476,0.02096280385198812,0.033969795315143214
