algorithm,georisk
SVD,0.7035670324431702
BIASEDMF,0.699492374834358
NMF,0.683242531150324
StochasticItemKNN,0.675948079037901
BayesianRidge,0.6648291193507013
Tweedie,0.6636958001697651
Ridge,0.6647739525749017
RandomForest,0.6657050231672925
Bagging,0.6587557103884968
AdaBoost,0.6648960702423695
GradientBoosting,0.6664573962865861
LinearSVR,0.6647630389062126
