algorithm,georisk
SVD,0.7268492232475029
BIASEDMF,0.7226164733227867
NMF,0.7006151436345155
StochasticItemKNN,0.6903825814769553
BayesianRidge,0.6824351420151862
Tweedie,0.6820500453250065
Ridge,0.6823265493908838
RandomForest,0.6822859680485197
Bagging,0.6753048130710979
AdaBoost,0.6828412743270725
GradientBoosting,0.6839101378154983
LinearSVR,0.6809849637756448
