RMSE,NDCG,F1,MAE
0.9134836668476805,0.9006726475375592,0.765073264472736,0.7152776817529937
