RMSE,NDCG,F1,MAE
0.08652480557823172,0.0011334170567161017,0.03163071825228203,0.0695923165347917
