RMSE,NDCG,F1,MAE
0.8269588612694487,0.9018060645942753,0.733442546220454,0.645685365218202
