RMSE,NDCG,F1,MAE
0.8555665334612689,0.8859628012393271,0.718320057929037,0.6674814081911549
