RMSE,NDCG,F1,MAE
0.9474737490048215,0.8889419045835009,0.7351001617518975,0.7450779932452983
