RMSE,NDCG,F1,MAE
0.09190721554355263,0.002979103344173728,0.016780103822860548,0.07759658505414346
