RMSE,NDCG,F1,MAE
1.074397442867717,0.8534735992548637,0.7348796878387167,0.842064277025256
