RMSE,NDCG,F1,MAE
0.9994381467783411,0.8509404545642255,0.6752188963551211,0.7745266131704494
