RMSE,NDCG,F1,MAE
0.0749592960893759,0.002533144690638145,0.0596607914835956,0.06753766385480664
