RMSE,NDCG,F1,MAE
0.09530757816652236,0.004449027994254506,0.025165301083749148,0.08194564565692974
