RMSE,NDCG,F1,MAE
0.8316263468967483,0.9031344843439781,0.7288135593220338,0.6475046411444634
