RMSE,NDCG,F1,MAE
0.9269339250632707,0.8986854563497236,0.753978860405783,0.7294502868013931
