RMSE,NDCG,F1,MAE
104.15096650705848,98.69390639733743,102.00057182169884,105.38881988862082
