RMSE,NDCG,F1,MAE
104.37701476237623,99.05141497355278,103.33490587190252,104.90268677045151
