RMSE,NDCG,F1,MAE
103.6232534951233,98.12611978253223,100.75818402073473,103.78380465597385
