RMSE,NDCG,F1,MAE
104.10783393424185,97.75136704170275,102.23715201359127,104.8409645806609
