algorithm,georisk
SVD,0.6900166516303626
BIASEDMF,0.6846448612382012
NMF,0.6672181041946446
StochasticItemKNN,0.6588961719980064
BayesianRidge,0.6492120566249578
Tweedie,0.6480493710938839
Ridge,0.6491534934467117
RandomForest,0.6502341105336329
Bagging,0.6466630275053561
AdaBoost,0.649524912954148
GradientBoosting,0.6511552559298818
LinearSVR,0.6487623219641699
