algorithm,georisk
SVD,0.7104425107279924
BIASEDMF,0.7048966670690673
NMF,0.6785918459844266
StochasticItemKNN,0.673444404016412
BayesianRidge,0.663891341088168
Tweedie,0.6634719514686215
Ridge,0.6637929278632837
RandomForest,0.6633728031718149
Bagging,0.6597103284890964
AdaBoost,0.6643950047598742
GradientBoosting,0.6645573368334384
LinearSVR,0.6618433450262022
