algorithm,georisk
SVD,0.6994315437913959
BIASEDMF,0.6914796433902408
NMF,0.6742997325303343
StochasticItemKNN,0.6536308979885627
BayesianRidge,0.652082679075425
Tweedie,0.6503788835797546
Ridge,0.6520258889703711
RandomForest,0.6525711850054299
Bagging,0.6496628463846049
AdaBoost,0.6530749736004834
GradientBoosting,0.6538457023971813
LinearSVR,0.6550599273653224
