algorithm,georisk
SVD,0.7128054997189852
BIASEDMF,0.7040837042493657
NMF,0.6853195794569978
StochasticItemKNN,0.663022802921338
BayesianRidge,0.6606966348203883
Tweedie,0.659617938244549
Ridge,0.6606436353642785
RandomForest,0.6583612319573151
Bagging,0.6570637707965107
AdaBoost,0.6579407310542804
GradientBoosting,0.6589661773745946
LinearSVR,0.6609537777940508
