RMSE,NDCG,F1,MAE
0.9893476707159399,0.8374382985443045,0.6647058823529411,0.7852975587943797
