RMSE,NDCG,F1,MAE
0.11725996121035398,0.0700673981550991,0.07880996779115113,0.09049272175035539
