RMSE,NDCG,F1,MAE
0.8720877095055859,0.9075056966994036,0.7435158501440923,0.6948048370440243
