RMSE,NDCG,F1,MAE
0.8896811585156872,0.8952127979934199,0.729918509895227,0.7052454916414373
