RMSE,NDCG,F1,MAE
0.11617529649265257,0.07830917019411454,0.06229261061465141,0.08982608347209164
