RMSE,NDCG,F1,MAE
1.0058564550083398,0.8169036277993054,0.6676258992805756,0.795071575113529
