RMSE,NDCG,F1,MAE
0.991294622986525,0.8397441002923909,0.6577777777777778,0.7844137034737292
