RMSE,NDCG,F1,MAE
0.12359409659178389,0.06631448348626667,0.08425120772946859,0.09680543452998058
