RMSE,NDCG,F1,MAE
0.8677005263947412,0.9060585837786576,0.7420289855072464,0.6876082689437486
