RMSE,NDCG,F1,MAE
0.8680014130968708,0.9095630571280163,0.7385507246376811,0.6899694109337244
