RMSE,NDCG,F1,MAE
0.9900531792522627,0.8358272156842554,0.6598540145985401,0.7845311200548736
