RMSE,NDCG,F1,MAE
0.12205176615539182,0.07373584144376089,0.07869671003914103,0.09456170912114914
