RMSE,NDCG,F1,MAE
0.8621382037479849,0.9062711833695759,0.7631284916201118,0.6787910404031047
