RMSE,NDCG,F1,MAE
0.1355625003926093,0.06846600253097412,0.0850658135574337,0.10713379608586227
