RMSE,NDCG,F1,MAE
0.9977007041405942,0.8378051808386018,0.6780626780626781,0.7859248364889669
