RMSE,NDCG,F1,MAE
0.8670249223569862,0.9077305941084899,0.7452339688041595,0.6860097932293447
