RMSE,NDCG,F1,MAE
0.9906118539863166,0.8406863608233038,0.6607669616519174,0.7839119885393434
