RMSE,NDCG,F1,MAE
0.12358693162933032,0.06704423328518605,0.08446700715224209,0.09790219530999866
