RMSE,NDCG,F1,MAE
0.8677132631377686,0.9059235101191561,0.7412993039443155,0.6875611899885433
