RMSE,NDCG,F1,MAE
0.991430650453003,0.8397441002923909,0.6587887740029542,0.7844974793888728
