RMSE,NDCG,F1,MAE
0.1237173873152344,0.06617940982676518,0.08251052994136132,0.0969362894003295
