RMSE,NDCG,F1,MAE
0.998107320148049,0.8397629655647085,0.6514459665144596,0.7907964674381652
