RMSE,NDCG,F1,MAE
0.12127517853448455,0.06441354001078581,0.0685059565624635,0.09394046608566797
