RMSE,NDCG,F1,MAE
0.8768321416135645,0.9041765055754943,0.7199519230769231,0.6968560013524973
