RMSE,NDCG,F1,MAE
87.0493447766764,97.43520446028808,88.20281599651227,87.02802799666341
