RMSE,NDCG,F1,MAE
87.57462130744844,97.66767365506571,89.25108523672361,86.55722679643173
