RMSE,NDCG,F1,MAE
86.13515173747908,101.33658217175537,89.16784437609111,86.85008423122028
