RMSE,NDCG,F1,MAE
85.69088053018122,97.75767060656501,89.64450535055722,85.69996097182704
