algorithm,georisk
SVD,0.7904664142940776
BIASEDMF,0.7896362272046468
NMF,0.7678195634832665
StochasticItemKNN,0.753926433841993
BayesianRidge,0.7486825654704531
Tweedie,0.7506625777349665
Ridge,0.748619361811
RandomForest,0.7505269756736277
Bagging,0.7461383042116175
AdaBoost,0.7478368763724409
GradientBoosting,0.7480041487060252
LinearSVR,0.7489061913156333
