algorithm,georisk
SVD,0.7604675614767071
BIASEDMF,0.7584791993961885
NMF,0.73265664836666
StochasticItemKNN,0.7174203698976575
BayesianRidge,0.7046021352996166
Tweedie,0.7089577854338572
Ridge,0.7044948411116364
RandomForest,0.7073743087253507
Bagging,0.7022694469762878
AdaBoost,0.7072113094729485
GradientBoosting,0.7040225330172963
LinearSVR,0.7033417143964618
