algorithm,georisk
SVD,0.7724191473643027
BIASEDMF,0.7730925602965039
NMF,0.7653367044145861
StochasticItemKNN,0.7375710870015627
BayesianRidge,0.7154789494950984
Tweedie,0.7149072564905189
Ridge,0.7154554111083515
RandomForest,0.7161747691196032
Bagging,0.7114632726332573
AdaBoost,0.7160125119835129
GradientBoosting,0.7171098413796858
LinearSVR,0.7147141685667122
