algorithm,georisk
SVD,0.8165026569890267
BIASEDMF,0.81631292243659
NMF,0.8076671274365608
StochasticItemKNN,0.7759465812887513
BayesianRidge,0.7535848490274929
Tweedie,0.7532992652505338
Ridge,0.7535488750197108
RandomForest,0.7530013463874604
Bagging,0.7487121307113546
AdaBoost,0.7524931672659303
GradientBoosting,0.7545682041967715
LinearSVR,0.7510090598635369
