RMSE,NDCG,F1,MAE
0.8913561646112502,0.9028986900697018,0.7498855835240275,0.6986076030195058
