RMSE,NDCG,F1,MAE
0.03251805642334582,0.006053930071163838,0.014561164338112942,0.03246098133464448
