RMSE,NDCG,F1,MAE
0.8588381081879044,0.896844759998538,0.7644467478621404,0.6661466216848613
