RMSE,NDCG,F1,MAE
0.8934699360537474,0.8883672180004234,0.7390250471316995,0.6944978630662058
