RMSE,NDCG,F1,MAE
0.02893915678784087,0.0007322805161863455,0.013856746671087716,0.030277451974762726
