RMSE,NDCG,F1,MAE
0.9224090928415882,0.887634937484237,0.7251683004606118,0.7247753150409685
