RMSE,NDCG,F1,MAE
1.0205542827872176,0.8620299774917392,0.7148501045782013,0.7935091777983434
