RMSE,NDCG,F1,MAE
0.03696089155103155,0.013532009599394157,0.0010001960974203028,0.03273421551543021
