RMSE,NDCG,F1,MAE
1.0575151743382492,0.848497967892345,0.713849908480781,0.8262433933137736
