RMSE,NDCG,F1,MAE
0.867053125555692,0.9035060821896169,0.7602308499475341,0.6738245757556842
