RMSE,NDCG,F1,MAE
0.035503791535430596,0.004561634497489697,0.021336192049760894,0.03508758442519677
