RMSE,NDCG,F1,MAE
0.9025569170911226,0.8989444476921272,0.7388946578977732,0.708912160180881
