RMSE,NDCG,F1,MAE
1.1162168163668718,0.8050030311348261,0.6206764027671022,0.8814690067476166
