RMSE,NDCG,F1,MAE
1.0507618091987316,0.7896903417451567,0.676948051948052,0.8198042664343056
