RMSE,NDCG,F1,MAE
0.06545500716814012,0.015312689389669343,0.056271649180949734,0.06166474031331104
