RMSE,NDCG,F1,MAE
1.1332834759863786,0.809263188618927,0.6055403823644167,0.895445945333207
