RMSE,NDCG,F1,MAE
0.08118074601611469,0.004821706910213663,0.056126284302249974,0.07607231773262646
