RMSE,NDCG,F1,MAE
1.0521027299702639,0.8044414817087133,0.6616666666666666,0.8193736276005805
