RMSE,NDCG,F1,MAE
1.054877171144732,0.7956741085138519,0.6699346405228758,0.8248597965069538
