RMSE,NDCG,F1,MAE
0.06604445633547606,0.005222297860309033,0.050424341261313343,0.05672828721751311
