RMSE,NDCG,F1,MAE
1.120921627480208,0.8008964063741609,0.6195102992615624,0.881588083724467
