RMSE,NDCG,F1,MAE
1.1187394631332004,0.8039283119609515,0.6145120281635048,0.8820386706146165
