RMSE,NDCG,F1,MAE
1.0521934645207187,0.795942451390789,0.6688578471651603,0.8206203308533295
