RMSE,NDCG,F1,MAE
0.06654599861248167,0.007985860570162484,0.05434581900165547,0.061418339761286966
