RMSE,NDCG,F1,MAE
1.0665152214980964,0.796032996497355,0.6785425101214575,0.8321801085619166
