RMSE,NDCG,F1,MAE
0.06159622368819173,0.004923265379847108,0.053590347855862364,0.052761423520873985
