RMSE,NDCG,F1,MAE
1.1281114451862881,0.8009562618772021,0.6249521622655951,0.8849415320827906
