RMSE,NDCG,F1,MAE
1.0561808263957022,0.7951334084178482,0.6710418375717802,0.8227768779997825
