RMSE,NDCG,F1,MAE
1.1224503550546838,0.8047053659148389,0.6153545614377808,0.8845932129320505
