RMSE,NDCG,F1,MAE
0.06626952865898161,0.00957195749699069,0.055687276133999375,0.06181633493226801
