RMSE,NDCG,F1,MAE
1.0549841679484007,0.7956741085138519,0.6693877551020408,0.8249539378344467
