RMSE,NDCG,F1,MAE
0.06605061109911348,0.005222083059264304,0.049877455840478424,0.05669729994028039
