RMSE,NDCG,F1,MAE
1.1210347790475141,0.8008961915731162,0.6195102992615624,0.8816512377747271
