RMSE,NDCG,F1,MAE
1.111169206941167,0.8048152156802665,0.6029323157260494,0.880731723934129
