RMSE,NDCG,F1,MAE
1.0525814811768683,0.7961512333345783,0.6655518394648829,0.8293241970604645
