RMSE,NDCG,F1,MAE
0.058587725764298604,0.008663982345688215,0.0626195237388335,0.051407526873664566
