RMSE,NDCG,F1,MAE
91.13824469190774,101.11225021075565,104.70732983073603,91.0911383225528
