RMSE,NDCG,F1,MAE
89.46136362392917,100.35791978912074,103.63438197212105,89.25490352033559
