RMSE,NDCG,F1,MAE
94.33121078431104,102.5170167662741,107.31700605439123,94.91367975403327
