RMSE,NDCG,F1,MAE
92.57229952907775,102.03302767182292,103.8035735188148,91.56672119672831
