RMSE,NDCG,F1,MAE
0.956241864528282,0.8842236465455529,0.7352572145545797,0.7474008768283114
