RMSE,NDCG,F1,MAE
0.9457925350470042,0.8936011743526179,0.7525083612040134,0.7439139925042071
