RMSE,NDCG,F1,MAE
0.10616131393102679,0.0023210359601265607,0.023804619134119687,0.07032664462916627
