RMSE,NDCG,F1,MAE
0.8404424287947687,0.8967047251383911,0.7727891156462585,0.6598891310914317
