RMSE,NDCG,F1,MAE
0.9803871010965556,0.8750482612455156,0.7505188875051889,0.7654310030300233
