RMSE,NDCG,F1,MAE
0.09323771395472447,0.008620364133888225,0.011827071092513464,0.06533292316235084
