RMSE,NDCG,F1,MAE
0.8520022511590056,0.8826151973496209,0.7402597402597403,0.676669566895144
