RMSE,NDCG,F1,MAE
1.0100952325859256,0.8690717266454395,0.7426023510336441,0.7853798899377786
