RMSE,NDCG,F1,MAE
0.8654705791053747,0.8723182159906638,0.7442196531791907,0.686557793435988
