RMSE,NDCG,F1,MAE
0.14462465348055087,0.0032464893452243127,0.001617302145546562,0.09882209650179063
