RMSE,NDCG,F1,MAE
1.0676909715357794,0.8618888552041646,0.6192384769539078,0.8439269246943172
