RMSE,NDCG,F1,MAE
0.9261963935168777,0.8887073132813369,0.6940822467402207,0.7344694301040238
