RMSE,NDCG,F1,MAE
0.14149457801890175,0.026818458077172314,0.07484376978631291,0.10945749459029341
