RMSE,NDCG,F1,MAE
0.1327752361650245,0.02414137570106667,0.09081196581196582,0.11997458807437067
