RMSE,NDCG,F1,MAE
1.1449950471488353,0.8515681850862786,0.5683760683760684,0.9165947603363361
