RMSE,NDCG,F1,MAE
1.0122198109838108,0.8757095607873453,0.6591880341880342,0.7966201722619655
