RMSE,NDCG,F1,MAE
0.14824472961883406,0.00704157759379509,0.05759948524230263,0.11102135376300726
