RMSE,NDCG,F1,MAE
1.179958029861984,0.8333555229666965,0.5963566634707574,0.9322243943426469
