RMSE,NDCG,F1,MAE
1.03171330024315,0.8263139453729014,0.6539561487130601,0.8212030405796397
