RMSE,NDCG,F1,MAE
0.1507426299722775,0.025309880875734714,0.07150097663681798,0.11912248332931286
