RMSE,NDCG,F1,MAE
0.9107474053522001,0.8923972944916961,0.7007594936708861,0.7209577162472326
