RMSE,NDCG,F1,MAE
1.0614900353244776,0.8670874136159614,0.6292585170340681,0.8400801995765454
