RMSE,NDCG,F1,MAE
1.101655469584209,0.8072050322048321,0.58840372226199,0.888478721538427
