RMSE,NDCG,F1,MAE
0.15477695071088515,0.029763640687172965,0.008281360610938204,0.13630589512675395
