RMSE,NDCG,F1,MAE
0.9468785188733237,0.7774413915176591,0.5966850828729282,0.752172826411673
