RMSE,NDCG,F1,MAE
0.15456749981946272,0.03697525269535484,0.008728330706752385,0.13413222068056818
