RMSE,NDCG,F1,MAE
0.9612087344993382,0.7654309203104518,0.5753424657534246,0.7637026981164092
