RMSE,NDCG,F1,MAE
1.115776234318801,0.8024061730058066,0.584070796460177,0.8978349187969774
