RMSE,NDCG,F1,MAE
0.9519028310041558,0.7637188994181933,0.6010928961748634,0.7506487788606144
