RMSE,NDCG,F1,MAE
1.102747077265975,0.8087001385140433,0.5913978494623656,0.8843436977608675
