RMSE,NDCG,F1,MAE
0.15084424626181925,0.044981239095850056,0.009695046712497768,0.1336949189002531
