RMSE,NDCG,F1,MAE
0.950154415495266,0.7694765256598484,0.5994694960212201,0.7526486269718599
