RMSE,NDCG,F1,MAE
1.105230975124837,0.8081095910056054,0.606102159753171,0.8889280124973145
