RMSE,NDCG,F1,MAE
0.155076559629571,0.038633065345757056,0.006632663731950927,0.1362793855254546
