RMSE,NDCG,F1,MAE
0.9608438094669113,0.7608135336953796,0.5973333333333334,0.7582669416601528
