RMSE,NDCG,F1,MAE
1.107713161613645,0.8097013641921424,0.6100996221229817,0.8850581687162832
