RMSE,NDCG,F1,MAE
0.1468693521467338,0.04888783049676282,0.012766288789648361,0.12679122705613033
