RMSE,NDCG,F1,MAE
1.0999028014017929,0.8070690709492069,0.6138211382113821,0.883495525636256
