RMSE,NDCG,F1,MAE
0.9490985162121384,0.7731656776594513,0.59375,0.7520623408875592
