RMSE,NDCG,F1,MAE
0.1508042851896545,0.03390339328975556,0.020071138211382067,0.1314331847486968
