RMSE,NDCG,F1,MAE
0.15079152561400844,0.0453042035164144,0.009483000154784538,0.1337791824053436
