RMSE,NDCG,F1,MAE
0.9521108590507961,0.7637188994181933,0.6010928961748634,0.7506191892378825
