RMSE,NDCG,F1,MAE
1.1029023846648045,0.8090231029346077,0.5916098960200789,0.8843983716432261
