RMSE,NDCG,F1,MAE
0.9428849945441915,0.7592613461507799,0.5909090909090909,0.7475863411303633
