RMSE,NDCG,F1,MAE
0.16104925723731434,0.052010032717656696,0.02225237449118045,0.14038057318977204
