RMSE,NDCG,F1,MAE
1.1039342517815058,0.8112713788684366,0.5686567164179105,0.8879669143201353
