RMSE,NDCG,F1,MAE
1.1400584935375568,0.7730255511427961,0.5620736698499318,0.910870400542544
