RMSE,NDCG,F1,MAE
1.0736137097461682,0.7576463516337861,0.42,0.8507590648515557
