RMSE,NDCG,F1,MAE
0.06644478379138863,0.015379199509010011,0.1420736698499318,0.060111335690988255
