RMSE,NDCG,F1,MAE
0.06266083880798612,0.03866213598835955,0.159196638621878,0.05869342867235383
