RMSE,NDCG,F1,MAE
1.0794240535743391,0.7377860963360333,0.44648318042813456,0.8501441551633758
