RMSE,NDCG,F1,MAE
1.1420848923823252,0.7764482323243929,0.6056798190500126,0.9088375838357297
