RMSE,NDCG,F1,MAE
0.06982057098502215,0.015931205781638647,0.1557423857868021,0.060126419397926956
