RMSE,NDCG,F1,MAE
1.1423651300021127,0.7721323847367872,0.5994923857868021,0.9090124714765647
