RMSE,NDCG,F1,MAE
1.0725445590170906,0.7562011789551486,0.44375,0.8488860520786378
