RMSE,NDCG,F1,MAE
1.0644817860774498,0.7503638372004993,0.44776119402985076,0.8406442348028891
