RMSE,NDCG,F1,MAE
0.07125019833745028,0.02157848417106556,0.17089755380484367,0.06208410766345129
