RMSE,NDCG,F1,MAE
1.1357319844149,0.7719423213715648,0.6186587478346944,0.9027283424663404
