RMSE,NDCG,F1,MAE
0.06678448393367864,0.016572591515210067,0.1561682764392064,0.055589276957888956
