RMSE,NDCG,F1,MAE
1.1550148989917168,0.7715468441773371,0.6204539907249207,0.9139461780545749
