RMSE,NDCG,F1,MAE
1.0882304150580382,0.754974252662127,0.4642857142857143,0.8583569010966859
