RMSE,NDCG,F1,MAE
1.140516959248731,0.7732870153970876,0.6109308709757924,0.9060320241526348
