RMSE,NDCG,F1,MAE
0.06424009796350472,0.028498160787705173,0.1604804205253419,0.05704252004342558
