RMSE,NDCG,F1,MAE
1.0762768612852263,0.7447888546093824,0.45045045045045046,0.8489895041092093
