RMSE,NDCG,F1,MAE
0.0697611161176459,0.016402940180499814,0.15452323514474353,0.06006794456673037
