RMSE,NDCG,F1,MAE
1.1426602459413373,0.7719190431473362,0.5982732351447435,0.9092286136586302
