RMSE,NDCG,F1,MAE
1.0728991298236914,0.7555161029668364,0.44375,0.8491606690918998
