RMSE,NDCG,F1,MAE
1.0452229021029766,0.7617947423943912,0.43853820598006643,0.8285841173270693
