RMSE,NDCG,F1,MAE
0.09192065789260817,0.012650781839763092,0.14360653781285482,0.07936655311839358
