RMSE,NDCG,F1,MAE
1.1371435599955848,0.7744455242341542,0.5821447437929212,0.9079506704454628
