RMSE,NDCG,F1,MAE
1.1158856269230661,0.7926496571362781,0.6432556613062028,0.88712323104546
