RMSE,NDCG,F1,MAE
1.1057384503405605,0.8131690851487706,0.6171266808209483,0.8624197114783637
