RMSE,NDCG,F1,MAE
0.010147176582505635,0.020519428012492513,0.02612898048525447,0.024703519567096266
