RMSE,NDCG,F1,MAE
0.007266843296013681,0.014922835364361897,0.035427052176802976,0.011337113181516978
