RMSE,NDCG,F1,MAE
1.1222559553236773,0.793251744209545,0.635427052176803,0.8931266779883165
