RMSE,NDCG,F1,MAE
1.129522798619691,0.8081745795739069,0.6,0.8817895648067995
