RMSE,NDCG,F1,MAE
1.1141563969052743,0.7897594266425189,0.6369127516778523,0.8853258335835921
