RMSE,NDCG,F1,MAE
1.110927097771463,0.8061030164856882,0.6090116279069767,0.8680233483837965
