RMSE,NDCG,F1,MAE
0.003229299133811425,0.016343589843169304,0.027901123770875613,0.017302485199795603
