RMSE,NDCG,F1,MAE
1.1117574890465536,0.7879844318331044,0.6493674991891015,0.8816919647678266
