RMSE,NDCG,F1,MAE
1.1060894653429258,0.8026503932919428,0.6171266808209483,0.8605019332964328
