RMSE,NDCG,F1,MAE
0.005668023703627734,0.014665961458838361,0.03224081836815318,0.021190031471393866
