RMSE,NDCG,F1,MAE
1.126921661220121,0.8063861264348379,0.6223479490806223,0.8759727071725013
