RMSE,NDCG,F1,MAE
1.1287225276542603,0.7891800862315934,0.6514360313315927,0.8922854622463605
