RMSE,NDCG,F1,MAE
0.0018008664341393477,0.017206040203244455,0.02908808225097037,0.01631275507385921
