RMSE,NDCG,F1,MAE
1.111925306650898,0.8092936030347987,0.6200564971751412,0.8635054134967395
