RMSE,NDCG,F1,MAE
0.005046469004815313,0.02128285960972831,0.03033412782485878,0.021322275419057846
