RMSE,NDCG,F1,MAE
1.1169717756557134,0.7880107434250704,0.650390625,0.8848276889157973
