RMSE,NDCG,F1,MAE
1.1110623558731787,0.8086359731752446,0.6090116279069767,0.8681121519434453
