RMSE,NDCG,F1,MAE
1.114325188089523,0.7894658593060432,0.6369127516778523,0.8854419446165177
