RMSE,NDCG,F1,MAE
0.00326283221634438,0.01917011386920142,0.027901123770875613,0.01732979267307244
