RMSE,NDCG,F1,MAE
0.00024433278909619105,0.021050283664325153,0.02716310641268116,0.0118041088496883
