RMSE,NDCG,F1,MAE
1.1106273645094447,0.7898914119252806,0.6235212247738344,0.883508411259357
