RMSE,NDCG,F1,MAE
1.1108716972985408,0.8109416955896057,0.5963581183611533,0.8717043024096687
