RMSE,NDCG,F1,MAE
90.56886165221856,99.61413802489032,104.29260379775711,90.2824495839632
