RMSE,NDCG,F1,MAE
89.85951724208061,99.91677608685181,103.91862225478525,89.31829417902073
