RMSE,NDCG,F1,MAE
92.95172688378915,102.3883994379444,108.624017443279,92.30485404076022
