RMSE,NDCG,F1,MAE
89.64408455829631,99.5778703452669,102.83530422746338,88.78091067215324
