RMSE,NDCG,F1,MAE
90.7574614876822,100.09676261408711,99.12491705374917,93.17790565650061
