RMSE,NDCG,F1,MAE
91.18602306457163,102.31580984095554,97.34374106479099,92.28843008220043
