RMSE,NDCG,F1,MAE
95.69761861538876,102.52048261877049,105.9401696621709,98.75027366542294
