RMSE,NDCG,F1,MAE
92.1313308987524,99.17492458183959,101.37325871403371,95.22361873644937
