RMSE,F1,MAE
0.05853653512676449,0.040055185533784954,0.04930175108512802
