RMSE,NDCG,F1,MAE
0.059609287899981434,0.007520726302232661,0.041895810535732436,0.049090969195280554
