RMSE,NDCG,F1,MAE
0.06612447293885404,0.0009374678298438299,0.04544109078559122,0.05004943161228237
