RMSE,NDCG,F1,MAE
0.900143082142622,0.8951347251925206,0.766241980663233,0.7044548947125783
