RMSE,NDCG,F1,MAE
0.8624203721738158,0.8882323445783255,0.7068145800316957,0.6770615181593981
