RMSE,F1,MAE
0.863480451788073,0.7091146969036197,0.6770040207263279
