RMSE,NDCG,F1,MAE
0.8340186092037679,0.8960721930223644,0.7208008898776418,0.6544054631002959
