RMSE,NDCG,F1,MAE
0.9220296600737973,0.8807116182760928,0.7487103905674282,0.7261524873546786
