RMSE,NDCG,F1,MAE
0.8308558895223427,0.89908858553977,0.7250836120401338,0.6468610194222592
