RMSE,NDCG,F1,MAE
0.07192022706935697,0.003169426511532958,0.036908668790595844,0.05782024395486107
