RMSE,NDCG,F1,MAE
0.9027761165916997,0.895919159028237,0.7619922808307297,0.7046812633771202
