RMSE,F1,MAE
0.07078861147120596,0.034038546186187735,0.05755237125481705
