RMSE,F1,MAE
0.8315632897015091,0.7285990130873203,0.6466191215480883
