RMSE,F1,MAE
0.06274694542344028,0.0376655956500247,0.0551052530386863
