RMSE,F1,MAE
0.8497575827740604,0.7162629757785467,0.662705452025311
