RMSE,NDCG,F1,MAE
0.8486342974845988,0.8950755285821028,0.714702581369248,0.6628250424662032
