RMSE,NDCG,F1,MAE
0.9127254123617912,0.8845040375457421,0.7534372135655362,0.717844764978906
