RMSE,NDCG,F1,MAE
0.06409111487719232,0.01057149103636068,0.03873463219628814,0.05501972251270282
