RMSE,NDCG,F1,MAE
0.07768072634012213,0.014439427776914426,0.043701773698973656,0.06635570515729605
