RMSE,NDCG,F1,MAE
0.9512702203597165,0.8881874709278151,0.7634927599824485,0.7461219085133225
