RMSE,F1,MAE
0.9503539945912918,0.7643791128963336,0.7451678121800155
