RMSE,NDCG,F1,MAE
0.8735894940195944,0.9026268987047296,0.7197909862834748,0.6797662033560264
