RMSE,NDCG,F1,MAE
0.06239927117058264,0.043590838003043864,0.07019370348492981,0.04005394786706251
