RMSE,NDCG,F1,MAE
0.9502629513882673,0.8609616661561135,0.6774595267745953,0.7410536487516955
