RMSE,NDCG,F1,MAE
0.8987606019057764,0.8918545547283155,0.7311709730621221,0.7062075619796121
