RMSE,NDCG,F1,MAE
0.8878636802176847,0.9045525041591573,0.7476532302595251,0.700999700884633
