RMSE,NDCG,F1,MAE
0.9587869014724542,0.8586339637467757,0.6781750924784217,0.7503858800918106
