RMSE,NDCG,F1,MAE
0.06002629956667771,0.033220590981539844,0.05299588058370042,0.04417831811219852
