RMSE,NDCG,F1,MAE
0.9760381976275104,0.8584782951466393,0.6996466431095406,0.7621724933461355
