RMSE,NDCG,F1,MAE
0.04824770805741485,0.03629582184780178,0.027037993009057737,0.040352596393621765
