RMSE,NDCG,F1,MAE
0.9277904895700956,0.8947741169944411,0.7266846361185983,0.7218198969525137
