RMSE,NDCG,F1,MAE
0.8905624743636815,0.9044788623995104,0.7436182019977803,0.7025723783459757
