RMSE,NDCG,F1,MAE
0.948547877648865,0.86225105356753,0.671604938271605,0.7406536553694828
