RMSE,NDCG,F1,MAE
0.05798540328518342,0.04222780883198041,0.07201326372617534,0.038081277023507054
