RMSE,NDCG,F1,MAE
0.9516625473364688,0.8851387371521771,0.7159956474428727,0.746041002070817
