RMSE,NDCG,F1,MAE
1.0098714115997685,0.8416682696955787,0.6861313868613139,0.789764131748243
