RMSE,NDCG,F1,MAE
0.05820886426329963,0.04347046745659833,0.029864260581558777,0.043723129677425976
