RMSE,NDCG,F1,MAE
0.9412811142740852,0.884738699573678,0.7341220423412205,0.738243780104734
