RMSE,NDCG,F1,MAE
0.9899358066444351,0.8516621760987848,0.7116883116883117,0.7851569324336067
