RMSE,NDCG,F1,MAE
0.04865469237034992,0.033076523474893205,0.022433730652908768,0.04691315232887272
