RMSE,NDCG,F1,MAE
0.06333017628212634,0.019105109858560065,0.029502541520207926,0.060084750693247924
