RMSE,NDCG,F1,MAE
0.9931415408175115,0.8658081295497926,0.7145631067961165,0.7756065638117909
