RMSE,NDCG,F1,MAE
1.0564717170996378,0.8467030196912325,0.6850605652759085,0.8356913145050389
