RMSE,NDCG,F1,MAE
0.020641713134092354,0.01639406095588547,0.06329613876997953,0.026766888206680273
