RMSE,NDCG,F1,MAE
1.0647234544519055,0.8307354720636909,0.656801007556675,0.8353951162808538
