RMSE,NDCG,F1,MAE
1.0440817413178132,0.8143414111078054,0.7200971463266546,0.8086282280741736
