RMSE,NDCG,F1,MAE
0.9356937323445447,0.8902823629577331,0.7409246044058331,0.7357093119956809
