RMSE,NDCG,F1,MAE
0.037300460136207136,0.025310004074065362,0.019570437739166446,0.03359091608124931
