RMSE,NDCG,F1,MAE
0.9729941924807518,0.8649723588836677,0.7213541666666666,0.7693002280769302
