RMSE,NDCG,F1,MAE
0.01483670731255704,0.053526314272271946,0.053514987221401356,0.00859257158631288
