RMSE,NDCG,F1,MAE
1.0749576772993035,0.8138306072099757,0.6145710928319624,0.8564552746006115
