RMSE,NDCG,F1,MAE
1.0601209699867464,0.7603042929377037,0.5610561056105611,0.8478627030142987
