RMSE,NDCG,F1,MAE
1.0595109991999767,0.7680119716087181,0.5487603305785124,0.8485948506295846
