RMSE,NDCG,F1,MAE
1.0909237003050563,0.7942681526793653,0.6046783625730994,0.8678390825997836
