RMSE,NDCG,F1,MAE
0.031412701105079543,0.0262561810706472,0.055918031994587,0.019244231970198977
