RMSE,NDCG,F1,MAE
1.0643137642372495,0.7780822646603867,0.5609348914858097,0.8474315076606365
