RMSE,NDCG,F1,MAE
0.02546807148018848,0.034597747298088066,0.04739844184752362,0.016575530317237908
