RMSE,NDCG,F1,MAE
1.089781835717438,0.8126800119584747,0.6083333333333333,0.8640070379778744
