RMSE,NDCG,F1,MAE
1.07672306708909,0.8061143673137595,0.6225319396051103,0.8531405695987437
