RMSE,NDCG,F1,MAE
0.014589890084158341,0.03195752887496439,0.05483210273724737,0.008186143104866539
