RMSE,NDCG,F1,MAE
1.0621331770049316,0.7741568384387951,0.567699836867863,0.8449544264938772
