RMSE,NDCG,F1,MAE
1.0978190789999294,0.8102973015796944,0.6228936664729808,0.8673864299249301
