RMSE,NDCG,F1,MAE
0.026565899169666896,0.021327203837540054,0.04821834179765616,0.018488391905449153
