RMSE,NDCG,F1,MAE
1.0712531798302625,0.7889700977421543,0.5746753246753247,0.8488980380194809
