RMSE,NDCG,F1,MAE
1.0743087912529714,0.8117487101782346,0.616822429906542,0.8520203505346464
