RMSE,NDCG,F1,MAE
1.0616879046494223,0.7657241314133466,0.5718954248366013,0.844895661077981
