RMSE,NDCG,F1,MAE
0.012620886603549097,0.04602457876488797,0.04492700506994074,0.007124689456665445
