RMSE,NDCG,F1,MAE
1.0646688591807736,0.7779679317963069,0.5609348914858097,0.8476635148199635
