RMSE,NDCG,F1,MAE
0.0254949102982569,0.03528779633369916,0.04739844184752362,0.016594901853026256
