RMSE,NDCG,F1,MAE
1.0901637694790305,0.813255728130006,0.6083333333333333,0.8642584166729897
