RMSE,NDCG,F1,MAE
1.0527449536469478,0.7844725522987515,0.532399299474606,0.8426754534350895
