RMSE,NDCG,F1,MAE
1.0716619505749077,0.8047076432245581,0.593094944512947,0.8566565609764176
