RMSE,NDCG,F1,MAE
0.018916996927959895,0.020235090925806665,0.06069564503834102,0.013981107541328086
