RMSE,NDCG,F1,MAE
1.059743700656021,0.7758758434265125,0.5760517799352751,0.8455159099944421
