RMSE,NDCG,F1,MAE
0.015444447440323694,0.03747619576936867,0.04439882665051342,0.007676195700103694
