RMSE,NDCG,F1,MAE
1.0751881480963448,0.8133520391958812,0.6204506065857885,0.8531921056945458
