RMSE,NDCG,F1,MAE
1.073293417046881,0.7718373960130344,0.5505804311774462,0.8544772156127904
