RMSE,NDCG,F1,MAE
0.01813043614382548,0.036957468892047096,0.058269126344677735,0.010644683864947546
