RMSE,NDCG,F1,MAE
1.0914238531907066,0.8087948649050815,0.6088495575221239,0.865121899477738
