RMSE,NDCG,F1,MAE
1.089323994179345,0.8122322309723838,0.6039309112567004,0.8652158648628092
