RMSE,NDCG,F1,MAE
0.030051762108640467,0.033001020081467436,0.05484605268764886,0.02021211243675436
