RMSE,NDCG,F1,MAE
1.0592722320707044,0.7792312108909164,0.5490848585690515,0.8450037524260549
