RMSE,NDCG,F1,MAE
1.0585976789311293,0.7725581183541058,0.5755627009646302,0.8431516293703267
