RMSE,NDCG,F1,MAE
1.07728412447174,0.8129673142470601,0.6167247386759582,0.8525221706003263
