RMSE,NDCG,F1,MAE
0.018686445540610608,0.04040919589295433,0.04116203771132798,0.009370541229999585
