RMSE,NDCG,F1,MAE
0.03190002067446951,0.0371839805059645,0.0401363595255102,0.022298428349530885
