RMSE,NDCG,F1,MAE
1.0999779658019746,0.8150872660760324,0.6216060080878105,0.8706546279534088
