RMSE,NDCG,F1,MAE
1.068077945127505,0.7779032855700679,0.5814696485623003,0.8483561996038779
