RMSE,NDCG,F1,MAE
0.016361194611686614,0.036376890997807054,0.041490356776980986,0.008363605368589488
