RMSE,NDCG,F1,MAE
1.0584624744691618,0.7805191761902729,0.5769230769230769,0.844695234735381
