RMSE,NDCG,F1,MAE
1.0748236690808484,0.8168960671880799,0.6184134337000579,0.8530588401039705
