RMSE,NDCG,F1,MAE
1.059624617454866,0.7782262248177164,0.5490848585690515,0.8452794186598388
