RMSE,NDCG,F1,MAE
0.03009153866968073,0.03562426590345236,0.055677046192853186,0.020175822427379142
