RMSE,NDCG,F1,MAE
1.0897161561245468,0.8138504907211688,0.6047619047619047,0.8654552410872179
