RMSE,NDCG,F1,MAE
0.022728482103395953,0.03441263821349316,0.0503854036993725,0.0183262918260787
