RMSE,NDCG,F1,MAE
1.0485579958509947,0.7786628428413659,0.5374149659863946,0.8400548160888403
