RMSE,NDCG,F1,MAE
1.0712864779543907,0.813075481054859,0.5878003696857671,0.858381107914919
