algorithm,georisk
SVD,0.8072120564588613
BIASEDMF,0.8070719522720516
NMF,0.7919966428411167
StochasticItemKNN,0.7752521262167837
BayesianRidge,0.759317740251085
Tweedie,0.7606586820729624
Ridge,0.7592521399902328
RandomForest,0.7598287969268093
Bagging,0.7530448746037689
AdaBoost,0.757937376173332
GradientBoosting,0.7591657792161726
LinearSVR,0.7581454319304188
