algorithm,georisk
SVD,0.7771177177128936
BIASEDMF,0.7761228222559424
NMF,0.7551099924210866
StochasticItemKNN,0.7370828152066858
BayesianRidge,0.7173903436281525
Tweedie,0.7203763334342861
Ridge,0.7172849553463075
RandomForest,0.7193746017292327
Bagging,0.7096890528036887
AdaBoost,0.7194223871522822
GradientBoosting,0.7185843652965099
LinearSVR,0.714010884832617
