RMSE,NDCG,F1,MAE
90.64532370297312,99.93397241537558,104.45784163376305,90.36035725492594
