RMSE,NDCG,F1,MAE
89.63507435021802,99.88958937782195,104.18600909287956,89.29985915237131
