RMSE,NDCG,F1,MAE
92.52573748440275,101.72746268297412,108.05950006254157,92.06318305287648
