RMSE,NDCG,F1,MAE
89.57587749730779,99.3903032962379,103.27719138024905,88.90383787255907
