RMSE,NDCG,F1,MAE
89.707162283049,99.0653708260512,94.15568801002789,90.44537902677288
