RMSE,NDCG,F1,MAE
88.03879352503972,99.94480686158347,95.92814158031551,88.14259392786057
