RMSE,NDCG,F1,MAE
89.3479501862951,102.39853382581931,103.62483557198192,90.48725788248176
