RMSE,NDCG,F1,MAE
90.96588788741596,99.64185217209015,97.53458536208363,91.6958285071513
