RMSE,NDCG,F1,MAE
109.85795549257003,107.74503459321112,130.59490084985836,112.90801865316394
