RMSE,NDCG,F1,MAE
112.14898603866656,101.8753977491142,132.04808063381083,115.17932353300483
