RMSE,NDCG,F1,MAE
109.77362603978227,108.81395690493672,134.52380952380955,111.63191703838213
