RMSE,NDCG,F1,MAE
109.63841922846318,107.38129162221055,125.05989156474593,112.97841338461534
