RMSE,NDCG,F1,MAE
109.92899871489045,105.54069438776806,120.7090160007665,111.88504413114022
