RMSE,NDCG,F1,MAE
110.33992842646256,105.09561504919004,130.13987332645613,113.69886901542023
