RMSE,NDCG,F1,MAE
109.75219571790731,105.56739273045635,131.45440173895858,111.61396221736783
