RMSE,NDCG,F1,MAE
110.05356922868421,108.26807383923291,142.96598639455783,112.14892079878543
