RMSE,NDCG,F1,MAE
0.03688436801247852,0.015170039613366715,0.014589072157022098,0.036819352180493814
