RMSE,NDCG,F1,MAE
0.8967345370933122,0.9077294832719225,0.7589786756453423,0.7013636362233134
