RMSE,NDCG,F1,MAE
0.8598501690808337,0.8925594436585558,0.7735677478023644,0.6645442840428196
