RMSE,NDCG,F1,MAE
0.9376387196999908,0.8885289021404346,0.7348582937706805,0.7350062739299547
