RMSE,NDCG,F1,MAE
0.04472903506484793,0.01820991411925521,0.021698324556996162,0.04596749765061969
