RMSE,NDCG,F1,MAE
0.8929096846351429,0.8703189880211794,0.7565566183276766,0.689038776279335
