RMSE,NDCG,F1,MAE
0.033532059564678196,0.027364971521969816,0.003841890819022309,0.027117373887958318
