RMSE,NDCG,F1,MAE
1.0284886096354986,0.8221782993155039,0.7099050203527816,0.8034080954242362
