RMSE,NDCG,F1,MAE
1.0620206692001768,0.8495432708374737,0.7137469111718039,0.8305254693121945
