RMSE,NDCG,F1,MAE
0.9014597801530788,0.9080388226717604,0.7522650056625142,0.7093133547138175
