RMSE,NDCG,F1,MAE
0.03709708183413374,0.023614059989090608,0.017997029681788068,0.036038215334387336
