RMSE,NDCG,F1,MAE
0.8643626983189451,0.8844247626826698,0.7702620353443023,0.6732751393794302
