RMSE,NDCG,F1,MAE
1.1063942065031522,0.8021494111890947,0.6412175648702595,0.8754309933638728
