RMSE,NDCG,F1,MAE
0.050817998903296635,0.04297069676114207,0.061571547171144436,0.033012900358284636
