RMSE,NDCG,F1,MAE
1.1572122054064489,0.7591787144279526,0.5796460176991151,0.9084438937221574
