RMSE,NDCG,F1,MAE
0.052081598947327556,0.04296139264664822,0.06581020524090131,0.034476840616354365
