RMSE,NDCG,F1,MAE
1.1179849863338323,0.8011296462582551,0.6307304785894207,0.8853883457436773
