RMSE,NDCG,F1,MAE
1.1700665852811598,0.7581682536116069,0.5649202733485194,0.9198651863600317
