RMSE,NDCG,F1,MAE
1.108131662616386,0.7980687489031467,0.6338602753697093,0.8762196682948775
