RMSE,NDCG,F1,MAE
1.1484425623933487,0.7548670027049864,0.576036866359447,0.9068109385857684
