RMSE,NDCG,F1,MAE
0.04031089977696278,0.04320174619816031,0.057823409010262394,0.030591270290890926
