RMSE,NDCG,F1,MAE
1.1523663561726525,0.7376644521233612,0.58719646799117,0.9009317469837382
