RMSE,NDCG,F1,MAE
1.1039506237747576,0.797155936628504,0.6450655453870888,0.8715295245149204
