RMSE,NDCG,F1,MAE
0.04841573239789487,0.059491484505142855,0.057869077395918844,0.02940222246881785
