RMSE,NDCG,F1,MAE
0.03956450533581135,0.04412414291467337,0.05938869495203902,0.03331439160321026
