RMSE,NDCG,F1,MAE
1.123234365005091,0.7978155579799546,0.6481527398958592,0.8831510919015954
