RMSE,NDCG,F1,MAE
1.1627988703409025,0.7536914150652813,0.5887640449438202,0.9164654835048056
