RMSE,NDCG,F1,MAE
1.1594356385075355,0.7551289437381533,0.5866666666666667,0.9086065544740158
