RMSE,NDCG,F1,MAE
0.05032166359736778,0.04256948164068841,0.06018821198613178,0.03462310422593651
