RMSE,NDCG,F1,MAE
1.1091139749101677,0.7976984253788417,0.6468548786527984,0.8739834502480793
