RMSE,NDCG,F1,MAE
1.1485702139686513,0.7548670027049864,0.576036866359447,0.9069019977856034
