RMSE,NDCG,F1,MAE
0.0402756315833801,0.04377427811774215,0.057823409010262394,0.030572339511833357
