RMSE,NDCG,F1,MAE
1.1082945823852712,0.7986412808227286,0.6338602753697093,0.8763296582737701
