RMSE,NDCG,F1,MAE
1.1071484333808919,0.8003414413364139,0.6207991532151362,0.8770923645276345
