RMSE,NDCG,F1,MAE
1.135780179820052,0.7477462454436896,0.5617433414043583,0.8996211940708744
