RMSE,NDCG,F1,MAE
0.02863174643916011,0.05259519589272432,0.0590558118107779,0.02252882954323987
