RMSE,NDCG,F1,MAE
1.0969088980036128,0.7891068511270963,0.5,0.8813907208775471
