RMSE,NDCG,F1,MAE
0.003547726766436554,0.009323414716125966,0.09753531710249475,0.004781956048104941
