RMSE,NDCG,F1,MAE
1.0933611712371762,0.7797834364109704,0.5975353171024947,0.886172676925652
