RMSE,NDCG,F1,MAE
1.1255201042453697,0.7830375732786979,0.5052447552447552,0.8965966858123721
