RMSE,NDCG,F1,MAE
1.1122918526611412,0.7796717862683649,0.6032983508245877,0.8942705327080327
