RMSE,NDCG,F1,MAE
0.013228251584228579,0.0033657870103330767,0.09805359557983251,0.002326153104339368
