RMSE,NDCG,F1,MAE
0.004665169427609417,0.01421919147688111,0.09874045717554392,0.010080750036441044
