RMSE,NDCG,F1,MAE
1.1014033413900908,0.7936381546742919,0.4982014388489209,0.8785953115354784
