RMSE,NDCG,F1,MAE
1.1060685108177002,0.7794189631974108,0.5969418960244648,0.8886760615719195
