RMSE,NDCG,F1,MAE
1.1030491058223648,0.793647512203671,0.5107480653482374,0.880739817834863
