RMSE,NDCG,F1,MAE
1.0959583798442065,0.7760577055886305,0.6024955436720143,0.8831415752291897
