RMSE,NDCG,F1,MAE
0.0070907259781582965,0.017589806615040504,0.09174747832377694,0.0024017573943266868
