RMSE,NDCG,F1,MAE
1.1189740659766945,0.7803769200549027,0.604098604098604,0.8954947844962857
