RMSE,NDCG,F1,MAE
1.1179315494825564,0.7938284535599341,0.5129533678756477,0.8892631118580516
