RMSE,NDCG,F1,MAE
0.0010425164941381126,0.013451533505031477,0.09114523622295634,0.006231672638234098
