RMSE,NDCG,F1,MAE
1.1029458272906116,0.7893633238887411,0.5094991364421416,0.8812003926875392
