RMSE,NDCG,F1,MAE
1.0965676164014786,0.7772619368783572,0.6060065417781743,0.8829809578785184
