RMSE,NDCG,F1,MAE
0.00637821088913304,0.01210138701038388,0.09650740533603264,0.0017805651909791331
