RMSE,NDCG,F1,MAE
1.1015927218442496,0.7938284535599341,0.4982014388489209,0.8787419802447052
