RMSE,NDCG,F1,MAE
1.1064169399985955,0.7794189631974108,0.5965126950137657,0.8889398398850334
