RMSE,NDCG,F1,MAE
0.004824218154345861,0.01440949036252337,0.09831125616484482,0.010197859640328266
