RMSE,NDCG,F1,MAE
0.0018559278901040255,0.016640556882121738,0.09563311400756169,0.007018443323011381
