RMSE,NDCG,F1,MAE
1.087462323317725,0.774824635533994,0.5881981697696435,0.8768010232160748
