RMSE,NDCG,F1,MAE
1.089318251207829,0.7914651924161158,0.49256505576208176,0.8697825798930634
