RMSE,NDCG,F1,MAE
100.82003445336713,99.42745417707845,97.46754855330956,100.27956291480977
