RMSE,NDCG,F1,MAE
105.15576768992018,99.83210416559754,99.37038790380784,104.56002110439002
