RMSE,NDCG,F1,MAE
95.21012853439493,100.22267488445694,95.84525842834941,96.6758182831988
