RMSE,NDCG,F1,MAE
100.56791920548487,97.31001725768716,98.39182049515598,100.596130781102
