RMSE,NDCG,F1,MAE
100.77942292353566,102.81961186172947,95.36297090856078,102.75969224028528
