RMSE,NDCG,F1,MAE
99.72266837956548,102.57991799249162,92.45711120147568,101.26096812015402
