RMSE,NDCG,F1,MAE
100.21581339553927,103.07196371080548,96.83073091292269,101.94039282931695
