RMSE,NDCG,F1,MAE
100.5258919884352,102.94101353951328,95.7189955628269,102.48389304010499
