RMSE,NDCG,F1,MAE
100.13878003547386,103.1121880308518,94.42929743350177,101.80386177966861
