RMSE,NDCG,F1,MAE
100.48985125595588,103.02753752504343,94.56138983894206,102.39999221351688
