RMSE,NDCG,F1,MAE
100.22162296938946,103.07129776610829,96.60330958400368,101.94463950979708
