RMSE,NDCG,F1,MAE
99.81290853554081,102.96373326385462,95.3722043691923,101.20620817007241
