RMSE,NDCG,F1,MAE
93.83243714161932,107.16516460857564,95.48167614117327,95.57320808785916
