RMSE,NDCG,F1,MAE
93.84198724804236,106.15998804008659,98.4640907033196,94.85053511078252
