RMSE,NDCG,F1,MAE
93.71394780694946,106.1989597950699,97.03370742503476,95.42470533511482
