RMSE,NDCG,F1,MAE
93.43450315919263,106.89339530829527,96.6082584968128,95.42037536544132
