RMSE,NDCG,F1,MAE
93.02515035691997,105.09972446281779,95.36994321906619,94.93753392561887
