RMSE,NDCG,F1,MAE
93.33960343574415,106.91066986897452,96.51566449033525,95.20060748907633
