RMSE,NDCG,F1,MAE
93.7264231516924,106.1989597950699,97.12195312805667,95.4342942080609
