RMSE,NDCG,F1,MAE
92.47314727130286,105.31803427744337,96.56495363284225,94.354986248333
