RMSE,NDCG,F1,MAE
95.08506591601392,96.26143589165575,96.9441415242942,94.02499673747201
