RMSE,NDCG,F1,MAE
94.00550196876179,97.79337832407575,95.87124758616655,92.81017408577056
