RMSE,NDCG,F1,MAE
101.97702079418025,98.02656061921134,109.63703435922602,103.31016000646282
