RMSE,NDCG,F1,MAE
96.16642520330923,97.15708126689387,97.35864653126744,95.63357518231618
