algorithm,georisk
SVD,0.7529348726074608
BIASEDMF,0.7499347827683231
NMF,0.7233703746845587
StochasticItemKNN,0.7174084973094179
BayesianRidge,0.7206391683246227
Tweedie,0.7207435583525019
Ridge,0.7205988448626006
RandomForest,0.7209136944029562
Bagging,0.7155842668188577
AdaBoost,0.7202162190195156
GradientBoosting,0.7208474460647908
LinearSVR,0.7223861006771051
