algorithm,georisk
SVD,0.7721295644130931
BIASEDMF,0.7687532315750465
NMF,0.734177339148728
StochasticItemKNN,0.7319643023663784
BayesianRidge,0.7357375192781092
Tweedie,0.736165025696931
Ridge,0.7356620456662962
RandomForest,0.7345222295373582
Bagging,0.728375379177569
AdaBoost,0.7338735388827631
GradientBoosting,0.7350146421306517
LinearSVR,0.7362671523883815
