RMSE,NDCG,F1,MAE
0.026959529700452567,0.015337518604662592,0.02261676538701851,0.017663137064462653
