RMSE,NDCG,F1,MAE
1.1124370983192062,0.8045718328271431,0.6200317965023847,0.8803707251603087
