RMSE,NDCG,F1,MAE
1.0854775686187537,0.7892343142224805,0.5974150311153662,0.862707588095846
