RMSE,NDCG,F1,MAE
0.022402624893258505,0.03152017307391963,0.025013051217379734,0.02274153976443538
