RMSE,NDCG,F1,MAE
1.1238160273101023,0.8059574099028504,0.6087968350011635,0.8919218203371209
