RMSE,NDCG,F1,MAE
1.1014134024168438,0.7744372368289307,0.5837837837837838,0.8691802805726855
