RMSE,NDCG,F1,MAE
1.087676027314642,0.7915063467707719,0.5846002942618931,0.8604022573691315
