RMSE,NDCG,F1,MAE
0.028026957467896407,0.013839773388997334,0.026280295871809134,0.02221998100274636
