RMSE,NDCG,F1,MAE
1.1157029847825384,0.8053461201597693,0.6108805901337022,0.8826222383718778
