RMSE,NDCG,F1,MAE
0.026340135835526413,0.015559784633168428,0.02231113750677327,0.018996107251074146
