RMSE,NDCG,F1,MAE
1.1138468499322178,0.8025585363678244,0.6096826499884179,0.8801284486100672
