RMSE,NDCG,F1,MAE
1.0875067140966914,0.7869987517346559,0.5873715124816447,0.8611323413589931
