RMSE,NDCG,F1,MAE
0.027181035562788614,0.012079286632077801,0.023951860334101904,0.02299318624514113
