RMSE,NDCG,F1,MAE
1.1004149766341016,0.7928632440998865,0.6022835394862036,0.8658082321193065
