RMSE,NDCG,F1,MAE
1.1275960121968902,0.8049425307319643,0.6262353998203055,0.8888014183644476
