RMSE,NDCG,F1,MAE
1.1141943673695298,0.80666710212231,0.6160550458715597,0.8803389927991174
