RMSE,NDCG,F1,MAE
0.027230885470806543,0.020060147469325385,0.020105190519582816,0.02061697610860791
