RMSE,NDCG,F1,MAE
1.0869634818987233,0.7866069546529846,0.5959498553519769,0.8597220166905095
