RMSE,NDCG,F1,MAE
0.028046152340305275,0.014041169502340578,0.02599344587462471,0.02224218201751016
