RMSE,NDCG,F1,MAE
1.0877347482421191,0.7915063467707719,0.5848871442590775,0.8604334425553097
