RMSE,NDCG,F1,MAE
1.1157809005824244,0.8055475162731125,0.6108805901337022,0.8826756245728199
