RMSE,NDCG,F1,MAE
0.02664562238168866,0.019892911782936284,0.0365661258747596,0.023303496933845258
