RMSE,NDCG,F1,MAE
1.0810867260576056,0.7859012954123396,0.5625319040326697,0.8576581478645526
