RMSE,NDCG,F1,MAE
1.1077323484392942,0.8057942071952758,0.5990980299074293,0.8809616447983979
