RMSE,NDCG,F1,MAE
102.66420158093774,102.66998352219734,108.0129574010801,104.39031049949033
