RMSE,NDCG,F1,MAE
102.64904553614234,101.55430978496973,106.29473938468372,104.67262461904498
