RMSE,NDCG,F1,MAE
102.66502263839877,102.60087715589556,106.9868090615647,104.22069167915673
