RMSE,NDCG,F1,MAE
102.79024817607475,102.0167188314324,106.57055265556383,104.13361627886326
