RMSE,NDCG,F1,MAE
102.76433795225569,102.6870193979545,105.47008206676038,104.13045562085514
