RMSE,NDCG,F1,MAE
102.47394936704879,102.70014413543875,105.7584750071646,103.8895457915032
