RMSE,NDCG,F1,MAE
102.66996974791643,102.64562058997195,106.9868090615647,104.22816035567051
