RMSE,NDCG,F1,MAE
102.44119206249115,102.51557476749468,104.40521264909412,103.56218312799723
