algorithm,georisk
SVD,0.807081694145232
BIASEDMF,0.8076952890405628
NMF,0.7901844037665221
StochasticItemKNN,0.7778174298608991
BayesianRidge,0.7594013677866955
Tweedie,0.7600465795575677
Ridge,0.7593594934337234
RandomForest,0.7589188590509743
Bagging,0.7552388070985319
AdaBoost,0.7585748417850917
GradientBoosting,0.7590298092249048
LinearSVR,0.7574792875324649
