algorithm,georisk
SVD,0.7769507434823115
BIASEDMF,0.7763812978201285
NMF,0.7528545607713748
StochasticItemKNN,0.74123128760836
BayesianRidge,0.7178636032537079
Tweedie,0.7200220578499887
Ridge,0.7177815677828214
RandomForest,0.7190572526760568
Bagging,0.7120342217472988
AdaBoost,0.7195651278504819
GradientBoosting,0.7191454811611353
LinearSVR,0.7131713621924388
