RMSE,NDCG,F1,MAE
101.63564515047172,99.07972996701334,101.76473457036413,101.82174082061006
