RMSE,NDCG,F1,MAE
100.99639308214807,98.78353964178424,103.12987473410541,101.44991923675235
