RMSE,NDCG,F1,MAE
102.1830112206683,97.37560829736168,97.85819521706168,100.704170638417
