RMSE,NDCG,F1,MAE
102.19795379350576,99.7951646822415,103.85540508196476,102.62973809816758
