RMSE,NDCG,F1,MAE
93.89763767687187,100.60409144470002,96.64318231259436,93.7916101856218
