RMSE,NDCG,F1,MAE
88.89473463779997,99.11827310106904,92.28789688267045,88.94448191820698
