RMSE,NDCG,F1,MAE
91.93577528118506,102.90932934959488,95.13225047948248,92.09751427037082
