RMSE,NDCG,F1,MAE
95.07019212844071,101.33931666237919,98.24767801857585,94.91220323021598
