algorithm,georisk
SVD,0.8043689211025385
BIASEDMF,0.8056970140121729
NMF,0.7964676768822215
StochasticItemKNN,0.7667602807520576
BayesianRidge,0.7438832429113602
Tweedie,0.7428784461764946
Ridge,0.7438429445420114
RandomForest,0.7448943694844291
Bagging,0.7409779876668874
AdaBoost,0.7439269968024755
GradientBoosting,0.7458894187800321
LinearSVR,0.7408733110391466
