algorithm,georisk
SVD,0.8451133181195176
BIASEDMF,0.8465077521138572
NMF,0.836293326212474
StochasticItemKNN,0.8034344501546332
BayesianRidge,0.7768945311885385
Tweedie,0.776852825125339
Ridge,0.7768394720666943
RandomForest,0.7768163620753558
Bagging,0.7732620511497904
AdaBoost,0.7766776848598065
GradientBoosting,0.7783069034031949
LinearSVR,0.7716679221201084
