RMSE,NDCG,F1,MAE
0.10541379618377089,0.08616726560504107,0.20872963649777676,0.10028650020533902
