RMSE,NDCG,F1,MAE
1.1060709225866714,0.7298720433101744,0.4200913242009132,0.8985638221515274
