RMSE,NDCG,F1,MAE
1.0006571264029005,0.8160393089152155,0.62882096069869,0.7982773219461884
