RMSE,NDCG,F1,MAE
1.1299335795912482,0.6622044020522913,0.45217391304347826,0.9053233876945886
