RMSE,NDCG,F1,MAE
0.13197154969788638,0.16619044465946886,0.2098078156986159,0.10901218715803607
