RMSE,NDCG,F1,MAE
0.9979620298933618,0.8283948467117601,0.6619817287420942,0.7963112005365526
