RMSE,NDCG,F1,MAE
0.10207808283723085,0.0712501022926677,0.17332741736126517,0.09074762551308713
