RMSE,NDCG,F1,MAE
0.9947410480256941,0.8130525407044616,0.6402877697841727,0.7958468271710669
