RMSE,NDCG,F1,MAE
1.096819130862925,0.7418024384117939,0.4669603524229075,0.886594452684154
