RMSE,NDCG,F1,MAE
0.11138946399994432,0.06164599658787884,0.17086834733893552,0.10505107011091719
