RMSE,NDCG,F1,MAE
0.9935809698878727,0.8100590892688566,0.6666666666666666,0.7896067108214968
