RMSE,NDCG,F1,MAE
1.104970433887817,0.7484130926809778,0.4957983193277311,0.894657780932414
