RMSE,NDCG,F1,MAE
0.10289298880405251,0.08171656897042168,0.16733291254646188,0.09423052873229976
