RMSE,NDCG,F1,MAE
0.9976797782071402,0.8164450508158118,0.6652920962199312,0.7937525722426252
