RMSE,NDCG,F1,MAE
1.1005727670111927,0.7347284818453901,0.49795918367346936,0.8879831009749249
