RMSE,NDCG,F1,MAE
0.9958924668499815,0.8098426859338113,0.6515259048970902,0.7905023158831502
