RMSE,NDCG,F1,MAE
1.107057828328135,0.7290443566403045,0.45021645021645024,0.8985931038655295
