RMSE,NDCG,F1,MAE
0.11116536147815348,0.08079832929350672,0.20130945468063993,0.10809078798237926
