RMSE,NDCG,F1,MAE
1.097104095876664,0.7420578325352458,0.4649122807017544,0.8867275944189875
