RMSE,NDCG,F1,MAE
0.9951630167880733,0.8132684816757402,0.638328530259366,0.7961586104291895
