RMSE,NDCG,F1,MAE
0.10194107908859074,0.07121064914049435,0.1734162495576116,0.09056898398979807
