RMSE,NDCG,F1,MAE
1.1030761154011013,0.7448731707069942,0.4205607476635514,0.894131356995647
