RMSE,NDCG,F1,MAE
0.10595391395899156,0.06675247404644036,0.1992617375435492,0.09515514096530431
