RMSE,NDCG,F1,MAE
0.9971222014421097,0.8116256447534346,0.6198224852071006,0.7989762160303427
