RMSE,NDCG,F1,MAE
0.0787704585333382,0.01316907962897984,0.06415719204894232,0.09340726584810088
