RMSE,NDCG,F1,MAE
0.9927008110297024,0.814548516233691,0.6283524904214559,0.7802556709578978
