RMSE,NDCG,F1,MAE
1.0714712695630406,0.8277175958626708,0.5641952983725136,0.8736629368059987
