RMSE,NDCG,F1,MAE
0.07133487719847043,0.012226701695385644,0.07120508440863438,0.08133761609725565
