RMSE,NDCG,F1,MAE
1.0683540328419072,0.8228255633509057,0.6040955631399317,0.8683883878812443
