RMSE,NDCG,F1,MAE
0.9970191556434368,0.8105988616555201,0.6753006475485661,0.7870507717839886
