RMSE,NDCG,F1,MAE
1.0674906169621867,0.8200749353063997,0.5627240143369175,0.8736519498150985
