RMSE,NDCG,F1,MAE
0.9841671987343159,0.818456604053151,0.6420454545454546,0.7801812490426596
