RMSE,NDCG,F1,MAE
0.08332341822787082,0.0016183312532487282,0.07932144020853704,0.09347070077243891
