RMSE,NDCG,F1,MAE
0.0761149221137134,0.005173942209363402,0.06774414574180809,0.09321703586912211
