RMSE,NDCG,F1,MAE
0.9886187404666289,0.8211586786067664,0.6604651162790698,0.7777498100526209
