RMSE,NDCG,F1,MAE
1.0647336625803423,0.8263326208161298,0.5927209705372617,0.870966845921743
