RMSE,NDCG,F1,MAE
1.0663314146362117,0.8150416483527462,0.5966101694915255,0.8671911013914346
