RMSE,NDCG,F1,MAE
0.990244931014469,0.8165605381972425,0.6757000903342367,0.7791905504277651
