RMSE,NDCG,F1,MAE
0.07608648362174275,0.0015188898444963295,0.07908992084271127,0.08800055096366954
