RMSE,NDCG,F1,MAE
0.9869102600755538,0.8216857021111086,0.64733395696913,0.776854213409449
