RMSE,NDCG,F1,MAE
1.067167098933993,0.818484022017049,0.5795053003533569,0.8729749690552681
