RMSE,NDCG,F1,MAE
0.08025683885843915,0.0032016800940596335,0.06782865661577309,0.09612075564581901
