RMSE,NDCG,F1,MAE
1.0681009854143135,0.8182263959420834,0.5627240143369175,0.8739446867400162
