RMSE,NDCG,F1,MAE
0.08339166621261207,0.0003523203803261765,0.07932144020853704,0.09312283967119905
