RMSE,NDCG,F1,MAE
0.9847093192017015,0.8178740755617572,0.6420454545454546,0.7808218470688172
