RMSE,NDCG,F1,MAE
1.0681829126463733,0.8340582131907733,0.5400372439478585,0.8737558154808664
