RMSE,NDCG,F1,MAE
0.08178642217725196,0.02118131645578658,0.06943021167344332,0.08995414383778866
