RMSE,NDCG,F1,MAE
0.9863964904691214,0.8128768967349868,0.6094674556213018,0.7838016716430778
