RMSE,NDCG,F1,MAE
0.0032631407673706647,0.00736487331396285,0.0013009809716002518,0.01287634206085364
