RMSE,NDCG,F1,MAE
0.913897371410351,0.8743211446555177,0.7186544342507645,0.7097769059098133
