RMSE,NDCG,F1,MAE
0.9106342306429803,0.8669562713415548,0.7173534532791642,0.722653247970667
