RMSE,NDCG,F1,MAE
0.004965506725501001,0.005037466091211806,0.002044633952974717,0.00624231751614146
