RMSE,NDCG,F1,MAE
0.9159681505994831,0.8700408943137182,0.7166618033265246,0.7238711261996682
