RMSE,NDCG,F1,MAE
0.9209336573249841,0.87507836040493,0.7146171693735499,0.7176288086835267
