RMSE,NDCG,F1,MAE
0.010874926507724925,0.014639064070351315,0.003536655609376882,0.0154903513698319
