RMSE,NDCG,F1,MAE
0.9373384173439268,0.8676592153116475,0.7196100917431193,0.7336451129551873
