RMSE,NDCG,F1,MAE
0.9264634908362018,0.8822982793819988,0.7231467473524962,0.7181547615853554
