RMSE,NDCG,F1,MAE
0.004863012428407698,0.006384926821647263,0.002241334859047983,0.01127778795213319
