RMSE,NDCG,F1,MAE
0.9151412351266756,0.8753725614742984,0.7210365853658537,0.7100803183582497
