RMSE,NDCG,F1,MAE
0.9102782226982679,0.8689876346526512,0.7187952505068057,0.7213581063103829
