RMSE,NDCG,F1,MAE
0.9648122127669724,0.8775427012452129,0.7132459970887919,0.7554843959264513
