RMSE,NDCG,F1,MAE
0.02812585025699066,0.01718576657000459,0.00016820678439499748,0.021728329931147483
