RMSE,NDCG,F1,MAE
0.9366863625099817,0.8603569346752084,0.7130777903043969,0.7337560659953039
