RMSE,NDCG,F1,MAE
0.9876762753406383,0.8852755412215407,0.7214493691362018,0.7761702498826606
