RMSE,NDCG,F1,MAE
0.9063094558260526,0.8648732306069754,0.7367788461538461,0.716022835619686
