RMSE,NDCG,F1,MAE
0.08136681951458569,0.020402310614565322,0.01532947701764431,0.06014741426297454
