RMSE,NDCG,F1,MAE
0.1310876640864268,0.009093526149956177,0.032312677409058854,0.09663691420315423
