RMSE,NDCG,F1,MAE
1.0438530795114036,0.8828562267563322,0.6971854866056291,0.8198222829623462
