RMSE,NDCG,F1,MAE
0.9127654154249768,0.8737627006063761,0.7294981640146879,0.7231853687591919
