RMSE,NDCG,F1,MAE
1.003670200754294,0.844305933431635,0.6490473263675476,0.792270686972123
