RMSE,NDCG,F1,MAE
0.08164696644202896,0.015141969289501622,0.04538848339309898,0.053326000478013724
