RMSE,NDCG,F1,MAE
1.0853171671963229,0.8291639641421333,0.6944358097606466,0.8455966874501367
