RMSE,NDCG,F1,MAE
0.9004295010364514,0.8755415094453629,0.7317961165048543,0.7110004840331634
