RMSE,NDCG,F1,MAE
0.9722682152116382,0.8875771915812273,0.7420698494072413,0.7651587274057453
