RMSE,NDCG,F1,MAE
0.07183871417518684,0.012035682135864367,0.010273732902386978,0.054158243372581905
