RMSE,NDCG,F1,MAE
0.9008434906601676,0.8944915785841256,0.7644300144300145,0.7051435346434913
