RMSE,NDCG,F1,MAE
0.8352261466973221,0.8964730686352448,0.7199468673898606,0.6554265894834745
