RMSE,NDCG,F1,MAE
0.06561734396284546,0.001981490051119139,0.04448314704015388,0.04971694516001679
