RMSE,NDCG,F1,MAE
0.866646723278129,0.8885925284725442,0.7009174311926606,0.6804215420486334
