RMSE,NDCG,F1,MAE
0.9332074680156262,0.8734560132489074,0.7439568612867237,0.7333327537344885
