RMSE,NDCG,F1,MAE
0.06656074473749718,0.015136515223636793,0.04303943009406308,0.05291121168585511
