RMSE,NDCG,F1,MAE
0.031103509538932927,0.0026477895366577853,0.07776220250382437,0.02725840714285599
