RMSE,NDCG,F1,MAE
1.0289274955541277,0.8421487903884631,0.65312439543432,0.803883400584319
