RMSE,NDCG,F1,MAE
1.0600310050930606,0.8447965799251209,0.7308865979381444,0.8311418077271749
