RMSE,NDCG,F1,MAE
0.913713532731911,0.887921910102733,0.7521539871677361,0.7183340669999415
