RMSE,NDCG,F1,MAE
0.0648529528525219,0.009147804737806187,0.033872492426183176,0.05614895239867823
