RMSE,NDCG,F1,MAE
0.8488605798793891,0.8970697148405392,0.7182814947415529,0.6621851146012633
