RMSE,NDCG,F1,MAE
1.035415373954964,0.8824736690793842,0.6732348111658456,0.8225386891969122
