RMSE,NDCG,F1,MAE
1.051122927559434,0.8653460525771006,0.675,0.8328673880785861
