RMSE,NDCG,F1,MAE
0.8284521828120439,0.913781586039368,0.7970660146699267,0.6511285121812301
