RMSE,NDCG,F1,MAE
0.21307299399182922,0.03774511935181912,0.10131578947368414,0.17087524977117763
