RMSE,NDCG,F1,MAE
0.20696319114292017,0.031307916959983806,0.12383120350408106,0.17141017701568206
