RMSE,NDCG,F1,MAE
0.8380499335676048,0.9030911719289197,0.7763157894736842,0.6619921383074084
