RMSE,NDCG,F1,MAE
0.23641019132905938,0.04826260090256418,0.099784012066365,0.1929621424114063
