RMSE,NDCG,F1,MAE
0.8515935066863086,0.9085448948977979,0.7936,0.664067307894637
