RMSE,NDCG,F1,MAE
1.088003698015368,0.8602822939952337,0.693815987933635,0.8570294503060433
