RMSE,NDCG,F1,MAE
0.8262869750530155,0.9173186047216129,0.7953985209531635,0.6498847110268904
