RMSE,NDCG,F1,MAE
1.0355074826951365,0.8771959066601103,0.6710526315789473,0.8218908060663284
