RMSE,NDCG,F1,MAE
0.20922050764212097,0.04012269806150259,0.1243458893742162,0.17200609503943798
