RMSE,NDCG,F1,MAE
0.18849047994124335,0.028569312819239134,0.10033816333856005,0.1513738412987773
