RMSE,NDCG,F1,MAE
1.070727326052474,0.8736528544450352,0.6697674418604651,0.8523445951241445
