RMSE,NDCG,F1,MAE
0.8822368461112305,0.9022221672642743,0.7701056051990252,0.7009707538253672
