RMSE,NDCG,F1,MAE
1.0830633364009863,0.8024173229061201,0.5821299638989169,0.8723261964306419
