RMSE,NDCG,F1,MAE
0.003328708188985452,0.021421013912251263,0.09214537221941,0.01333673858794926
