RMSE,NDCG,F1,MAE
1.0797346282120008,0.7809963089938688,0.4899845916795069,0.8589894578426926
