RMSE,NDCG,F1,MAE
0.010258197221347132,0.0010881897540117036,0.08851170123461849,0.0016153833113655702
