RMSE,NDCG,F1,MAE
1.104811550437591,0.8024315687413892,0.5118343195266272,0.879541897851757
