RMSE,NDCG,F1,MAE
1.094553353216244,0.8035197584954009,0.6003460207612457,0.8779265145403914
