RMSE,NDCG,F1,MAE
0.012155360617065458,0.024192783033197163,0.0836813369451842,0.0006686470354004825
