RMSE,NDCG,F1,MAE
1.084127126893649,0.8007881477044664,0.6123156981786644,0.8685869740767536
