RMSE,NDCG,F1,MAE
1.0962824875107144,0.7765953646712692,0.5286343612334802,0.869255621112154
