RMSE,NDCG,F1,MAE
1.0815499503482036,0.7926492050758557,0.5133531157270029,0.8574529791915155
