RMSE,NDCG,F1,MAE
1.079643427979492,0.8021273039019506,0.6038394415357766,0.864971501458113
