RMSE,NDCG,F1,MAE
0.0019065223687115829,0.00947809882609496,0.0904863258087737,0.007518522266597438
