RMSE,NDCG,F1,MAE
0.018516474165345187,0.032571780965928165,0.10072045341051783,0.006354685152918704
