RMSE,NDCG,F1,MAE
1.0894143044616362,0.8007629866720078,0.6336717428087987,0.8696132251343127
