RMSE,NDCG,F1,MAE
1.1079307786269814,0.7681912057060797,0.5329512893982808,0.8759679102872314
