RMSE,NDCG,F1,MAE
0.007697522213270247,0.02855039632880474,0.10542432195975504,0.001058622891233152
