RMSE,NDCG,F1,MAE
1.0846472246177141,0.7768778463706925,0.5,0.8619400726424202
