RMSE,NDCG,F1,MAE
1.0769497024044439,0.8054282426994972,0.605424321959755,0.8629986955336534
