RMSE,NDCG,F1,MAE
1.0965954138484015,0.7725962224152453,0.5278592375366569,0.8694891072195885
