RMSE,NDCG,F1,MAE
0.012264440727392634,0.02888903367760287,0.08505797095922518,0.000789950755947455
