RMSE,NDCG,F1,MAE
1.084330973121009,0.8014852560928482,0.612917208495882,0.868699156463641
