RMSE,NDCG,F1,MAE
1.0836727117367466,0.7611354143254853,0.5068702290076336,0.8615585165516321
