RMSE,NDCG,F1,MAE
0.0026377714220435777,0.03794226385031585,0.07762103051724312,0.008009624542490767
