RMSE,NDCG,F1,MAE
1.081034940314703,0.7990776781758011,0.5844912595248767,0.8695681410941228
