RMSE,NDCG,F1,MAE
0.07386813474330034,0.00011812213976658548,0.061273858763708056,0.08942707515031201
