RMSE,NDCG,F1,MAE
1.067152219884712,0.8166303034656831,0.5924657534246576,0.8684162892853238
