RMSE,NDCG,F1,MAE
0.9932840851414118,0.8167484256054497,0.6537396121883656,0.7789892141350118
