RMSE,NDCG,F1,MAE
1.060047696311148,0.8386074580937598,0.5862068965517241,0.8632333569763907
