RMSE,NDCG,F1,MAE
0.06386409852808095,0.026375726898200114,0.07485752921858402,0.08275486559011691
