RMSE,NDCG,F1,MAE
0.9961835977830671,0.8122317311955597,0.6610644257703081,0.7804784913862738
