RMSE,NDCG,F1,MAE
1.0640341732150809,0.8187670804090831,0.5834797891036907,0.8715372394043944
