RMSE,NDCG,F1,MAE
0.9839170452714013,0.8185611548332141,0.6427221172022685,0.7778899539623377
