RMSE,NDCG,F1,MAE
0.08011712794367953,0.00020592557586895932,0.05924232809857777,0.0936472854420567
