RMSE,NDCG,F1,MAE
0.07715048965316051,0.005940804846215508,0.0729134366925065,0.09124455901478912
