RMSE,NDCG,F1,MAE
1.0647545771780091,0.8303762343963689,0.5763888888888888,0.865654425461553
