RMSE,NDCG,F1,MAE
0.9876040875248486,0.8244354295501534,0.6493023255813953,0.7744098664467639
