RMSE,NDCG,F1,MAE
1.0582958700958212,0.8165656083547707,0.6063651591289783,0.8636594385806797
