RMSE,NDCG,F1,MAE
0.07352431419673033,0.0007833240984899126,0.0675478843492826,0.08961911324396743
