RMSE,NDCG,F1,MAE
0.9847715558990908,0.8157822842562807,0.6739130434782609,0.7740403253367123
