RMSE,NDCG,F1,MAE
0.07733499193006188,0.002501932693808495,0.07923904719680797,0.09311028199184168
