RMSE,NDCG,F1,MAE
1.0650454413418753,0.8245087021299627,0.5719237435008665,0.8695618805154065
