RMSE,NDCG,F1,MAE
0.9877104494118134,0.8220067694361542,0.6511627906976745,0.7764515985235648
