RMSE,NDCG,F1,MAE
1.0645022798005135,0.819569412209987,0.5769911504424778,0.8719734831719799
