RMSE,NDCG,F1,MAE
0.08012605418154062,0.0018814150800630092,0.06633902931154301,0.0936149980903681
