RMSE,NDCG,F1,MAE
0.9843762256189729,0.817687997129924,0.6433301797540208,0.7783584850816118
