RMSE,NDCG,F1,MAE
0.08023963824389202,0.004709429761419859,0.0965416630910495,0.09007097804350794
