RMSE,NDCG,F1,MAE
0.985770533225305,0.8180212256448477,0.627906976744186,0.7808481424357793
