RMSE,NDCG,F1,MAE
1.066010171469197,0.8227306554062676,0.5313653136531366,0.8709191204792872
