RMSE,NDCG,F1,MAE
100.73148570300717,98.76792287936863,96.43492926887188,100.18505510365321
