RMSE,NDCG,F1,MAE
103.0192088048557,97.95995443550217,97.84354003158988,103.42836907168962
