RMSE,NDCG,F1,MAE
94.80074904054361,97.00388506237572,96.265486125346,96.75151334823049
