RMSE,NDCG,F1,MAE
100.62922666345993,98.31430841593159,98.81778047818808,100.77211001850415
