RMSE,NDCG,F1,MAE
0.8741095712366976,0.8908243018504192,0.7213114754098361,0.6902266685156021
