RMSE,NDCG,F1,MAE
0.10160282407978227,0.00987575495251447,0.03546015646499201,0.07530208743726363
