RMSE,NDCG,F1,MAE
0.9757123953164799,0.8809485468979047,0.6858513189448441,0.7655287559528657
