RMSE,NDCG,F1,MAE
0.11930613871085927,0.019016775015055942,0.046742446348515765,0.10597578231215465
