RMSE,NDCG,F1,MAE
0.9025681618388953,0.8872438494618147,0.7162055335968379,0.6995321634435016
