RMSE,NDCG,F1,MAE
1.0218743005497546,0.8682270744467587,0.6694630872483222,0.8055079457556562
