RMSE,NDCG,F1,MAE
0.14426341253552233,0.012058533632239965,0.007272681843816686,0.09744126801933306
