RMSE,NDCG,F1,MAE
0.959219178931921,0.8452756112381931,0.6745283018867925,0.7571954403389978
