RMSE,NDCG,F1,MAE
1.1034825914674433,0.8332170776059531,0.6818009837306092,0.8546367083583308
