RMSE,NDCG,F1,MAE
0.8700782170600379,0.895308035513684,0.7256916996047431,0.687759506535702
