RMSE,NDCG,F1,MAE
0.958557233848901,0.8847214789378874,0.7027888446215139,0.7523689072440563
