RMSE,NDCG,F1,MAE
0.08847901678886316,0.010586556575796546,0.022902854983229193,0.0646094007083543
