RMSE,NDCG,F1,MAE
106.01674048240011,99.3400644357335,100.07239016789151,106.59737468276431
