RMSE,NDCG,F1,MAE
105.19186466937333,100.62009042984796,101.63880977396698,106.16836986923121
