RMSE,NDCG,F1,MAE
105.22400071038507,100.62504509562653,95.83002192751722,103.80873325074087
