RMSE,NDCG,F1,MAE
105.51211436921828,98.94745193847314,102.12690842144075,106.5533482443297
