RMSE,F1,MAE
0.09672506463856378,0.0025083612040134318,0.07076178588859816
