RMSE,NDCG,F1,MAE
0.9487171696016159,0.893939874786602,0.750465549348231,0.7475037071798233
