RMSE,NDCG,F1,MAE
0.8539096559252376,0.8793325024098536,0.7612049963262307,0.6796121626629595
