RMSE,NDCG,F1,MAE
0.853510429876781,0.8913219170123533,0.7542687453600594,0.676308671038692
