RMSE,F1,MAE
0.8500805505972552,0.7590618336886994,0.6770742321991451
