RMSE,NDCG,F1,MAE
0.09520673972483484,0.0026179577742486693,0.003803196011828436,0.07119503614113132
