RMSE,NDCG,F1,MAE
0.9598123724240782,0.8904177425226334,0.7340475081509082,0.7521825030005794
