RMSE,NDCG,F1,MAE
0.10590271649884064,0.011085240112779782,0.027157488175322486,0.07257034033761989
