RMSE,F1,MAE
0.8490674704084404,0.75,0.6731522066156089
