RMSE,NDCG,F1,MAE
0.8448372713275486,0.9039354234860222,0.7741027445460943,0.6634625207724978
