RMSE,F1,MAE
0.13994467230178687,0.022270228141069603,0.10554187193859166
