RMSE,NDCG,F1,MAE
0.13977071275298547,0.020035046355391106,0.025715647771900718,0.10713384108927315
