RMSE,NDCG,F1,MAE
0.9846079840805341,0.8839003771306311,0.7483870967741936,0.7705963618617709
