RMSE,F1,MAE
0.9452399651137301,0.7520868113522537,0.7420024900574949
