RMSE,NDCG,F1,MAE
0.8567379367358701,0.885067099321879,0.7451564828614009,0.6797379909606502
