RMSE,NDCG,F1,MAE
0.09183684583680174,0.005010573626878401,0.005307339030992453,0.06631466699328747
