RMSE,NDCG,F1,MAE
0.9485747825726718,0.8900776729487574,0.7504638218923934,0.7460526579539377
