RMSE,F1,MAE
0.14462465348055087,0.001617302145546562,0.09882209650179063
