RMSE,NDCG,F1,MAE
0.8688825804493484,0.8720812686850931,0.7492537313432835,0.6882259147304063
