RMSE,NDCG,F1,MAE
1.0136137271835173,0.8753223425866318,0.7419064748201439,0.788510308575271
