RMSE,NDCG,F1,MAE
0.14473114673416887,0.0032410739015387158,0.007347256523139611,0.10028439384486476
