RMSE,NDCG,F1,MAE
100.1351313618354,96.91012245989421,95.53446458299895,101.86444955780105
