RMSE,NDCG,F1,MAE
102.82481860891146,96.20522902170477,95.7619778076699,104.08524570597399
