RMSE,NDCG,F1,MAE
105.74500130344566,99.17229356634164,94.27411647575556,105.30203712260979
