RMSE,NDCG,F1,MAE
100.19296147950027,97.19728552888292,94.24044430739461,101.97117625120092
