algorithm,georisk
SVD,0.7715457609923334
BIASEDMF,0.7736456012338261
NMF,0.7624174377414147
StochasticItemKNN,0.7332898526533824
BayesianRidge,0.7042040042468451
Tweedie,0.7032756883649848
Ridge,0.7041475298871614
RandomForest,0.7041663564461548
Bagging,0.7009009711816744
AdaBoost,0.702580445666322
GradientBoosting,0.7056085582587178
LinearSVR,0.7008970823391631
