algorithm,georisk
SVD,0.7757743036254446
BIASEDMF,0.7785775449261674
NMF,0.7656286659005215
StochasticItemKNN,0.7306198333722594
BayesianRidge,0.6965757320010534
Tweedie,0.69649719600903
Ridge,0.6964979625490034
RandomForest,0.695765301134119
Bagging,0.6922148810460247
AdaBoost,0.6964465738757084
GradientBoosting,0.6980264633024136
LinearSVR,0.6900697430263475
