RMSE,NDCG,F1,MAE
0.03570559754346159,0.011851120294394502,0.015220521158910372,0.03585097244867219
