RMSE,NDCG,F1,MAE
0.8601755153347136,0.8955203169621074,0.7760290556900726,0.6652842958135617
