RMSE,NDCG,F1,MAE
0.8958811128781752,0.9073714372565019,0.7608085345311623,0.7011352682622339
