RMSE,NDCG,F1,MAE
0.8889387701540113,0.8808017075765984,0.7633776678008042,0.6909409152720963
