RMSE,NDCG,F1,MAE
0.0389089811981268,0.008435167849943248,0.02463632830888729,0.0338746688446816
