RMSE,NDCG,F1,MAE
0.9278477513521382,0.8892368754265416,0.7387413394919169,0.7248155841167779
