RMSE,NDCG,F1,MAE
1.0662055630444427,0.8462650923445015,0.7122720806931333,0.8348344779177
