RMSE,NDCG,F1,MAE
0.037280561095319076,0.015857994152778998,0.005400333099970123,0.030436835448301003
