RMSE,NDCG,F1,MAE
1.0289250019491236,0.8304070981917225,0.7176724137931034,0.804397642469399
