RMSE,NDCG,F1,MAE
0.9019893176271409,0.9059098239847707,0.7550904977375565,0.7084010937793287
