RMSE,NDCG,F1,MAE
0.03559023550151641,0.020370586874574048,0.016892522274572053,0.03270996807024562
