RMSE,NDCG,F1,MAE
0.8663990821256244,0.8855392371101967,0.7719830200121286,0.6756911257090831
