RMSE,NDCG,F1,MAE
103.96464206849384,99.17167985421558,103.36528297713872,104.79346108094904
