RMSE,NDCG,F1,MAE
143.45333554281018,97.38688430638611,111.64551432939408,132.10816579370007
