RMSE,NDCG,F1,MAE
145.69465246963836,101.45118343521634,117.53900624650298,134.0144265338081
