RMSE,NDCG,F1,MAE
103.46325436651126,100.25983208375628,104.59747345908062,104.43815490862754
