RMSE,NDCG,F1,MAE
1.129615759275198,0.8216172941622121,0.5405405405405406,0.8939871969976232
