RMSE,NDCG,F1,MAE
0.048079725351986013,0.052051268710679444,0.10886422136422136,0.020238013993711612
