RMSE,NDCG,F1,MAE
1.081536033923212,0.7695660254515326,0.6494047619047619,0.8737491830039116
