RMSE,NDCG,F1,MAE
0.052403678104885554,0.04573026320107543,0.11418621392758455,0.028310262524610774
