RMSE,NDCG,F1,MAE
1.1512022141739682,0.8178073901606769,0.5439384220654265,0.9055901288995819
