RMSE,NDCG,F1,MAE
1.0987985360690826,0.7720771269596015,0.6581246359930111,0.8772798663749711
