RMSE,NDCG,F1,MAE
1.090052853484034,0.7693458885037173,0.6639392168322619,0.8716587864221982
