RMSE,NDCG,F1,MAE
0.04595659857501255,0.05125576622156114,0.12196962000476685,0.021355972777885812
