RMSE,NDCG,F1,MAE
1.1360094520590465,0.8206016547252785,0.541969596827495,0.893014759200084
