RMSE,NDCG,F1,MAE
1.1299960852727255,0.817834309902636,0.5434062292909212,0.8907403483214731
