RMSE,NDCG,F1,MAE
0.049343754566844034,0.050002850093945006,0.11640575660802122,0.02286687398116216
