RMSE,NDCG,F1,MAE
1.0806523307058815,0.7678314598086909,0.6598119858989424,0.8678734743403109
