RMSE,NDCG,F1,MAE
1.1525746021295264,0.8202794176648718,0.5577536694320357,0.9030544042794054
