RMSE,NDCG,F1,MAE
1.1009769391407749,0.769339093003319,0.6750356633380884,0.8768148775408273
