RMSE,NDCG,F1,MAE
0.05159766298875157,0.05094032466155274,0.11728199390605265,0.0262395267385781
