RMSE,NDCG,F1,MAE
1.0775116447770006,0.7734943591489545,0.6660859465737514,0.8645443289779399
