RMSE,NDCG,F1,MAE
1.1290308785858691,0.8251764956768322,0.5533290239172592,0.889565136792517
