RMSE,NDCG,F1,MAE
0.05151923380886858,0.051682136527877676,0.11275692265649218,0.025020807814577162
