RMSE,NDCG,F1,MAE
1.0904434610324654,0.7700344946969082,0.6637452527023079,0.8719683441221231
