RMSE,NDCG,F1,MAE
0.04575997330530868,0.05056716002837025,0.12309753294024572,0.021195273186528585
