RMSE,NDCG,F1,MAE
1.136203434337774,0.8206016547252785,0.5406477197620622,0.8931636173086517
