RMSE,NDCG,F1,MAE
1.0855910477285544,0.7673717611752604,0.6503918022905365,0.869935883068405
