RMSE,NDCG,F1,MAE
1.132597642087922,0.8216333435105843,0.5238424326192122,0.8926449375191595
