RMSE,NDCG,F1,MAE
0.047006594359367604,0.054261582335323855,0.12654936967132435,0.02270905445075455
