RMSE,NDCG,F1,MAE
0.8969513530545341,0.8884019680596135,0.7435470441298918,0.7067950396215102
