RMSE,NDCG,F1,MAE
0.8874340815625849,0.8688270372260202,0.7091711623344776,0.6998891227427034
