RMSE,NDCG,F1,MAE
0.010898862539660104,0.027164564525987256,0.0348856268070572,0.009599179907080146
