RMSE,NDCG,F1,MAE
0.006783702002619019,0.020731056470078446,0.02995022013481241,0.009852765954032616
