RMSE,NDCG,F1,MAE
0.886052490514874,0.8612374035336262,0.7086614173228346,0.6971958597144301
