RMSE,NDCG,F1,MAE
0.8942177835652039,0.8895580936960986,0.73912138246929,0.709741888696736
