RMSE,NDCG,F1,MAE
0.8837214108317909,0.8608388472293429,0.7158924205378973,0.6922588873183328
