RMSE,NDCG,F1,MAE
0.03888039397553433,0.032507804763350134,0.025158448208177697,0.02847123576121402
