RMSE,NDCG,F1,MAE
0.9226018048073252,0.893346651992693,0.741050868746075,0.7207301230795469
