RMSE,NDCG,F1,MAE
0.8869141524687765,0.8681767087922483,0.7128129602356407,0.6979810316890677
