RMSE,NDCG,F1,MAE
0.0076602492635275965,0.019580411461081915,0.025103706431025996,0.010858274212759866
