RMSE,NDCG,F1,MAE
0.8945744017323041,0.8877571202533302,0.7379166666666667,0.7088393059018275
