RMSE,NDCG,F1,MAE
0.0027423501845862397,0.016857856357226586,0.015455325816102872,0.0078382292946787
