RMSE,NDCG,F1,MAE
0.9389165565793892,0.8653193813459764,0.7187789084181314,0.7279334098843732
