RMSE,NDCG,F1,MAE
0.936174206394803,0.882177237703203,0.7342342342342343,0.7357716391790519
