RMSE,NDCG,F1,MAE
0.03101155553456314,0.013393890580925771,0.06197521339329026,0.01652377441287245
