RMSE,NDCG,F1,MAE
0.9206697627211301,0.8768656798930492,0.6979272850832484,0.7199655640029121
