RMSE,NDCG,F1,MAE
0.889658207186567,0.890259570473975,0.7599024984765387,0.7034417895900397
