RMSE,NDCG,F1,MAE
0.8783167575740465,0.904612956931416,0.7691147639873323,0.6891303820247375
