RMSE,NDCG,F1,MAE
0.9056864987524056,0.881131006826938,0.7172599059771659,0.7025438493014742
