RMSE,NDCG,F1,MAE
0.027369741178359108,0.023481950104477955,0.051854858010166316,0.013413467276736646
