RMSE,NDCG,F1,MAE
0.901447439601559,0.869287114868574,0.7236180904522613,0.7020424206185566
