RMSE,NDCG,F1,MAE
0.9152376467977966,0.9007213865506639,0.753199268738574,0.707335443946906
