RMSE,NDCG,F1,MAE
0.01379020719623758,0.0314342716820899,0.02958117828631268,0.0052930233283493555
