RMSE,NDCG,F1,MAE
0.8827992289988486,0.8983926648576537,0.7607006854531607,0.6959824880836712
