RMSE,NDCG,F1,MAE
0.028376827662572768,0.012246084605266772,0.05102326609832197,0.011963766353954797
