RMSE,NDCG,F1,MAE
0.9111760566614213,0.8861465802523869,0.7096774193548387,0.707946254437626
