RMSE,NDCG,F1,MAE
0.0060231020430053794,0.024358985190021554,0.037922249435488276,0.0008834636594802214
