RMSE,NDCG,F1,MAE
0.9424891442482037,0.8911713975431139,0.752023988005997,0.7338024411531571
