RMSE,NDCG,F1,MAE
0.9485122462912091,0.8668124123530924,0.7141017385705087,0.7346859048126373
