RMSE,NDCG,F1,MAE
100.33286447137446,98.75728416857545,97.37026017753291,99.9142325115529
