RMSE,NDCG,F1,MAE
103.43829085788639,97.5558915893983,98.0294202147804,103.10666609174307
