RMSE,NDCG,F1,MAE
94.47484768524433,94.59064810686351,96.83744458844939,96.52122082749119
