RMSE,NDCG,F1,MAE
100.72041322458693,97.73894335346019,98.44711758292006,100.84115958257931
