RMSE,NDCG,F1,MAE
108.29578666475173,110.35816960118923,111.41895424836603,107.50087390929816
