RMSE,NDCG,F1,MAE
107.68331491243059,110.08863246178116,110.12548092639626,106.67472466605847
