RMSE,NDCG,F1,MAE
107.83743117887342,108.13673733014765,107.91689438299719,107.13127253451373
