RMSE,NDCG,F1,MAE
107.93432617158378,110.53415988927586,109.79228486646883,107.00834853772506
