RMSE,NDCG,F1,MAE
107.78625066337861,108.17480903820405,109.47192693884567,107.65636878325876
