RMSE,NDCG,F1,MAE
108.4181514118727,109.99812773564308,109.65166130760986,107.6379276111606
