RMSE,NDCG,F1,MAE
107.84040383579165,108.13128169960021,108.11711125569292,107.13828928581057
