RMSE,NDCG,F1,MAE
106.55394197956763,109.41274828632035,111.80424372885822,105.87184278362993
