RMSE,NDCG,F1,MAE
101.63253295334268,96.72573060524464,96.50863331207734,101.23440566041451
