RMSE,NDCG,F1,MAE
101.04382555431752,95.46495235893953,94.84545143499292,101.0685953602861
