RMSE,NDCG,F1,MAE
102.6997055175718,96.03041993924877,90.54762335080426,102.27385683052468
