RMSE,NDCG,F1,MAE
102.04703738451289,95.60504877546006,93.53907215514782,101.61568523149363
