RMSE,NDCG,F1,MAE
102.84733807760969,96.29350950883061,92.86581580899609,102.42490584569607
