RMSE,NDCG,F1,MAE
101.67852683403027,95.81380664628396,94.27237965076549,101.29489533757119
