RMSE,NDCG,F1,MAE
102.69901797226093,96.20490387708203,90.56501267656645,102.27361687080851
