RMSE,NDCG,F1,MAE
102.07684070763814,95.97027313195609,87.75134713822126,102.09352936080293
