algorithm,georisk
SVD,0.8828521606320286
BIASEDMF,0.8854002419824566
NMF,0.8760065852237195
StochasticItemKNN,0.8559316433975079
BayesianRidge,0.8337451182950771
Tweedie,0.8326123153315782
Ridge,0.8337249517694713
RandomForest,0.834592443288967
Bagging,0.8314248792290121
AdaBoost,0.8335186630229573
GradientBoosting,0.8347968100716213
LinearSVR,0.8323048486175967
