RMSE,NDCG,F1,MAE
0.864945473102467,0.9159816480482037,0.7426400759734093,0.6801922333772801
