RMSE,NDCG,F1,MAE
1.066294030136182,0.877595609357826,0.6737588652482269,0.8582314728579551
