RMSE,NDCG,F1,MAE
1.083694720995717,0.8993959305266896,0.6776315789473685,0.8678396256131035
