RMSE,NDCG,F1,MAE
0.859056090242457,0.9166157794829517,0.7611262488646685,0.675659144502151
