RMSE,NDCG,F1,MAE
0.8593253896346634,0.9193746317927431,0.7634408602150538,0.6744999357395275
