RMSE,NDCG,F1,MAE
1.0648221860789608,0.8980126456565708,0.7138263665594855,0.85034714307735
