RMSE,NDCG,F1,MAE
0.8567513062238067,0.9206013459528615,0.7656940760389036,0.6679800470979933
