RMSE,NDCG,F1,MAE
0.858597857449418,0.9227060708013507,0.7566089334548769,0.6748416574904315
