RMSE,NDCG,F1,MAE
0.20288641900480398,0.038141402994212315,0.052929527553193134,0.17395812407470357
