RMSE,NDCG,F1,MAE
1.0621985212117355,0.8827221776936268,0.7081967213114754,0.8495703622268476
