RMSE,NDCG,F1,MAE
1.0610280194910406,0.8939045042039854,0.6896551724137931,0.8512701963074655
