RMSE,NDCG,F1,MAE
0.20092388109484405,0.02097358071926747,0.0582518043303929,0.17397132371658564
