RMSE,NDCG,F1,MAE
0.8601041383961966,0.9148780849232528,0.747906976744186,0.6772988725908798
