RMSE,NDCG,F1,MAE
1.1360427653093665,0.7684856192999915,0.5635869565217392,0.9093708604572224
