RMSE,NDCG,F1,MAE
0.07240803259201645,0.012291166968293132,0.13692028985507249,0.06421985390441265
