RMSE,NDCG,F1,MAE
1.06363473271735,0.7561944523316984,0.4266666666666667,0.8451510065528097
