RMSE,NDCG,F1,MAE
1.075076231660037,0.7298224516896152,0.45645645645645644,0.8515201817228727
