RMSE,NDCG,F1,MAE
1.153648948388227,0.7806974618877978,0.6086309523809523,0.9164529937169558
