RMSE,NDCG,F1,MAE
0.07857271672819,0.050875010198182524,0.1521744959244959,0.06493281199408307
