RMSE,NDCG,F1,MAE
0.06845055238732489,0.009166643078624581,0.16121789815686782,0.0600745623660055
