RMSE,NDCG,F1,MAE
1.1418068789914702,0.7682192988752226,0.6014694704839119,0.9092725332060217
