RMSE,NDCG,F1,MAE
1.0733563266041453,0.759052655796598,0.44025157232704404,0.8491979708400162
