RMSE,NDCG,F1,MAE
0.07515853932472871,0.0006949581191771914,0.1704622799167021,0.0641012470465746
