RMSE,NDCG,F1,MAE
1.0604534168950623,0.7676617405210974,0.44970414201183434,0.840840785810918
