RMSE,NDCG,F1,MAE
1.135611956219791,0.7683566986402746,0.6201664219285364,0.9049420328574926
