RMSE,NDCG,F1,MAE
1.0995148765038194,0.7620763993622972,0.4583333333333333,0.8666185374277081
