RMSE,NDCG,F1,MAE
0.06300993382618847,0.006639691442938633,0.16316313266715415,0.0528107637565548
