RMSE,NDCG,F1,MAE
1.1625248103300079,0.7687160908052358,0.6214964660004875,0.9194293011842629
