RMSE,NDCG,F1,MAE
1.1401062217337274,0.76980232427348,0.6167161226508407,0.9063592382763997
