RMSE,NDCG,F1,MAE
1.0704756367007482,0.7626695407512223,0.4573170731707317,0.846617380201186
