RMSE,NDCG,F1,MAE
0.06963058503297925,0.0071327835222577685,0.15939904948010902,0.059741858075213705
