RMSE,NDCG,F1,MAE
1.0736772638583838,0.759395193790754,0.44025157232704404,0.8494599371693914
