RMSE,NDCG,F1,MAE
1.1420810929203977,0.7682575387623509,0.6012674271229405,0.9094639663827416
