RMSE,NDCG,F1,MAE
0.06840382906201392,0.00886234497159688,0.16101585479589642,0.06000402921335024
