RMSE,NDCG,F1,MAE
0.08949364362471246,0.012288612253329112,0.1503686024927075,0.07961527048641337
