RMSE,NDCG,F1,MAE
1.1374429828390709,0.7721681802175527,0.5770352691593742,0.9091011030574787
