RMSE,NDCG,F1,MAE
1.0479493392143584,0.7598795679642236,0.4266666666666667,0.8294858325710653
