RMSE,NDCG,F1,MAE
0.0890965750879471,0.030003491562120232,0.04684022781635899,0.07297011749513871
