RMSE,NDCG,F1,MAE
1.0019456089178016,0.8182377643294994,0.6382189239332097,0.7966983296109047
