RMSE,NDCG,F1,MAE
1.0910421840057487,0.7882342727673791,0.5913786961168507,0.8696684471060434
