RMSE,NDCG,F1,MAE
1.1111485680104423,0.7888379661555093,0.5736994219653179,0.8847052699204945
