RMSE,NDCG,F1,MAE
0.09240097884913512,0.02246573146390274,0.05001673116259997,0.07606603861503791
