RMSE,NDCG,F1,MAE
1.0187475891613071,0.811303697619412,0.6237161531279178,0.8086392313054566
