RMSE,NDCG,F1,MAE
0.09010858531760801,0.029309112964388984,0.036356390168585495,0.07522795216693368
