RMSE,NDCG,F1,MAE
1.012249454642866,0.8206942570429717,0.6183206106870229,0.7994474518402633
