RMSE,NDCG,F1,MAE
1.102358039960474,0.7913851440785827,0.5819642205184374,0.874675404007197
