RMSE,NDCG,F1,MAE
1.010147632088016,0.821203021581135,0.6293183940242764,0.798908112061653
