RMSE,NDCG,F1,MAE
0.09129684259360471,0.03749895132342185,0.042479127573359476,0.0739097909933718
