RMSE,NDCG,F1,MAE
1.1014444746816208,0.7837040702577132,0.5868392664509169,0.8728179030550248
