RMSE,NDCG,F1,MAE
1.114941132863858,0.7896240539073972,0.594017094017094,0.8790148703611769
