RMSE,NDCG,F1,MAE
1.0239486920852618,0.8181716022599221,0.6341013824884792,0.8072018555700032
