RMSE,NDCG,F1,MAE
0.09099244077859625,0.028547548352524932,0.04008428847138523,0.07181301479117363
