RMSE,NDCG,F1,MAE
1.0921680783743475,0.7882368388145632,0.5943631823046736,0.8657409378110557
