RMSE,NDCG,F1,MAE
0.08824651965925367,0.0327826178291738,0.04275593126873367,0.0725984390928418
