RMSE,NDCG,F1,MAE
1.0039215587150938,0.821019456643737,0.6371191135734072,0.7931424987182139
