RMSE,NDCG,F1,MAE
1.102673028301662,0.79010082538428,0.5819642205184374,0.8748605936879393
