RMSE,NDCG,F1,MAE
0.09024670131966905,0.03051911529703999,0.039580107412925725,0.07530595307573662
