RMSE,NDCG,F1,MAE
1.0124263269819929,0.8206199406813199,0.6215443279313632,0.7995546406122027
