RMSE,NDCG,F1,MAE
1.0037354487300745,0.8195387493419171,0.6062992125984252,0.7942527077097081
