RMSE,NDCG,F1,MAE
0.0820229567538413,0.03040200201279486,0.03746411426257046,0.07023138961132025
