RMSE,NDCG,F1,MAE
1.0857584054839158,0.7891367473291222,0.5688350983358548,0.8644840973210284
