RMSE,NDCG,F1,MAE
1.086498495966395,0.7990782823071755,0.5907211759301791,0.8731437351188602
