RMSE,NDCG,F1,MAE
0.0195756919102974,0.01953988259828343,0.030838457097343785,0.02062832339273324
