RMSE,NDCG,F1,MAE
1.0669228040560976,0.779538399708892,0.6215596330275229,0.852515411726127
