RMSE,NDCG,F1,MAE
1.096990417519949,0.8009502744943173,0.5834101382488479,0.8794396609074147
