RMSE,NDCG,F1,MAE
0.0008875828719114853,0.013502944507482462,0.024682347300285068,0.0044049455731555165
