RMSE,NDCG,F1,MAE
1.0978780003918605,0.7874473299868349,0.608092485549133,0.8750347153342591
