RMSE,NDCG,F1,MAE
1.080527824966927,0.7902625966444086,0.6153846153846154,0.8552549069280986
