RMSE,NDCG,F1,MAE
1.0904637487104036,0.8045555264427966,0.585886722376973,0.8749016923339796
