RMSE,NDCG,F1,MAE
0.009935923743476627,0.014292929798388032,0.029497893007642384,0.01964678540588105
