RMSE,NDCG,F1,MAE
1.0877547833241528,0.7990363311334862,0.5897554222427319,0.8718894297693774
