RMSE,NDCG,F1,MAE
1.068886609804852,0.7860752743346294,0.6155632984901278,0.8503154376376449
