RMSE,NDCG,F1,MAE
0.018868173519300813,0.01296105679885673,0.02580787624739589,0.0215739921317325
