RMSE,NDCG,F1,MAE
1.0901528075155404,0.78637792800712,0.6285714285714286,0.8601959635187493
