RMSE,NDCG,F1,MAE
0.006099134191555278,0.015270804578020214,0.029205199508504198,0.015551255750036241
