RMSE,NDCG,F1,MAE
1.0962519417070957,0.8016487325851402,0.5993662290629244,0.8757472192687855
