RMSE,NDCG,F1,MAE
1.066407004212786,0.7841963572781987,0.6214039125431531,0.8478652382760118
