RMSE,NDCG,F1,MAE
1.083729457339333,0.8018619225551711,0.5877475817595578,0.86853656276167
