RMSE,NDCG,F1,MAE
0.01732245312654701,0.017665565276972384,0.03365633078359531,0.020671324485658227
