RMSE,NDCG,F1,MAE
1.0907489053214923,0.8046193675544293,0.5828677839851024,0.8751628715874956
