RMSE,NDCG,F1,MAE
0.010000072226181933,0.015494703257295295,0.032516831399513,0.019818521129178035
