RMSE,NDCG,F1,MAE
1.0807488330953103,0.789124664297134,0.6153846153846154,0.8553443504583176
