RMSE,NDCG,F1,MAE
1.0821524455310108,0.7852256905247578,0.6064209274673008,0.8599027076226265
