RMSE,NDCG,F1,MAE
0.0006893512867769402,0.015832850357064276,0.047740035129764435,0.010493953969353265
