RMSE,NDCG,F1,MAE
1.0814630942442338,0.801058540881822,0.5586808923375364,0.8703966615919798
