RMSE,NDCG,F1,MAE
110.53445714844463,111.8058043728115,149.6867286880577,112.5628647398929
