RMSE,NDCG,F1,MAE
113.22410530107928,125.09654785507536,146.39980539488622,113.68964634486917
