RMSE,NDCG,F1,MAE
110.26177446279408,109.6049970454687,137.1182299443464,111.4026496575554
