RMSE,NDCG,F1,MAE
111.21090956608344,108.23689446252864,134.46327683615817,113.30422711347316
