RMSE,NDCG,F1,MAE
110.31322785643249,111.12200914890045,133.60374063433048,111.87152420382915
