RMSE,NDCG,F1,MAE
111.1623860184193,111.0827727500497,144.7139269531037,113.6736839109219
