RMSE,NDCG,F1,MAE
110.24365630242265,109.59637457059144,137.30085367842966,111.37574634041508
