RMSE,NDCG,F1,MAE
110.62597079934169,108.9615892572802,147.38001314924392,111.90963373579204
