algorithm,georisk
SVD,0.8044018830354958
BIASEDMF,0.805743063429781
NMF,0.796159999522993
StochasticItemKNN,0.7647157678086342
BayesianRidge,0.7444869488499796
Tweedie,0.7428856722533682
Ridge,0.7444533980261657
RandomForest,0.7444743857054292
Bagging,0.7420947479787154
AdaBoost,0.7437013712571156
GradientBoosting,0.744862038591048
LinearSVR,0.7429718302706727
