algorithm,georisk
SVD,0.845700698356849
BIASEDMF,0.8465689778825967
NMF,0.8350984168988361
StochasticItemKNN,0.8007072321350545
BayesianRidge,0.7776854208024045
Tweedie,0.7771015612306
Ridge,0.7776327628075116
RandomForest,0.7772848028211298
Bagging,0.7745224180855081
AdaBoost,0.776966125453017
GradientBoosting,0.7780301710472314
LinearSVR,0.7745860388502674
