RMSE,NDCG,F1,MAE
0.004062791530977994,0.004491189482317082,0.06887078336640495,0.0005606427490536525
