RMSE,NDCG,F1,MAE
0.8652413875451086,0.896886975444959,0.6944962686567164,0.6769037336127679
