RMSE,NDCG,F1,MAE
0.8693041790760866,0.9013781649272761,0.7633670520231214,0.6774643763618216
