RMSE,NDCG,F1,MAE
0.9048431559771162,0.8823223981306548,0.6711733462095606,0.7104723962111653
