RMSE,NDCG,F1,MAE
0.9116895299160429,0.8822655753524395,0.7351645261085591,0.7131222245403225
