RMSE,NDCG,F1,MAE
0.006846373938926731,5.682277821528192e-05,0.0639911798989985,0.0026498283291571667
