RMSE,NDCG,F1,MAE
1.0591132192664539,0.836900756491791,0.618052653572921,0.8249680457715304
