RMSE,NDCG,F1,MAE
1.0195639073754281,0.8429239756379464,0.7322344033441123,0.7909094859589969
