RMSE,NDCG,F1,MAE
0.03954931189102573,0.006023219146155445,0.11418174977119122,0.03405855981253347
