RMSE,NDCG,F1,MAE
0.8882864677603245,0.8928253394585528,0.7479540229885058,0.6936131400105915
