RMSE,NDCG,F1,MAE
0.8748113082333363,0.8975768970702213,0.6899480887210948,0.683059545099868
