RMSE,NDCG,F1,MAE
0.01347515952698819,0.0047515576116684555,0.058005934267410963,0.010553594910723496
