RMSE,NDCG,F1,MAE
1.0022567595699352,0.8799125771655559,0.6689027311931002,0.7940063337721013
