RMSE,NDCG,F1,MAE
0.9292777849376198,0.8764125633802339,0.7198879551820728,0.7310548087530488
