RMSE,NDCG,F1,MAE
0.0729789746323154,0.0035000137853220536,0.05098522398897265,0.06295152501905243
