RMSE,NDCG,F1,MAE
0.15788295140383424,0.0014335918638849199,0.11494852547640366,0.13350808268670655
