RMSE,NDCG,F1,MAE
0.9442941023126272,0.8675023905179684,0.7230989956958394,0.7386361267708886
