RMSE,NDCG,F1,MAE
1.1021770537164615,0.8660687986540835,0.6081504702194357,0.8721442094575952
