RMSE,NDCG,F1,MAE
0.08467468366475472,0.01942105104979419,0.004512679648795759,0.06455291063207891
