RMSE,NDCG,F1,MAE
1.0495394758406023,0.8270079636605527,0.6401137980085349,0.8274478985951464
