RMSE,NDCG,F1,MAE
1.134214159505357,0.8464290147103469,0.6356011183597391,0.8920008092272254
