RMSE,NDCG,F1,MAE
0.06056118501930963,0.012933358480069934,0.06919494531387593,0.05541596981291508
