RMSE,NDCG,F1,MAE
0.9253836979229445,0.8909198458750156,0.7332382310984308,0.7240207844390703
