RMSE,NDCG,F1,MAE
0.9859448829422541,0.8779864873949457,0.6640432857845548,0.7794367542519853
