RMSE,NDCG,F1,MAE
0.11409415484289687,0.24807454029924902,0.21410928447394467,0.11231267700736036
