RMSE,NDCG,F1,MAE
1.1785778659521635,0.5882549870022767,0.4558139534883721,0.9574033017844432
