RMSE,NDCG,F1,MAE
1.0644837111092667,0.8363295273015258,0.6699232379623168,0.8450906247770829
