RMSE,NDCG,F1,MAE
1.1807806303346915,0.6338662386050388,0.45794392523364486,0.9546628747481928
