RMSE,NDCG,F1,MAE
1.0748391034635603,0.8317434572017426,0.6414545454545455,0.852326457648102
