RMSE,NDCG,F1,MAE
0.10594152687113123,0.19787721859670382,0.18351062022090064,0.10233641710009078
