RMSE,NDCG,F1,MAE
1.0697377505379557,0.8393582646780124,0.6323529411764706,0.8488707111172985
