RMSE,NDCG,F1,MAE
0.09753772815732598,0.2444515648475719,0.18575099942889772,0.100297187538532
