RMSE,NDCG,F1,MAE
1.1672754786952817,0.5949066998304405,0.44660194174757284,0.9491678986558305
