RMSE,NDCG,F1,MAE
1.064637919012167,0.8420051649130287,0.6468455402465555,0.840433175953363
