RMSE,NDCG,F1,MAE
0.11504886389605162,0.23924428262325403,0.21334800330074266,0.11906366606478358
