RMSE,NDCG,F1,MAE
1.1796867829082187,0.6027608822897746,0.43349753694581283,0.9594968420181466
