RMSE,NDCG,F1,MAE
1.0814125242527717,0.8378716564698385,0.6582100070472163,0.8499619022831896
