RMSE,NDCG,F1,MAE
1.1761289510982982,0.5752259382035892,0.4636363636363636,0.9544305952473272
