RMSE,NDCG,F1,MAE
0.0947164268455265,0.2626457182662493,0.1945736434108527,0.10446869296413763
