RMSE,NDCG,F1,MAE
0.11592041635317729,0.24585697817710062,0.23946771691132596,0.11830183543171624
