RMSE,NDCG,F1,MAE
1.061395650508978,0.8396822450619044,0.6374269005847953,0.840548148554814
