RMSE,NDCG,F1,MAE
1.1773160668621554,0.5938252668848037,0.3979591836734694,0.9588499839865302
