RMSE,NDCG,F1,MAE
1.0704574755187997,0.8385602979418401,0.6338958180484225,0.8492339420816677
