RMSE,NDCG,F1,MAE
0.09687963034392211,0.24365359811139953,0.1872938763008497,0.10029874599463662
