RMSE,NDCG,F1,MAE
1.1673371058627218,0.5949066998304405,0.44660194174757284,0.9495326880763043
