RMSE,NDCG,F1,MAE
1.071690326001452,0.8404246742174619,0.6152683295540439,0.8522089077873264
