RMSE,NDCG,F1,MAE
1.1661678359873782,0.569115620238642,0.40414507772020725,0.9462916296286823
