RMSE,NDCG,F1,MAE
0.09447750998592608,0.2713090539788199,0.21112325183383662,0.09408272184135591
