RMSE,NDCG,F1,MAE
1.219616150557752,0.8041023383157572,0.45690834473324216,0.9749385018195841
