RMSE,NDCG,F1,MAE
1.0264850633621516,0.8071594951436891,0.6183206106870229,0.8213076916463049
