RMSE,NDCG,F1,MAE
0.19313108719560046,0.0030571568279319505,0.16141226595378078,0.15363081017327918
