RMSE,NDCG,F1,MAE
1.2449710456994552,0.7842857771547507,0.4566929133858268,0.992589341801463
