RMSE,NDCG,F1,MAE
1.042265878902974,0.8092143161788918,0.6269397889509621,0.8315777746865629
