RMSE,NDCG,F1,MAE
0.2027051667964812,0.02492853902414116,0.17024687556513535,0.16101156711490006
