RMSE,NDCG,F1,MAE
0.18800173871514536,0.0067197535108600714,0.1586930294906167,0.1491038575683905
