RMSE,NDCG,F1,MAE
1.2197763476107566,0.803739715899465,0.46380697050938335,0.9719449608979582
