RMSE,NDCG,F1,MAE
1.0317746088956112,0.8104594694103251,0.6225,0.8228411033295677
