RMSE,NDCG,F1,MAE
0.19628984300740937,0.012649592349049277,0.16585479510386414,0.15688689490903895
