RMSE,NDCG,F1,MAE
1.224293194419053,0.8010173679193474,0.47581699346405226,0.9762259466011868
