RMSE,NDCG,F1,MAE
1.0280033514116436,0.8136669602683967,0.6416717885679164,0.8193390516921478
