RMSE,NDCG,F1,MAE
0.19612392517461652,0.004366973384378858,0.15342291289911242,0.1555935802670232
