RMSE,NDCG,F1,MAE
1.2321731803088032,0.8057068684648139,0.4884318766066838,0.9785066489240676
