RMSE,NDCG,F1,MAE
1.0360492551341867,0.8100738418491927,0.6418547895057962,0.8229130686570444
