RMSE,NDCG,F1,MAE
0.19540903035600699,0.015978050798516885,0.15973167302671215,0.15551245981088013
