RMSE,NDCG,F1,MAE
1.2279806241190907,0.7936339393753382,0.47780678851174935,0.9769539330052952
