RMSE,NDCG,F1,MAE
1.0325715937630837,0.8096119901738551,0.6375384615384615,0.8214414731944151
