RMSE,NDCG,F1,MAE
0.18806594769719975,0.0024777908798719883,0.15955342924077276,0.1493413614602096
