RMSE,NDCG,F1,MAE
1.2201129675979119,0.8064672190122236,0.46380697050938335,0.972338864696191
