RMSE,NDCG,F1,MAE
1.0320470199007121,0.8089450098920956,0.6233603997501561,0.8229975032359814
