RMSE,NDCG,F1,MAE
1.0274943880966587,0.8105612489356995,0.6055880441845354,0.822262948789736
