RMSE,NDCG,F1,MAE
0.18394831506099196,0.008648168583155758,0.1528102664067576,0.14523508308084354
