RMSE,NDCG,F1,MAE
1.2114427031576507,0.8019130803525437,0.4527777777777778,0.9674980318705796
