RMSE,NDCG,F1,MAE
92.40416944863732,107.12334872997363,88.45482256045865,92.32825327107585
