RMSE,NDCG,F1,MAE
93.60039300589544,103.05883553497088,91.8135550516503,94.12977101755465
