RMSE,NDCG,F1,MAE
91.88746340266792,106.39257920518992,86.79285374786814,91.83438070720293
