RMSE,NDCG,F1,MAE
92.32393506849608,106.95400112310453,89.89726884172661,92.04750292332218
