RMSE,NDCG,F1,MAE
91.91528121476722,106.22366526595218,89.85541490559224,91.9205663252249
