RMSE,NDCG,F1,MAE
92.09234507031971,106.41492287262264,90.2803738317757,92.27573331602876
