RMSE,NDCG,F1,MAE
91.88146441279531,105.21539810131773,86.89238683702855,91.81891747047428
