RMSE,NDCG,F1,MAE
92.50350712893864,106.5828871120028,86.367893135931,92.98565475619492
