RMSE,NDCG,F1,MAE
0.9693274599877304,0.8686188047662601,0.650212109525646,0.7607905900450536
