RMSE,NDCG,F1,MAE
0.004933607399249751,0.03627582670821117,0.049115460118926535,0.006031159006803843
