RMSE,NDCG,F1,MAE
0.9643938525884806,0.9048946314744712,0.6993275696445725,0.7547594310382497
