RMSE,NDCG,F1,MAE
1.0466216316212626,0.85789345696446,0.6181229773462783,0.8276504595299028
