RMSE,NDCG,F1,MAE
0.9986928152761173,0.882146025496843,0.7173489278752436,0.7731742832906388
