RMSE,NDCG,F1,MAE
0.04792881634514534,0.024252568532383,0.09922595052896532,0.05447617623926404
