RMSE,NDCG,F1,MAE
1.0862876600631615,0.8287412141987065,0.6559546313799622,0.8520648849886242
