RMSE,NDCG,F1,MAE
1.0732893494549756,0.8260953379963244,0.6303249097472924,0.8389821945454102
