RMSE,NDCG,F1,MAE
0.012998310608185903,0.0026458762023821025,0.025629721632669855,0.013082690443213973
