RMSE,NDCG,F1,MAE
0.009355794689753227,0.02483054463449086,0.062188660646705696,3.758539438603048e-05
