RMSE,NDCG,F1,MAE
0.9511008514513318,0.872921604071649,0.6562021439509954,0.7505273796104293
