RMSE,NDCG,F1,MAE
0.9604566461410851,0.8977521487061398,0.7183908045977011,0.7505649650048153
