RMSE,NDCG,F1,MAE
1.0799393015189345,0.7711371773100476,0.6346094946401225,0.8744760380337372
