RMSE,NDCG,F1,MAE
0.04741859905616397,0.04051186336972212,0.1211724366486091,0.018581767006390915
