RMSE,NDCG,F1,MAE
1.1273579005750984,0.8116490406797697,0.5134370579915134,0.8930578050401281
