RMSE,NDCG,F1,MAE
1.142851092888085,0.819527539476611,0.556135770234987,0.8989905778303473
