RMSE,NDCG,F1,MAE
0.050927156216638014,0.0452874793714334,0.10041514893629988,0.024163589034429167
