RMSE,NDCG,F1,MAE
1.091923936671447,0.7742400601051777,0.6565509191712868,0.8748269887959181
