RMSE,NDCG,F1,MAE
0.047017761908118016,0.04582598437504537,0.11673670569376082,0.019854038182635203
