RMSE,NDCG,F1,MAE
1.1355929240369351,0.8206628979405877,0.5470085470085471,0.8906933041435117
