RMSE,NDCG,F1,MAE
1.088575162128817,0.7748369135655423,0.6637452527023079,0.8708392659608765
