RMSE,NDCG,F1,MAE
1.0805532322755453,0.7712837188660799,0.6664734859461026,0.868559104911312
