RMSE,NDCG,F1,MAE
1.1285875350460457,0.813800813145782,0.5586519766688269,0.8868611992965504
