RMSE,NDCG,F1,MAE
0.04803430277050036,0.04251709427970207,0.10782150927727563,0.018302094385238332
