RMSE,NDCG,F1,MAE
1.1487918355779165,0.8230780753579623,0.567979669631512,0.8983794904927012
