RMSE,NDCG,F1,MAE
0.05275644635535315,0.047989851476773926,0.10988988320243842,0.024825585020491148
