RMSE,NDCG,F1,MAE
1.0960353892225634,0.7750882238811884,0.6778695528339505,0.87355390547221
