RMSE,NDCG,F1,MAE
1.078353327366122,0.7682889072586604,0.6774559909142532,0.8670392778888826
