RMSE,NDCG,F1,MAE
1.1299558447342262,0.8134380772773904,0.5764411027568922,0.8892589076971767
