RMSE,NDCG,F1,MAE
0.05160251736810406,0.04514917001872998,0.10101488815736104,0.022219629808294172
