RMSE,NDCG,F1,MAE
0.04683856902818295,0.046455521589704896,0.11769262112336054,0.019728694111703304
