RMSE,NDCG,F1,MAE
1.1357362926347156,0.8206628979405877,0.5460526315789473,0.8907995478577443
