RMSE,NDCG,F1,MAE
1.0888977236065327,0.7742073763508828,0.6637452527023079,0.871070853746041
