RMSE,NDCG,F1,MAE
1.1331530408469284,0.8198167141324342,0.5299727520435967,0.8909698216801388
