RMSE,NDCG,F1,MAE
1.084977959887022,0.7680775143041942,0.6499849261380766,0.870248190327525
