RMSE,NDCG,F1,MAE
0.04817508095990641,0.051739199828239935,0.12001217409447984,0.020721631352613845
