RMSE,NDCG,F1,MAE
91.25265908061853,101.53219961508817,104.93159999547159,91.205765233194
