RMSE,NDCG,F1,MAE
89.29610904182746,100.65444868275766,101.81936728154078,89.10894308107345
