RMSE,NDCG,F1,MAE
94.29356903428612,101.27489192853201,106.62906305576728,94.53580055277317
