RMSE,NDCG,F1,MAE
92.36090672264666,101.85557972595866,103.25286462502574,91.14689487908115
