RMSE,NDCG,F1,MAE
99.4418149408081,100.97252432024895,83.35629829140713,100.33186691584454
