RMSE,NDCG,F1,MAE
98.8531811892821,102.89637437426879,85.36682231953687,99.85826259316437
