RMSE,NDCG,F1,MAE
99.91657221258593,101.75823121098841,83.23988830228193,100.6808332908562
