RMSE,NDCG,F1,MAE
98.85446637269784,102.06422777918868,83.27100705332187,99.93901430976305
