RMSE,NDCG,F1,MAE
99.43779639738143,102.19784516835342,83.38837686975286,100.02564873776872
