RMSE,NDCG,F1,MAE
98.93049298592868,101.93021491621028,82.62830403864214,99.8683780304839
