RMSE,NDCG,F1,MAE
99.93106547304787,101.85306243139685,83.37384598150656,100.69398009516388
