RMSE,NDCG,F1,MAE
99.44594286597615,102.86986895809547,83.94897783679787,100.5244551953567
