RMSE,NDCG,F1,MAE
91.7223045888934,102.13492009052084,97.79155202766093,92.09856553121826
