RMSE,NDCG,F1,MAE
87.16839039557155,101.18740747504673,94.7950253861147,87.32900524910511
