RMSE,NDCG,F1,MAE
92.74641304837657,100.9797784463138,105.5520270985498,93.16514140583438
