RMSE,NDCG,F1,MAE
92.92932332210803,101.32599332500651,102.00840519890122,93.30669088763989
