RMSE,NDCG,F1,MAE
93.3041805140587,103.12505776656,101.62472763056161,93.625971831017
