RMSE,NDCG,F1,MAE
94.07758604812992,103.00313785054283,98.63641628384508,93.74914289547966
