RMSE,NDCG,F1,MAE
92.97203445241624,103.52116882656223,100.69422456203363,93.52184322867765
