RMSE,NDCG,F1,MAE
93.39418918912162,103.05777646729987,100.46537470347631,93.6346909383167
