RMSE,NDCG,F1,MAE
93.3589714708282,103.58793669863968,100.72447657469301,94.0442708376242
