RMSE,NDCG,F1,MAE
93.3040368602479,104.44660886429679,100.52752035126575,93.56461800355682
