RMSE,NDCG,F1,MAE
92.9748412325199,103.52321803366604,100.67662067662069,93.52553629320167
