RMSE,NDCG,F1,MAE
92.59385007875956,103.76090121180195,99.68392370572207,93.07678821758554
