RMSE,NDCG,F1,MAE
0.9406217660512093,0.8712945746831077,0.6958151155527795,0.7545286849713299
