RMSE,NDCG,F1,MAE
0.9421777397080081,0.8856767373309976,0.7346189164370982,0.7439709410706965
