RMSE,NDCG,F1,MAE
0.0015559736567988258,0.01438216264788994,0.03880380088431867,0.010557743900633354
