RMSE,NDCG,F1,MAE
0.031223473719649952,0.012211569422970414,0.016294812342172782,0.01661016032454843
