RMSE,NDCG,F1,MAE
1.0025446145907329,0.8665830742781349,0.6906984229159961,0.7912021682534274
