RMSE,NDCG,F1,MAE
0.9713211408710829,0.8787946437011053,0.6744036105738234,0.774592007928879
