RMSE,NDCG,F1,MAE
1.0038976042236951,0.8263937171966443,0.7027334851936219,0.7827124780585945
