RMSE,NDCG,F1,MAE
1.0704044778377735,0.8330372527237586,0.6412529550827423,0.850002792732669
