RMSE,NDCG,F1,MAE
0.06650687361407837,0.006643535527114275,0.061480530110879617,0.06729031467407454
