RMSE,NDCG,F1,MAE
0.012815329572725465,0.00866167807658813,0.026920312500298915,4.9247529010365554e-05
