RMSE,NDCG,F1,MAE
0.9261782429062541,0.877672508562948,0.7041901188242652,0.7427056784907299
