RMSE,NDCG,F1,MAE
0.9389935724789795,0.8863341866395361,0.7311104313245641,0.7427549260197402
