RMSE,NDCG,F1,MAE
0.023280025453032427,0.008252491694542896,0.007212551042338311,0.03386031551553692
