RMSE,NDCG,F1,MAE
0.8478900655265418,0.9126447994872197,0.7561297126285262,0.6690273419991034
