RMSE,NDCG,F1,MAE
0.8339841557111727,0.9149320234715561,0.756510067114094,0.6594047684167683
