RMSE,NDCG,F1,MAE
0.03033950379471262,0.008625880211080128,0.013274105547776527,0.04107812578172687
