RMSE,NDCG,F1,MAE
0.8375593282785284,0.9145155657005536,0.7598414795244386,0.6612324248148466
