RMSE,NDCG,F1,MAE
0.02627503661491759,0.008881529998096438,0.0129671072376365,0.03787875634861715
