RMSE,NDCG,F1,MAE
0.8003942713341604,0.9232436997129977,0.7740805604203153,0.6127626459018428
