RMSE,NDCG,F1,MAE
0.03399925715885144,0.007552609040438307,0.010846428210676051,0.0419364908529265
