RMSE,NDCG,F1,MAE
0.028467168055715475,0.006906679299985119,0.02616727491628723,0.037489416925842844
