RMSE,NDCG,F1,MAE
0.8371847399251628,0.9153432052432474,0.7595470107979985,0.6609696475345838
