RMSE,NDCG,F1,MAE
0.030326986706476378,0.008549805808897082,0.012403603687098586,0.041099287896916525
