RMSE,NDCG,F1,MAE
0.02796826087315407,0.00893063822068807,0.014345565406052474,0.03774954506422612
