RMSE,NDCG,F1,MAE
0.871756968121919,0.9027913356688594,0.7404510731174972,0.6805874798934987
