RMSE,NDCG,F1,MAE
0.8575649344375019,0.8944346931555965,0.7545184168382522,0.6679341465203131
