RMSE,NDCG,F1,MAE
0.014192033684417127,0.008356642513262846,0.01406734372075491,0.012653333373185527
