RMSE,NDCG,F1,MAE
0.9122997954440912,0.881544809108498,0.712468193384224,0.7156317333309877
