RMSE,NDCG,F1,MAE
0.9016503722844775,0.875772621433399,0.7302491103202847,0.7027089010367473
