RMSE,NDCG,F1,MAE
0.010649423159613702,0.005772187675099016,0.017780916936060764,0.012922832294240405
