RMSE,NDCG,F1,MAE
0.026372342936453963,0.013879423929428314,0.006713221119106549,0.009510275152934677
