RMSE,NDCG,F1,MAE
1.0119472539939791,0.8169718117576359,0.6977950713359273,0.793671627535787
