RMSE,NDCG,F1,MAE
1.038319596930433,0.8308512356870642,0.7045082924550339,0.8031819026887217
