RMSE,NDCG,F1,MAE
0.8898043642094241,0.8951076671067358,0.725111441307578,0.6955064930984213
