RMSE,NDCG,F1,MAE
0.018139793755691414,0.0015566206134886018,0.027322494714675183,0.015249272287235716
