RMSE,NDCG,F1,MAE
0.8716645704537327,0.8935510464932472,0.7524339360222532,0.6802572208111856
