RMSE,F1,MAE
0.8869501786105578,0.7325102880658436,0.7075742720099816
