RMSE,NDCG,F1,MAE
0.8929737642616351,0.9160146019787305,0.7384615384615385,0.7120696897958589
