RMSE,NDCG,F1,MAE
0.004074180078952772,0.0007838140449170083,0.008355929562100739,0.010100335533570037
