RMSE,NDCG,F1,MAE
0.8997317127580037,0.9094500098561785,0.7405329593267882,0.7161511019172995
