RMSE,NDCG,F1,MAE
0.8956575326790509,0.9086661958112615,0.7488888888888889,0.7060507663837294
