RMSE,F1,MAE
0.00718036742856798,0.0005494505494505475,0.0011102865744136992
