RMSE,NDCG,F1,MAE
0.8846072871227326,0.9077873827679379,0.7618002195389681,0.7002331739037206
