RMSE,F1,MAE
0.885960650652281,0.7524229074889868,0.7017460981751223
