RMSE,NDCG,F1,MAE
0.008366477138902484,0.008227219210792613,0.023338681077429646,0.0118365158921383
