RMSE,NDCG,F1,MAE
0.9351373854107795,0.8927840012560048,0.7292576419213974,0.7304319245934332
