RMSE,F1,MAE
0.880147023320671,0.7676240208877284,0.6963281708681316
