RMSE,NDCG,F1,MAE
0.8827799279309406,0.9054305874751245,0.7727272727272727,0.6976344487571531
