RMSE,NDCG,F1,MAE
0.05235745747983889,0.012646586219119738,0.04346963080587529,0.03279747583628012
