RMSE,NDCG,F1,MAE
0.009019643551791079,0.003971563707715675,0.028547618605054614,0.012912708244898874
