RMSE,F1,MAE
0.0008522335576395257,0.02536615084683802,0.006103767046273689
