RMSE,NDCG,F1,MAE
0.8843511809076954,0.906719964707593,0.7599118942731278,0.7004056790823799
