RMSE,F1,MAE
0.8865284495796091,0.7508833922261484,0.7028402395596948
