RMSE,NDCG,F1,MAE
0.8933708244594865,0.9106915284153086,0.7313642756680732,0.7133183873272788
