RMSE,F1,MAE
0.8873806831372486,0.7255172413793104,0.7089440066059685
