RMSE,NDCG,F1,MAE
0.9181460759299501,0.8942649614628279,0.7223021582733813,0.7389160367907567
