RMSE,NDCG,F1,MAE
0.9472623065715994,0.9056710493752058,0.7299893276414088,0.7479758069272587
