RMSE,F1,MAE
0.9532191176011332,0.7279029462738301,0.7521544265760746
