RMSE,NDCG,F1,MAE
0.029116230641649254,0.01140608791237796,0.007687169368027491,0.009059770136502054
