RMSE,NDCG,F1,MAE
95.9339046405556,97.78257599085292,94.52206266365559,95.84329796459735
