RMSE,NDCG,F1,MAE
95.0002102601601,98.05868541865202,93.47898686301728,93.58129231089023
