RMSE,NDCG,F1,MAE
92.02260480581818,97.42756532755043,93.53650077261108,91.80120475646059
