RMSE,NDCG,F1,MAE
95.84407408134055,98.58611015898752,92.53385545293995,96.67749954116019
