RMSE,NDCG,F1,MAE
107.38723021898484,100.86606197302336,92.75194805698527,107.99899789244212
