RMSE,NDCG,F1,MAE
106.89957779033459,100.33541717524086,96.51856518846773,107.07442419324956
