RMSE,NDCG,F1,MAE
107.69480348397951,100.52016751337871,92.31022619134764,108.05015339980338
