RMSE,NDCG,F1,MAE
108.0419081901383,100.4696802396646,93.91333721295794,108.38345678601044
