RMSE,NDCG,F1,MAE
107.30132091019632,100.45707795938242,95.02298567636433,107.37160908769141
