RMSE,NDCG,F1,MAE
107.80809824910631,100.04251167245435,93.82436934792958,108.10360298490195
