RMSE,NDCG,F1,MAE
107.69101217417656,100.53129737196956,92.50636090516501,108.04733694603259
