RMSE,NDCG,F1,MAE
107.00186749243655,100.15707754568265,92.70114060661858,107.43351036144779
