RMSE,NDCG,F1,MAE
0.9259022064531066,0.9064558349327503,0.7484790544063966,0.7203000298314558
