RMSE,NDCG,F1,MAE
0.8569263831660686,0.8966951207922979,0.7602552415679125,0.666982838238232
