RMSE,NDCG,F1,MAE
0.068975823287038,0.009760714140452431,0.01177618716151585,0.05331719159322379
