RMSE,NDCG,F1,MAE
0.8982908001786799,0.89086751300921,0.729589428975932,0.7010353422396483
