RMSE,NDCG,F1,MAE
0.07645631910847794,0.000607136262264496,0.011132327317676771,0.05507375773060885
