RMSE,NDCG,F1,MAE
0.9747471192871578,0.8914746492714745,0.7184571016582553,0.7561090999702571
