RMSE,NDCG,F1,MAE
0.05378795080357501,0.007905052750015407,0.038089344839444816,0.038647789340205185
