RMSE,NDCG,F1,MAE
1.0784089042478213,0.8451968358875446,0.7112687409318071,0.8403288578475397
