RMSE,NDCG,F1,MAE
1.0246209534442463,0.8372917831375292,0.6731793960923623,0.8016810685073346
