RMSE,NDCG,F1,MAE
0.8749223102498175,0.9003841829767109,0.746309963099631,0.6771955472181201
