RMSE,NDCG,F1,MAE
0.9281786825293717,0.9018667106996847,0.7396542692509167,0.7262441464745892
