RMSE,NDCG,F1,MAE
0.053256372279554265,0.0014825277229738587,0.006655693848714339,0.049048599256469094
