RMSE,NDCG,F1,MAE
101.63488122574293,99.1312797758366,101.78042695015266,101.85742138858942
