RMSE,NDCG,F1,MAE
101.29092666630048,99.0263799271766,104.37335328776514,102.06948418977018
