RMSE,NDCG,F1,MAE
103.39459150504409,99.75559410968752,98.95009131983379,102.18080944226975
