RMSE,NDCG,F1,MAE
102.67218947711059,100.41991549045612,103.73452662964895,103.05277684457617
