RMSE,NDCG,F1,MAE
96.27952585227852,99.84947043011925,100.35602678571429,95.93146647837696
