RMSE,NDCG,F1,MAE
93.61292856043784,100.13657449524669,98.76621825996975,94.91186130701679
