RMSE,NDCG,F1,MAE
97.75747974536155,99.92373674276011,107.24636171387496,100.17188343190423
