RMSE,NDCG,F1,MAE
97.82573217695747,99.61310541832464,100.02047216251175,98.00175311021847
