RMSE,NDCG,F1,MAE
92.129443551539,101.07506986901502,96.96247838183322,91.94697948206971
