RMSE,NDCG,F1,MAE
62.21342590882888,105.00816162459354,84.66368667518093,66.60873016619362
