RMSE,NDCG,F1,MAE
64.59651804123149,96.78123417414666,89.8815291515074,70.31551375548689
