RMSE,NDCG,F1,MAE
92.94469312670903,100.90010398877962,98.24550283713629,92.86459299453222
