algorithm,georisk
SVD,1.1245853592965362
BIASEDMF,1.120496390489966
NMF,1.0994913735902083
StochasticItemKNN,1.0953655222626222
BayesianRidge,1.093908241404532
Tweedie,1.0932081067431956
Ridge,1.093870958612598
RandomForest,1.0960701009259994
Bagging,1.092036483657841
AdaBoost,1.0942131695418686
GradientBoosting,1.0947605073555084
LinearSVR,1.0934928902425698
