algorithm,georisk
SVD,1.111856548024908
BIASEDMF,1.1074337856115608
NMF,1.0832902622709741
StochasticItemKNN,1.075176564829885
BayesianRidge,1.0761404155221672
Tweedie,1.0756403573746591
Ridge,1.0760683776986921
RandomForest,1.0780602601540916
Bagging,1.0724740257945937
AdaBoost,1.076396829341155
GradientBoosting,1.0765169340489578
LinearSVR,1.0737307837501373
