RMSE,NDCG,F1,MAE
97.14343906912734,98.78039436087363,89.35961889698544,97.26552678094794
