RMSE,NDCG,F1,MAE
62.25867265509143,99.6801956186857,79.95595646465931,67.61581555532375
