RMSE,NDCG,F1,MAE
69.68223269347972,102.44400233583076,92.28462177482407,76.24200317637121
