RMSE,NDCG,F1,MAE
99.79523493945355,100.01628670504321,90.71401716206653,99.39521335370301
