RMSE,NDCG,F1,MAE
0.8617419148177591,0.9162913767276513,0.7793103448275862,0.6838729522243627
