RMSE,NDCG,F1,MAE
0.8665821969190645,0.9092721616316294,0.8054607508532423,0.6913327846631319
