RMSE,F1,MAE
0.9003901496362691,0.7288256227758008,0.714537436519425
