RMSE,NDCG,F1,MAE
0.906674281155732,0.8933292724823757,0.7286063569682152,0.7205896918532272
