RMSE,F1,MAE
0.043785328285123715,0.044507710557532554,0.03500463384649666
