RMSE,F1,MAE
0.9138510280995126,0.7144906743185079,0.7239480072004247
