RMSE,NDCG,F1,MAE
0.04493236633797293,0.02296210424527556,0.050703987859371025,0.03671673962886446
