RMSE,NDCG,F1,MAE
0.9172358396929642,0.8913477719634582,0.7179067865903516,0.727471226509541
