RMSE,NDCG,F1,MAE
0.05065364277389972,0.017924389668171226,0.08755396426289075,0.03613844184640913
