RMSE,NDCG,F1,MAE
0.08563678154013332,0.015417269314433213,0.11981029637199792,0.07325247531416257
