RMSE,NDCG,F1,MAE
0.959083850787035,0.8882619720209275,0.6957236842105263,0.7559327375681782
