RMSE,F1,MAE
0.8702574394012992,0.8087774294670846,0.6817194490072265
