RMSE,NDCG,F1,MAE
0.8734470692469016,0.9036792413353607,0.8155339805825242,0.6826802622540157
