RMSE,F1,MAE
0.037569889790092015,0.04525316084195197,0.028125022029271363
