RMSE,NDCG,F1,MAE
0.03806253940467008,0.015263011833521634,0.05108801640150351,0.02889496845284134
