RMSE,NDCG,F1,MAE
0.9064538148165817,0.8926546962859122,0.7324171382376717,0.7198527758202767
