RMSE,NDCG,F1,MAE
0.8683912754119116,0.9079177081194338,0.7835051546391752,0.6909578073674354
