RMSE,NDCG,F1,MAE
0.08552532056673634,0.013529970749044384,0.05319504851120771,0.0765279340027093
