RMSE,F1,MAE
0.09288788306901463,0.051538850558104254,0.08033262619631343
