RMSE,F1,MAE
0.8827935148952425,0.7763157894736842,0.6897892288265973
