RMSE,NDCG,F1,MAE
0.972427453492163,0.8957599872882787,0.7291178766588603,0.7693047592264021
