RMSE,NDCG,F1,MAE
0.8869021329254266,0.909289958037323,0.782312925170068,0.6927768252236928
