RMSE,NDCG,F1,MAE
0.00995365193609965,0.03844124834261631,0.048520829244230956,0.010907581870681637
