RMSE,NDCG,F1,MAE
0.9709993569368107,0.8714882178617362,0.6512879661668589,0.7619219456510788
