RMSE,NDCG,F1,MAE
0.9610457050007111,0.9099294662043526,0.6998087954110899,0.7510143637803972
