RMSE,NDCG,F1,MAE
1.0387397861336234,0.8516913885583987,0.6258992805755396,0.8213592214695633
