RMSE,NDCG,F1,MAE
1.0303220153805281,0.862659323203371,0.6881720430107527,0.8082298137356462
