RMSE,NDCG,F1,MAE
0.008417770753095244,0.010967934644972366,0.06227276243521318,0.013129407733917131
