RMSE,NDCG,F1,MAE
0.010681868321925636,0.004727214435055083,0.01575311669732271,0.008312789722757619
