RMSE,NDCG,F1,MAE
1.0825712787522928,0.8267241152407194,0.6552380952380953,0.8461579203027432
