RMSE,NDCG,F1,MAE
1.0718894104303671,0.8219969008056643,0.6394849785407726,0.8378451305799856
