RMSE,NDCG,F1,MAE
0.9620630114255737,0.9012118791266859,0.7096153846153846,0.750889673383944
