RMSE,NDCG,F1,MAE
0.9515423245030884,0.8745180261276149,0.6564181398923905,0.7507086989735091
