RMSE,NDCG,F1,MAE
0.010520686922485312,0.02669385299907101,0.05319724472299414,0.00018097441043485318
