RMSE,NDCG,F1,MAE
0.9480940666514632,0.8920892926999542,0.7182203389830508,0.7490675531817835
