RMSE,NDCG,F1,MAE
0.04018434253429293,0.019781402159359196,0.039343660106371914,0.03248688942355593
