RMSE,NDCG,F1,MAE
0.9882784091857562,0.872307890540595,0.6788766788766789,0.7815544426053395
