RMSE,NDCG,F1,MAE
0.05306028097279403,0.017030384133523646,0.045445113675875115,0.0538016773365011
