RMSE,NDCG,F1,MAE
1.0612502471852556,0.8602300195718052,0.6514575411913816,0.8382010825603293
