RMSE,NDCG,F1,MAE
1.0081899662124616,0.8772604037053289,0.6969026548672567,0.7843994052238282
