RMSE,NDCG,F1,MAE
0.09006925994779102,0.021695033186620583,0.043044227462271434,0.073300445368639
