RMSE,NDCG,F1,MAE
1.129056010832727,0.821670725290025,0.6229143492769744,0.8940392239506063
