RMSE,NDCG,F1,MAE
1.038986750884936,0.8433657584766456,0.6659585767392459,0.8207387785819673
