RMSE,NDCG,F1,MAE
0.9739883832437805,0.883240376827762,0.6806411837237978,0.7639759656031593
