RMSE,NDCG,F1,MAE
0.04047823566396036,0.012667145442242123,0.054917904776467186,0.025383104962590886
