RMSE,NDCG,F1,MAE
0.9335101475798201,0.8959075222700041,0.735559088500265,0.7385928606405684
