RMSE,NDCG,F1,MAE
0.04790279411336884,0.036595008689054076,0.019468618950379102,0.04748941943529439
