RMSE,NDCG,F1,MAE
0.9413948569976843,0.8896664302297143,0.7351485148514851,0.7380967765403625
