RMSE,NDCG,F1,MAE
0.9892976511110532,0.8530714215406602,0.715679895901106,0.7855861959756569
