RMSE,NDCG,F1,MAE
0.05338948164683599,0.016684557155743907,0.020396335634899954,0.04406032444023267
