RMSE,NDCG,F1,MAE
1.0452497034342212,0.857599923722789,0.6856010568031704,0.8191515895278454
