RMSE,NDCG,F1,MAE
0.9918602217873852,0.8742844808785329,0.7059973924380704,0.7750912650876127
