RMSE,NDCG,F1,MAE
1.0451613409420935,0.8087447035966647,0.7208607292289301,0.8131167590523977
