RMSE,NDCG,F1,MAE
1.0711513614025256,0.8344947271404614,0.6572945954389253,0.842767110352345
