RMSE,NDCG,F1,MAE
0.025990020460432195,0.02575002354379663,0.06356613379000475,0.02965035129994731
