RMSE,NDCG,F1,MAE
0.03578440803776517,0.0327325175694938,0.02451416847321153,0.03214733780140033
