RMSE,NDCG,F1,MAE
0.9361448709636679,0.8908131810466191,0.7432641684732115,0.7362694361562983
