RMSE,NDCG,F1,MAE
0.9719292790014331,0.8580806634771253,0.71875,0.7684167739576986
