RMSE,NDCG,F1,MAE
0.17453829454390557,0.07262156505194761,0.018729039049274365,0.14928019685483873
