RMSE,NDCG,F1,MAE
1.2666972381313912,0.7336856971968226,0.5691699604743083,1.0134157098445438
