RMSE,NDCG,F1,MAE
1.0921589435874857,0.8063072622487703,0.5878989995235827,0.864135512989705
