RMSE,NDCG,F1,MAE
1.2824996078196482,0.7175938971642963,0.56,1.0201946975973488
