RMSE,NDCG,F1,MAE
0.17559303129942672,0.0897954926074721,0.031682419659735284,0.14055311379347302
