RMSE,NDCG,F1,MAE
1.1069065765202215,0.8073893897717684,0.5916824196597353,0.8796415838038758
