RMSE,NDCG,F1,MAE
1.0860660967871387,0.8028043387256761,0.5859683794466403,0.8635237259096891
