RMSE,NDCG,F1,MAE
1.2510038734962234,0.7275141431587185,0.5619834710743802,1.009915437304804
