RMSE,NDCG,F1,MAE
0.16493777670908472,0.0752901955669576,0.023984908372260083,0.14639171139511498
