RMSE,NDCG,F1,MAE
1.2714761573531086,0.7412125769736759,0.5647058823529412,1.0103367284996432
