RMSE,NDCG,F1,MAE
1.0919993816685631,0.8046590062362995,0.6012269938650306,0.8636700006655236
