RMSE,NDCG,F1,MAE
0.17947677568454545,0.06344642926262356,0.03652111151208948,0.1466667278341196
