RMSE,NDCG,F1,MAE
0.16743463862496077,0.07725482569508013,0.03415428845232382,0.148999486440632
