RMSE,NDCG,F1,MAE
1.268539275657396,0.7275141431587185,0.56,1.0212899300752847
