RMSE,NDCG,F1,MAE
1.1011046370324353,0.8047689688537987,0.5941542884523239,0.8722904436346527
