RMSE,NDCG,F1,MAE
1.0883186245731482,0.804659284317896,0.5938534278959811,0.8609339456390851
