RMSE,NDCG,F1,MAE
0.17639221501816893,0.0773652300117178,0.025853427895981107,0.1476234976657308
