RMSE,NDCG,F1,MAE
1.2647108395913171,0.7272940543061782,0.568,1.008557443304816
