RMSE,NDCG,F1,MAE
0.1648618868155125,0.0772265178981788,0.02299676607976997,0.14648675948750123
