RMSE,NDCG,F1,MAE
1.0864627561078137,0.8026070491849858,0.5849802371541502,0.8637552709386929
