RMSE,NDCG,F1,MAE
1.2513246429233262,0.725380531286807,0.5619834710743802,1.010242030426194
