RMSE,NDCG,F1,MAE
1.2443616568114295,0.7258843287654135,0.5454545454545454,1.0095499215088368
