RMSE,NDCG,F1,MAE
0.16472420077374883,0.07822733996398601,0.027286649032437715,0.1484120196498191
