RMSE,NDCG,F1,MAE
1.0796374560376807,0.8041116687293995,0.5727411944869831,0.8611379018590177
