RMSE,NDCG,F1,MAE
0.005074938914964466,0.003625117311299997,0.09391910026064176,0.002764424449189895
