RMSE,NDCG,F1,MAE
1.10101990012587,0.778716997914699,0.5053003533568905,0.8853047474480431
