RMSE,NDCG,F1,MAE
1.0959449612109056,0.775091880603399,0.5992194536175323,0.888069171897233
