RMSE,NDCG,F1,MAE
1.1044768582466464,0.7733197753736619,0.6043036461446504,0.8846748093176665
