RMSE,NDCG,F1,MAE
0.008648384592748304,0.023931497344526154,0.08482312666413094,0.0023968880481485266
