RMSE,NDCG,F1,MAE
1.1131252428393947,0.7972512727181881,0.5194805194805194,0.887071697365815
