RMSE,NDCG,F1,MAE
1.105820831421219,0.7817752817708644,0.5062166962699822,0.8812423062176797
