RMSE,NDCG,F1,MAE
1.1036656600846877,0.7769981301369986,0.6003649635036497,0.886770045350026
