RMSE,NDCG,F1,MAE
0.002155171336531314,0.004777151633865828,0.09414826723366743,0.0055277391323462766
