RMSE,NDCG,F1,MAE
0.013330339519255885,0.0018070906865366165,0.08848474232687142,0.0018207037695727735
