RMSE,NDCG,F1,MAE
1.0942847310191122,0.7771525137798301,0.6076990890390832,0.8811549658511209
