RMSE,NDCG,F1,MAE
1.107615070538368,0.7789596044663667,0.5192143467122118,0.8829756696206936
