RMSE,NDCG,F1,MAE
1.1190882423671689,0.7779505173092629,0.6112759643916914,0.8955503823494434
