RMSE,NDCG,F1,MAE
0.006541661492910578,0.0025772771879840617,0.09079814869203273,0.0017306133051254724
