RMSE,NDCG,F1,MAE
1.1256299038600794,0.780527794497247,0.5204778156996587,0.8938197690443179
