RMSE,NDCG,F1,MAE
1.1076932044123908,0.7798680621886996,0.5208510638297872,0.8853068461554731
