RMSE,NDCG,F1,MAE
0.009745696408911986,0.003386799964460452,0.0847454015604926,0.0003758291151005899
