RMSE,NDCG,F1,MAE
1.0979475080034788,0.7764812622242392,0.6055964653902798,0.8856826752705736
