RMSE,NDCG,F1,MAE
1.1039939545856448,0.776984328275575,0.6009732360097324,0.8870210123383732
