RMSE,NDCG,F1,MAE
0.001986474842067265,0.004062036397998625,0.09475653973975018,0.005655310397150948
