RMSE,NDCG,F1,MAE
1.105980429427712,0.7810463646735736,0.5062166962699822,0.8813657019412222
