RMSE,NDCG,F1,MAE
0.0075845431811123465,0.0007758203219629944,0.09725759948483026,0.003475175101176342
