RMSE,NDCG,F1,MAE
1.087043257365683,0.7800957861736281,0.5884203901825047,0.8761908864582962
