RMSE,NDCG,F1,MAE
1.0946278005467953,0.7808716064955911,0.49116279069767443,0.8727157113571199
