RMSE,NDCG,F1,MAE
0.0002542075277767175,0.03200222640186268,0.03933493681045119,0.01225262480736744
