RMSE,NDCG,F1,MAE
0.9046712799021803,0.9089541905161346,0.7629264861062258,0.7073170246709596
