RMSE,NDCG,F1,MAE
0.9044170723744036,0.8769519641142719,0.7235915492957746,0.6950643998635921
