RMSE,NDCG,F1,MAE
0.9525616173151512,0.8948070562387505,0.7294031490296594,0.7453541690914263
