RMSE,NDCG,F1,MAE
0.03773691498521392,0.025134718705116965,0.02150247182875653,0.03494246760940678
