RMSE,NDCG,F1,MAE
0.9148247023299373,0.8696723375336335,0.7079006772009029,0.7104117014820195
