RMSE,NDCG,F1,MAE
0.04487745635165474,0.007174970507248135,0.03717520293981402,0.0355811875491131
