RMSE,NDCG,F1,MAE
1.072270543056232,0.8479165886401019,0.7126243047362212,0.8363675926686126
