RMSE,NDCG,F1,MAE
1.0273930867045773,0.8407416181328538,0.6754491017964072,0.8007864051194995
