RMSE,NDCG,F1,MAE
0.001154963244463847,0.02535553746314123,0.04421308337564056,0.01418637655292665
