RMSE,NDCG,F1,MAE
0.9088891009286718,0.8815827348816655,0.713711478338544,0.6992519192020498
