RMSE,NDCG,F1,MAE
0.9100440641731357,0.9069382723448067,0.7579245617141845,0.7134382957549764
