RMSE,NDCG,F1,MAE
0.9733457293773564,0.8791909857687797,0.675365757216291,0.7799963388166679
