RMSE,NDCG,F1,MAE
0.9455415155496454,0.8900460374321227,0.7557840616966581,0.7586675478221395
