RMSE,NDCG,F1,MAE
0.027804213827711033,0.010855051663342996,0.08041830448036713,0.021328790994528335
