RMSE,NDCG,F1,MAE
0.5573567616836141,0.002813019665208971,0.15333693304535634,0.34567685694107086
