RMSE,NDCG,F1,MAE
1.4767810273074655,0.8767933364604935,0.6116630669546437,1.0674249262988555
