RMSE,NDCG,F1,MAE
0.9194242656238514,0.8796063561257025,0.765,0.7217480693577847
