RMSE,NDCG,F1,MAE
1.4921470487234076,0.8250614908167377,0.6184519155590305,1.0891258813384133
