RMSE,NDCG,F1,MAE
1.039761378620335,0.8053780328808617,0.6701570680628273,0.8303713890447141
