RMSE,NDCG,F1,MAE
0.4523856701030726,0.019683457935876003,0.051705152503796814,0.2587544922936992
