RMSE,NDCG,F1,MAE
0.0019624387706639324,0.00014412506991845486,0.0700095041184513,0.004654923486537066
