RMSE,NDCG,F1,MAE
0.9564231204780308,0.8849246642345852,0.7539267015706806,0.7650253455866073
