RMSE,NDCG,F1,MAE
0.9583855592486947,0.8850687893045036,0.6839171974522293,0.7696802690731444
