RMSE,NDCG,F1,MAE
0.020341327547469423,0.019561151261033527,0.04588434152044929,0.007900104305260891
