RMSE,NDCG,F1,MAE
0.9045068494792619,0.8799215506163776,0.7171953255425709,0.7021763272697069
