RMSE,NDCG,F1,MAE
0.8841655219317924,0.8994827018774111,0.7630796670630202,0.694276222964446
