RMSE,NDCG,F1,MAE
0.9369000524310886,0.8612824287306399,0.6843191196698762,0.7315008817275082
