RMSE,NDCG,F1,MAE
0.9396750652236938,0.891018653890757,0.728143342601174,0.737969455160046
