RMSE,NDCG,F1,MAE
0.0027750127926051693,0.02973622516011709,0.04382422293129773,0.006468573432537816
