RMSE,NDCG,F1,MAE
0.012806473370384985,0.02114688784524943,0.0673951336020302,0.007900764706308072
