RMSE,NDCG,F1,MAE
1.0428067569285637,0.8400911613919542,0.723152709359606,0.8197275812061107
