RMSE,NDCG,F1,MAE
1.0556132302989487,0.8189442735467047,0.6557575757575758,0.8276283459124187
