RMSE,NDCG,F1,MAE
0.9141568534490161,0.8751022424073023,0.7095687331536388,0.7101010317100105
