RMSE,NDCG,F1,MAE
0.02603684482825952,0.01980557114046777,0.04992113931447828,0.010512096649004099
