RMSE,NDCG,F1,MAE
0.8881200086207566,0.89490781354777,0.759489872468117,0.6995889350610064
