RMSE,NDCG,F1,MAE
0.9184725708504179,0.8523482881157318,0.7109670448406267,0.7271764108063792
