RMSE,NDCG,F1,MAE
0.043587453183282054,0.03966221177884144,0.014802058698903608,0.03525703940153935
