RMSE,NDCG,F1,MAE
0.9620600240337,0.8920104998945733,0.7257691035395303,0.7624334502079185
