RMSE,NDCG,F1,MAE
0.10216033585736184,0.02691056568594652,0.002793717202236534,0.07538150989199288
