RMSE,NDCG,F1,MAE
1.0383101101551284,0.875383348190739,0.685933147632312,0.8212853076805607
