RMSE,NDCG,F1,MAE
0.9361497742977666,0.8484727825047925,0.6887268648345485,0.7459037977885679
