RMSE,NDCG,F1,MAE
1.0302331525153803,0.7899498866004094,0.6303030303030303,0.8165920477974363
