RMSE,NDCG,F1,MAE
1.0688424107900802,0.8240961861083309,0.6774500475737393,0.8430429040171538
