RMSE,NDCG,F1,MAE
0.038609258274699965,0.034146299507921474,0.047147017270709024,0.026450856219717434
