RMSE,NDCG,F1,MAE
0.0365246724291477,0.03139832892607852,0.025791769052520563,0.033024156065829424
