RMSE,NDCG,F1,MAE
0.9513663740041955,0.8916183975611153,0.7332673920211012,0.757091864486408
