RMSE,NDCG,F1,MAE
0.9148417015750478,0.8602200686350367,0.7074756229685807,0.7240677084205785
