RMSE,NDCG,F1,MAE
1.0667656569041162,0.8554331397850761,0.6701030927835051,0.8504801428726797
