RMSE,NDCG,F1,MAE
0.8384201310422965,0.915597619399668,0.7768115942028986,0.6621280246084024
