RMSE,NDCG,F1,MAE
0.22834552586181966,0.060164479614591926,0.10670850141939348,0.18835211826427734
