RMSE,NDCG,F1,MAE
0.21628079900509656,0.0381952064896206,0.12490974729241877,0.1841466468871984
