RMSE,NDCG,F1,MAE
0.832868103823859,0.9121939650297238,0.8,0.6520611817060845
