RMSE,NDCG,F1,MAE
1.0491489028289556,0.8739987585401032,0.6750902527075813,0.8362078285932829
