RMSE,NDCG,F1,MAE
1.1017502773842447,0.8413108563211952,0.6898839137645107,0.8755293444560325
