RMSE,NDCG,F1,MAE
0.2511588165560207,0.07193803936517917,0.10672625572701466,0.21174480174482313
