RMSE,NDCG,F1,MAE
0.850591460828224,0.9132488956863744,0.7966101694915254,0.6637845427112093
