RMSE,NDCG,F1,MAE
0.21975998180415046,0.049913506925965856,0.12666280378608985,0.1864399770461732
