RMSE,NDCG,F1,MAE
0.8304707609861095,0.9147872602801718,0.7957405614714425,0.6508773356080276
