RMSE,NDCG,F1,MAE
1.05023074279026,0.8648737533542059,0.6690777576853526,0.8373173126542008
