RMSE,NDCG,F1,MAE
1.076210602481417,0.8585681752653103,0.6723259762308998,0.8585807787611262
