RMSE,NDCG,F1,MAE
0.191716139396514,0.05125336200732522,0.09204183986105419,0.15663320572417339
