RMSE,NDCG,F1,MAE
0.8844944630849031,0.9098215372726355,0.764367816091954,0.7019475730369528
