RMSE,NDCG,F1,MAE
0.9157542329096767,0.8801729442602161,0.7384350816852967,0.7198795319595402
