RMSE,NDCG,F1,MAE
0.8692586003032307,0.8734661919317094,0.6657571623465212,0.6897511179307262
