RMSE,NDCG,F1,MAE
0.04649563260644607,0.006706752328506704,0.07267791933877554,0.030128414028814055
