RMSE,NDCG,F1,MAE
0.8942325630746615,0.8565725995922774,0.6513249651324965,0.7037879976791737
