RMSE,NDCG,F1,MAE
0.07744457700958562,0.002743177927496676,0.048692837965242486,0.06442489045154642
