RMSE,NDCG,F1,MAE
0.9716771400842471,0.8593157775197741,0.700017803097739,0.7682128881307201
