RMSE,NDCG,F1,MAE
0.9917070624624387,0.8067295226091067,0.6235509456985967,0.7959382109407057
