RMSE,NDCG,F1,MAE
1.0524308570560632,0.8200935854694308,0.6989196806012212,0.8229120122148375
