RMSE,NDCG,F1,MAE
0.060723794593624536,0.0133640628603241,0.07536873490262452,0.026973801274131737
