RMSE,NDCG,F1,MAE
0.871017679715846,0.8818280502296489,0.6652977412731006,0.6933699093038882
