RMSE,NDCG,F1,MAE
0.9124382846853921,0.8771207697538295,0.7332185886402753,0.7197625936734987
