RMSE,NDCG,F1,MAE
0.04142060496954614,0.004707280475819475,0.06792084736717474,0.02639268436961051
