RMSE,NDCG,F1,MAE
0.05109933457685489,0.034730687721614695,0.035167550587199226,0.02000732013872253
