RMSE,NDCG,F1,MAE
0.8374499182771912,0.9162536075030179,0.7416809605488851,0.6684484367626307
