RMSE,NDCG,F1,MAE
0.8885492528540461,0.8815229197814032,0.7065134099616859,0.6884557569013532
