RMSE,NDCG,F1,MAE
0.9117221006249138,0.8812990731512427,0.6937869822485208,0.7076924224566219
