RMSE,NDCG,F1,MAE
0.845743650574604,0.9038975588841522,0.745190685116436,0.6716613906320036
