RMSE,NDCG,F1,MAE
0.06597845005030978,0.022598485732909568,0.05140370286791529,0.03603103182461831
