RMSE,NDCG,F1,MAE
0.05529273136208668,0.03500861689866985,0.048334806955496634,0.029366924834245522
