RMSE,NDCG,F1,MAE
0.8238395692384012,0.9192086650267162,0.7487179487179487,0.6509638309121
