RMSE,NDCG,F1,MAE
0.8791323006004879,0.8842000481280463,0.7003831417624521,0.6803307557463455
