RMSE,NDCG,F1,MAE
0.8873782018174837,0.8799950966007287,0.7077625570776256,0.6859794292393612
