RMSE,NDCG,F1,MAE
0.056143518837986184,0.0356403671442852,0.03926630540115206,0.025437051602596794
