RMSE,NDCG,F1,MAE
0.8312346829794975,0.9156354637450139,0.7470288624787776,0.6605423776367644
