RMSE,NDCG,F1,MAE
0.8258964421210108,0.9202152927154976,0.7590715920235371,0.6472932368044912
