RMSE,NDCG,F1,MAE
0.060421588422533534,0.03510141886824447,0.03837694658214785,0.0339685251820957
