RMSE,NDCG,F1,MAE
0.8863180305435443,0.8851138738472532,0.7206946454413893,0.681261761986587
