RMSE,NDCG,F1,MAE
0.8289271019041952,0.9172013419914286,0.7520966118752097,0.6572199715936861
