RMSE,NDCG,F1,MAE
0.8903300408875551,0.8827469856049088,0.7112100965107646,0.6875685472915806
