RMSE,NDCG,F1,MAE
0.06140293898335991,0.034454356386519724,0.0408865153644451,0.03034857569789451
