RMSE,NDCG,F1,MAE
0.05519499527705962,0.03546496578779934,0.04606802014522782,0.029234575109621908
