RMSE,NDCG,F1,MAE
0.8238279161934682,0.9196650139158457,0.7490611130078525,0.6509134707761554
