RMSE,NDCG,F1,MAE
0.8790229114705278,0.8842000481280463,0.7029930928626247,0.6801480458857773
