RMSE,NDCG,F1,MAE
0.8306901339033317,0.9173806907912462,0.7286931818181818,0.6604147513640427
