RMSE,NDCG,F1,MAE
0.06128501267076125,0.03456368682496469,0.04444058389651906,0.031814418519996
