RMSE,NDCG,F1,MAE
0.8919751465740929,0.8828170039662815,0.6842525979216627,0.6922291698840387
