RMSE,NDCG,F1,MAE
108.4718017776837,107.93122522265631,113.82093922772667,107.86653319205277
