RMSE,NDCG,F1,MAE
109.21468607515956,107.50360612893087,104.83044737607669,108.30434406253437
