RMSE,NDCG,F1,MAE
108.25566056484696,107.28961131494906,108.47260557548992,107.51032939646514
