RMSE,NDCG,F1,MAE
108.73508557636768,110.70850576313643,108.96109691290414,107.95251330860052
