RMSE,NDCG,F1,MAE
108.26595277271281,107.35109035557899,107.81601256296143,108.14303999163303
