RMSE,NDCG,F1,MAE
109.10361589193009,108.94577304432214,108.66353554479062,108.38046293380827
