RMSE,NDCG,F1,MAE
108.25821471553172,107.2943067632026,108.44267384105962,107.51359789696397
