RMSE,NDCG,F1,MAE
106.83861306752789,108.65519961513863,110.2551724137931,106.3459578596202
