RMSE,NDCG,F1,MAE
0.9098917676892568,0.9105114211597917,0.7505033864177192,0.7103548480588787
