RMSE,NDCG,F1,MAE
0.8755377793147513,0.8943285941998965,0.7189542483660131,0.6747534109533107
