RMSE,NDCG,F1,MAE
0.03435398837450554,0.016182826959895147,0.031549138051706116,0.03560143710556807
