RMSE,NDCG,F1,MAE
0.8831083267846442,0.8962087185798928,0.697495183044316,0.690583309263396
