RMSE,NDCG,F1,MAE
0.9249856742042056,0.9000129360602607,0.7412458532989311,0.7248102067539747
