RMSE,NDCG,F1,MAE
0.041877347419561395,0.0038042174803678552,0.0437506702546151,0.03422689749057872
