RMSE,NDCG,F1,MAE
0.04098380939273705,0.008530379977748859,0.028618209341001677,0.03163493984713828
