RMSE,NDCG,F1,MAE
0.8710010863665447,0.9016609088493066,0.7270194986072424,0.6740487137572142
