RMSE,NDCG,F1,MAE
0.9119848957592818,0.9101912888270555,0.755637707948244,0.7056836536043525
