RMSE,NDCG,F1,MAE
0.03761346167322388,0.008873946812815059,0.03992429448316537,0.03467734278417367
