RMSE,NDCG,F1,MAE
0.9129927136845861,0.906367822794244,0.7452429336781822,0.7147454989360608
