RMSE,NDCG,F1,MAE
0.8753792520113622,0.8974938759814289,0.7053186391950168,0.6800681561518871
