RMSE,NDCG,F1,MAE
0.06306102300899818,0.0027902145713789572,0.04226787535974663,0.04982304649804159
