RMSE,NDCG,F1,MAE
0.9563647570949717,0.8949234305281909,0.7507964601769912,0.7391877835587262
