RMSE,NDCG,F1,MAE
0.8933037340859735,0.8921332159568119,0.7085285848172446,0.6893647370606846
