RMSE,NDCG,F1,MAE
99.31736087276936,99.41317353666689,92.05113952195664,100.19113885445063
