RMSE,NDCG,F1,MAE
98.85584136174523,100.21421105629366,91.26908101813947,99.30487399085243
