RMSE,NDCG,F1,MAE
98.93530428173577,99.53212199926384,90.7192856278172,99.98096588539576
