RMSE,NDCG,F1,MAE
99.11376329298199,99.54734588722386,91.75960663367944,99.77562829221728
