RMSE,NDCG,F1,MAE
98.78688742371509,99.55384796609088,91.06368837048112,99.81511496939653
