RMSE,NDCG,F1,MAE
99.10700534564421,99.49038095522279,91.12029906013633,99.5150024080644
