RMSE,NDCG,F1,MAE
98.94122518591887,99.52729512644758,90.93736807699227,99.98736406180312
