RMSE,NDCG,F1,MAE
99.16273697451076,98.3768405397719,91.30461659225826,100.29541557181423
