RMSE,NDCG,F1,MAE
0.1840319587116862,0.05698860018550567,0.08779388110928643,0.17411571866110176
