RMSE,F1,MAE
0.8250277250498025,0.7742504409171076,0.6677618462877539
