RMSE,NDCG,F1,MAE
0.9991519885613311,0.862272377984973,0.6963562753036437,0.8344686129443382
