RMSE,NDCG,F1,MAE
0.8151200298496449,0.9192609781704787,0.7841501564129302,0.6603528942832364
