RMSE,F1,MAE
0.9937415563446369,0.6987951807228916,0.8283927147082194
