RMSE,NDCG,F1,MAE
1.000286266764397,0.9047646898352364,0.6577777777777778,0.8212214463250088
