RMSE,F1,MAE
0.15829850200458961,0.10422471630267272,0.1466539472625783
