RMSE,F1,MAE
0.8368121125103144,0.765017667844523,0.6694292740570407
