RMSE,NDCG,F1,MAE
0.17134986602897007,0.0033878752227374243,0.11641577060931896,0.15800404668909818
