RMSE,F1,MAE
0.995110614514904,0.6607929515418502,0.816083221319619
