RMSE,NDCG,F1,MAE
0.828936400735427,0.9081525650579738,0.7741935483870968,0.6632173996359106
