RMSE,NDCG,F1,MAE
0.8123924376236287,0.9169743695438842,0.7823343848580442,0.64856645811183
