RMSE,NDCG,F1,MAE
0.9900913598441088,0.8751642329618659,0.6666666666666666,0.8126027499282827
