RMSE,F1,MAE
0.8195940239351932,0.7751111111111111,0.653255331837781
