RMSE,NDCG,F1,MAE
0.17769892222048012,0.041810136582018376,0.11566771819137756,0.16403629181645274
