RMSE,NDCG,F1,MAE
1.0021799473054942,0.865082365588822,0.7068273092369478,0.8262569665963797
