RMSE,NDCG,F1,MAE
0.823273489953097,0.9142761837408776,0.7740585774058577,0.6584673647115412
