RMSE,NDCG,F1,MAE
0.17890645735239719,0.04919381815205559,0.0672312681689099,0.1677896018848385
