RMSE,F1,MAE
0.996774292683168,0.7091633466135459,0.8202682695056583
