RMSE,NDCG,F1,MAE
0.1787360923248259,0.04008027351786614,0.10585076314301867,0.16264142454760633
