RMSE,F1,MAE
0.9833609080601613,0.6837606837606838,0.7995362402180421
