RMSE,NDCG,F1,MAE
0.9888313186652983,0.8763392899925664,0.6810344827586207,0.8060661531354135
