RMSE,F1,MAE
0.16528004426461684,0.09575320512820507,0.1516165543734026
