RMSE,NDCG,F1,MAE
0.8100952263404724,0.9164195635104325,0.7868852459016393,0.6434247285878072
