RMSE,NDCG,F1,MAE
0.9966724966662728,0.8744234154663794,0.6577777777777778,0.826371266074336
