RMSE,NDCG,F1,MAE
0.18519910786070792,0.0442303261832101,0.1262053623697459,0.17382726251855585
