RMSE,NDCG,F1,MAE
0.8114733888055649,0.9186537416495895,0.7839831401475237,0.6525440035557801
