RMSE,NDCG,F1,MAE
0.1767462699427481,0.0429555524470836,0.11277846390996293,0.16390830145021096
