RMSE,NDCG,F1,MAE
0.9903178471057703,0.8739881147131562,0.6637168141592921,0.8131915523016329
