RMSE,F1,MAE
0.16387694725399693,0.10939338386187647,0.15267910141278518
