RMSE,NDCG,F1,MAE
0.8135715771630222,0.9169436671602398,0.776495278069255,0.6492832508514219
