RMSE,NDCG,F1,MAE
0.1861608977475323,0.05828116003939943,0.12025012025012027,0.17199975729693717
