RMSE,NDCG,F1,MAE
0.8149240631875251,0.9203776250844827,0.7683982683982684,0.6510625157651008
