RMSE,F1,MAE
0.9953927192950377,0.6513761467889908,0.8158495648911064
