RMSE,F1,MAE
0.17456862662733086,0.10458715596330281,0.1600454800543779
