RMSE,F1,MAE
0.8208240926677068,0.7559633027522936,0.6558040848367285
