RMSE,NDCG,F1,MAE
1.0010849609350574,0.8620964650450833,0.6481481481481481,0.8230622730620379
