RMSE,NDCG,F1,MAE
1.0620565344028505,0.8534158504320332,0.5833333333333334,0.8359712836899753
