RMSE,NDCG,F1,MAE
0.855148308945506,0.9058255793109211,0.7074733096085409,0.6698527875437444
