RMSE,NDCG,F1,MAE
0.20690822545734455,0.05240972887888795,0.12413997627520756,0.16611849614623087
