RMSE,NDCG,F1,MAE
1.0673582660019727,0.8503981772974764,0.5705614567526556,0.8467882632831085
