RMSE,NDCG,F1,MAE
0.8562488502622388,0.8964583211945045,0.7068723702664796,0.6705058541721134
