RMSE,NDCG,F1,MAE
0.21110941573973385,0.04606014389702817,0.13631091351382407,0.17628240911099513
