RMSE,NDCG,F1,MAE
1.053715440642694,0.8614871092423616,0.5853658536585366,0.8278769620508409
