RMSE,NDCG,F1,MAE
0.8531555324369625,0.9063138366353206,0.7080394922425952,0.6675294239629193
