RMSE,NDCG,F1,MAE
0.20055990820573155,0.04482672739295901,0.12267363858405866,0.16034753808792168
