RMSE,NDCG,F1,MAE
0.8511460495136832,0.9049685339590215,0.7093596059113301,0.6625772066146542
