RMSE,NDCG,F1,MAE
1.0708562908652894,0.8494857124627655,0.5900151285930408,0.8396668420519623
