RMSE,NDCG,F1,MAE
0.21971024135160622,0.05548282149625605,0.11934447731828923,0.17708963543730805
