RMSE,NDCG,F1,MAE
1.0670562636310867,0.8586080332448552,0.6080691642651297,0.8337154775408921
