RMSE,NDCG,F1,MAE
0.8587975594344123,0.906666557489159,0.7178082191780822,0.6696322391471369
