RMSE,NDCG,F1,MAE
0.20825870419667447,0.04805852424430379,0.10973905491295255,0.16408323839375527
