RMSE,NDCG,F1,MAE
0.20787925184874267,0.0481923189442105,0.11469440173034351,0.1654522552884231
