RMSE,NDCG,F1,MAE
1.0599281429426624,0.8585030042750619,0.5963855421686747,0.8308926100045362
