RMSE,NDCG,F1,MAE
0.8520488910939197,0.9066953232192724,0.7110799438990182,0.6654403547161131
