RMSE,NDCG,F1,MAE
0.20032592198468768,0.04461801135528165,0.1201245331084222,0.16028323485316842
