RMSE,NDCG,F1,MAE
0.8539890192179097,0.9059419105789341,0.7085391672547636,0.6680503421269824
