RMSE,NDCG,F1,MAE
1.0543149412025974,0.8613238992236525,0.5884146341463414,0.8283335769801509
