RMSE,NDCG,F1,MAE
1.0558119552868988,0.85687715929977,0.5568,0.8341325057527241
