RMSE,NDCG,F1,MAE
0.856308744209387,0.905374702424931,0.6929248723559446,0.6735096351707097
