RMSE,NDCG,F1,MAE
0.1995032110775118,0.04849754312516097,0.13612487235594461,0.1606228705820144
