RMSE,NDCG,F1,MAE
99.36265693215323,99.4642595615456,82.55064079591803,100.20793087785684
