RMSE,NDCG,F1,MAE
97.87327749697221,99.3316951192097,83.64208237102005,99.00859028393967
