RMSE,NDCG,F1,MAE
100.05935427937698,100.95114316323901,83.21851217533512,100.84986214537783
