RMSE,NDCG,F1,MAE
98.79453201505088,99.52403775833723,82.47717537841943,99.657596752418
