RMSE,NDCG,F1,MAE
99.5582120089139,101.32472335200858,85.60418400937202,100.23720494638218
