RMSE,NDCG,F1,MAE
99.15119413800286,98.81539067914301,83.36605350303373,99.95738916344898
