RMSE,NDCG,F1,MAE
100.07154882363744,100.96466124345112,83.40398669259339,100.85962003123295
