RMSE,NDCG,F1,MAE
99.57167367082943,101.14345293278193,83.66816388594972,100.64894276609984
