RMSE,NDCG,F1,MAE
84.16460071414451,99.62124501460671,73.89505328401816,84.24199989162916
