RMSE,NDCG,F1,MAE
83.71808183839356,96.91941448319234,72.84478054104623,83.77863227680058
