RMSE,NDCG,F1,MAE
84.58719591641575,99.17087112132218,74.50714385692903,84.65922829306746
