RMSE,NDCG,F1,MAE
83.96708861062059,98.44535996092596,74.15270578218515,83.92924348556254
