RMSE,NDCG,F1,MAE
84.08308764475262,99.46091662774715,76.09694351315159,84.09887347846757
