RMSE,NDCG,F1,MAE
84.08696142936402,98.0264557599887,74.94556286984485,84.08190452414738
