RMSE,NDCG,F1,MAE
84.5861856490671,99.69370095005561,74.40430458772772,84.64101694558187
