RMSE,NDCG,F1,MAE
84.81576432946213,98.93306414604558,74.76663090128756,84.98859136694644
