RMSE,NDCG,F1,MAE
0.045396912402654865,0.006739714684794174,0.04033093674267063,0.03676693799060882
