RMSE,NDCG,F1,MAE
0.8796254498223091,0.8897235725849152,0.7042124542124543,0.688606457384661
