RMSE,NDCG,F1,MAE
0.03712665298631579,0.020039995140564426,0.029295588798253114,0.03721434240388577
