RMSE,NDCG,F1,MAE
0.9250223622249639,0.8964632872697094,0.7445433909551249,0.7253733953752698
