RMSE,NDCG,F1,MAE
0.9089629977174531,0.9123215583154118,0.753984753984754,0.7098622876553925
