RMSE,NDCG,F1,MAE
0.8718363447311374,0.8922815631748474,0.7246891651865008,0.6726479452515067
