RMSE,NDCG,F1,MAE
0.9106689101396337,0.9153638074928901,0.759236561022588,0.7046678146672928
