RMSE,NDCG,F1,MAE
0.869611857221117,0.8905872411526354,0.7308882015024304,0.6736482143283229
