RMSE,NDCG,F1,MAE
0.04105705291851669,0.024776566340254713,0.028348359520157573,0.031019600338969888
