RMSE,NDCG,F1,MAE
0.04153328212893226,0.013948548095451763,0.03752634840426172,0.037204067473033064
