RMSE,NDCG,F1,MAE
0.8717908204333362,0.8903187801553896,0.7110300820419325,0.6781851423412093
