RMSE,NDCG,F1,MAE
0.9133241025622685,0.9042673282508413,0.7485564304461942,0.7153892098142424
