RMSE,NDCG,F1,MAE
0.9547063778907305,0.9000514390001716,0.7538177546568217,0.7377364793726667
