RMSE,NDCG,F1,MAE
0.8905177520937023,0.8820106876014672,0.7133928571428572,0.6877827557266467
