RMSE,NDCG,F1,MAE
0.06418862579702822,0.018040751398704424,0.0404248975139645,0.04995372364602002
