algorithm,georisk
SVD,0.6925666207109624
BIASEDMF,0.689908646956619
NMF,0.6701046686032849
StochasticItemKNN,0.6563988353607046
BayesianRidge,0.6559196519030691
Tweedie,0.6566088921792171
Ridge,0.6558344322843753
RandomForest,0.657623789290751
Bagging,0.6507277552816246
AdaBoost,0.6581887400501278
GradientBoosting,0.6561275499406888
LinearSVR,0.6582310515892917
