algorithm,georisk
SVD,0.7173585519203346
BIASEDMF,0.7142115573764943
NMF,0.6874007312496945
StochasticItemKNN,0.676916778675986
BayesianRidge,0.6760770639765339
Tweedie,0.6771235102785372
Ridge,0.6759523954734377
RandomForest,0.676294238366302
Bagging,0.6686991231226093
AdaBoost,0.6761283180660698
GradientBoosting,0.6752046449955901
LinearSVR,0.6770872732894527
