RMSE,NDCG,F1,MAE
107.83138757885402,107.64955906316752,90.25848426235275,106.99283982617271
