RMSE,NDCG,F1,MAE
108.97193077050309,121.7435241511964,94.30869497399172,108.34979962280062
