RMSE,NDCG,F1,MAE
108.9507976393708,112.08875465490354,88.93915277428724,109.25105261518854
