RMSE,NDCG,F1,MAE
108.34703755666865,111.82196093732408,91.8515406162465,107.7526222803488
