RMSE,NDCG,F1,MAE
109.14914247957066,111.98841797724263,88.35612666360716,109.61333901495145
