RMSE,NDCG,F1,MAE
107.80375614212983,114.01874590961934,87.87360873733795,107.39495276703327
