RMSE,NDCG,F1,MAE
108.96153874312115,112.93660603309755,90.00821320343256,109.23822410539003
