RMSE,NDCG,F1,MAE
108.68478706748232,111.6405673428547,90.63120655412116,108.73356592622929
