RMSE,NDCG,F1,MAE
0.09131895263222856,0.022075860384820567,0.02078688196770484,0.07790174619968104
