RMSE,NDCG,F1,MAE
0.9262989214443335,0.897553313354487,0.7012048192771084,0.7321544969837448
