RMSE,NDCG,F1,MAE
0.944348139269401,0.8907195083472871,0.6736711990111248,0.7438479570921855
