RMSE,NDCG,F1,MAE
1.0267715978421215,0.8633203852101206,0.7155172413793104,0.816749050791604
