RMSE,NDCG,F1,MAE
0.08242345857272049,0.027399123137166526,0.041846042368185565,0.07290109369941844
