RMSE,NDCG,F1,MAE
0.930582481470182,0.8959102920599736,0.6896551724137931,0.7357158906726264
