RMSE,NDCG,F1,MAE
1.0254884172562175,0.8713364026051026,0.711864406779661,0.8104209588056824
