RMSE,NDCG,F1,MAE
0.10644479973214982,0.03166169561412391,0.024639217112998768,0.0905981848485059
