RMSE,NDCG,F1,MAE
1.030136066772887,0.8677469720240563,0.7094017094017094,0.8144954672028074
