RMSE,NDCG,F1,MAE
1.0184499041078288,0.8723619732875478,0.7142857142857143,0.8039339307400948
