RMSE,NDCG,F1,MAE
0.09048301199165287,0.025750412343897744,0.022867576732458095,0.07448910269993991
