RMSE,NDCG,F1,MAE
0.11134187021072361,0.032960814883905454,0.028489570633741912,0.09489711471304352
