RMSE,NDCG,F1,MAE
0.919211626519481,0.9005122205981184,0.6789340101522843,0.7248215068280228
