RMSE,NDCG,F1,MAE
1.02572019146885,0.867771609252528,0.7247706422018348,0.8198332561667943
