RMSE,NDCG,F1,MAE
0.10522096053182695,0.03070913445562451,0.05549980886850148,0.09183079467788058
