RMSE,NDCG,F1,MAE
109.23074380092446,106.3074247589638,117.07966444550215,111.00047184831115
