RMSE,NDCG,F1,MAE
108.67677133687977,107.81052113772786,114.51151104359005,110.82401134120747
