RMSE,NDCG,F1,MAE
110.27749604997778,107.08386375102938,113.9548574218189,111.12907549152311
