RMSE,NDCG,F1,MAE
108.35296067693709,106.65632159669694,114.08384361752238,109.97483898482187
