RMSE,NDCG,F1,MAE
109.56919043363418,106.8888738175299,113.09844559585494,110.5042782521857
