RMSE,NDCG,F1,MAE
109.50728751688175,107.046987978952,116.42371234207967,111.70795660398589
