RMSE,NDCG,F1,MAE
110.4570269656768,107.21088646481903,114.04818654337649,111.19204183212035
