RMSE,NDCG,F1,MAE
108.39984906667024,105.99738996720396,117.79516358463727,110.1605050700773
