RMSE,NDCG,F1,MAE
0.9758658320814596,0.8790141193518074,0.6839792249300839,0.7657864234235469
