RMSE,NDCG,F1,MAE
0.1016562220207251,0.011853671543981315,0.04172610422352108,0.0747245399781894
