RMSE,NDCG,F1,MAE
0.8742096100607345,0.8908677908957887,0.725705329153605,0.6910618834453575
