RMSE,NDCG,F1,MAE
1.051122076553014,0.8708193533186165,0.6694146743610883,0.8302184361673086
