RMSE,NDCG,F1,MAE
0.8949799201549086,0.8791238158334581,0.7041139240506329,0.700645171038629
