RMSE,NDCG,F1,MAE
0.15614215639810547,0.008304462514841626,0.03469924968954463,0.12957326512867962
