RMSE,NDCG,F1,MAE
1.1006990524444769,0.842740606483984,0.6862745098039216,0.8507269845901031
