RMSE,NDCG,F1,MAE
0.13553075262208314,0.008055402004962353,0.03655250821535927,0.08768624568306815
