RMSE,NDCG,F1,MAE
0.9651682998223937,0.8346852044790216,0.6497220015885623,0.7630407389070349
