RMSE,NDCG,F1,MAE
0.8713922985177726,0.8983868633334103,0.7256916996047431,0.6894591131539647
