RMSE,NDCG,F1,MAE
0.958134483492382,0.885628916767765,0.7017543859649122,0.7516198895016981
