RMSE,NDCG,F1,MAE
0.0867421849746094,0.012757946565645328,0.02393731363983087,0.062160776347733426
