RMSE,NDCG,F1,MAE
99.49102778958596,95.99115461110628,92.976759068159,99.20725110355968
