RMSE,NDCG,F1,MAE
95.42061668734081,97.2507308505161,86.16768678767413,93.4179730571036
