RMSE,NDCG,F1,MAE
101.21107235572464,99.68073553516457,96.09276001622987,101.55935257366251
