RMSE,NDCG,F1,MAE
100.98368061341516,97.23414255590731,91.34333843797857,100.00500786452395
