RMSE,NDCG,F1,MAE
0.006330231022486643,0.012137784286555653,0.04706534888391711,0.00592317609537496
