RMSE,NDCG,F1,MAE
1.1011818191662273,0.8106695839104504,0.5973890339425587,0.8674659493342414
