RMSE,NDCG,F1,MAE
1.107512050188714,0.7985317996238948,0.6444543828264758,0.8733891254296163
