RMSE,NDCG,F1,MAE
1.123234700450732,0.798326427999257,0.6419864559819413,0.8886173567566381
