RMSE,NDCG,F1,MAE
1.1111597750791142,0.8051657570305183,0.5991561181434599,0.8732336532512827
