RMSE,NDCG,F1,MAE
0.012074925371617695,0.0068393290312612764,0.042830337838481336,0.01538370350535545
