RMSE,NDCG,F1,MAE
1.1023160690335783,0.8112305479360743,0.5996860282574569,0.8606440163377919
