RMSE,NDCG,F1,MAE
1.1107014608637473,0.8005655899300337,0.6416275430359938,0.8748050430185619
