RMSE,NDCG,F1,MAE
0.008385391830169064,0.010664958006040615,0.041941514778536915,0.014161026680770017
