RMSE,NDCG,F1,MAE
1.1026634251645822,0.8119153076324929,0.599791013584117,0.8660978366860085
