RMSE,NDCG,F1,MAE
1.107196929516488,0.8026569450345035,0.6415263748597082,0.8728184609905911
