RMSE,NDCG,F1,MAE
0.004533504351905915,0.0092583625979894,0.04173536127559119,0.006720624304582645
