RMSE,NDCG,F1,MAE
1.1181834491939608,0.8003622721825894,0.653025302530253,0.8782772839616689
