RMSE,NDCG,F1,MAE
0.007813708625278082,0.012455237274792696,0.04140450742321944,0.014009587569064341
