RMSE,NDCG,F1,MAE
1.1103697405686828,0.8128175094573821,0.6116207951070336,0.8642676963926046
