RMSE,NDCG,F1,MAE
1.1108183478995977,0.8026914442851536,0.6423258958755916,0.8752459591725439
