RMSE,NDCG,F1,MAE
1.10610320106806,0.8068521572378784,0.5987394957983193,0.8676591342239438
