RMSE,NDCG,F1,MAE
0.00471514683153762,0.004160712952724799,0.043586400077272325,0.007586824948600079
