RMSE,NDCG,F1,MAE
1.1023553743773227,0.8117868873480355,0.6,0.8606339852515471
