RMSE,NDCG,F1,MAE
0.008496076654207707,0.011078432067843202,0.041484130531962427,0.014268270538478789
