RMSE,NDCG,F1,MAE
1.1108514510315304,0.8007084552801923,0.6414841305319624,0.8749022557900259
