RMSE,NDCG,F1,MAE
1.0972864475900377,0.8170731154997621,0.5801195002715915,0.8627050038406292
