RMSE,NDCG,F1,MAE
1.1006042444425201,0.8015683922192147,0.6318706697459584,0.874063177981285
