RMSE,NDCG,F1,MAE
0.0033177968524824575,0.015504723280547417,0.051751169474366865,0.011358174140655763
