algorithm,georisk
SVD,0.7743574559459716
BIASEDMF,0.7778673858149089
NMF,0.7675321151300121
StochasticItemKNN,0.7475914275357631
BayesianRidge,0.7228612774905605
Tweedie,0.7211305784689248
Ridge,0.7228396511712764
RandomForest,0.7228996929676107
Bagging,0.719616720281247
AdaBoost,0.7228836369296391
GradientBoosting,0.7234264963540303
LinearSVR,0.7216678870479678
