algorithm,georisk
SVD,0.7898782106635994
BIASEDMF,0.7937509170303686
NMF,0.7808169259110307
StochasticItemKNN,0.7556707809693229
BayesianRidge,0.7288640318996408
Tweedie,0.7285068362761312
Ridge,0.7288286730816778
RandomForest,0.7291098521530973
Bagging,0.7263602499108771
AdaBoost,0.7295536131515669
GradientBoosting,0.729732125572299
LinearSVR,0.7263858974233571
