RMSE,NDCG,F1,MAE
96.7768489058773,98.43048659130439,98.1342040443516,97.3116962141576
