RMSE,NDCG,F1,MAE
96.34354817781248,98.31376550438091,99.42030970408105,98.22751438252575
