RMSE,NDCG,F1,MAE
99.50060194399772,95.06183585710639,95.6542422808979,97.81881765469326
