RMSE,NDCG,F1,MAE
96.79884264283686,98.02109210879124,98.43125617470547,98.1991573304773
