RMSE,NDCG,F1,MAE
0.1359626191460035,0.015537954711031254,0.10453446860627225,0.12690204404124172
