RMSE,NDCG,F1,MAE
1.0652597690607195,0.8017596295117646,0.548683404776485,0.8390560866071257
