RMSE,NDCG,F1,MAE
1.201222388206723,0.7862216748007333,0.4441489361702128,0.9659581306483674
