RMSE,NDCG,F1,MAE
1.1954939346390607,0.7933074391314108,0.4846938775510204,0.9569660586229874
