RMSE,NDCG,F1,MAE
0.123210513058575,0.016106564072059015,0.09118609936761785,0.10589658019788095
