RMSE,NDCG,F1,MAE
1.0722834215804857,0.8094140032034698,0.5758799769186382,0.8510694784251065
