RMSE,NDCG,F1,MAE
0.12888295382552895,0.02458334042610466,0.10891223049955168,0.1175293718675493
