RMSE,NDCG,F1,MAE
1.0631623627953195,0.803883726703226,0.566128067025733,0.8429813175653057
