RMSE,NDCG,F1,MAE
1.1920453166208484,0.7793003862771214,0.45721583652618136,0.960510689432855
