RMSE,NDCG,F1,MAE
1.0616056760620844,0.8073327962944157,0.565680473372781,0.835334987941952
