RMSE,NDCG,F1,MAE
1.1999880224397308,0.789438171608158,0.47176913425345046,0.9615327733273903
