RMSE,NDCG,F1,MAE
0.13838234637764635,0.017894624686257687,0.09391133911933058,0.12619778538543824
