RMSE,NDCG,F1,MAE
1.082330353287269,0.7983552553541022,0.585812356979405,0.8527836064843934
