RMSE,NDCG,F1,MAE
1.2164189672938999,0.7790551297288724,0.48292682926829267,0.9746407720145434
