RMSE,NDCG,F1,MAE
0.13408861400663086,0.01930012562522987,0.10288552771111237,0.12185716553014991
