RMSE,NDCG,F1,MAE
1.1984045143337385,0.7905351337596122,0.46894803548795944,0.9611143693628771
