RMSE,NDCG,F1,MAE
1.0611097799117775,0.8035136847622508,0.5639810426540285,0.8358516902865673
