RMSE,NDCG,F1,MAE
0.13729473442196105,0.012978551002638672,0.09503300716606905,0.12526267907630984
