RMSE,NDCG,F1,MAE
1.063650554552962,0.8036775255212142,0.5632115038945477,0.8433176997859752
