RMSE,NDCG,F1,MAE
1.192358032498854,0.774249431763249,0.4578005115089514,0.9608803397496699
