RMSE,NDCG,F1,MAE
0.1287074779458921,0.02942809375796518,0.10541099238559626,0.11756263996369476
