RMSE,NDCG,F1,MAE
1.0621381183287506,0.8032543252469256,0.549165120593692,0.8450185796871595
