RMSE,NDCG,F1,MAE
1.1861590728911706,0.7849353940728301,0.4423337856173677,0.9588290237242163
