RMSE,NDCG,F1,MAE
0.12402095456242002,0.018318931174095554,0.10683133497632435,0.11381044403705676
