algorithm,georisk
SVD,0.804727988887279
BIASEDMF,0.8057863059195968
NMF,0.7962750019136646
StochasticItemKNN,0.7646677842234342
BayesianRidge,0.7444251228053976
Tweedie,0.7427010919001111
Ridge,0.7443913815046129
RandomForest,0.7447984766642578
Bagging,0.7399323904213806
AdaBoost,0.7441392891132895
GradientBoosting,0.7452921288368625
LinearSVR,0.7419325959422526
