algorithm,georisk
SVD,0.8455200703974305
BIASEDMF,0.8465593690039244
NMF,0.8361790640053673
StochasticItemKNN,0.8004592660840588
BayesianRidge,0.7773796659969382
Tweedie,0.7766974972203269
Ridge,0.7773292471136648
RandomForest,0.7769004727998966
Bagging,0.7727033824193594
AdaBoost,0.7774049189997875
GradientBoosting,0.7782812582051135
LinearSVR,0.7728460492315538
