RMSE,NDCG,F1,MAE
0.8318791583150855,0.8844616829051442,0.7208619000979432,0.6510135232768269
