RMSE,NDCG,F1,MAE
0.07974266914327865,0.01355171850107495,0.035550025432586674,0.06277197220399267
