RMSE,NDCG,F1,MAE
0.9116218274583642,0.8980134014062191,0.7564119255305298,0.7137854954808196
