RMSE,NDCG,F1,MAE
0.8622272312476389,0.8787727178593334,0.7044656297039639,0.6756167149641275
