RMSE,NDCG,F1,MAE
0.9655820847062443,0.8845238343357974,0.717282446880498,0.7581918173459146
