RMSE,NDCG,F1,MAE
0.1033548534586054,0.00575111647646398,0.012816817176534157,0.08257510238178711
