RMSE,NDCG,F1,MAE
0.060659318935697426,0.010540587891625819,0.04421372377005195,0.04560413700470756
