RMSE,NDCG,F1,MAE
1.0023399410248404,0.8267828555290093,0.666967916854948,0.7889945529800158
