RMSE,NDCG,F1,MAE
1.0629992599605378,0.8373234434206351,0.711181640625,0.8345986899847233
