RMSE,NDCG,F1,MAE
0.0698940510610816,0.01628953437589875,0.023598899596046774,0.06376080244998561
