RMSE,NDCG,F1,MAE
0.914952187693371,0.8941571974041174,0.749079431877959,0.7202083515231985
