RMSE,NDCG,F1,MAE
0.8450581366322895,0.8778676630282186,0.7254805322819122,0.6564475490732129
