RMSE,NDCG,F1,MAE
0.05147790204722347,0.017618045487010847,0.03651192877090048,0.04111405413924796
