RMSE,NDCG,F1,MAE
0.910552364393543,0.8771643278781905,0.7273405445729205,0.7147184267025729
