RMSE,NDCG,F1,MAE
0.8590744623463196,0.8947823733652014,0.763852473343821,0.673604372563325
