RMSE,NDCG,F1,MAE
0.9458911681052337,0.8663402363876457,0.7067271352985639,0.741051861878635
