RMSE,NDCG,F1,MAE
0.048521824740564545,0.01609979918675819,0.02846638405337132,0.03652675739024003
