RMSE,NDCG,F1,MAE
0.8973693433646691,0.8824400355744039,0.7351935193519352,0.704525104488395
