RMSE,NDCG,F1,MAE
1.128093078888332,0.8150772569827271,0.6772624067466754,0.8657819797257047
