RMSE,NDCG,F1,MAE
0.12632711019670295,0.031877534712293376,0.03781020216669473,0.08615284137680601
