RMSE,NDCG,F1,MAE
1.0017659686916291,0.8469547916950205,0.7150726089133701,0.7796291383488987
