RMSE,NDCG,F1,MAE
0.8648900717440388,0.8944488198612169,0.7543921293042867,0.6794072000413368
