RMSE,NDCG,F1,MAE
0.9220557868552594,0.8745560989259794,0.7229453328374861,0.7241460142880076
