RMSE,NDCG,F1,MAE
0.057165715111220594,0.01989272093523753,0.0314467964668006,0.04473881424667081
