RMSE,NDCG,F1,MAE
99.23524750323061,99.00732749948281,91.7028413996654,100.35916364712824
