RMSE,NDCG,F1,MAE
98.92965641349313,100.54083528831966,92.06836032449823,99.59638476903498
