RMSE,NDCG,F1,MAE
98.66927379065422,99.70460300476375,91.17124161858024,99.86818340865005
