RMSE,NDCG,F1,MAE
98.73784390408984,99.72607941785168,91.54224908901477,99.9362090499464
