RMSE,NDCG,F1,MAE
98.54050179994739,99.73338834340493,90.80894700028536,99.77049625831054
