RMSE,NDCG,F1,MAE
98.79978943590996,99.18535472472016,91.51810956700697,99.76555418214052
