RMSE,NDCG,F1,MAE
98.67254450102703,99.74097314771706,91.2228967129817,99.87291855153852
