RMSE,NDCG,F1,MAE
99.17741864039942,99.26412652707182,91.4219061032125,100.32027131354715
