RMSE,NDCG,F1,MAE
92.47498289420236,99.91028207429841,92.6165352829702,91.74102530412429
