RMSE,NDCG,F1,MAE
86.8821719433004,97.82314292861011,87.47972873359869,87.30391340129731
