RMSE,NDCG,F1,MAE
90.72066645674624,100.84723891557441,92.99894292761437,91.23262345916035
