RMSE,NDCG,F1,MAE
93.56840073106055,98.1246210179422,91.46876022244031,92.46177084096146
