algorithm,georisk
SVD,0.9542620492842661
BIASEDMF,0.9581199183692424
NMF,0.949919623841711
StochasticItemKNN,0.9290569819612599
BayesianRidge,0.9125666074319098
Tweedie,0.9115411221243171
Ridge,0.9125525651096523
RandomForest,0.9135495341074116
Bagging,0.9110612285824932
AdaBoost,0.9141601118784062
GradientBoosting,0.9144007428344935
LinearSVR,0.9114279011296953
