algorithm,georisk
SVD,0.9358687623955524
BIASEDMF,0.9401283188278216
NMF,0.9309397779953308
StochasticItemKNN,0.9011463893815993
BayesianRidge,0.8817395240521264
Tweedie,0.8817040203164598
Ridge,0.8817189928543708
RandomForest,0.8820400523841208
Bagging,0.8788624561731732
AdaBoost,0.884184697160504
GradientBoosting,0.8835362806177545
LinearSVR,0.8792080418979072
