RMSE,NDCG,F1,MAE
0.7830619146808662,0.911665661716129,0.7215815485996705,0.6147842385283373
