RMSE,NDCG,F1,MAE
0.07192997541401536,0.010243898198676216,0.007375732044860639,0.056610787078672065
