RMSE,NDCG,F1,MAE
0.8549918900948815,0.9014217635174527,0.7142058165548099,0.6713950256070094
