RMSE,NDCG,F1,MAE
0.07253817599070578,0.010928913343962066,0.00853294401185678,0.06445299280748906
