RMSE,NDCG,F1,MAE
0.8357585432552332,0.9067235500271734,0.7346269472533479,0.6564048122868126
