RMSE,NDCG,F1,MAE
0.06808380808080872,0.00580038740868738,0.005827026827808113,0.061479479787135416
