RMSE,NDCG,F1,MAE
0.768799186920113,0.9138588646939804,0.7413249211356467,0.5942591988037916
