RMSE,NDCG,F1,MAE
0.8368829950009217,0.908058477285293,0.7354978943078386,0.655738678590927
