RMSE,NDCG,F1,MAE
0.764217467192083,0.916592116901153,0.7441130298273155,0.5890431995737094
