RMSE,NDCG,F1,MAE
0.8375825912153826,0.9061720483301178,0.7422542735042735,0.6543123720941914
