RMSE,NDCG,F1,MAE
0.8400466491599595,0.9085733774389461,0.7336875085138265,0.6569333913605494
