RMSE,NDCG,F1,MAE
0.06806856904761238,0.007305943504492762,0.006469971801134178,0.05890996115986735
