RMSE,NDCG,F1,MAE
0.07256430039589024,0.010764065017533686,0.008705832801684243,0.06452350311974864
