RMSE,NDCG,F1,MAE
0.7631728840325251,0.9176524633711355,0.7260940032414911,0.5918621085579328
