RMSE,NDCG,F1,MAE
98.44027603519129,102.57386167274032,90.41432461378001,97.28982683476032
