RMSE,NDCG,F1,MAE
98.98139069434751,102.71843234780707,93.69445958219801,98.2997871686501
