RMSE,NDCG,F1,MAE
99.04993721866862,103.72276732293211,90.12148055700632,97.49052797993778
