RMSE,NDCG,F1,MAE
98.24408744755996,102.21417805275918,88.4244109947644,96.90530838525935
