RMSE,NDCG,F1,MAE
99.41997850559672,103.09963294242637,91.1540214171793,97.60963277186924
