RMSE,NDCG,F1,MAE
98.12535180005416,101.80888136798738,86.73020527859238,96.76748422673316
