RMSE,NDCG,F1,MAE
99.05953830042417,103.71597412347673,90.54867735606523,97.5003699971107
