RMSE,NDCG,F1,MAE
99.53752861253604,103.26035825689151,87.27048506440121,97.66395635335574
