RMSE,NDCG,F1,MAE
106.03041643458917,99.64894968339183,100.07220648280466,106.59999691234093
