RMSE,NDCG,F1,MAE
104.44601929405484,99.383959657578,100.97340969191583,105.62329140229852
