RMSE,NDCG,F1,MAE
106.09851182369819,99.63225280401046,95.48313567167024,104.72244544184983
