RMSE,NDCG,F1,MAE
105.7847833745195,99.29365985030738,102.22141459323456,106.79693352179787
