RMSE,NDCG,F1,MAE
97.58541521485965,97.8307584224551,94.12811025864957,98.74531121769756
