RMSE,NDCG,F1,MAE
100.39432595381479,97.43560665464189,93.67290447304303,100.6600454942604
