RMSE,NDCG,F1,MAE
98.61092291924977,95.53235333199724,91.49364897608848,98.71915400118884
