RMSE,NDCG,F1,MAE
97.12893587478447,97.77149081366572,93.43859432404177,98.33841932069267
