RMSE,NDCG,F1,MAE
0.9245375464811795,0.8867089688853222,0.7060063224446786,0.7407422683256649
