RMSE,NDCG,F1,MAE
1.0059363305403262,0.8899422984866867,0.6795827123695977,0.8066544353755057
