RMSE,NDCG,F1,MAE
0.08139878405914669,0.0032333296013644652,0.026423610075080983,0.06591216704984082
