RMSE,NDCG,F1,MAE
0.6019608210479206,0.0020445473609101983,0.11006407931326323,0.39332725273771285
