RMSE,NDCG,F1,MAE
0.9875350765443172,0.8774666478921024,0.6811751904243744,0.7805014221667735
