RMSE,NDCG,F1,MAE
1.5894958975922377,0.8795111952530126,0.5711111111111111,1.1738286749044864
