RMSE,NDCG,F1,MAE
0.5405373306594363,0.020343323920985812,0.03713749889328,0.32155057257833985
