RMSE,NDCG,F1,MAE
1.0543695566948172,0.8059871643487341,0.6282306163021869,0.8471540614517055
