RMSE,NDCG,F1,MAE
1.5949068873542536,0.8263304882697199,0.5910931174089069,1.1687046340300453
