RMSE,NDCG,F1,MAE
0.9910542009365779,0.8953810904701816,0.6822709163346613,0.7973371822389214
