RMSE,NDCG,F1,MAE
0.07067830586987733,0.0010886403804497569,0.015842291212508464,0.05947182912075777
