RMSE,NDCG,F1,MAE
0.9203758950667006,0.8942924500897318,0.6981132075471698,0.7378653531181636
