RMSE,NDCG,F1,MAE
0.8349343928107362,0.9111122124605373,0.7418275418275418,0.6466680065116642
