RMSE,NDCG,F1,MAE
0.9202692927537062,0.9074700350360905,0.7756732761171944,0.7205431959857264
