RMSE,NDCG,F1,MAE
0.08168460150732915,0.004007410415285517,0.048385580898133496,0.0758666478526977
