RMSE,NDCG,F1,MAE
0.9394587923932037,0.8967640091356135,0.7654357901031544,0.7428596396446266
