RMSE,NDCG,F1,MAE
0.09465928755572972,0.012547334824198786,0.04439166971136277,0.08040774054176436
