RMSE,NDCG,F1,MAE
0.9184111440540276,0.9030364621249307,0.7773109243697479,0.716475099942904
