RMSE,NDCG,F1,MAE
0.9292692477719019,0.8999753812431245,0.7695067264573991,0.7343818121076086
