RMSE,NDCG,F1,MAE
0.8353030930712342,0.9096211138033713,0.7328838174273858,0.6496168672165998
