RMSE,NDCG,F1,MAE
0.09396615470066771,0.009645732560246811,0.036622909030013306,0.08476494489100872
