RMSE,NDCG,F1,MAE
0.8684194009914946,0.9017707693817313,0.7257405515832482,0.6707529419233794
