RMSE,NDCG,F1,MAE
0.10539027242900156,0.002891288652348778,0.0446447854062163,0.09025840283725606
