RMSE,NDCG,F1,MAE
0.9738096734204962,0.8988794807293825,0.7703853369894645,0.7610113447606355
