RMSE,NDCG,F1,MAE
89.5868060539677,98.89139138525962,95.08393285371702,90.16338878824558
