RMSE,NDCG,F1,MAE
88.32477354145473,97.856646171558,93.47359882661452,86.8436080772937
