RMSE,NDCG,F1,MAE
86.92653480435278,98.5734199032933,101.07818779782458,88.59851594644141
