RMSE,NDCG,F1,MAE
90.76956349976174,98.81755148442039,96.84399656276852,91.41253710961821
