RMSE,NDCG,F1,MAE
1.101517605943403,0.854859955097765,0.5963003264417845,0.8718686259956752
