RMSE,NDCG,F1,MAE
0.19086146598802822,0.03383187161102286,0.12739786696948008,0.1471259745470027
