RMSE,NDCG,F1,MAE
0.9106561399553749,0.8886918267087879,0.7236981934112646,0.7247426514486724
