RMSE,NDCG,F1,MAE
0.1809528447509472,0.029321605980999976,0.12032991114711855,0.155747543249107
