RMSE,NDCG,F1,MAE
0.9963301559569024,0.8745483377239337,0.6784694460308395,0.7828603467993038
