RMSE,NDCG,F1,MAE
1.1772830007078496,0.8452267317429337,0.5581395348837209,0.9386078900484108
