RMSE,NDCG,F1,MAE
1.0119325840562772,0.8452929637776891,0.6832814122533749,0.8012331975552988
