RMSE,NDCG,F1,MAE
1.2712859319388767,0.8358193224415789,0.5395449620801733,1.0056547575817458
