RMSE,NDCG,F1,MAE
0.25935334788259956,0.009473641336110283,0.14373645017320158,0.20442156002644707
