RMSE,NDCG,F1,MAE
0.8903755040005331,0.8951247118593056,0.7251082251082251,0.7068635516596323
