RMSE,NDCG,F1,MAE
0.20700580556571124,0.052267977022814716,0.13368610321206265,0.16098286795786665
