RMSE,NDCG,F1,MAE
1.0973813095662444,0.8428567348364909,0.5914221218961625,0.867846419617499
