RMSE,NDCG,F1,MAE
0.17004225717021937,0.09345836506866378,0.03343965975544916,0.12112263122564959
