RMSE,NDCG,F1,MAE
1.074730142673295,0.8148241958889615,0.5808080808080808,0.8587695015121496
