RMSE,NDCG,F1,MAE
1.2447723998435143,0.7213658308202977,0.5473684210526316,0.9798921327377992
