RMSE,NDCG,F1,MAE
0.16207831941650208,0.08679864800027781,0.01064028956565155,0.10112888701124001
