RMSE,NDCG,F1,MAE
1.253405884847415,0.7155561609079817,0.5625,0.9742100542100542
