RMSE,NDCG,F1,MAE
1.091327565430913,0.8023548089082595,0.5731402895656516,0.8730811671988142
