RMSE,NDCG,F1,MAE
1.249771466667319,0.7096572608691922,0.5409252669039146,0.9866936818141583
