RMSE,NDCG,F1,MAE
0.17641248684157862,0.10408758297214615,0.035484989506341824,0.1314719891302012
