RMSE,NDCG,F1,MAE
1.0733589798257404,0.8137448438413384,0.5764102564102564,0.8552216926839571
