RMSE,NDCG,F1,MAE
1.2498724020264083,0.7010356479301105,0.5567010309278351,0.9799179644886656
