RMSE,NDCG,F1,MAE
1.0746288461244584,0.8146564389091273,0.5883524141363863,0.8559551911631598
