RMSE,NDCG,F1,MAE
0.17524355590194984,0.11362079097901678,0.03165138320855121,0.12396277332550587
