RMSE,NDCG,F1,MAE
1.0790075119026847,0.8137608917617926,0.5998043052837574,0.8551370553973564
