RMSE,NDCG,F1,MAE
1.2680495968631806,0.7286503519744997,0.5616438356164384,0.9939891914235831
