RMSE,NDCG,F1,MAE
0.1890420849604959,0.08511053978729288,0.03816046966731901,0.1388521360262267
