RMSE,NDCG,F1,MAE
0.17052832456086509,0.09034673403044136,0.025910104011887092,0.1212812950854476
