RMSE,NDCG,F1,MAE
1.0807521306966912,0.809297921608393,0.5884101040118871,0.8579264494848062
