RMSE,NDCG,F1,MAE
1.2512804552575563,0.7189511875779516,0.5625,0.9792077445702538
