RMSE,NDCG,F1,MAE
0.17627673404044764,0.10283471447712145,0.03996555009895186,0.13145238757315825
