RMSE,NDCG,F1,MAE
1.0736117299549177,0.8124919753463137,0.5756798358132376,0.8554069868586911
