RMSE,NDCG,F1,MAE
1.2498884639953654,0.7096572608691922,0.5357142857142857,0.9868593744318493
