RMSE,NDCG,F1,MAE
1.0660579097380933,0.8116820041181805,0.5619399051133368,0.8516316272527559
