RMSE,NDCG,F1,MAE
1.2464685362558332,0.7147035636407707,0.5220588235294118,0.9897830950919433
