RMSE,NDCG,F1,MAE
0.18041062651773987,0.09697844047740978,0.039881081583925004,0.13815146783918741
