RMSE,NDCG,F1,MAE
100.04139812894246,101.75735887592678,124.7314061578785,98.86617609897984
