RMSE,NDCG,F1,MAE
101.57318976596508,102.55450182927966,122.92383356319448,101.14987752780391
