RMSE,NDCG,F1,MAE
101.19428047840515,101.40560571386368,119.93483102401987,100.10156745748698
