RMSE,NDCG,F1,MAE
101.12163860088226,101.31693389878029,121.67076889166455,99.99121530333933
