RMSE,NDCG,F1,MAE
102.00094091484048,101.70546408064112,116.75059130396339,101.06608120254185
