RMSE,NDCG,F1,MAE
100.93793436417447,103.1984286747334,120.1419789603642,99.98666911592025
