RMSE,NDCG,F1,MAE
101.19049445363042,101.21984962984413,120.33870461910665,100.09943383683529
