RMSE,NDCG,F1,MAE
100.46752753280717,101.57146184328982,117.60468257541648,99.27226358799086
