RMSE,NDCG,F1,MAE
99.76972603031666,102.40823433928074,121.83302890297625,98.66688146613915
