RMSE,NDCG,F1,MAE
102.55477990136119,106.18630947402468,116.7769379659545,101.33008010531637
