RMSE,NDCG,F1,MAE
101.22359483557548,100.97827382768175,119.40932080924856,100.40770959209013
