RMSE,NDCG,F1,MAE
100.5373267455844,102.19025882827427,120.80775170204647,99.49890991554504
