RMSE,NDCG,F1,MAE
102.09924355311122,101.96885466621222,119.51572944421072,101.49307675839331
