RMSE,NDCG,F1,MAE
100.61101066399863,103.29654070024978,118.80327392483532,99.6899516384605
