RMSE,NDCG,F1,MAE
101.21185447535308,101.07752817189792,118.62718374426964,100.39500708634155
