RMSE,NDCG,F1,MAE
100.62844638367108,102.61999532935616,119.78066836571455,99.83887367264207
