RMSE,NDCG,F1,MAE
0.08839730673436796,0.07585274143983434,0.06203456030299448,0.06335329749532315
