RMSE,NDCG,F1,MAE
1.1539660141598194,0.732298701028468,0.5432595573440644,0.9079655155035432
