RMSE,NDCG,F1,MAE
1.0655687074254514,0.8081514424683023,0.6052941176470589,0.8446122180082201
