RMSE,NDCG,F1,MAE
1.1501447214239053,0.7437796112064864,0.5940959409594095,0.9055649241146712
