RMSE,NDCG,F1,MAE
1.0680807164593855,0.8188168025067737,0.654251012145749,0.8489029870473168
