RMSE,NDCG,F1,MAE
0.08206400496451982,0.0750371913002873,0.06015507118633945,0.05666193706735434
