RMSE,NDCG,F1,MAE
0.08340944530701933,0.06076213494333649,0.0467082080481096,0.060392582806690354
