RMSE,NDCG,F1,MAE
1.147654137264989,0.7467628912906528,0.5899814471243042,0.9072622335514062
