RMSE,NDCG,F1,MAE
1.0642446919579698,0.8075250262339893,0.6366896551724138,0.8468696507447159
