RMSE,NDCG,F1,MAE
1.0605468689722277,0.8085179673643037,0.6528189910979229,0.8399521836800521
