RMSE,NDCG,F1,MAE
0.08414724778677551,0.0770536235142113,0.058224396503328224,0.05886677658253059
