RMSE,NDCG,F1,MAE
1.1446941167590032,0.7314643438500924,0.5945945945945946,0.8988189602625827
