RMSE,NDCG,F1,MAE
1.0707963045618552,0.8070267533545563,0.6497434512557386,0.8478230575008703
