RMSE,NDCG,F1,MAE
0.08337488436738116,0.06098730061141433,0.05621827139962354,0.06491245991176653
