RMSE,NDCG,F1,MAE
1.1541711889292363,0.746039452743142,0.5935251798561151,0.9127355174126368
