RMSE,NDCG,F1,MAE
0.08955449970267182,0.07386021356438577,0.057595808888087796,0.06435208273554083
