RMSE,NDCG,F1,MAE
1.0638261931992175,0.8126006609491081,0.6543408360128617,0.8425332892852885
