RMSE,NDCG,F1,MAE
1.1533806929018893,0.7387404473847223,0.596745027124774,0.9068853720208293
