RMSE,NDCG,F1,MAE
1.064363513349482,0.807484285609575,0.6366896551724138,0.8469479876320548
