RMSE,NDCG,F1,MAE
0.08345039772741969,0.060721394318922206,0.04780076628352492,0.06045759745752721
