RMSE,NDCG,F1,MAE
1.1478139110769017,0.7467628912906528,0.5888888888888889,0.907405585089582
