RMSE,NDCG,F1,MAE
0.0697587389178913,0.06982583923823549,0.06632639894800496,0.04986580544337993
