RMSE,NDCG,F1,MAE
1.0643783410864645,0.8116478567218446,0.6282124500285551,0.8492360453246551
