RMSE,NDCG,F1,MAE
1.1341370800043558,0.7418220174836091,0.5618860510805501,0.8991018507680351
