RMSE,NDCG,F1,MAE
104.0883658754169,105.77430050703731,111.96548400913764,103.28237954596908
