RMSE,NDCG,F1,MAE
102.85362600916265,107.34463212208487,108.75558040139244,102.87744292723913
