RMSE,NDCG,F1,MAE
103.79262580010926,105.45937544602226,111.07486603725438,103.62523882924562
