RMSE,NDCG,F1,MAE
103.86361510397836,106.54540163569153,111.6280626589905,103.05059586947563
