RMSE,NDCG,F1,MAE
103.74764844872044,105.43844227819467,111.01689181570104,104.00028871441565
