RMSE,NDCG,F1,MAE
104.16808168499239,104.61411170551511,111.74474240569711,103.71964578984287
