RMSE,NDCG,F1,MAE
103.79802467203969,105.45989623200651,111.07486603725438,103.62565885842639
