RMSE,NDCG,F1,MAE
102.33051579313077,107.18492260312837,110.21462198836886,102.52300316692478
