RMSE,NDCG,F1,MAE
0.024894337812407796,0.040810559371312394,0.009565871266940529,0.003452348896445523
