RMSE,NDCG,F1,MAE
1.0814574205835874,0.7838355240286526,0.6645662675908423,0.8588765406283926
