RMSE,NDCG,F1,MAE
1.1063517583959952,0.824646083399965,0.6741321388577828,0.8554241917319471
