RMSE,NDCG,F1,MAE
0.0031582540758177124,0.04363647201711596,0.04394521702041454,0.019436881669002593
