RMSE,NDCG,F1,MAE
1.0991544773152604,0.78336653555187,0.6366587318762172,0.8727498041665303
