RMSE,NDCG,F1,MAE
1.102312731391078,0.8270030075689859,0.6806039488966318,0.8533129224975277
