RMSE,NDCG,F1,MAE
1.1110829459188083,0.8139671813828728,0.6704675028506272,0.8587712771855601
