RMSE,NDCG,F1,MAE
0.019152857722459782,0.02899718084299563,0.017590967621150755,0.004677543399580042
