RMSE,NDCG,F1,MAE
1.0919300881963485,0.7849700005398772,0.6528765352294764,0.8634488205851402
