RMSE,NDCG,F1,MAE
1.0988418276115488,0.8177742948266613,0.6757679180887372,0.845555237598567
