RMSE,NDCG,F1,MAE
0.016307677248885266,0.033383853076912384,0.023230988095159777,0.012891878204233098
