RMSE,NDCG,F1,MAE
1.0825341503626635,0.7843904417497489,0.6525369299935774,0.8584471158028001
