RMSE,NDCG,F1,MAE
1.1225272843729937,0.8169696838675826,0.6741573033707865,0.8663189739192346
