RMSE,NDCG,F1,MAE
1.0994981286475336,0.7841609629505167,0.6614506238105308,0.8651357171087951
