RMSE,NDCG,F1,MAE
0.02302915572546005,0.03280872091706588,0.01270667956025573,0.0011832568104395147
