RMSE,NDCG,F1,MAE
1.086590388541897,0.7817576263598595,0.6486952771188268,0.8616005557904814
