RMSE,NDCG,F1,MAE
0.01442015859702317,0.04102346510017896,0.03171709401519385,0.014170310068311376
