RMSE,NDCG,F1,MAE
1.1010105471389202,0.8227810914600384,0.6804123711340206,0.8474302457221701
