RMSE,NDCG,F1,MAE
0.01917548596145835,0.028946639987456613,0.017450261471316786,0.0046307048915353866
