RMSE,NDCG,F1,MAE
1.1111895091798163,0.8139671813828728,0.6704675028506272,0.8588587883145298
