RMSE,NDCG,F1,MAE
1.092014023218358,0.7850205413954162,0.6530172413793104,0.8634894932060652
