RMSE,NDCG,F1,MAE
0.0211115028015616,0.0490498360607633,0.021454007779804773,0.003118734848006288
