RMSE,NDCG,F1,MAE
1.085399052847146,0.7799031613507156,0.6373137647320436,0.8638142723577148
