RMSE,NDCG,F1,MAE
1.1065105556487076,0.8289529974114789,0.6587677725118484,0.8606955375097085
