RMSE,NDCG,F1,MAE
93.77752829497531,97.99880546082692,94.67541661021541,93.6296736209775
