RMSE,NDCG,F1,MAE
94.60368172314125,98.35236211057331,95.93757290417155,95.05161193802708
