RMSE,NDCG,F1,MAE
89.62490072196503,99.39306220030431,95.45825692210565,90.7027364474497
