RMSE,NDCG,F1,MAE
93.71592869308988,97.7972301367358,96.09562600155424,93.76296812286277
