RMSE,NDCG,F1,MAE
93.62629341050395,101.62539766463425,132.09069293478262,92.93799079155411
