RMSE,NDCG,F1,MAE
93.18920050696839,106.9708749135357,133.33822838345867,92.91476895822794
