RMSE,NDCG,F1,MAE
94.00506743769266,101.20764258034308,136.61949400991713,93.39311810572488
