RMSE,NDCG,F1,MAE
93.38167065668141,100.09052921130413,137.90542803410878,92.91653556591187
