RMSE,NDCG,F1,MAE
94.5799063154358,100.87126322879108,135.59922894556092,94.25613653072267
