RMSE,NDCG,F1,MAE
93.89262301129328,100.93523907028359,134.85525881965052,93.40858949164316
