RMSE,NDCG,F1,MAE
94.01059789133718,101.16702673970819,136.57360130363935,93.40226425330435
