RMSE,NDCG,F1,MAE
92.13203255240668,101.61717892826772,135.2426412092283,91.24241844843745
