algorithm,georisk
SVD,0.7633108692429799
BIASEDMF,0.7669211551627929
NMF,0.7557552991062157
StochasticItemKNN,0.7353659381836324
BayesianRidge,0.7111023071494265
Tweedie,0.7093703034675397
Ridge,0.7110751276778084
RandomForest,0.7105337192754594
Bagging,0.70965601842282
AdaBoost,0.7106777551321337
GradientBoosting,0.7112409291367908
LinearSVR,0.710912633797526
