algorithm,georisk
SVD,0.7957180363260448
BIASEDMF,0.8001397195838882
NMF,0.7869537655292532
StochasticItemKNN,0.7615691371136731
BayesianRidge,0.7362633820495589
Tweedie,0.7359035841792384
Ridge,0.7362254625927935
RandomForest,0.7363740222739432
Bagging,0.7350053863592388
AdaBoost,0.7364028801470612
GradientBoosting,0.7372823496116339
LinearSVR,0.7352844114889938
