RMSE,NDCG,F1,MAE
1.252528127706235,0.6909481110612813,0.5263157894736842,0.9915341253119019
