RMSE,NDCG,F1,MAE
1.0696329955516508,0.8133363080267769,0.5849246231155779,0.8538357901649675
