RMSE,NDCG,F1,MAE
0.1828951321545842,0.12238819696549563,0.05860883364189373,0.13769833514693441
