RMSE,NDCG,F1,MAE
0.1982236419441119,0.09616551875882517,0.06983486481495038,0.14824497556500849
