RMSE,NDCG,F1,MAE
1.2856054826126533,0.721285712814579,0.5051903114186851,1.0105191555191555
