RMSE,NDCG,F1,MAE
1.0873818406685414,0.8174512315734042,0.5750251762336355,0.862274179954147
