RMSE,NDCG,F1,MAE
0.18783578332863837,0.10879107212353312,0.06346280447662933,0.14001481019916162
