RMSE,NDCG,F1,MAE
1.2601699184590838,0.7048781017412251,0.5161290322580645,0.9927199721342258
