RMSE,NDCG,F1,MAE
1.0723341351304454,0.8136691738647582,0.5795918367346938,0.8527051619350642
