RMSE,NDCG,F1,MAE
0.19144498307937607,0.10749502380519405,0.041593961638487165,0.13824992843924866
