RMSE,NDCG,F1,MAE
1.0737726073683502,0.8147583614712474,0.5963884821864324,0.8523242180077273
