RMSE,NDCG,F1,MAE
1.2652175904477263,0.7072633376660533,0.5547945205479452,0.990574146446976
