RMSE,NDCG,F1,MAE
1.0825134795082039,0.8105636950614825,0.5970443349753695,0.8571081032932352
