RMSE,NDCG,F1,MAE
1.277078831194211,0.6899006057911835,0.547945205479452,1.0022544641547815
