RMSE,NDCG,F1,MAE
0.19456535168600708,0.120663089270299,0.04909912949591744,0.1451463608615463
