RMSE,NDCG,F1,MAE
1.2632415338117995,0.7258579484279031,0.54421768707483,0.9898850879090335
