RMSE,NDCG,F1,MAE
0.18454924964894537,0.08758038165602644,0.050135953341217565,0.13493877204218763
