RMSE,NDCG,F1,MAE
1.0786922841628541,0.8134383300839295,0.5943536404160475,0.8549463158668459
