RMSE,NDCG,F1,MAE
1.0725839252429286,0.8141565768622638,0.5795918367346938,0.852914422163868
