RMSE,NDCG,F1,MAE
1.260487035312325,0.6915151390198985,0.5161290322580645,0.9929724928052125
