RMSE,NDCG,F1,MAE
0.18790311006939642,0.12264143784236536,0.06346280447662933,0.14005807064134446
