RMSE,NDCG,F1,MAE
0.19185253937109126,0.10368329375158569,0.045367437130900745,0.14711457718368115
