RMSE,NDCG,F1,MAE
1.2574927062516943,0.7083693497131175,0.5185185185185185,0.9962887267477265
