RMSE,NDCG,F1,MAE
1.065640166880603,0.8120526434647032,0.5638859556494192,0.8491741495640454
