RMSE,NDCG,F1,MAE
0.9011390684847052,0.8690621998501622,0.7109929078014184,0.7227791784426018
