RMSE,NDCG,F1,MAE
0.9207993678473313,0.8603370286010262,0.6934763181411975,0.7390959949619099
