RMSE,NDCG,F1,MAE
0.0010015438526853604,0.03779280334593138,0.06071362599288077,0.013716876243297094
