RMSE,NDCG,F1,MAE
0.9218009117000167,0.8981298319469576,0.7541899441340782,0.7253791187186128
