RMSE,NDCG,F1,MAE
0.9193650183051674,0.8980960545874448,0.7538213998390989,0.7250691569989678
