RMSE,NDCG,F1,MAE
0.018225949820462217,0.029033854737282594,0.042828492037680466,0.0022899785563660346
