RMSE,NDCG,F1,MAE
0.9178206824374867,0.8771445799238444,0.7252368647717485,0.7303672682794602
