RMSE,NDCG,F1,MAE
0.012103486227823645,0.009979983787652968,0.021989759633956663,0.00653113798827909
