RMSE,NDCG,F1,MAE
0.9299241686653104,0.8871245637114974,0.7472266244057052,0.7238361302911811
