RMSE,NDCG,F1,MAE
0.01761701825943085,0.02849290095721757,0.04445707792576492,0.0015829094443313707
