RMSE,NDCG,F1,MAE
0.9041625133345675,0.8666564221789211,0.7126230975828111,0.7240096726399589
