RMSE,NDCG,F1,MAE
0.9217795315939984,0.8951493231361387,0.757080175508576,0.7255925820842902
