RMSE,NDCG,F1,MAE
0.028656332954677843,0.020774165628000718,0.016131741220317797,0.022795819178789256
