RMSE,NDCG,F1,MAE
0.9614434363568879,0.8856462423844421,0.7377812257564003,0.7533294374289454
