RMSE,NDCG,F1,MAE
0.93278710340221,0.8648720767564414,0.7216494845360825,0.7305336182501562
