RMSE,NDCG,F1,MAE
0.8573698342414624,0.8967420691871804,0.7568281938325991,0.6681931745806601
