RMSE,NDCG,F1,MAE
0.03842393322454074,0.0014675509850857749,0.010394069115627902,0.02995488037614591
