RMSE,NDCG,F1,MAE
0.9482888985542401,0.9018337358739726,0.7475365273530411,0.7308328415045328
