RMSE,NDCG,F1,MAE
0.10550280003993406,0.002767979628797712,0.0013698593486212163,0.07714329571949519
