RMSE,NDCG,F1,MAE
0.8782172247016614,0.8892308608016484,0.7403169014084507,0.6862412133673753
