RMSE,NDCG,F1,MAE
0.10288969998820185,0.0046480142641533995,0.003930556695711407,0.07127847134225762
