algorithm,value
BIAS,0.002248338771609
userKNN,0.0024162695099061
BIASEDMF,0.0052350046690352
SVD,0.0141528904986527
itemKNN,0.0143985786796796
