algorithm,value
SVD,0.03806253940467
BIAS,0.0449323663379729
BIASEDMF,0.0506536427738997
userKNN,0.0855253205667363
itemKNN,0.0856367815401333
