algorithm,value
SVD,0.0568998894780264
BIAS,0.0593241760881685
BIASEDMF,0.0690864401494755
userKNN,0.0823282643656273
itemKNN,0.1570345494572671
