algorithm,value
AdaBoost,0.0244094907985743
GradientBoosting,0.0277566154852277
Tweedie,0.0279784697907177
RandomForest,0.0297785161360011
Ridge,0.0319429267213849
