algorithm,value
SVD,0.0918368458368017
BIAS,0.0952067397248348
Bagging,0.0989001599759804
LinearSVR,0.1014584979499485
RandomForest,0.1031561191993917
