algorithm,value
Bagging,0.0536358133857055
GradientBoosting,0.0661477824749543
AdaBoost,0.0671011905453664
RandomForest,0.0704339946822617
Ridge,0.073875165660589
