algorithm,value
SVD,0.0345049055677632
BIASEDMF,0.0396304755736266
BIAS,0.0467358327233314
itemKNN,0.0620921578158706
userKNN,0.0631276248473134
