algorithm,value
BIASEDMF,0.0040741800789527
BIAS,0.0083664771389024
SVD,0.009019643551791
userKNN,0.0291162306416492
itemKNN,0.0523574574798388
