algorithm,value
SVD,0.0310169307087291
BIAS,0.0379286270505594
BIASEDMF,0.0458521372389852
userKNN,0.0483181453057888
itemKNN,0.0626973037603034
