algorithm,value
SVD,0.0456204796247295
BIAS,0.0516103406914913
BIASEDMF,0.0662493236213598
Bagging,0.0822047270308581
RandomForest,0.090232959365177
