algorithm,value
Ridge,0.0168157453588799
Tweedie,0.0174854735694517
BayesianRidge,0.0176827313039678
LinearSVR,0.0204260606958734
AdaBoost,0.0249912864051954
