algorithm,value
Bagging,0.0694052503020095
GradientBoosting,0.0808352137947203
RandomForest,0.0851734076587876
AdaBoost,0.0855153786226246
SVD,0.0859173067176328
