algorithm,value
SVD,0.0132179293176327
BIAS,0.0156149882575484
BIASEDMF,0.031896281102082
userKNN,0.0622935681684356
itemKNN,0.0906390699367591
