algorithm,value
BIAS,0.063862365458761
SVD,0.0694543692003555
BIASEDMF,0.0776706642044415
userKNN,0.1033138570487646
itemKNN,0.1098338815442413
