algorithm,value
Bagging,0.0534931294441441
AdaBoost,0.0535875914003813
RandomForest,0.0584299552995959
GradientBoosting,0.0604999776872967
SVD,0.0677825461566024
