algorithm,value
AdaBoost,0.0311764281914053
GradientBoosting,0.0384344982772381
RandomForest,0.0400796999004721
Bagging,0.0401687416487592
LinearSVR,0.0419832926029628
