algorithm,value
BIASEDMF,0.0022884575172364
BIAS,0.0277508475589113
SVD,0.029070474101953
userKNN,0.0416793795173636
GradientBoosting,0.0463397485209545
