algorithm,value
LinearSVR,0.0817267936034651
RandomForest,0.0819937267811513
GradientBoosting,0.082667559230995
AdaBoost,0.0838390448832984
Bagging,0.0848017561546753
