algorithm,value
BIAS,0.0385059663228124
AdaBoost,0.0538161003489623
SVD,0.0552967149284296
Tweedie,0.058208136661402
Bagging,0.0592339425910338
