algorithm,value
BIAS,0.0596092878999814
SVD,0.0640911148771923
BIASEDMF,0.066124472938854
itemKNN,0.0719202270693569
userKNN,0.0776807263401221
