RMSE,NDCG,F1,MAE
0.898566740507639,0.878793071883549,0.7636363636363637,0.7148728526567071
