RMSE,NDCG,F1,MAE
0.0063197399546173205,0.02200046429362834,0.022332015810276662,0.004606378185853077
