RMSE,NDCG,F1,MAE
0.9048864804622563,0.9007935361771774,0.741304347826087,0.7194792308425602
