RMSE,NDCG,F1,MAE
0.015151083540860366,0.023616917672433457,0.029861320470304542,0.002492290528664398
