RMSE,NDCG,F1,MAE
0.9154513367417578,0.8931370106277288,0.7266355140186916,0.7176470588235294
