RMSE,NDCG,F1,MAE
0.9003002532008975,0.8695200929552953,0.6967741935483871,0.715154768294865
