RMSE,NDCG,F1,MAE
0.9012423147166548,0.8725289493657973,0.7123287671232876,0.7066058522460041
