RMSE,NDCG,F1,MAE
0.0029407804253331893,0.026607001712372846,0.01112514186154312,0.005837405976261034
