RMSE,NDCG,F1,MAE
0.8983015342913216,0.8991359510781701,0.7234539089848308,0.7007684462697431
