RMSE,NDCG,F1,MAE
0.9067951535991539,0.8975988597705625,0.738015607580825,0.7127604395487797
