RMSE,NDCG,F1,MAE
0.0003607143990481676,0.03053418747247305,0.001819288562420085,0.003650218167311481
