RMSE,NDCG,F1,MAE
0.907155867998202,0.8670646722980895,0.7361963190184049,0.7164106577160911
