RMSE,NDCG,F1,MAE
0.9187638650315187,0.88377436423451,0.7468354430379747,0.7078289110517758
