RMSE,NDCG,F1,MAE
0.018294189811360884,0.013619711974092508,0.0073587649947437495,0.009703908420272245
