RMSE,NDCG,F1,MAE
0.9004696752201579,0.8973940762086025,0.7394766780432309,0.6981250026315036
