RMSE,NDCG,F1,MAE
0.8987302245184612,0.8636662383923799,0.7672955974842768,0.7112245483254246
