RMSE,NDCG,F1,MAE
0.005130971225096093,0.03644519616154729,0.028260509764978514,0.00028836380703733955
