RMSE,NDCG,F1,MAE
0.9038611957435573,0.9001114345539272,0.7390350877192983,0.7115129121324619
