RMSE,NDCG,F1,MAE
0.898765834554561,0.8984917136154028,0.7238542890716804,0.7011065203182334
