RMSE,NDCG,F1,MAE
0.8989795777108815,0.8776618427263558,0.7123287671232876,0.7016258189245338
