RMSE,NDCG,F1,MAE
0.00021374315632050056,0.020829870889046975,0.011525521948392736,0.0005192986063004001
