RMSE,NDCG,F1,MAE
0.004344895165402596,0.029736205229561552,0.006566086912936697,0.004654535888573674
