RMSE,NDCG,F1,MAE
0.9065601191219557,0.8969619304904882,0.7117437722419929,0.7106604503733643
