RMSE,NDCG,F1,MAE
0.9022152239565531,0.8672257252609267,0.7183098591549296,0.715314986261938
