RMSE,NDCG,F1,MAE
0.9855676536426262,0.8828221683298266,0.7235008103727715,0.7750910472255279
