RMSE,NDCG,F1,MAE
0.9061819202918011,0.8618439948416323,0.7330533893221356,0.7151140816980881
