RMSE,NDCG,F1,MAE
0.0793857333508251,0.020978173488194307,0.009552578949364121,0.05997696552743981
