RMSE,NDCG,F1,MAE
0.9339035361441393,0.8554129821311663,0.7170042971147943,0.7318600387990624
