RMSE,NDCG,F1,MAE
1.0580721163286442,0.8634407292435694,0.6983372921615202,0.8315940959620023
