RMSE,NDCG,F1,MAE
0.12416858018450483,0.00802774711240306,0.018667004953274113,0.09973405716293993
