RMSE,NDCG,F1,MAE
1.0834924999888673,0.8286140385044064,0.694375,0.8454891636365995
