RMSE,NDCG,F1,MAE
1.0175703509569687,0.8220173505996902,0.6469500924214417,0.7986229399900581
