RMSE,NDCG,F1,MAE
0.06592214903189864,0.006596687904716236,0.04742490757855822,0.04686622364654147
