RMSE,NDCG,F1,MAE
0.06973979873628644,0.010461756490800167,0.015440435286003695,0.0529275831496997
