RMSE,NDCG,F1,MAE
0.9729987951614565,0.8870926978299631,0.7399549983927998,0.7659237478498306
