RMSE,NDCG,F1,MAE
0.90325899642517,0.876630941339163,0.7245145631067961,0.7129961647001309
