RMSE,NDCG,F1,MAE
101.7879882185189,98.71055866425068,104.97393031531902,102.58197577495443
