RMSE,NDCG,F1,MAE
100.31560505737545,99.70506450961729,108.73909418427097,101.17487522598468
