RMSE,NDCG,F1,MAE
101.44157083843768,98.78697470073521,107.7213100124933,102.56615612913916
