RMSE,NDCG,F1,MAE
101.67748191916782,99.9693032450214,107.80274930751888,102.62311387606695
