RMSE,NDCG,F1,MAE
101.31603215833998,99.72642954422611,106.162074419379,102.22181070487962
