RMSE,NDCG,F1,MAE
101.43786250656748,98.10630930657724,106.13598673300164,102.08221462368302
