RMSE,NDCG,F1,MAE
101.44162642399534,98.7795927027183,107.652146809008,102.58986187692776
