RMSE,NDCG,F1,MAE
100.57927153760875,99.32744721408584,107.94893873779878,101.55058418723722
