RMSE,NDCG,F1,MAE
1.0606926534957597,0.8770565325555807,0.6666666666666666,0.845772847249241
