RMSE,NDCG,F1,MAE
0.7845478560534176,0.9325381060576015,0.7797752808988764,0.6235582084503675
