RMSE,NDCG,F1,MAE
0.2761447974423421,0.055481573502020765,0.11310861423220975,0.2222146387988735
