RMSE,NDCG,F1,MAE
0.8088877809579645,0.9200523832323227,0.7665580890336591,0.6451932410213743
