RMSE,NDCG,F1,MAE
1.0769655856621794,0.8913284985072262,0.6749116607773852,0.8593888051556571
