RMSE,NDCG,F1,MAE
0.26807780470421483,0.02872388472509657,0.09164642825627389,0.21419556413428276
