RMSE,NDCG,F1,MAE
0.2817275854072915,0.056899365219957976,0.11541416697064011,0.22783987380383064
