RMSE,NDCG,F1,MAE
1.057399982180397,0.8774422225182312,0.6871609403254972,0.8429360026093055
