RMSE,NDCG,F1,MAE
0.7756723967731055,0.9343415877381892,0.8025751072961373,0.6150961288054748
