RMSE,NDCG,F1,MAE
0.27806032589197405,0.032496260877218464,0.09248682721351531,0.2211409260707513
