RMSE,NDCG,F1,MAE
0.7787492115676045,0.9283869635807729,0.7952840300107181,0.6176159890617172
