RMSE,NDCG,F1,MAE
1.0568095374595785,0.8958907027035544,0.7027972027972028,0.8387569151324685
