RMSE,NDCG,F1,MAE
0.7693221464803908,0.935062444080413,0.8071278825995807,0.603240204051713
