RMSE,NDCG,F1,MAE
1.0592421610208094,0.8826916681559508,0.6955017301038062,0.8396745559960299
