RMSE,NDCG,F1,MAE
0.2899200145404186,0.052370775924462154,0.11162615249577446,0.23643435194431695
