RMSE,NDCG,F1,MAE
1.0555181652867627,0.8880882362549569,0.6763636363636364,0.8414670548841144
