RMSE,NDCG,F1,MAE
0.2787184745665994,0.04529699070834725,0.1210501567398119,0.22554008315231278
