RMSE,NDCG,F1,MAE
0.7767996907201633,0.9333852269633042,0.7974137931034483,0.6159269717318017
