RMSE,NDCG,F1,MAE
0.2812883547706485,0.04871554160311886,0.11358380377652333,0.2281119879718717
