RMSE,NDCG,F1,MAE
1.0574468005915685,0.8851135224741308,0.6872727272727273,0.8431675051889075
