RMSE,NDCG,F1,MAE
0.77615844582092,0.9338290640772496,0.8008565310492506,0.6150555172170358
