RMSE,NDCG,F1,MAE
0.7769956956052358,0.9298851642820987,0.7872105843439912,0.6178427862056539
