RMSE,NDCG,F1,MAE
0.2811981949577814,0.044922095909776694,0.11431338808230895,0.2274062154070179
