RMSE,NDCG,F1,MAE
1.0581938905630173,0.884963068372322,0.6728971962616822,0.8452490016126718
