RMSE,NDCG,F1,MAE
0.02804090302037654,0.01771309651540487,0.011831674707823314,0.02067734231163698
