RMSE,NDCG,F1,MAE
0.9600862326764478,0.8705266390742616,0.6896551724137931,0.7529901737607251
