RMSE,NDCG,F1,MAE
0.9320453296560712,0.8882397355896665,0.7014868471216165,0.7323128314490881
