RMSE,NDCG,F1,MAE
0.9778574297201346,0.8770169784078444,0.6891944990176817,0.7666422024036204
