RMSE,NDCG,F1,MAE
0.007805054709375092,0.014420784214391413,0.011658267133623723,0.0007274647783076515
