RMSE,NDCG,F1,MAE
0.9856624844295097,0.862596194193453,0.677536231884058,0.767369667181928
