RMSE,NDCG,F1,MAE
1.0501652592096151,0.8138905247173369,0.6628003314001657,0.8233327120684355
