RMSE,NDCG,F1,MAE
0.004119809327732815,0.03062968859045223,0.024053435217264107,0.005878835083474865
