RMSE,NDCG,F1,MAE
1.054285068537348,0.8445202133077891,0.6868537666174298,0.8174538769849606
