RMSE,NDCG,F1,MAE
0.9475672702125713,0.8752929188056624,0.705982905982906,0.7376271357123386
