RMSE,NDCG,F1,MAE
0.9193252956942005,0.8919034617719336,0.7124760076775432,0.7254014849838326
