RMSE,NDCG,F1,MAE
0.028241974518370738,0.01661054296627118,0.006493101694637127,0.01222565072850601
