RMSE,NDCG,F1,MAE
98.08521353706688,101.55839212833399,89.36968514369684,97.17771186534107
