RMSE,NDCG,F1,MAE
98.20351049802399,102.56548688020935,86.54814136900757,97.37266807439346
