RMSE,NDCG,F1,MAE
98.62349910941175,102.12395410353629,87.86920873258914,97.02036132392925
