RMSE,NDCG,F1,MAE
97.74963486688577,101.57989819456981,88.19353785900785,96.63173804605239
