RMSE,NDCG,F1,MAE
99.1991424995385,101.79388473441382,89.48001925854598,97.40943941242796
