RMSE,NDCG,F1,MAE
97.54824638358143,100.82088326796934,85.31276595744683,96.33021560782649
