RMSE,NDCG,F1,MAE
98.64874686822799,102.38163151850912,87.61913451146077,97.01848824232655
