RMSE,NDCG,F1,MAE
99.0694809537704,100.95585522724795,83.52426610216979,97.34300096234595
