RMSE,NDCG,F1,MAE
1.1021958098178926,0.8130491487011141,0.5910290237467019,0.868796629936582
