RMSE,NDCG,F1,MAE
1.1072998409831174,0.7973131817532234,0.6407374100719424,0.8745696970280722
