RMSE,NDCG,F1,MAE
0.005104031165224843,0.0157359669478907,0.04970838632524055,0.005773067091490169
