RMSE,NDCG,F1,MAE
1.1169967048225171,0.8108876539955282,0.5927482921702575,0.8778435376756766
