RMSE,NDCG,F1,MAE
0.005185215368544993,0.006548054907019596,0.05051076702398061,0.0004938076668563607
