RMSE,NDCG,F1,MAE
1.1118114894539721,0.8043395990885086,0.6432590591942381,0.8783373453425329
