RMSE,NDCG,F1,MAE
1.1091548150526636,0.7987810603462036,0.6438018381528805,0.8739604780406762
