RMSE,NDCG,F1,MAE
0.005805272567923847,0.016907769333151967,0.04537664130248675,0.013075877901178368
