RMSE,NDCG,F1,MAE
1.1033495424847397,0.8156888296793555,0.5984251968503937,0.8608846001394979
