RMSE,NDCG,F1,MAE
0.0035775217720976915,0.012916440680941443,0.05215742394428713,0.005711593949336402
