RMSE,NDCG,F1,MAE
1.1034509033800797,0.8145583150669982,0.5909568874868559,0.8673198774089969
