RMSE,NDCG,F1,MAE
1.1070284251521774,0.8016418743860567,0.6431143114311431,0.8730314713583333
