RMSE,NDCG,F1,MAE
0.005071085319774626,0.019242561244487644,0.04634388287439295,0.012800316429860237
