RMSE,NDCG,F1,MAE
1.1128086107783355,0.7983192495498259,0.6533039647577092,0.8747917806679651
