RMSE,NDCG,F1,MAE
1.1077375254585609,0.8175618107943136,0.6069600818833163,0.8619914642381049
