RMSE,NDCG,F1,MAE
0.002302945677295609,0.008152631622104,0.05013263208333507,0.005945881998153046
