RMSE,NDCG,F1,MAE
1.1078135665416784,0.8128045730820782,0.5907887771307571,0.8700883389353672
