RMSE,NDCG,F1,MAE
1.110116512218974,0.8046519414599742,0.6409214092140921,0.8760342209335202
