RMSE,NDCG,F1,MAE
1.1034044433491632,0.8156888296793555,0.5984251968503937,0.8608867946709445
