RMSE,NDCG,F1,MAE
0.0058942924412890285,0.017098684227213057,0.045680585310072463,0.013170651462157346
