RMSE,NDCG,F1,MAE
1.1092987357904522,0.7985901454521425,0.6441057821604662,0.8740574461331019
