RMSE,NDCG,F1,MAE
1.0970329255823612,0.811768472052876,0.5830618892508144,0.8624612742145276
