RMSE,NDCG,F1,MAE
1.1001866136794962,0.8007719303407641,0.6319188191881919,0.8737714081573865
