RMSE,NDCG,F1,MAE
0.00315368809713501,0.01099654171211184,0.04885692993737756,0.011310133942858958
