algorithm,georisk
SVD,0.7449625995610121
BIASEDMF,0.7420067266910279
NMF,0.7163765682114864
StochasticItemKNN,0.7094261723554501
BayesianRidge,0.7109813042816326
Tweedie,0.7111651592847219
Ridge,0.7109449609655712
RandomForest,0.71256399739932
Bagging,0.7080316213187209
AdaBoost,0.7127594507969157
GradientBoosting,0.7101877977755
LinearSVR,0.7133406611948747
