algorithm,georisk
SVD,0.7495729709251735
BIASEDMF,0.7459340353290094
NMF,0.7146871420812569
StochasticItemKNN,0.708852954344003
BayesianRidge,0.7106489382214618
Tweedie,0.7111479534598524
Ridge,0.7105910239212937
RandomForest,0.7104059100798175
Bagging,0.7060011187130918
AdaBoost,0.7098333783795688
GradientBoosting,0.7079763684686983
LinearSVR,0.711529945730043
