RMSE,NDCG,F1,MAE
0.09394866695526582,0.051651527845570255,0.09929053484420736,0.0887958760660359
