RMSE,NDCG,F1,MAE
1.1117286961860315,0.8189004200512365,0.5813377374071016,0.895996487916776
