RMSE,NDCG,F1,MAE
1.0177800292307657,0.8705519478968068,0.680628272251309,0.8072006118507401
