RMSE,NDCG,F1,MAE
0.0899964561179174,0.06356805887284134,0.08278540296840764,0.08849398419529841
