RMSE,NDCG,F1,MAE
1.0372113384548514,0.8774453629848907,0.6532663316582915,0.8175710594315245
