RMSE,NDCG,F1,MAE
1.1272077945727688,0.8138773041120494,0.5704809286898839,0.9060650436268229
