RMSE,NDCG,F1,MAE
0.10425365368713857,0.05774076539708117,0.08206050474091708,0.08968655847639184
