RMSE,NDCG,F1,MAE
1.0143876794519793,0.8728434752521471,0.6701030927835051,0.8058760904686562
