RMSE,NDCG,F1,MAE
1.1186413331391178,0.8151027098550659,0.588042588042588,0.895562648945048
