RMSE,NDCG,F1,MAE
1.1098196767473778,0.8207383885598621,0.5813377374071016,0.8926327921340599
