RMSE,NDCG,F1,MAE
0.08555631577065959,0.05463098661009258,0.08187469782605905,0.08096277708884014
