RMSE,NDCG,F1,MAE
1.0242633609767182,0.8753693751699547,0.6632124352331606,0.8116700150452197
