RMSE,NDCG,F1,MAE
1.0307499247811713,0.8717952917970897,0.68,0.8143088432386028
