RMSE,NDCG,F1,MAE
0.098634423196851,0.056186275946354614,0.07875389408099698,0.08553726672593753
