RMSE,NDCG,F1,MAE
1.1293843479780223,0.8156090158507351,0.6012461059190031,0.8998461099645403
