RMSE,NDCG,F1,MAE
0.09665393245336729,0.05736025129284461,0.09404563160823587,0.09387974898497131
