RMSE,NDCG,F1,MAE
1.1132838837590622,0.8139683431299813,0.5726210350584308,0.895725469467148
