RMSE,NDCG,F1,MAE
1.016629951305695,0.871328594422826,0.6666666666666666,0.8018457204821767
