RMSE,NDCG,F1,MAE
1.1197280199353414,0.8141369818246661,0.5875613747954174,0.8959720020180231
