RMSE,NDCG,F1,MAE
1.0137227577954668,0.8728434752521471,0.6701030927835051,0.8057878848656966
