RMSE,NDCG,F1,MAE
0.1060052621398746,0.05870649342748102,0.08254171798808774,0.09018411715232644
