RMSE,NDCG,F1,MAE
1.021587990079847,0.870001096968614,0.6631578947368421,0.8106176472993407
