RMSE,NDCG,F1,MAE
0.08581184924993734,0.049225135185219204,0.10018240868443296,0.08236284715279096
