RMSE,NDCG,F1,MAE
1.1073998393297844,0.8207759617833948,0.5629754860524091,0.8929804944521317
