RMSE,NDCG,F1,MAE
1.096272488244643,0.8345918913480583,0.6040931545518702,0.8787002595136354
