RMSE,NDCG,F1,MAE
1.1122193168709915,0.828950536627097,0.5802735781137509,0.8943619006603503
