RMSE,NDCG,F1,MAE
1.1046733258330452,0.8319618732369753,0.6031294452347084,0.8840481817584382
