RMSE,NDCG,F1,MAE
1.092815778341957,0.8329201618813881,0.605543710021322,0.8773857515699689
