RMSE,NDCG,F1,MAE
1.11175390076994,0.8326953810250262,0.6213853396099529,0.886064904966171
