RMSE,NDCG,F1,MAE
1.0967913783425187,0.834186271632597,0.596716630977873,0.8797603957095873
