RMSE,NDCG,F1,MAE
1.1055750262034856,0.8321908783225087,0.6046841731724627,0.884441043721615
