RMSE,NDCG,F1,MAE
1.094642174938945,0.8274106294489376,0.5829072315558802,0.8812929057178561
