RMSE,NDCG,F1,MAE
93.41483082742597,102.80352018857283,101.8874176279317,93.85685954461445
