RMSE,NDCG,F1,MAE
94.26518084663037,102.64992307755796,100.87724459913798,94.89516632020137
