RMSE,NDCG,F1,MAE
93.06592658190482,102.84524501957095,99.4991444653489,93.46485516064485
