RMSE,NDCG,F1,MAE
93.6660347318067,102.76396180874706,100.61789001652113,93.98499064042295
