RMSE,NDCG,F1,MAE
93.32793221465938,102.50539157928762,100.58147111753448,93.77163529809621
