RMSE,NDCG,F1,MAE
93.39059660552263,103.18129220126748,99.82968267394375,93.76922329085767
