RMSE,NDCG,F1,MAE
93.06882156073384,102.79867907089306,99.45933137364833,93.46859874510108
