RMSE,NDCG,F1,MAE
92.69603774756425,104.59133699977397,100.5222424201893,93.1275185461484
