algorithm,georisk
SVD,0.8071358569459985
BIASEDMF,0.8075476621918216
NMF,0.7933002874071776
StochasticItemKNN,0.7768562602550924
BayesianRidge,0.7595723778504503
Tweedie,0.7608611759622576
Ridge,0.7595036479990498
RandomForest,0.7593436612037202
Bagging,0.7571076042990319
AdaBoost,0.7581331719165499
GradientBoosting,0.759456548729562
LinearSVR,0.7578570337884224
