algorithm,georisk
SVD,0.7771077072365175
BIASEDMF,0.776551928069156
NMF,0.7576668300498617
StochasticItemKNN,0.7399830759111049
BayesianRidge,0.7179453701006919
Tweedie,0.720640637273147
Ridge,0.7178392572909156
RandomForest,0.7194305879897642
Bagging,0.7144320827868171
AdaBoost,0.7193724457031299
GradientBoosting,0.7189466340074093
LinearSVR,0.7136664705806248
