RMSE,F1,MAE
0.6604112747561297,0.7073170731707317,0.5137700744286229
