RMSE,NDCG,F1,MAE
0.6556442482133908,0.9199220826971676,0.70625,0.5095847031881532
