RMSE,NDCG,F1,MAE
0.21968073786238862,0.01526125780232912,0.026570512820512815,0.1854941950894924
