RMSE,F1,MAE
0.8754918097242576,0.7323807217243885,0.6948383408128318
