RMSE,NDCG,F1,MAE
0.8753249860757795,0.9046608248948385,0.7328205128205129,0.6950788982776456
