RMSE,F1,MAE
0.19900936406699865,0.033182064082475815,0.16748100517307518
