RMSE,NDCG,F1,MAE
0.2047863435009304,0.00491922410693979,0.0390530992211342,0.1712572793925694
