RMSE,NDCG,F1,MAE
0.6825714385029673,0.8925516641888892,0.6930091185410334,0.5306002096802376
