RMSE,NDCG,F1,MAE
0.8873577820038977,0.897470888295829,0.7320622177621676,0.701857489072807
