RMSE,NDCG,F1,MAE
0.8631712942909064,0.9089631252497895,0.7348504218869855,0.6797706121968436
