RMSE,F1,MAE
0.864052000327675,0.7341710971483809,0.6802407675779497
