RMSE,F1,MAE
0.6477606923570004,0.7177914110429447,0.5066655637511414
