RMSE,NDCG,F1,MAE
0.22081222111343213,0.0037687885615559358,0.013847287090747229,0.1780361138069365
