RMSE,NDCG,F1,MAE
0.6423590731774743,0.9051943366882336,0.7210031347962382,0.5017344983899071
