RMSE,NDCG,F1,MAE
0.22241828723004975,0.0014918832362902368,0.022808650424308796,0.18924012338132667
