RMSE,NDCG,F1,MAE
0.6485884165529644,0.9062962678975875,0.7138461538461538,0.500076027614378
