RMSE,F1,MAE
0.8713321972911814,0.7366146458583434,0.6891610038203337
