RMSE,NDCG,F1,MAE
0.8710067037830141,0.9048043846612973,0.7366548042704626,0.6893161509957046
