RMSE,NDCG,F1,MAE
0.8668680340612762,0.9094680766714558,0.74884287454324,0.6767070201261046
