RMSE,NDCG,F1,MAE
0.6470807895120783,0.9120003745842344,0.7261904761904762,0.5065809081607588
