RMSE,NDCG,F1,MAE
0.21978724454919796,0.002532297912778647,0.02265239835276378,0.17012611196534577
