RMSE,F1,MAE
0.21510929408128165,0.023520698214428704,0.16595520274141973
