RMSE,NDCG,F1,MAE
0.22071897783242156,0.010350729151244575,0.0214878048780488,0.18283156823409896
