RMSE,F1,MAE
0.21533311244999898,0.02460288350308948,0.17783022170482143
