RMSE,NDCG,F1,MAE
0.6495958001988982,0.9164116083834759,0.7195121951219512,0.5040320075715577
