RMSE,NDCG,F1,MAE
0.8703147780313197,0.9060608792322313,0.741,0.6868635758056567
