RMSE,NDCG,F1,MAE
0.642338605016245,0.9051943366882336,0.71875,0.5017134446639905
