RMSE,NDCG,F1,MAE
0.8631247140838054,0.9093081695318144,0.7361963190184049,0.679669203813633
