RMSE,NDCG,F1,MAE
0.22078610906756047,0.0041138328435808,0.017446319018404877,0.17795575914964257
