RMSE,F1,MAE
0.216272023131165,0.019847013527621526,0.17349357937634757
