RMSE,F1,MAE
0.647751304266381,0.7155963302752294,0.5066543277547637
