RMSE,F1,MAE
0.8727686475371692,0.7150389153904092,0.691214311264739
