RMSE,NDCG,F1,MAE
0.6513849804461368,0.9215563515647451,0.7035830618892508,0.5065563436309615
