RMSE,NDCG,F1,MAE
0.8720374055004407,0.9058009828178025,0.7159574468085106,0.6906660992739153
