RMSE,NDCG,F1,MAE
0.22065242505430394,0.01575536874694261,0.012374384919259795,0.18410975564295384
