RMSE,NDCG,F1,MAE
100.34571282989704,98.43944556551808,96.32862195333166,99.97883146131774
