RMSE,NDCG,F1,MAE
101.80793141443736,98.28014087430962,98.72424123769544,102.09974958469721
