RMSE,NDCG,F1,MAE
95.57990104539502,99.57610854913395,97.5796791034254,97.06671476989645
