RMSE,NDCG,F1,MAE
100.74309601060614,98.25469546776786,97.82094709687557,100.9044402199302
