RMSE,NDCG,F1,MAE
1.1573756000780888,0.7601393838348057,0.5811965811965812,0.9080371351848369
