RMSE,NDCG,F1,MAE
1.1070469681706436,0.7986341845126247,0.6578057032382794,0.8744495318792896
