RMSE,NDCG,F1,MAE
0.05032863190744519,0.03849480067781896,0.07660912204169812,0.03358760330554722
