RMSE,NDCG,F1,MAE
0.05509640382161174,0.05672531065709485,0.07209193918531265,0.04363034787945741
