RMSE,NDCG,F1,MAE
1.1185773482395025,0.7950203077217024,0.6390562248995983,0.8829358694084094
