RMSE,NDCG,F1,MAE
1.1736737520611142,0.7382949970646075,0.5669642857142857,0.9265662172878668
