RMSE,NDCG,F1,MAE
1.1501243534904362,0.763178916520782,0.5766590389016019,0.9083637715993923
