RMSE,NDCG,F1,MAE
0.03926893021522915,0.03836515846407984,0.05414157303108558,0.02957339321117669
