RMSE,NDCG,F1,MAE
1.110855423275207,0.8015440749848618,0.6308006119326874,0.8787903783882156
