RMSE,NDCG,F1,MAE
1.1050037637918868,0.8012116216984663,0.6511056511056511,0.8705499310149949
