RMSE,NDCG,F1,MAE
0.04343363820148394,0.04871448104985221,0.06287035698800403,0.027740508852706403
