RMSE,NDCG,F1,MAE
1.1484374019933707,0.7524971406486141,0.5882352941176471,0.8982904398677013
