RMSE,NDCG,F1,MAE
0.03905733962676683,0.03926533512493613,0.07017935453375701,0.03309067082751371
