RMSE,NDCG,F1,MAE
1.1673212259580514,0.7616987111175247,0.5752212389380531,0.9204821629871955
