RMSE,NDCG,F1,MAE
1.1282638863312846,0.8009640462424609,0.6454005934718101,0.8873914921596818
