RMSE,NDCG,F1,MAE
0.04708374495669454,0.04819003718384929,0.06739414087380124,0.03276484913410771
