RMSE,NDCG,F1,MAE
1.1097259991837902,0.8019331518603711,0.6538274012676744,0.8737005824832885
