RMSE,NDCG,F1,MAE
1.1568097441404848,0.7537431146765218,0.5864332603938731,0.9064654316173962
