RMSE,NDCG,F1,MAE
0.039272173332650206,0.03807593331829551,0.0538200640545653,0.029549471251934745
