RMSE,NDCG,F1,MAE
1.1503070392140298,0.763178916520782,0.5766590389016019,0.9084666358268306
