RMSE,NDCG,F1,MAE
1.1110348658813796,0.8012548498390775,0.6304791029561672,0.8789171645748959
