RMSE,NDCG,F1,MAE
1.1077057654698113,0.8041335382565846,0.6186440677966102,0.8781868810793092
