RMSE,NDCG,F1,MAE
0.026554315257449668,0.04729375483149334,0.04310449945128647,0.02170876330581284
