RMSE,NDCG,F1,MAE
1.134260080727261,0.7568397834250913,0.5755395683453237,0.899895644385122
