RMSE,NDCG,F1,MAE
95.85545744425504,107.59210895668734,81.6250844236103,97.95347510890912
