RMSE,NDCG,F1,MAE
95.48593976610181,106.38920551163058,85.58267168339913,97.47907183782266
