RMSE,NDCG,F1,MAE
95.61088249492386,106.0043957462399,80.94897130575805,97.30026172055027
