RMSE,NDCG,F1,MAE
95.43665904596766,106.59585444154357,81.31671956564705,97.52148064860245
