RMSE,NDCG,F1,MAE
95.40071248578256,105.82496490123725,82.93179825735561,97.03691920762317
