RMSE,NDCG,F1,MAE
95.3627383727993,106.65577740835879,82.00320289100068,97.29396023405684
