RMSE,NDCG,F1,MAE
95.6267071183996,106.0148139526031,80.82182423584956,97.31416907355805
