RMSE,NDCG,F1,MAE
95.50795814657297,105.36760610352809,80.88173976244668,97.21036541358204
