algorithm,georisk
SVD,1.1237968681813975
BIASEDMF,1.1203370137130264
NMF,1.1002519325809996
StochasticItemKNN,1.0944094279981114
BayesianRidge,1.094643847705965
Tweedie,1.0933952666786415
Ridge,1.0946133815695565
RandomForest,1.0953811446994723
Bagging,1.0913888768322662
AdaBoost,1.0944920283706734
GradientBoosting,1.0941749758907449
LinearSVR,1.0956952320121434
