algorithm,georisk
SVD,1.1110373183111346
BIASEDMF,1.107054259487453
NMF,1.0831682238566323
StochasticItemKNN,1.074505354709224
BayesianRidge,1.0772661499122884
Tweedie,1.076479944172389
Ridge,1.0771983320443668
RandomForest,1.0778034770244989
Bagging,1.0724555958172324
AdaBoost,1.0767612468139214
GradientBoosting,1.075672202080947
LinearSVR,1.0772600801067043
