RMSE,NDCG,F1,MAE
0.03851864731530352,0.004995519577550955,0.005023300853355894,0.0315804771301188
