RMSE,NDCG,F1,MAE
0.9337431398519117,0.8948844180401386,0.7204301075268817,0.7346742579205919
