RMSE,NDCG,F1,MAE
0.9722617871672152,0.8898888984625877,0.7254534083802376,0.7662547350507107
