RMSE,NDCG,F1,MAE
0.08565268427359052,0.0035978508551406385,0.009964345588061585,0.07090433984343103
