RMSE,NDCG,F1,MAE
1.0526289781953633,0.8725878278681418,0.6917900403768507,0.824998629343539
