RMSE,NDCG,F1,MAE
0.9669762939217728,0.8689899770130012,0.7017543859649122,0.7540942895001079
