RMSE,NDCG,F1,MAE
0.014921947931530566,0.00664314131739574,0.05718010456223144,0.009129425682310566
