RMSE,NDCG,F1,MAE
1.073819894551956,0.8512272234230223,0.6796827333740085,0.8381743406765524
