RMSE,NDCG,F1,MAE
1.0588979466204254,0.8445840821056265,0.6225026288117771,0.847303766358863
