RMSE,NDCG,F1,MAE
0.023085374324404495,0.0018027718024830053,0.0026836391690086003,0.017917755816637904
