RMSE,NDCG,F1,MAE
0.9325954897837571,0.8971030253062159,0.7260869565217392,0.7323046322596564
