RMSE,NDCG,F1,MAE
0.9556808641081616,0.8953002535037329,0.7287705956907478,0.7502223880762943
