algorithm,georisk
SVD,0.7715822387960349
BIASEDMF,0.7742015921705229
NMF,0.7630452039087067
StochasticItemKNN,0.7294647958556476
BayesianRidge,0.7042164540227844
Tweedie,0.7034603076859878
Ridge,0.7041515133279512
RandomForest,0.7051150878340883
Bagging,0.7008197226246671
AdaBoost,0.7037101431222315
GradientBoosting,0.7059039089878265
LinearSVR,0.7013392161118407
