algorithm,georisk
SVD,0.7758221735795702
BIASEDMF,0.7791316052396992
NMF,0.7657773712492206
StochasticItemKNN,0.7262694265274207
BayesianRidge,0.6965679210636346
Tweedie,0.6966913801956708
Ridge,0.6964822650820128
RandomForest,0.6968550241502772
Bagging,0.6923951204254297
AdaBoost,0.6971495571134388
GradientBoosting,0.6985272392037285
LinearSVR,0.6906673992618002
