RMSE,NDCG,F1,MAE
0.9751295630115434,0.8816689699226604,0.6876745113681692,0.7642744912704705
