RMSE,NDCG,F1,MAE
0.8740113903082046,0.8871083062427092,0.7275590551181103,0.6919565376258173
