RMSE,NDCG,F1,MAE
0.10111817270333878,0.005439336320048782,0.039884543749941104,0.07231795364465321
