RMSE,NDCG,F1,MAE
0.9155268757106474,0.8821381085545246,0.713487629688747,0.7122950707311803
