RMSE,NDCG,F1,MAE
1.048960040982453,0.8648515872102074,0.679465776293823,0.8269467800405738
