RMSE,NDCG,F1,MAE
0.1334331652718057,0.017286521344317185,0.03402185339492403,0.1146517093093935
