RMSE,NDCG,F1,MAE
1.1068985294533145,0.8363823692270285,0.6752557787040546,0.8594347503603079
