RMSE,NDCG,F1,MAE
0.1345497354961397,0.0046168045383196965,0.013875921447908723,0.09395640730801136
