RMSE,NDCG,F1,MAE
0.9723487939571748,0.8317655646887088,0.6613798572561459,0.7654783430522966
