RMSE,NDCG,F1,MAE
0.9577056024664808,0.8866422191909247,0.7019230769230769,0.7515101404786234
