RMSE,NDCG,F1,MAE
0.08600134466154497,0.009396765396710083,0.02477518532020906,0.0624296094065524
