RMSE,NDCG,F1,MAE
0.8717042578049359,0.8960389845876348,0.7266982622432859,0.689080531072071
