RMSE,NDCG,F1,MAE
84.76785131874772,92.34261966986837,86.26241535529226,84.34750865091196
