RMSE,NDCG,F1,MAE
86.68595552433935,92.99446613816416,86.2234452686714,85.70726605865053
