RMSE,NDCG,F1,MAE
84.73136770104871,99.08092741080007,83.76500464394465,84.45426193271808
