RMSE,NDCG,F1,MAE
85.08020281024076,95.5097628582644,85.48634910778613,84.81293356208181
