RMSE,NDCG,F1,MAE
0.8614978271788857,0.9021802079271357,0.7364232209737828,0.685907238733743
