RMSE,NDCG,F1,MAE
0.8158846497912823,0.900994550057171,0.7209416380578715,0.6469814391658018
