RMSE,NDCG,F1,MAE
0.0456131773876034,0.001185657869964718,0.015481582915911285,0.03892579956794129
