RMSE,NDCG,F1,MAE
0.8153181586580462,0.9093770100197694,0.7311411992263056,0.6447455585666969
