RMSE,NDCG,F1,MAE
0.05269952434216352,0.009817436889952735,0.00179238010948779,0.041147173788299574
