RMSE,NDCG,F1,MAE
0.8680176830002098,0.8995595731298167,0.7329335793357934,0.6858927323549965
