RMSE,NDCG,F1,MAE
0.8530404414137903,0.9117334442880641,0.7450171821305842,0.6726801906453789
