RMSE,NDCG,F1,MAE
0.7986664698500683,0.9088222704304403,0.7314230208839242,0.6242566818760794
