RMSE,NDCG,F1,MAE
0.054373971563722034,0.00291117385762385,0.01359416124666002,0.04842350876929946
