RMSE,NDCG,F1,MAE
0.0511159277374047,0.004808552108108932,0.009918733774238242,0.04504982740648433
