RMSE,NDCG,F1,MAE
0.8550061890000745,0.904778041599,0.7460100319197447,0.6771066950339223
