RMSE,NDCG,F1,MAE
0.8038902612626698,0.9095865937071089,0.7360912981455064,0.632056867627438
