RMSE,NDCG,F1,MAE
0.7998204925228419,0.907709035585465,0.7412653446647781,0.6210620731083438
