RMSE,NDCG,F1,MAE
0.05429570274371853,0.004035198860015798,0.012299717723813663,0.04906099687604548
