RMSE,NDCG,F1,MAE
0.8541161952665605,0.9117442344454808,0.7535650623885918,0.6701230699843893
