RMSE,NDCG,F1,MAE
0.050392503290833446,0.005467155845665039,0.010697106351402863,0.04362668864079933
