RMSE,NDCG,F1,MAE
0.8070276949143638,0.9010823435263746,0.7354900095147479,0.6344834852294637
