RMSE,NDCG,F1,MAE
0.8574201982051972,0.9065494993720397,0.7461871158661507,0.6781101738702631
