RMSE,NDCG,F1,MAE
0.05440601081165175,0.0034035279834006005,0.013265791709102581,0.04843044839711608
