RMSE,NDCG,F1,MAE
0.8530418191790428,0.9117733671120741,0.7453046266605589,0.672655987836365
