RMSE,NDCG,F1,MAE
0.798635808367391,0.9083698391286735,0.7320388349514563,0.624225539439249
