RMSE,NDCG,F1,MAE
0.866390112464588,0.9078214577797941,0.7316491897044805,0.686753197330667
