RMSE,NDCG,F1,MAE
0.05694718932833487,0.0038272412259844346,0.015049999421079652,0.051161137454653005
