RMSE,NDCG,F1,MAE
0.8094429231362531,0.9039942165538096,0.7165991902834008,0.635592059876014
