RMSE,NDCG,F1,MAE
99.53263867484267,100.50075311664426,109.91665275604919,99.9172439513256
