RMSE,NDCG,F1,MAE
99.24904545744239,99.99355986220732,109.53422543675006,99.628418770588
