RMSE,NDCG,F1,MAE
103.87904197127126,100.71970530548977,118.47443726859098,104.30625253801789
