RMSE,NDCG,F1,MAE
98.48301645740887,99.47062389560404,108.40728965202761,98.47846093132515
