RMSE,NDCG,F1,MAE
1.009091649001858,0.8781639010468605,0.6595744680851063,0.7993601448738905
