RMSE,NDCG,F1,MAE
1.1151594987484978,0.8156905895529456,0.5733558178752108,0.8963380301153561
