RMSE,NDCG,F1,MAE
0.10606784974663985,0.062473311493914885,0.0862186502098955,0.09697788524146556
