RMSE,NDCG,F1,MAE
0.10305663849130409,0.04057269199466074,0.06380329909741667,0.0955061558116359
