RMSE,NDCG,F1,MAE
1.140056760880927,0.8123095447588731,0.5816993464052288,0.9136514328716415
