RMSE,NDCG,F1,MAE
1.0370001223896228,0.8528822367535338,0.6455026455026455,0.8181452770600056
