RMSE,NDCG,F1,MAE
1.0150634435125694,0.8774842290017648,0.6530612244897959,0.8039970220003292
