RMSE,NDCG,F1,MAE
1.1228740333651086,0.8153381419639487,0.5906148867313916,0.8976663648859349
