RMSE,NDCG,F1,MAE
0.10781058985253922,0.0621460870378161,0.06244633775840425,0.09366934288560569
