RMSE,NDCG,F1,MAE
1.014542955988552,0.8706995201498469,0.65625,0.8010560936627193
