RMSE,NDCG,F1,MAE
0.10278742477291014,0.054692691644950275,0.07613496302382905,0.09538127572182786
