RMSE,NDCG,F1,MAE
1.117330380761462,0.8160068285048966,0.580115036976171,0.8964373693845472
