RMSE,NDCG,F1,MAE
1.0306555636538033,0.8779727138422208,0.6896551724137931,0.8130541479597426
