RMSE,NDCG,F1,MAE
0.09830774951053667,0.06144434390959774,0.07935540300564559,0.08525110687776838
