RMSE,NDCG,F1,MAE
1.12896331316434,0.816528369932623,0.6102997694081476,0.898305254837511
