RMSE,NDCG,F1,MAE
1.0166875010988885,0.8700761637155378,0.6458333333333334,0.802992508917091
