RMSE,NDCG,F1,MAE
0.09564166098807725,0.053850411802064624,0.064226042529688,0.09356180094728317
