RMSE,NDCG,F1,MAE
1.1123291620869658,0.8162257519134731,0.5816072908036454,0.8965543098643741
