RMSE,NDCG,F1,MAE
0.10945844820033201,0.05812266557026846,0.06292379522544667,0.09398237239798568
