RMSE,NDCG,F1,MAE
1.124013311275778,0.8193615634314964,0.5901374292643492,0.8981212347374572
