RMSE,NDCG,F1,MAE
1.014554863075446,0.8774842290017648,0.6530612244897959,0.8041388623394715
