RMSE,NDCG,F1,MAE
1.1107537811793067,0.8156869698486866,0.5747702589807853,0.8951435675807778
