RMSE,NDCG,F1,MAE
0.08925816205528547,0.05882701920041644,0.09189640768588136,0.08870984387812264
