RMSE,NDCG,F1,MAE
1.0214956191240212,0.874513989049103,0.6666666666666666,0.8064337237026552
