RMSE,NDCG,F1,MAE
92.7421347828562,99.51564264942225,105.94877775075669,92.97932648129938
