RMSE,NDCG,F1,MAE
93.41262072457184,98.87220912603792,105.91013563081353,93.40335146148043
