RMSE,NDCG,F1,MAE
96.44484802217683,100.46313747047424,112.03953283825055,96.32712767291494
