RMSE,NDCG,F1,MAE
92.63379008986132,99.32138484267234,104.84821661383069,92.06029621829043
