algorithm,georisk
SVD,0.7163774894736809
BIASEDMF,0.7154457554243102
NMF,0.6912868339669489
StochasticItemKNN,0.6854091981521044
BayesianRidge,0.6695587529490318
Tweedie,0.6685356326249939
Ridge,0.669486286274981
RandomForest,0.6709627403292779
Bagging,0.6627518120331042
AdaBoost,0.6693526776580622
GradientBoosting,0.6689678195562597
LinearSVR,0.6668443474441357
