algorithm,georisk
SVD,0.7621829445065184
BIASEDMF,0.7605238792826305
NMF,0.7329913655398267
StochasticItemKNN,0.7282555642771946
BayesianRidge,0.7105628330047882
Tweedie,0.7101952253321143
Ridge,0.7104563344005
RandomForest,0.7131415280474297
Bagging,0.7044588412250352
AdaBoost,0.7126889251931144
GradientBoosting,0.711016182143473
LinearSVR,0.7063391186856286
