RMSE,NDCG,F1,MAE
94.15909140248459,101.58778668262246,91.47139225376608,93.15945389065683
