RMSE,NDCG,F1,MAE
94.6499797457098,100.39207693583072,92.75047436955923,93.7157850809015
