RMSE,NDCG,F1,MAE
94.08339666559405,101.49742811538816,91.79334354807723,93.69398903657907
