RMSE,NDCG,F1,MAE
94.18228413317313,103.08238825983685,91.49502959324667,93.202062617036
