RMSE,NDCG,F1,MAE
94.52296951237332,101.5042085145379,91.6394686839723,94.18357482218302
