RMSE,NDCG,F1,MAE
94.52753062801544,102.07090433246184,91.44132361656972,93.52499400807574
