RMSE,NDCG,F1,MAE
94.08394636938667,101.53433781409748,91.88585761446014,93.69791183037002
