RMSE,NDCG,F1,MAE
94.65677040510793,102.38936871693167,91.04663830512393,94.19359260304908
