RMSE,NDCG,F1,MAE
0.1570835152925797,0.017423335699315867,0.013156985137140809,0.13711991269753032
