RMSE,NDCG,F1,MAE
1.095604935300306,0.8077258439656773,0.5773722627737227,0.8844404680197904
