RMSE,NDCG,F1,MAE
0.9385214200077262,0.7903025082663614,0.5905292479108635,0.74732055532226
