RMSE,NDCG,F1,MAE
1.1172385772666422,0.8044300313236354,0.5930888575458392,0.8981368722612073
