RMSE,NDCG,F1,MAE
0.9503795537649236,0.8134016692516294,0.5885558583106267,0.7532948696193223
