RMSE,NDCG,F1,MAE
0.16685902350171866,0.008971637927993936,0.004532999235212443,0.14484200264188496
