RMSE,NDCG,F1,MAE
0.9491483929112781,0.768106172303156,0.5934065934065934,0.747622641034455
