RMSE,NDCG,F1,MAE
1.101903526579905,0.8063394683558248,0.5868477483917084,0.8828698277197512
