RMSE,NDCG,F1,MAE
0.15275513366862703,0.038233296052668786,0.0065588450148850175,0.13524718668529623
