RMSE,NDCG,F1,MAE
0.15551509188862944,0.024713002118728178,0.0018385468959851714,0.13174399218683608
