RMSE,NDCG,F1,MAE
1.0998023634313217,0.8059569749805927,0.6019350380096752,0.8843326798405491
