RMSE,NDCG,F1,MAE
0.9442872715426922,0.7812439728618645,0.6037735849056604,0.752588687653713
