RMSE,NDCG,F1,MAE
0.9644474498902388,0.7781017685688344,0.6129032258064516,0.7594320711032324
