RMSE,NDCG,F1,MAE
1.114092454422541,0.8060401706072676,0.6062068965517241,0.8889524424672424
