RMSE,NDCG,F1,MAE
0.14964500453230223,0.02793840203843323,0.006696329254727518,0.12952037136400996
