RMSE,NDCG,F1,MAE
1.09641942527644,0.8036409234424842,0.6048109965635738,0.8800160340405223
