RMSE,NDCG,F1,MAE
0.15378140455703604,0.012848521824762149,0.0026604589291652214,0.13063256231017129
