RMSE,NDCG,F1,MAE
0.9426380207194041,0.790792401617722,0.6021505376344086,0.749383471730351
