RMSE,NDCG,F1,MAE
0.15271034596299293,0.03546429178250854,0.006263736263736219,0.13530979971909818
