RMSE,NDCG,F1,MAE
0.9493884662345483,0.7713500410842631,0.5934065934065934,0.7477032773299771
