RMSE,NDCG,F1,MAE
1.1020988121975412,0.8068143328667716,0.5871428571428572,0.8830130770490753
