RMSE,NDCG,F1,MAE
1.1030080516260303,0.8047270143487963,0.5645041014168531,0.8858912869444233
