RMSE,NDCG,F1,MAE
0.9408737400287456,0.7876409327540884,0.5949008498583569,0.7431657826611038
