RMSE,NDCG,F1,MAE
0.16213431159728475,0.017086081594707925,0.03039674844150375,0.14272550428331954
