RMSE,NDCG,F1,MAE
0.882502426855165,0.9010496351422165,0.7661661959268619,0.693049412395839
