RMSE,NDCG,F1,MAE
0.02263348914530483,0.017701976509278072,0.046486944339825476,0.009664954653306634
