RMSE,NDCG,F1,MAE
0.9051359160004698,0.8833476586329384,0.7196792515870364,0.7027143670491456
