RMSE,NDCG,F1,MAE
0.008892212458913806,0.012487806090086817,0.04190827190567392,0.0020429483507319324
