RMSE,NDCG,F1,MAE
0.940394200509637,0.8717493377659998,0.6872875594833446,0.7348268468821023
