RMSE,NDCG,F1,MAE
0.9315019880507232,0.8842371438560866,0.7291958313890186,0.7327838985313704
