RMSE,NDCG,F1,MAE
1.0455686353177407,0.8336540167563387,0.714265596394874,0.82178436836332
