RMSE,NDCG,F1,MAE
0.010516168105930701,0.021095891880510753,0.05845865823499463,0.0038820363590187368
