RMSE,NDCG,F1,MAE
1.0560848034236714,0.8125581248758279,0.6558069381598793,0.8256664047223388
