RMSE,NDCG,F1,MAE
0.023603206555127376,0.01605020832925752,0.04403532681229716,0.007567894757335103
