RMSE,NDCG,F1,MAE
0.889303941946245,0.8969346721439814,0.7561158637250488,0.7017070140998263
