RMSE,NDCG,F1,MAE
0.9129071485013723,0.8808844638147239,0.7120805369127516,0.7092749088571614
