RMSE,NDCG,F1,MAE
1.092853981600368,0.7825345674477568,0.6297627606038821,0.8790984440866892
