RMSE,NDCG,F1,MAE
1.1235941882475846,0.8146903481013074,0.5177195685670262,0.8896311631791317
