RMSE,NDCG,F1,MAE
0.03074020664721666,0.032155780653550514,0.11204319203685598,0.010532719092442466
