RMSE,NDCG,F1,MAE
0.034381454191767746,0.03517568993111064,0.10620581474629753,0.011472573936378239
