RMSE,NDCG,F1,MAE
1.1452207617059007,0.8179625717075153,0.529839883551674,0.89638026779803
