RMSE,NDCG,F1,MAE
1.110839307514133,0.7827868817764047,0.6360456982979715,0.8849076938616518
