RMSE,NDCG,F1,MAE
1.1296763080201477,0.8014040660077987,0.5112781954887218,0.8905773632515929
