RMSE,NDCG,F1,MAE
1.1009179573019616,0.7834465599833725,0.6433106042793323,0.876685662035298
