RMSE,NDCG,F1,MAE
0.02875835071818611,0.01795750602442614,0.1320324087906105,0.013891701216294905
