RMSE,NDCG,F1,MAE
1.1256039596709915,0.8161254772942718,0.5188536953242836,0.8872182161111694
