RMSE,NDCG,F1,MAE
1.0918614462999532,0.7796617472556291,0.6392629340892984,0.873482395636757
