RMSE,NDCG,F1,MAE
0.033742513371038285,0.03646373003864267,0.12040923876501475,0.013735820474412352
