RMSE,NDCG,F1,MAE
0.034041644338995924,0.018565936262651128,0.12524092219686056,0.017180947832894256
