RMSE,NDCG,F1,MAE
1.1468707824116313,0.8018393187845548,0.5294964028776978,0.9000404807601406
