RMSE,NDCG,F1,MAE
1.1128291380726354,0.7832733825219037,0.6547373250745584,0.8828595329272464
