RMSE,NDCG,F1,MAE
0.03563963814491933,0.02839467099247972,0.1228289173814675,0.01610629198711011
