RMSE,NDCG,F1,MAE
1.0891639873715873,0.7868629373173445,0.646497556434722,0.8705249867277872
