RMSE,NDCG,F1,MAE
1.1248036255165066,0.8152576083098242,0.5236686390532544,0.8866312787148973
