RMSE,NDCG,F1,MAE
0.02859215353458766,0.01743437883890131,0.13580309677182478,0.013768737287561672
