RMSE,NDCG,F1,MAE
1.1298632433572935,0.8014040660077987,0.5075075075075075,0.8907320757597226
