RMSE,NDCG,F1,MAE
1.1012710898227058,0.7839696871688974,0.6433106042793323,0.8769633384721609
