RMSE,NDCG,F1,MAE
1.1182848390779025,0.79509458809941,0.49763779527559054,0.884542151526109
