RMSE,NDCG,F1,MAE
1.098066996825493,0.7830563821798567,0.6282518842693897,0.8761635084154652
