RMSE,NDCG,F1,MAE
0.020217842252409524,0.012038205919553291,0.13061408899379917,0.008378643110643846
