RMSE,NDCG,F1,MAE
1.0929630584878127,0.8059173668226152,0.5961904761904762,0.8678894358467202
