RMSE,NDCG,F1,MAE
0.17285114004486735,0.07885420289603329,0.0528833895763029,0.14826285758813618
