RMSE,NDCG,F1,MAE
1.26581419853268,0.7270631639265819,0.5433070866141733,1.0161522934348564
