RMSE,NDCG,F1,MAE
1.2903145719907851,0.7094979878488985,0.512396694214876,1.028738608119304
