RMSE,NDCG,F1,MAE
1.1126179893261445,0.8047392147711355,0.5958871353419417,0.8839175937165694
