RMSE,NDCG,F1,MAE
0.1776965826646406,0.09524122692223702,0.08349044112706572,0.14482101440273454
