RMSE,NDCG,F1,MAE
0.16868150826782213,0.08896921907743705,0.038621287062972076,0.14927705350500764
