RMSE,NDCG,F1,MAE
1.0893994614749232,0.808289525486791,0.5780403741999015,0.867791881529663
