RMSE,NDCG,F1,MAE
1.2580809697427453,0.719320306409354,0.5394190871369294,1.0170689350346707
