RMSE,NDCG,F1,MAE
1.0983284303075938,0.8065537145727739,0.5901951451689672,0.8691101422428714
