RMSE,NDCG,F1,MAE
0.17717784926335378,0.08829769948286281,0.0411755373258299,0.1531229448584014
