RMSE,NDCG,F1,MAE
1.2755062795709475,0.7182560150899111,0.5490196078431373,1.0222330871012728
