RMSE,NDCG,F1,MAE
0.17326881232085722,0.08880804212409688,0.04356996232884436,0.1517581316674208
