RMSE,NDCG,F1,MAE
1.2735813873388089,0.7202195007988502,0.5476190476190477,1.0256527079598095
