RMSE,NDCG,F1,MAE
1.1003125750179517,0.8090275429229471,0.591189009947892,0.8738945762923886
