RMSE,NDCG,F1,MAE
1.2667848216541493,0.7350421827028765,0.5555555555555556,1.0162399306201448
