RMSE,NDCG,F1,MAE
0.17513049254118318,0.07247929028214595,0.03826867247294796,0.15004087001214117
