RMSE,NDCG,F1,MAE
1.0916543291129661,0.8075214729850224,0.5938242280285035,0.8661990606080037
