RMSE,NDCG,F1,MAE
1.0897271714527061,0.8083540493836499,0.577755905511811,0.8679557910446097
