RMSE,NDCG,F1,MAE
0.1686001087671356,0.08903374297429589,0.04442257217847767,0.1491628899708478
