RMSE,NDCG,F1,MAE
1.2583272802198417,0.719320306409354,0.5333333333333333,1.0171186810154575
