RMSE,NDCG,F1,MAE
1.2520939930881365,0.7154321197884049,0.5240174672489083,1.0179401288884249
