RMSE,NDCG,F1,MAE
0.16979200125909388,0.09206413902132615,0.04452072192661016,0.15327732931300142
