RMSE,NDCG,F1,MAE
1.0823019918290426,0.8074962588097311,0.5685381891755185,0.8646627995754235
