RMSE,NDCG,F1,MAE
103.78628476232348,99.32950062529203,101.94178480798148,104.87294842876213
