RMSE,NDCG,F1,MAE
103.23896256830515,100.0824979375262,101.9108318251482,104.35961773029622
