RMSE,NDCG,F1,MAE
103.62164876228712,101.59481932915024,100.14011294048477,104.12524724745515
