RMSE,NDCG,F1,MAE
104.09476541736429,100.50744342536413,102.88758239374263,105.20722836293801
