algorithm,georisk
SVD,0.7375443772050531
BIASEDMF,0.742491671577301
NMF,0.7309671443243537
StochasticItemKNN,0.7083423847351318
BayesianRidge,0.6824182624142383
Tweedie,0.6803656196142729
Ridge,0.6823948914940643
RandomForest,0.6838996193863961
Bagging,0.6771792743536372
AdaBoost,0.6839568060410074
GradientBoosting,0.6837716303304523
LinearSVR,0.6807185861851465
