algorithm,georisk
SVD,0.7494064308964973
BIASEDMF,0.755704293011704
NMF,0.742552226422548
StochasticItemKNN,0.7124905303059724
BayesianRidge,0.6838544209191797
Tweedie,0.6821294362118677
Ridge,0.6838264938151912
RandomForest,0.6849954952856824
Bagging,0.6783512275860328
AdaBoost,0.685453234415983
GradientBoosting,0.6853783656981839
LinearSVR,0.6802867900219866
