RMSE,NDCG,F1,MAE
0.0260765490649304,0.0033105303846470147,0.08600711233914082,0.01997790313584169
