RMSE,NDCG,F1,MAE
0.9479241769212849,0.8875399011362642,0.7545219638242894,0.7611253669461467
