RMSE,NDCG,F1,MAE
0.9740007259862153,0.8842293707516172,0.6685148514851486,0.7811032700819884
