RMSE,NDCG,F1,MAE
1.4936624134114709,0.8592270016375992,0.5863874345549738,1.0941464291975145
