RMSE,NDCG,F1,MAE
0.9705501442156672,0.836284266039387,0.755,0.7453635239656877
