RMSE,NDCG,F1,MAE
0.5231122691958037,0.02294273559821225,0.16861256544502623,0.34878290523182676
