RMSE,NDCG,F1,MAE
1.0405652425942047,0.84352621859071,0.6753246753246753,0.8309949411403688
