RMSE,NDCG,F1,MAE
1.4910248397311083,0.825089699711334,0.6204465334900118,1.0886703514457245
