RMSE,NDCG,F1,MAE
0.45045959713690364,0.01843651887937603,0.05487814183466355,0.2576754103053558
