RMSE,NDCG,F1,MAE
0.0026845526473238124,0.006080801208777076,0.06537495537429572,0.0046069981682982375
