RMSE,NDCG,F1,MAE
0.9558985231723051,0.8902203828032421,0.7506561679790026,0.7644752022727115
