RMSE,NDCG,F1,MAE
0.9585830758196289,0.884139581594465,0.6852812126047069,0.7690822004410097
