RMSE,NDCG,F1,MAE
0.8485776361064972,0.8912721634522301,0.7456310679611651,0.6701424083429192
