RMSE,NDCG,F1,MAE
0.9391102832695074,0.8846096714498493,0.7152245345016429,0.7383774255276386
