RMSE,NDCG,F1,MAE
0.9502971428499497,0.8786644112393258,0.6995073891625616,0.7436290196102889
