RMSE,NDCG,F1,MAE
0.8561548726033226,0.8901635944179898,0.7454718779790277,0.6764801605195119
