RMSE,NDCG,F1,MAE
0.989673872862515,0.8764689330746953,0.7017732401934443,0.7708368812327421
