RMSE,NDCG,F1,MAE
0.8602010452229861,0.8959818840597689,0.7414903403863845,0.6748910131493457
