RMSE,NDCG,F1,MAE
0.8499241272734328,0.8953464036171302,0.7403100775193798,0.6715576838769156
