RMSE,NDCG,F1,MAE
1.018443799797437,0.8594362650392852,0.6990291262135923,0.7946334225643342
