RMSE,NDCG,F1,MAE
112.1909276095629,114.17736830832243,97.65862142517267,110.57117513623184
