RMSE,NDCG,F1,MAE
108.97732726527198,108.50475818965721,92.93759275169882,108.3019355305426
