RMSE,NDCG,F1,MAE
112.23539401546259,114.33974167027668,97.02455334526665,110.7823115141374
