RMSE,NDCG,F1,MAE
112.68206656414317,110.91492081434362,98.14372211599746,111.12693876073459
