RMSE,NDCG,F1,MAE
112.85376277593448,113.36274828835886,99.77509000444968,111.78352493473565
