RMSE,NDCG,F1,MAE
113.21775512610873,112.52233188994613,98.87440034533593,111.48119481199825
