RMSE,NDCG,F1,MAE
112.21065551882077,114.39841569762746,97.02455334526665,110.788964605778
