RMSE,NDCG,F1,MAE
112.62232053514268,112.58751065551698,95.2305029154519,110.35655324498153
