RMSE,NDCG,F1,MAE
97.49943751593511,98.03540495230499,93.93252474633283,98.6246254372325
