RMSE,NDCG,F1,MAE
99.05441649320096,98.58773111072574,94.25280972522232,99.72198234735158
