RMSE,NDCG,F1,MAE
99.00423071406398,97.46946677440688,91.8155573318869,99.52982992443246
