RMSE,NDCG,F1,MAE
97.41450085105868,98.21054879159794,94.17611388347883,98.93300966059422
