RMSE,NDCG,F1,MAE
0.3003048042187447,0.07873166837566126,0.11627561627561622,0.24809568437596285
