RMSE,NDCG,F1,MAE
1.0795860979143777,0.8417299942127001,0.6694386694386695,0.8633687674064288
