RMSE,NDCG,F1,MAE
0.7792812936956329,0.9204616625883614,0.7857142857142857,0.6152730830304659
