RMSE,NDCG,F1,MAE
0.3005180450873023,0.03928865760020739,0.10018949350220674,0.24429522873676157
