RMSE,NDCG,F1,MAE
0.7963708203964027,0.9056380562279912,0.7719745222929937,0.6336390435637078
