RMSE,NDCG,F1,MAE
1.096888865483705,0.8663493986277838,0.6717850287907869,0.8779342723004694
