RMSE,NDCG,F1,MAE
0.305546280519435,0.07849692777591488,0.12244010329787103,0.2518928593080315
