RMSE,NDCG,F1,MAE
0.7713730097708972,0.9227111140134758,0.810062893081761,0.6085478511212742
