RMSE,NDCG,F1,MAE
1.0769192902903322,0.844214186237561,0.68762278978389,0.8604407104293057
