RMSE,NDCG,F1,MAE
0.30220058919594717,0.0525096312321337,0.11071517282228638,0.24627849792850598
