RMSE,NDCG,F1,MAE
1.0764870816233731,0.8640575827007129,0.6958174904942965,0.8561050714845735
