RMSE,NDCG,F1,MAE
0.774286492427426,0.9165672139328466,0.8065326633165829,0.6098265735560675
