RMSE,NDCG,F1,MAE
0.7640501787903147,0.9231996742960167,0.8108776266996292,0.596996431496871
