RMSE,NDCG,F1,MAE
1.0793075864295782,0.8540626306059351,0.6917293233082706,0.8573523410025079
