RMSE,NDCG,F1,MAE
0.3152574076392636,0.06913704369008156,0.11914830339135851,0.2603559095056369
