RMSE,NDCG,F1,MAE
0.7721538920789072,0.9218455696030465,0.8060836501901141,0.6083627347083012
