RMSE,NDCG,F1,MAE
0.30263885094441456,0.065323606915207,0.13281632345744077,0.25060743785232387
