RMSE,NDCG,F1,MAE
1.0747927430233217,0.8565219626878395,0.6732673267326733,0.858970172560625
