RMSE,NDCG,F1,MAE
1.0767530827477207,0.8520297878981389,0.6877470355731226,0.8603337644128801
