RMSE,NDCG,F1,MAE
0.7717669733074543,0.9214483524685652,0.8080301129234629,0.6084370638235937
