RMSE,NDCG,F1,MAE
0.3049861094402665,0.06941856457042628,0.12028307735034038,0.25189670058928637
