RMSE,NDCG,F1,MAE
1.0773389820771249,0.8533583358003274,0.6747967479674797,0.8623719466950734
