RMSE,NDCG,F1,MAE
0.3053387698046722,0.06654007455933708,0.12209846548659531,0.2513175094955311
