RMSE,NDCG,F1,MAE
0.7720002122724526,0.9198984103596645,0.796895213454075,0.6110544371995423
