RMSE,NDCG,F1,MAE
0.9085525160426045,0.910691674400591,0.7513112678603726,0.7097105684967312
