RMSE,NDCG,F1,MAE
0.031199672674177004,0.01679080500755148,0.018929080225266737,0.03364601684118451
