RMSE,NDCG,F1,MAE
0.8773528433684274,0.8939008693930395,0.7323821876351059,0.6760645516555467
