RMSE,NDCG,F1,MAE
0.902574664119349,0.8817579416426824,0.7110112359550562,0.7020370256830737
