RMSE,NDCG,F1,MAE
0.03824794166572709,0.01041171132929597,0.026416858311041347,0.030803988416367445
