RMSE,NDCG,F1,MAE
0.940822605785076,0.8921696529719784,0.7374280942660976,0.7328410140994411
