RMSE,NDCG,F1,MAE
0.08116530298874003,0.005865185873950685,0.03992705940375607,0.05893278970143867
