RMSE,NDCG,F1,MAE
1.0754843864670125,0.8447271303207439,0.7234920634920635,0.8346966100999798
