RMSE,NDCG,F1,MAE
0.9943190834782725,0.8505923161946946,0.6835650040883074,0.7757638203985411
