RMSE,NDCG,F1,MAE
0.8766549736100644,0.8941811924960921,0.7211367673179396,0.6809829895242054
