RMSE,NDCG,F1,MAE
0.03364479331131853,0.012868766842054957,0.026271852431105636,0.032410132750659515
