RMSE,NDCG,F1,MAE
0.9102997669213829,0.907049959338147,0.7474086197490453,0.713393122274865
