RMSE,NDCG,F1,MAE
91.90815744616518,100.36464383634566,96.25731254309675,91.82894630472613
