RMSE,NDCG,F1,MAE
62.12882197684383,100.23300570635041,83.84203052893149,66.49193692855411
