RMSE,NDCG,F1,MAE
66.10853367395518,102.52402579356507,94.08855634705068,72.48658358874333
