RMSE,NDCG,F1,MAE
92.86837129562801,100.12173203299888,97.73069882631636,92.54119456040405
