RMSE,NDCG,F1,MAE
0.058379429848917974,0.022718891056206947,0.06599784585138246,0.04332501520638765
