RMSE,NDCG,F1,MAE
0.9286824444900935,0.8673570543144777,0.727735368956743,0.7485500713023077
