RMSE,NDCG,F1,MAE
0.9870618743390115,0.8900759453706847,0.6617375231053605,0.7918750865086953
