RMSE,NDCG,F1,MAE
1.5210548505024297,0.8567826743390725,0.5882941470735368,1.1032066165607117
