RMSE,NDCG,F1,MAE
1.036722187195751,0.853391066092503,0.6740638002773925,0.8303006763393852
