RMSE,NDCG,F1,MAE
0.4843326633066787,0.0033916082465694775,0.08576965320385577,0.2729059402213265
