RMSE,NDCG,F1,MAE
1.0051619289009577,0.8503242631021061,0.7197062423500612,0.8060668492140729
