RMSE,NDCG,F1,MAE
0.5339984781272877,0.03226014111836062,0.12940601140317898,0.3216773182453597
