RMSE,NDCG,F1,MAE
1.5391604070282454,0.8180641219837455,0.5903002309468822,1.1277441674594326
