RMSE,NDCG,F1,MAE
0.9773902229770091,0.8844044131166442,0.6722689075630253,0.7842063427502105
