RMSE,NDCG,F1,MAE
0.9088260243977094,0.8869505493249461,0.7490445859872611,0.7319146333326969
