RMSE,NDCG,F1,MAE
0.06856419857929963,0.002546136208301908,0.07677567842423583,0.0522917094175136
