RMSE,NDCG,F1,MAE
87.05153862550858,96.75494995043302,96.90777445358599,87.4207656392169
