RMSE,NDCG,F1,MAE
85.84348848288965,93.85518887361272,93.5389584541722,85.60620014915308
