RMSE,NDCG,F1,MAE
90.22366135782153,97.03667617027256,96.53593924653032,90.0156198651136
