RMSE,NDCG,F1,MAE
86.54788791700334,96.43263011501696,97.0607474328594,87.37857064013063
