RMSE,NDCG,F1,MAE
1.0909884057702801,0.7812469433735996,0.6229327453142227,0.8578387889647118
