RMSE,NDCG,F1,MAE
1.0826450446976872,0.7890799227740801,0.679294922388845,0.8609198340456382
