RMSE,NDCG,F1,MAE
0.008343361072592925,0.007832979400480555,0.05636217707462232,0.0030810450809264367
