RMSE,NDCG,F1,MAE
1.10035992084015,0.796035838000935,0.6149490373725934,0.8666304272250911
