RMSE,NDCG,F1,MAE
1.0885822889989454,0.7917537543010791,0.66792656587473,0.8631325748246335
