RMSE,NDCG,F1,MAE
0.011777631841204617,0.004282083699855943,0.05297752850213655,0.003497852400457635
