RMSE,NDCG,F1,MAE
1.1026911942492386,0.7871659055190555,0.6138165345413363,0.8612538034374975
