RMSE,NDCG,F1,MAE
1.088017393519216,0.789498059062976,0.673256745925728,0.8601185280309345
