RMSE,NDCG,F1,MAE
0.014673800730022668,0.0023321535439204677,0.059440211384391706,0.0011352754065629966
