RMSE,NDCG,F1,MAE
1.081575998198343,0.7900801239095847,0.6757188498402555,0.8568892301444214
