RMSE,NDCG,F1,MAE
0.013825679044016548,0.002164192074851301,0.057150617178063134,0.0005469666960680186
