RMSE,NDCG,F1,MAE
1.0954016772423596,0.7879159318347334,0.6185682326621924,0.8574361968404894
