RMSE,NDCG,F1,MAE
1.0993888169094725,0.7890702103464243,0.6844723749672689,0.864276233606164
