RMSE,NDCG,F1,MAE
1.11567203010738,0.7869664571869215,0.6215621562156216,0.8662643426855489
