RMSE,NDCG,F1,MAE
0.016283213197907376,0.0021037531595028414,0.06291021875164726,0.0019881090793848477
