RMSE,NDCG,F1,MAE
1.0830040857497412,0.7916694961777779,0.6771193196917353,0.8584647369996388
