RMSE,NDCG,F1,MAE
0.013156231932181406,0.006449298146444016,0.057432518796880716,0.002017364299926161
