RMSE,NDCG,F1,MAE
1.0961603176819226,0.7852201980313339,0.6196868008948546,0.8604821012995649
