RMSE,NDCG,F1,MAE
0.014638764859524755,0.0020442662658712862,0.059092439976719535,0.0010945336248771032
