RMSE,NDCG,F1,MAE
1.1027687836504034,0.7871659055190555,0.6141643059490085,0.8612851349493209
