RMSE,NDCG,F1,MAE
1.0881300187908787,0.7892101717849268,0.673256745925728,0.8601906013244438
