RMSE,NDCG,F1,MAE
0.008997844316643633,0.005773828383395907,0.056429845060544714,0.0027555403104942977
