RMSE,NDCG,F1,MAE
1.0848567892253478,0.7846224379336283,0.6578366445916115,0.8631324126489398
