RMSE,NDCG,F1,MAE
1.0938546335419914,0.7788486095502324,0.6014067995310668,0.8603768723384455
