RMSE,NDCG,F1,MAE
0.07845936741415771,0.03382291895810585,0.053720735785953266,0.05885460673618492
