RMSE,NDCG,F1,MAE
0.8613693232666012,0.9239738170807236,0.8028846153846154,0.6965404566362373
