RMSE,NDCG,F1,MAE
0.9398286906807589,0.8901508981226177,0.7491638795986622,0.7553950633724222
