RMSE,NDCG,F1,MAE
0.96120565179002,0.8767085958038664,0.7228070175438597,0.7770049269241915
