RMSE,NDCG,F1,MAE
0.8741337903649932,0.9218708851272579,0.779874213836478,0.699210720394169
