RMSE,NDCG,F1,MAE
0.08707186142502688,0.0451622893233915,0.05706719629261836,0.07779420653002256
