RMSE,NDCG,F1,MAE
0.08573545702004803,0.01658508400928349,0.0540238616560168,0.06711044749175987
