RMSE,NDCG,F1,MAE
0.9333242328521888,0.9045345916408265,0.7410071942446043,0.7333414365856507
