RMSE,NDCG,F1,MAE
0.8475887758321408,0.92111967565011,0.7950310559006211,0.6662309890938908
