RMSE,NDCG,F1,MAE
0.8713552671620994,0.9251345150080398,0.782608695652174,0.6948444446306726
