RMSE,NDCG,F1,MAE
0.06525453722960184,0.02834716196847542,0.03430937592428274,0.05301751482566219
