RMSE,NDCG,F1,MAE
0.9366098043917013,0.8967873530395644,0.7482993197278912,0.7478619594563348
