RMSE,NDCG,F1,MAE
0.8510690581357202,0.922262619831655,0.795593635250918,0.6652068337280787
