RMSE,NDCG,F1,MAE
0.9339426926969506,0.9132932713323954,0.7681660899653979,0.7283727068792301
