RMSE,NDCG,F1,MAE
0.08287363456123042,0.008969348499259677,0.02742754528552005,0.06316587315115141
