RMSE,NDCG,F1,MAE
0.9362905584806471,0.8895632322714582,0.7535211267605634,0.7456403861651428
