RMSE,NDCG,F1,MAE
0.08254438107996243,0.03211558533417669,0.04252337262138961,0.06257346169447475
