RMSE,NDCG,F1,MAE
0.8537461774006847,0.9216788176056349,0.796044499381953,0.6830669244706681
