RMSE,NDCG,F1,MAE
0.9336526552171958,0.9067548997457124,0.7455197132616488,0.7337594117664061
