RMSE,NDCG,F1,MAE
0.0865203997038424,0.01541663017464745,0.04801262504680892,0.06820421792518705
