RMSE,NDCG,F1,MAE
0.8471322555133534,0.9221715299203599,0.7935323383084577,0.6655551938412191
