RMSE,NDCG,F1,MAE
0.8518320969550535,0.9225057149441173,0.786346396965866,0.6712287071150033
