RMSE,NDCG,F1,MAE
0.08646741718372786,0.026781724295662057,0.06724527337036035,0.06802362530087203
