RMSE,NDCG,F1,MAE
0.9382995141387813,0.8957239906484552,0.7191011235955056,0.7392523324158753
