RMSE,NDCG,F1,MAE
1.1555907551131337,0.7577754102836671,0.5803571428571429,0.9077039924111456
