RMSE,NDCG,F1,MAE
1.1063708537584505,0.8028125568383054,0.6476850705620203,0.8754914044389722
