RMSE,NDCG,F1,MAE
0.04921990135468324,0.04503714655463831,0.06732792770487739,0.03221258797217341
