RMSE,NDCG,F1,MAE
1.1177299625791925,0.796432266568556,0.6296859169199595,0.8832660104535417
