RMSE,NDCG,F1,MAE
0.033678707125505136,0.02047695247251813,0.05231871137723432,0.021472292480637645
