RMSE,NDCG,F1,MAE
1.1514086697046977,0.7759553140960379,0.5773672055427251,0.9047383029341793
