RMSE,NDCG,F1,MAE
1.150466921719606,0.7570465689311198,0.581986143187067,0.9093790728180566
