RMSE,NDCG,F1,MAE
1.1075883215510005,0.8016685020467184,0.6340219331803112,0.8762739297942171
