RMSE,NDCG,F1,MAE
0.04287860016860545,0.04462193311559859,0.05203578999324421,0.03310514302383949
