RMSE,NDCG,F1,MAE
1.1046055193342659,0.7984511148473254,0.6533727227966519,0.8718310160416396
