RMSE,NDCG,F1,MAE
0.0458090786905041,0.03650827091898057,0.060114295830359765,0.03269913895086973
