RMSE,NDCG,F1,MAE
1.15041459802477,0.7619428439283449,0.5932584269662922,0.9045301549925093
