RMSE,NDCG,F1,MAE
0.042526483608341215,0.04532812173664014,0.07333039718129408,0.0361208080471177
