RMSE,NDCG,F1,MAE
1.1607187826333005,0.756306466229491,0.5739910313901345,0.9162166083768684
