RMSE,NDCG,F1,MAE
1.1181922990249593,0.8016345879661312,0.6473214285714286,0.8800958003297507
