RMSE,NDCG,F1,MAE
0.04761233592620151,0.04375446514631709,0.06753485072785592,0.034168260779082416
