RMSE,NDCG,F1,MAE
1.1548652838225035,0.7575094265640523,0.5848214285714286,0.9079207505940255
