RMSE,NDCG,F1,MAE
1.107252947896302,0.8012638917103694,0.6523562792992845,0.8737524898149431
