RMSE,NDCG,F1,MAE
0.042924230507640715,0.04539379058195203,0.0530801157324029,0.03315665994620076
