RMSE,NDCG,F1,MAE
1.107771082935759,0.8017002568114431,0.6350662589194699,0.8764022451843438
