RMSE,NDCG,F1,MAE
1.1506953134433997,0.756306466229491,0.581986143187067,0.9095589051305446
