RMSE,NDCG,F1,MAE
1.133723651576935,0.7653011926024865,0.576271186440678,0.8977865803936745
