RMSE,NDCG,F1,MAE
0.028041739285262324,0.037813125137966086,0.043596363228196156,0.021401656775671962
