RMSE,NDCG,F1,MAE
1.1056819122916728,0.8031143177404526,0.6198675496688741,0.8763849236180026
