RMSE,NDCG,F1,MAE
99.71877828899609,98.83905015249717,100.71694207944174,100.99316326493629
