RMSE,NDCG,F1,MAE
103.44377651467455,100.7514919155842,101.63442366530305,103.52046501689188
