RMSE,NDCG,F1,MAE
102.32400822490249,98.25530999226166,105.97188142449765,104.11461962702786
