RMSE,NDCG,F1,MAE
99.99547821707864,99.29567734020054,102.73149483952184,101.80029334363108
