RMSE,NDCG,F1,MAE
95.7938291795379,105.2535222735648,80.90598428292911,97.91930971304193
