RMSE,NDCG,F1,MAE
95.54385024142204,105.84928134114907,84.70565709312446,97.3121421258111
