RMSE,NDCG,F1,MAE
95.85962884120713,105.9142748070906,82.4124232574937,97.77094561166295
