RMSE,NDCG,F1,MAE
95.74385669884784,105.51251027860533,83.82208571670094,97.93630678625298
