RMSE,NDCG,F1,MAE
95.40765831358708,106.19153407291736,83.78893361664869,97.23662602683906
