RMSE,NDCG,F1,MAE
95.4332270939099,105.87658751703539,85.08908482438284,97.50133177008775
