RMSE,NDCG,F1,MAE
95.87592918074975,106.00039769818088,82.26840483691623,97.7852824286734
