RMSE,NDCG,F1,MAE
95.74858123983854,106.73619509290162,81.5361604141285,97.67426114236527
