RMSE,NDCG,F1,MAE
0.18407502370246953,0.04136318087109048,0.076278624914496,0.1440821126655657
