RMSE,NDCG,F1,MAE
1.065026076276962,0.8712588159754878,0.6403385049365303,0.8447109664345723
