RMSE,NDCG,F1,MAE
0.8821684199413589,0.9061794587597797,0.7081545064377682,0.6988114108396278
