RMSE,NDCG,F1,MAE
0.8630086869784661,0.9098770090547526,0.7170349251603706,0.6835544134793753
