RMSE,NDCG,F1,MAE
0.202017389298496,0.03861819307926473,0.07669642022384027,0.16115655295519704
