RMSE,NDCG,F1,MAE
1.0662434436438284,0.8648162778886892,0.6318758815232722,0.8428935235051935
