RMSE,NDCG,F1,MAE
1.0998286931105603,0.863118870267373,0.6394557823129252,0.8732386632555047
