RMSE,NDCG,F1,MAE
0.18765565333164902,0.03801402665136022,0.07604919634994822,0.1627542092777956
