RMSE,NDCG,F1,MAE
0.9121730397789113,0.9011328969187332,0.7155049786628734,0.7104844539777091
