RMSE,NDCG,F1,MAE
0.19979353823762014,0.040238418038828105,0.06819180819180826,0.156811542226453
