RMSE,NDCG,F1,MAE
1.0642189337021994,0.870044190197025,0.6489510489510489,0.8423198074475834
