RMSE,NDCG,F1,MAE
0.8644253954645793,0.910282608235853,0.7171428571428572,0.6855082652211304
