RMSE,NDCG,F1,MAE
0.9335887501949313,0.8949190706153509,0.7007818052594172,0.7381623415361904
