RMSE,NDCG,F1,MAE
0.1850084669412394,0.05322590820346684,0.07022624970386171,0.15200765591724896
