RMSE,NDCG,F1,MAE
1.1185972171361707,0.8416931624118841,0.6305555555555555,0.8901699974534394
