RMSE,NDCG,F1,MAE
92.02768713230405,106.35457628114393,87.91696154753478,92.39850135297787
