RMSE,NDCG,F1,MAE
92.42289586885045,103.18611187870079,88.2684368016363,92.23756500934759
