RMSE,NDCG,F1,MAE
91.89526824207194,106.90351851946487,87.0955822826326,91.90640722346443
