RMSE,NDCG,F1,MAE
92.46078280127686,104.2214005459303,90.45596373250339,92.47059101124724
