RMSE,NDCG,F1,MAE
92.06826482142318,106.453112613676,88.40909208077495,92.25910526677369
