RMSE,NDCG,F1,MAE
92.10122491120197,106.98857744294372,88.27321991178326,92.39934702389574
