RMSE,NDCG,F1,MAE
91.88559821536037,106.86733163386852,87.06702635401535,91.89172590666467
