RMSE,NDCG,F1,MAE
92.56735740095453,104.85553155633103,86.79254342267943,92.99150336641219
