RMSE,NDCG,F1,MAE
115.82185614960558,112.95575158618034,106.10916860916859,114.10420735859539
