RMSE,NDCG,F1,MAE
114.85148222683308,112.13023557649724,101.89160703389362,111.58298802111388
