RMSE,NDCG,F1,MAE
116.4355532638502,114.66730331831722,106.56005398110662,115.37285481120112
