RMSE,NDCG,F1,MAE
116.30735639881141,116.20756252759689,105.68552624301752,114.48239050423335
