RMSE,NDCG,F1,MAE
117.51999711541818,111.68057348173373,106.79442508710801,116.23741307312503
