RMSE,NDCG,F1,MAE
115.778671141822,112.56646286861383,104.60624071322438,114.13656090895417
