RMSE,NDCG,F1,MAE
116.41903950209729,114.49075774285306,107.46023601847101,115.36723332783268
