RMSE,NDCG,F1,MAE
116.92315444308865,113.569043924084,107.63919309213212,116.2219747856059
