RMSE,NDCG,F1,MAE
0.9299351487580095,0.864152371457799,0.7233502538071066,0.7465501445054762
