RMSE,NDCG,F1,MAE
0.05569296307045535,0.02436996092468635,0.05699337648368652,0.04454910568492254
