RMSE,NDCG,F1,MAE
0.9856281118284649,0.8885223323824853,0.6663568773234201,0.7910992501903987
