RMSE,NDCG,F1,MAE
1.0520170403254128,0.8715456518602974,0.6722222222222223,0.8191136526337495
