RMSE,NDCG,F1,MAE
0.47357812079069506,0.004771938821489963,0.08608360836083617,0.2948855957451757
