RMSE,NDCG,F1,MAE
1.5255951611161078,0.8667737130388075,0.5861386138613861,1.1139992483789252
