RMSE,NDCG,F1,MAE
0.506207487438828,0.0016714413403249306,0.11982901499467058,0.29743568082423555
