RMSE,NDCG,F1,MAE
1.5345543518108407,0.8233282813373399,0.5910143584993053,1.1221901449282785
