RMSE,NDCG,F1,MAE
1.0283468643720126,0.8249997226776649,0.7108433734939759,0.824754464104043
