RMSE,NDCG,F1,MAE
0.910448308896337,0.8806805907164498,0.7423469387755102,0.73402490933028
