RMSE,NDCG,F1,MAE
0.9773145899890944,0.8852451074662504,0.6694677871148459,0.7848033295224496
