RMSE,NDCG,F1,MAE
0.06686628109275738,0.004564516749800629,0.07287915166066428,0.050778420192169604
