RMSE,NDCG,F1,MAE
85.02876726329693,94.32843485848021,84.75456474371782,84.49233604958376
