RMSE,NDCG,F1,MAE
89.75942921565017,92.79214924432144,86.32258319275007,88.22226722589994
