RMSE,NDCG,F1,MAE
84.98707887469148,97.86663493300081,81.77437246546364,84.53127158575597
