RMSE,NDCG,F1,MAE
84.8842216227803,95.50768805600981,85.5860475022284,84.65791395052278
