RMSE,NDCG,F1,MAE
0.037836314365890966,0.007364410700349877,0.02280124550729301,0.03648411774037352
