RMSE,NDCG,F1,MAE
0.9543437645120015,0.8817134099743756,0.7003444316877153,0.7611226444577737
