RMSE,NDCG,F1,MAE
0.9921800788778925,0.8890778206747255,0.6775431861804223,0.7976067621981472
