RMSE,NDCG,F1,MAE
1.5377470140456249,0.8649364100077306,0.6049382716049383,1.1232251945027953
