RMSE,NDCG,F1,MAE
1.0719492915427689,0.8423346209380379,0.6753864447086801,0.8502314658253769
