RMSE,NDCG,F1,MAE
0.465797722502856,0.02260178906969268,0.07044817310374185,0.27299372867741845
