RMSE,NDCG,F1,MAE
1.5643103678760193,0.8107687364204283,0.5696140693698095,1.1484851182005258
