RMSE,NDCG,F1,MAE
1.073690997823005,0.8225344780212744,0.6695187165775401,0.8569861826859329
