RMSE,NDCG,F1,MAE
0.49061937005301437,0.011765741600846091,0.09990464720773062,0.29149893551459294
