RMSE,NDCG,F1,MAE
0.9785507311084701,0.895632209576697,0.6785542168674699,0.7885277967029751
