RMSE,NDCG,F1,MAE
0.9457954295947654,0.8979593494096326,0.7097505668934241,0.7550188888274161
