RMSE,NDCG,F1,MAE
0.03275530151370476,0.002327139832935643,0.031196350025954223,0.033508907875559046
