RMSE,NDCG,F1,MAE
0.8982251167265227,0.9018514892633658,0.7492625368731564,0.7053033578732255
