RMSE,NDCG,F1,MAE
0.0540282701007474,0.0052115664600702605,0.09883469266357625,0.061385389109798294
