RMSE,NDCG,F1,MAE
1.0079145802742069,0.8894345418280369,0.6662686567164179,0.7918099837933885
