RMSE,NDCG,F1,MAE
0.9002315586417727,0.9085066663866563,0.7780979827089337,0.6968268936572123
