RMSE,NDCG,F1,MAE
0.950767799630258,0.8950432037743054,0.6738999397227246,0.7531078438725958
