RMSE,NDCG,F1,MAE
0.13348015742159192,0.01943005164123157,0.08327690183051362,0.10688237426336233
