RMSE,NDCG,F1,MAE
87.03413389765198,97.65430069627321,89.48521739130435,86.94100035940889
