RMSE,NDCG,F1,MAE
88.5640214256856,98.84493356196383,92.4497271436047,87.79192699588006
