RMSE,NDCG,F1,MAE
87.44254865131542,98.16471080366925,90.40496098104794,88.12599671597584
