RMSE,NDCG,F1,MAE
85.82878218695105,97.61285056512816,89.94819783915909,85.96271693987072
