RMSE,NDCG,F1,MAE
0.08443611049644051,0.0023155273619681616,0.0882479507121341,0.09451305393566523
