RMSE,NDCG,F1,MAE
1.0753194958857857,0.8078625496116139,0.5421245421245421,0.8782278927625093
