RMSE,NDCG,F1,MAE
0.9908833853893452,0.810178076973582,0.6303724928366762,0.7837148388268441
