RMSE,NDCG,F1,MAE
0.9910895914812968,0.8222728593922509,0.6641929499072357,0.7819789784938341
