RMSE,NDCG,F1,MAE
1.0830737113524445,0.799804382539107,0.5739130434782609,0.8806354916067146
