RMSE,NDCG,F1,MAE
0.09198411987114763,0.022468476853143904,0.09027990642897477,0.09865651311288048
