RMSE,NDCG,F1,MAE
1.069727819769793,0.7968577322694304,0.5611510791366906,0.8714429038889622
