RMSE,NDCG,F1,MAE
0.08614441209538104,0.015161847771249293,0.0835237559245724,0.09065774564299589
