RMSE,NDCG,F1,MAE
0.983583407674412,0.8120195800406796,0.644674835061263,0.7807851582459663
