RMSE,NDCG,F1,MAE
0.9864433219881061,0.804013723393525,0.6745886654478976,0.776583688434241
