RMSE,NDCG,F1,MAE
1.0674215921959092,0.8087907847004979,0.5808695652173913,0.8695070773378588
