RMSE,NDCG,F1,MAE
0.08097827020780302,0.004777061306972974,0.09371910023050634,0.09292338890361784
