RMSE,NDCG,F1,MAE
1.0692094361646427,0.7981841809194814,0.5912162162162162,0.8689577080626321
