RMSE,NDCG,F1,MAE
0.9889831125506949,0.8151338525855601,0.6678700361010831,0.7800216287793252
