RMSE,NDCG,F1,MAE
0.08022632361394777,0.016949671666078747,0.07665381988486686,0.08893607928330682
