RMSE,NDCG,F1,MAE
0.9872203098141463,0.8054986751913387,0.654275092936803,0.7768235662086026
