RMSE,NDCG,F1,MAE
1.0720469114294775,0.7993256784826892,0.5638297872340425,0.8731956980495794
