RMSE,NDCG,F1,MAE
0.08482660161533118,0.006172996708649459,0.09044530570276044,0.09637213184097682
