RMSE,NDCG,F1,MAE
1.0701424511421385,0.7977742192764863,0.5575539568345323,0.8715860957852197
