RMSE,NDCG,F1,MAE
0.08618085619085936,0.014182299418048716,0.08584226958056196,0.09044803877110252
