RMSE,NDCG,F1,MAE
0.9839615949512791,0.811956518694535,0.6433962264150943,0.7811380570141172
