RMSE,NDCG,F1,MAE
0.9868494527838566,0.8097628425488055,0.6233009708737864,0.785317252912946
