RMSE,NDCG,F1,MAE
1.0728811196844088,0.7986671886158228,0.5335820895522388,0.8745627420789687
