RMSE,NDCG,F1,MAE
0.0860316669005522,0.01109565393298273,0.0897188813215476,0.0892454891660227
