RMSE,NDCG,F1,MAE
97.57476263425514,97.55208275074469,93.51645620120347,98.76921146491527
