RMSE,NDCG,F1,MAE
99.27766234090666,97.32851093817041,93.51259644374288,99.0718147012515
