RMSE,NDCG,F1,MAE
99.3522098233155,97.66797768290168,92.3430609099364,100.02230159189318
