RMSE,NDCG,F1,MAE
97.36065087937688,98.51817293277412,93.87514071808366,98.78154482630886
