RMSE,NDCG,F1,MAE
0.9172070322218917,0.8606609918743757,0.7132034632034632,0.7255225625099472
