RMSE,NDCG,F1,MAE
0.959261682177538,0.8937947150980835,0.7227393617021277,0.7620482636253635
