RMSE,NDCG,F1,MAE
0.04205464995564634,0.03313372322370778,0.009535898498664541,0.03652570111541631
