RMSE,NDCG,F1,MAE
0.930548427323846,0.8548838712407723,0.6931818181818182,0.7373621441523168
