RMSE,NDCG,F1,MAE
0.09035287630407662,0.03261420386940184,0.005806671528680529,0.0674819862409558
