RMSE,NDCG,F1,MAE
1.0209013036279226,0.8874980751101741,0.6989884897104988,0.8048441303932726
