RMSE,NDCG,F1,MAE
1.0152102819754658,0.7907240533251993,0.6438075742067554,0.8055833124004562
