RMSE,NDCG,F1,MAE
1.0673279825993027,0.8283823174964724,0.6782443953268077,0.8382340598560422
