RMSE,NDCG,F1,MAE
0.052117700623836916,0.03765826417127305,0.03443682112005231,0.03265074745558594
