RMSE,NDCG,F1,MAE
0.9507525177189503,0.8910452207824847,0.7318361955085865,0.756639010083442
