RMSE,NDCG,F1,MAE
0.9197912561876763,0.8607932719556355,0.7067099567099567,0.7274235803863689
