RMSE,NDCG,F1,MAE
0.030961261531273987,0.03025194882684923,0.02512623879862974,0.029215429697073136
