algorithm,value
GradientBoosting,0.0010083131565851
itemKNN,0.0012797112756829
SVD,0.0021902371661249
BayesianRidge,0.0048410652383684
Ridge,0.0051879653285613
