algorithm,value
BIASEDMF,0.0009374678298438
RandomForest,0.001037857906344
itemKNN,0.0031694265115329
LinearSVR,0.0052258730405384
BayesianRidge,0.0054296660358672
