algorithm,value
RandomForest,0.0010137669714576
BIAS,0.0013793384501843
LinearSVR,0.0031714548754887
BayesianRidge,0.0051457225258348
userKNN,0.0052605092239805
