algorithm,value
BIASEDMF,0.000783814044917
SVD,0.0039715637077156
BIAS,0.0082272192107926
userKNN,0.0114060879123779
itemKNN,0.0126465862191197
