algorithm,value
GradientBoosting,0.0014918832362902
LinearSVR,0.0025322979127786
BayesianRidge,0.0037687885615559
Ridge,0.0041138328435808
Bagging,0.0049192241069397
