algorithm,value
Bagging,0.0033878752227374
userKNN,0.0045775740903682
BIASEDMF,0.0092809865615057
BIAS,0.0124502780388072
itemKNN,0.0140047938194843
