algorithm,value
userKNN,0.002279492558464
BIASEDMF,0.002791670046675
BIAS,0.0091084097791868
itemKNN,0.0101389989050172
SVD,0.0175840240236894
