algorithm,value
itemKNN,0.0010892226039864
BIAS,0.0025491163088398
SVD,0.0039578855221615
userKNN,0.0051472046045056
BIASEDMF,0.0060746353134955
