algorithm,value
BIAS,0.0006205780352203
SVD,0.004828451101587
BIASEDMF,0.005266298447439
userKNN,0.00553024385232
itemKNN,0.0201370812440845
