algorithm,value
userKNN,0.0135299707490443
SVD,0.0152630118335216
itemKNN,0.0154172693144332
BIASEDMF,0.0179243896681712
BIAS,0.0229621042452755
