algorithm,value
itemKNN,0.0020284040580634
GradientBoosting,0.0040822124375534
BIAS,0.0065428215116135
Bagging,0.0076582918032639
Tweedie,0.0076918679262295
