algorithm,value
BIAS,0.004191757526891
BIASEDMF,0.0065623044760625
userKNN,0.0085591963658048
SVD,0.0121223073320519
itemKNN,0.012391243521035
