algorithm,value
SVD,0.000689111428633
Bagging,0.0010958356501629
itemKNN,0.0014950696241959
BIAS,0.0021512749492635
BIASEDMF,0.0022702005746445
