algorithm,value
userKNN,0.021222940495711
BIASEDMF,0.0216523286140682
SVD,0.0256914231224878
itemKNN,0.0267160895291631
BIAS,0.0275568815171823
