algorithm,value
SVD,0.0009025040027863
BIAS,0.0012700130071081
BIASEDMF,0.0014469395453265
userKNN,0.0092818353785119
itemKNN,0.0093341283515938
