algorithm,value
BIAS,0.0026179577742486
userKNN,0.0032410739015387
SVD,0.0050105736268784
BIASEDMF,0.0110852401127797
Ridge,0.0170952766636465
