algorithm,value
RandomForest,0.0014103534127108
Tweedie,0.0031009471969285
Ridge,0.0065384729433886
BayesianRidge,0.0077202961330101
LinearSVR,0.0089907990608594
