algorithm,value
itemKNN,0.0040642161338625
BIASEDMF,0.0072032136621358
userKNN,0.0090354767154695
BIAS,0.0105447330911775
LinearSVR,0.01162727454972
