algorithm,value
Bagging,0.0004196608862255
itemKNN,0.0097386549534151
AdaBoost,0.0113922855958046
userKNN,0.0118785882507764
Tweedie,0.0129373114539093
