algorithm,value
itemKNN,0.0005307236302017
BIASEDMF,0.0012276474920541
Tweedie,0.0014438200383003
BIAS,0.003889454673431
GradientBoosting,0.0044017234578321
