RMSE,NDCG,F1,MAE
84.23670277421625,99.09849179382526,77.14197720973206,84.13293506866853
