RMSE,NDCG,F1,MAE
84.27730100747445,99.37796817743879,75.98145745063397,84.2301454652384
