RMSE,NDCG,F1,MAE
85.1165174921855,98.69161863842241,76.65723136082033,85.087092029286
