RMSE,NDCG,F1,MAE
83.94189810381837,99.18447727941866,76.06936144181451,83.42833858494866
