RMSE,NDCG,F1,MAE
84.44652861535104,98.50805930140687,78.63520408163265,84.4437663980453
