RMSE,NDCG,F1,MAE
84.29115573841605,98.16112329380779,77.25365475585963,83.93754901307629
