RMSE,NDCG,F1,MAE
85.1233540027835,98.94805634385159,76.80729656883716,85.07630723432854
