RMSE,NDCG,F1,MAE
85.14246499707576,98.84796211389265,73.38703116101213,85.2090490203337
