RMSE,NDCG,F1,MAE
0.8375888989187991,0.8998065835499954,0.7079722703639515,0.657820745161435
