RMSE,NDCG,F1,MAE
0.016174297801010096,0.0077679655644372625,0.005500959681155382,0.01295816105631864
