RMSE,NDCG,F1,MAE
0.8537631967198092,0.9075745491144327,0.7134732300451069,0.6707789062177536
