RMSE,NDCG,F1,MAE
0.014108017503682846,0.007359462013139972,0.0005270875794938235,0.00916918417135304
