RMSE,NDCG,F1,MAE
0.838116304308193,0.9003523247625101,0.7232968881412952,0.6599117246812778
