RMSE,NDCG,F1,MAE
0.8522243218118758,0.9077117867756501,0.723823975720789,0.6690809088526308
