RMSE,NDCG,F1,MAE
0.016296137979633363,0.006646221447830003,0.0035533682654134147,0.014783231184927081
