RMSE,NDCG,F1,MAE
0.8342349132996051,0.9116523226788728,0.7324536240198891,0.6554167219100197
