RMSE,NDCG,F1,MAE
0.8179387753199717,0.9050061012310427,0.7289002557544757,0.6406334907250926
