RMSE,NDCG,F1,MAE
0.834370956028405,0.9117336215411628,0.7365223993925588,0.6543876519429055
