RMSE,NDCG,F1,MAE
0.8213933893507259,0.9084923091463837,0.728348119983101,0.641589365865676
