RMSE,NDCG,F1,MAE
0.012977566677679131,0.0032413123947790945,0.008174279409457808,0.012798286077229437
