RMSE,NDCG,F1,MAE
0.8360842836590539,0.9108921147931462,0.7429531454172111,0.6530731749053127
