RMSE,NDCG,F1,MAE
0.016898768999170977,0.006258460543908995,0.009092254121917498,0.014072876749547603
