RMSE,NDCG,F1,MAE
0.8191855146598829,0.9046336542492373,0.7338608912952936,0.6390002981557651
