RMSE,NDCG,F1,MAE
0.8378198853447495,0.9145013050340853,0.7327487609607319,0.6559589868308476
