RMSE,NDCG,F1,MAE
0.013481362095930094,0.005648040178850455,0.0030190312310022227,0.013234928005102065
