RMSE,NDCG,F1,MAE
0.8243385232488194,0.9088532648552349,0.7297297297297297,0.6427240588257456
