RMSE,NDCG,F1,MAE
0.01636742479210407,0.006140612980761961,0.00379572894915714,0.01484073961981247
