RMSE,NDCG,F1,MAE
0.8342314460249958,0.9116238235845768,0.7326959847036328,0.6554069353871108
