RMSE,NDCG,F1,MAE
0.8178640212328917,0.9054832106038149,0.7289002557544757,0.6405661957672983
