RMSE,NDCG,F1,MAE
0.833101772602458,0.9050501083255159,0.6972804279982167,0.6552396631359654
