RMSE,NDCG,F1,MAE
0.846402840108256,0.9083993584532889,0.7091235775603913,0.6686929510589252
