RMSE,NDCG,F1,MAE
0.013301067505797959,0.0033492501277729847,0.011843149562174693,0.013453287922959856
