RMSE,NDCG,F1,MAE
0.17177629267323458,0.04403497204515128,0.04621753091914915,0.13164984599057383
