RMSE,NDCG,F1,MAE
1.0445009291677152,0.8627162626258877,0.645381984036488,0.8207234451323603
