RMSE,NDCG,F1,MAE
0.16212651784873544,0.041790202877864946,0.0405263351485714,0.12302624163606402
