RMSE,NDCG,F1,MAE
0.8656024901625413,0.9010030732496945,0.7008450704225352,0.6859008480145062
