RMSE,NDCG,F1,MAE
0.8823744113189798,0.9045064655037527,0.6859083191850595,0.6976972034962963
