RMSE,NDCG,F1,MAE
1.037378782835776,0.8569681012045433,0.654627539503386,0.8175506940050801
