RMSE,NDCG,F1,MAE
1.0884651086640116,0.8531176359879615,0.6443701226309922,0.852048368586124
