RMSE,NDCG,F1,MAE
0.17581654468945007,0.04357165321194856,0.04772495752378936,0.13587650797483097
