RMSE,NDCG,F1,MAE
0.9126485639745615,0.8966892891999101,0.6920950801547816,0.716171860611293
