RMSE,NDCG,F1,MAE
1.035027974731355,0.8628903655516492,0.6577181208053692,0.8147124424112349
