RMSE,NDCG,F1,MAE
0.8677632911622402,0.9035773304417366,0.6977272727272728,0.6867542099804466
