RMSE,NDCG,F1,MAE
0.16726468356911495,0.040686964890087385,0.040009151921903574,0.1279582324307883
