RMSE,NDCG,F1,MAE
1.1037825800956211,0.843403085003959,0.6473859844271412,0.8688563369193398
