RMSE,NDCG,F1,MAE
0.16654832531618446,0.038900192709408477,0.029051445110626517,0.1257226275622355
