RMSE,NDCG,F1,MAE
0.9372342547794367,0.8823032777133675,0.6764374295377678,0.7431337093571043
