RMSE,NDCG,F1,MAE
93.51143054862882,108.2162555133696,96.20104228324836,95.39552243136768
