RMSE,NDCG,F1,MAE
93.80867713366638,108.06725303391896,97.17135314084565,95.2450822703166
