RMSE,NDCG,F1,MAE
93.70096836609999,107.11531078180133,95.19653128687452,95.28629183496771
