RMSE,NDCG,F1,MAE
93.29561186821603,108.98083594759281,95.96063109224383,95.21640555832079
