RMSE,NDCG,F1,MAE
93.24715885198486,106.73407634370085,94.72409033766736,94.8488870710819
