RMSE,NDCG,F1,MAE
93.10933876515998,107.85586955249855,96.17299104228148,95.09624153375441
