RMSE,NDCG,F1,MAE
93.7225379228056,107.10313539422633,94.97682007966598,95.30289446192944
