RMSE,NDCG,F1,MAE
92.27579995327832,106.14096702692018,93.65871113620028,94.06158561062226
