RMSE,NDCG,F1,MAE
0.08383904488329841,0.017519281768286432,0.06847783602084434,0.0868129202156046
