RMSE,NDCG,F1,MAE
0.7823295721566265,0.894397894273955,0.793597304128054,0.6046954187271428
