RMSE,F1,MAE
0.7859008404487295,0.7900414937759336,0.6080355856481002
