RMSE,F1,MAE
0.8662338495495545,0.7273084479371317,0.6909447170866951
