RMSE,NDCG,F1,MAE
0.8661686170399249,0.9119171760422414,0.7251194681072096,0.6915083389427474
