RMSE,NDCG,F1,MAE
0.8750503838985939,0.9123466528088192,0.7316975060337892,0.6909408164813582
