RMSE,NDCG,F1,MAE
0.7902486277439186,0.8866177497795974,0.8049792531120332,0.605576382380506
