RMSE,NDCG,F1,MAE
0.08480175615467533,0.025728903029221817,0.07328174707824398,0.08536443410085215
