RMSE,F1,MAE
0.8749713805819185,0.733092017527148,0.6904446478466134
