RMSE,NDCG,F1,MAE
0.08712324060742505,0.02374196005784701,0.06610948062654576,0.09251752690356685
