RMSE,NDCG,F1,MAE
0.7666007277018874,0.8963049608875663,0.8145094806265457,0.578128122817091
