RMSE,F1,MAE
0.8538296255505751,0.7498107494322483,0.6697980489383755
