RMSE,NDCG,F1,MAE
0.8537239683093124,0.9200469209454133,0.7484,0.6706456497206579
