RMSE,F1,MAE
0.7802899710954353,0.800978792822186,0.5941754006597
