RMSE,NDCG,F1,MAE
0.082667559230995,0.023139159301918122,0.062321845731798775,0.08876580741859807
