RMSE,NDCG,F1,MAE
0.859097793744903,0.9149637490294371,0.7423139158576052,0.6794010167803852
