RMSE,F1,MAE
0.8593971061037072,0.7442572741194488,0.6789048360986382
