RMSE,NDCG,F1,MAE
0.776430234513908,0.891824589727519,0.804635761589404,0.5906352093617872
