RMSE,NDCG,F1,MAE
0.7724584099855353,0.8954866540979504,0.8185516680227828,0.5764255666212702
