RMSE,NDCG,F1,MAE
0.8541852035890004,0.920025920910109,0.7552256300058605,0.6677975755697174
