RMSE,NDCG,F1,MAE
0.08172679360346513,0.024539266812158678,0.06332603801692227,0.09137200894844721
