RMSE,F1,MAE
0.0785108628201151,0.06032040307003961,0.08403909079233562
