RMSE,F1,MAE
0.7814993040508731,0.803265306122449,0.5934420750299132
