RMSE,NDCG,F1,MAE
0.08199372678115135,0.015881193120588777,0.06578293289146642,0.08801089340672841
