RMSE,NDCG,F1,MAE
0.7777523574923454,0.8969941074172127,0.8069594034797017,0.5899470068484538
