RMSE,NDCG,F1,MAE
0.8597460842734967,0.9128753005378015,0.7411764705882353,0.6779579002551822
