RMSE,NDCG,F1,MAE
0.7666020441518248,0.8963049608875663,0.8145094806265457,0.5780911610129448
