RMSE,F1,MAE
0.7709150330076985,0.810064935064935,0.5821642265272746
