RMSE,NDCG,F1,MAE
0.8537292725609258,0.9200469209454133,0.748500599760096,0.6706349687906914
