RMSE,F1,MAE
0.08291828004843083,0.060159524546584686,0.0876197559956623
