RMSE,NDCG,F1,MAE
0.08712722840910103,0.02374196005784701,0.06600888086644974,0.09254380777774662
