RMSE,NDCG,F1,MAE
0.0937683451397805,0.017848174680312412,0.0640139707947206,0.09758303110449795
