RMSE,F1,MAE
0.8650760092829516,0.7307843910130075,0.6822451958711312
