RMSE,NDCG,F1,MAE
0.8652144400738248,0.9185938914699938,0.7295833333333334,0.6834118390542524
