RMSE,NDCG,F1,MAE
0.7714460949340443,0.9007457167896814,0.793597304128054,0.5858288079497544
