RMSE,NDCG,F1,MAE
108.25467164406437,108.9134261927755,110.51108203481226,107.6701772663903
