RMSE,NDCG,F1,MAE
106.60708817728046,106.79639149084352,108.06603773584904,106.47581060212701
