RMSE,NDCG,F1,MAE
107.91360897256719,107.71958499855083,109.3301530924891,107.13208181169982
