RMSE,NDCG,F1,MAE
107.75728385319086,111.08109788660367,108.84658602683588,106.97040586461932
