RMSE,NDCG,F1,MAE
107.84954475095931,107.87149948320594,110.08614214783748,107.69815464091828
