RMSE,NDCG,F1,MAE
108.05003391719004,107.00112832554267,108.11524702201594,107.23701205691964
