RMSE,NDCG,F1,MAE
107.91970357436473,107.68479075036512,109.3301530924891,107.14151482382354
