RMSE,NDCG,F1,MAE
106.4751095314588,107.65491539507546,110.65458963442943,105.87104350087841
