RMSE,NDCG,F1,MAE
104.23371959292453,98.12527316930557,102.06173083947601,105.53693320909132
