RMSE,NDCG,F1,MAE
105.24808615216999,98.85352712583096,103.980412379166,106.30724292032599
