RMSE,NDCG,F1,MAE
103.38450188409492,96.56591661055869,101.21691935396582,103.89521707154587
