RMSE,NDCG,F1,MAE
104.51376664291973,97.28712555790754,102.18859988336844,105.33446757437844
