RMSE,NDCG,F1,MAE
0.8923167294099579,0.8997628520950791,0.7587663709336713,0.7000710065473196
