RMSE,NDCG,F1,MAE
0.8914212541589106,0.905012568024796,0.7638062871707731,0.7019049471347752
