RMSE,NDCG,F1,MAE
0.9539346190250361,0.8598714995000639,0.7274320771253286,0.7560158795175528
