RMSE,NDCG,F1,MAE
0.9741270425680578,0.8505701063832944,0.7151621384750219,0.7742191608163633
