RMSE,NDCG,F1,MAE
0.08181031315809995,0.04919274571178467,0.04360423245864942,0.07414815426904375
