RMSE,NDCG,F1,MAE
0.06251336486612546,0.0451410685247321,0.0363742100454445,0.05411093238277753
