RMSE,NDCG,F1,MAE
0.9948319602603372,0.8539003400210002,0.7325383304940375,0.7874353562121299
