RMSE,NDCG,F1,MAE
0.09481107001341305,0.04979108252225817,0.038665641371912085,0.08715452493159681
