RMSE,NDCG,F1,MAE
0.9000208902469241,0.9036914225432584,0.7712039718659496,0.7002808312805331
