RMSE,NDCG,F1,MAE
0.9556662646092019,0.8551069926673565,0.7244094488188977,0.7576473525003932
