RMSE,NDCG,F1,MAE
0.0633264165534766,0.04529246481993654,0.0356754768711236,0.055613093021398274
