RMSE,NDCG,F1,MAE
0.8923398480557253,0.900399457487293,0.7600849256900213,0.7020342594789949
