RMSE,NDCG,F1,MAE
0.9423507294523733,0.8864171007597463,0.7453936348408711,0.7382166865329576
