RMSE,NDCG,F1,MAE
0.045925858490899585,0.046003396719013434,0.0021963559293064483,0.02922409143089666
