RMSE,NDCG,F1,MAE
0.9882765879432729,0.8404137040407329,0.7431972789115646,0.7674407779638542
