RMSE,NDCG,F1,MAE
1.0612594686490717,0.8610574789211345,0.6520210896309314,0.8300604049692483
