RMSE,NDCG,F1,MAE
0.9251325784039763,0.8882286693262121,0.6743907311226528,0.727989736624766
