RMSE,NDCG,F1,MAE
0.1361268902450954,0.02717119040507765,0.02236964149172138,0.10207066834448231
