RMSE,NDCG,F1,MAE
0.9903801807553702,0.8682959832291295,0.6501445683601818,0.7776654041884652
