RMSE,NDCG,F1,MAE
1.1468973350644152,0.8361525285563414,0.6132596685082873,0.9024078954491109
