RMSE,NDCG,F1,MAE
0.156517154309045,0.03214345467278812,0.03688489985189447,0.12474249126064574
