RMSE,NDCG,F1,MAE
0.10173261603079742,0.025559758314815606,0.014510885389052652,0.09085910947651354
