RMSE,NDCG,F1,MAE
1.1424203918102032,0.8058328104642787,0.6345514950166113,0.8987659254179995
