RMSE,NDCG,F1,MAE
1.0406877757794057,0.8313925687790943,0.649062380405664,0.807906815941486
