RMSE,NDCG,F1,MAE
1.0519278859372978,0.8592944905044932,0.658008658008658,0.8242687023507687
