RMSE,NDCG,F1,MAE
0.14213510139407826,0.03128580273841064,0.021221494357019588,0.10421107157113318
