RMSE,NDCG,F1,MAE
0.9097927845432195,0.8905802932429039,0.6792301523656776,0.7200576307796355
