RMSE,NDCG,F1,MAE
0.035413190833153085,0.0011500137002348199,0.009231970070114448,0.029770797116253744
