RMSE,NDCG,F1,MAE
0.9702606356828883,0.8885897974704452,0.7296620775969962,0.765013850736402
