RMSE,NDCG,F1,MAE
0.9348474448497353,0.88973981117068,0.7204301075268817,0.7352430536201483
