RMSE,NDCG,F1,MAE
1.0224976268265809,0.8935027938471454,0.6877144818119424,0.8072620597683116
