RMSE,NDCG,F1,MAE
0.9672441234363934,0.8742184301684366,0.7311827956989247,0.7467152138742549
