RMSE,NDCG,F1,MAE
0.05525350339018742,0.019284363678708782,0.04346831388698236,0.06054684589405668
