RMSE,NDCG,F1,MAE
1.074055389238122,0.8348570728265646,0.6008492569002123,0.8577020993136792
