RMSE,NDCG,F1,MAE
0.008265525956052677,0.015799334831363532,0.06419040142803667,0.011502175885968469
