RMSE,NDCG,F1,MAE
1.0823209151941746,0.8506564076579282,0.665039658328249,0.8461999234277108
