RMSE,NDCG,F1,MAE
0.9544338221879112,0.8949807509186664,0.7311827956989247,0.7491796888201752
