RMSE,NDCG,F1,MAE
0.01925642360403912,0.00778727748641439,0.005884207208153858,0.014952523517277827
