RMSE,NDCG,F1,MAE
0.935177398583872,0.9027680284050807,0.7252985884907709,0.7342271653028973
