RMSE,NDCG,F1,MAE
106.28626396410152,97.44753341842697,109.97341748759719,105.78785800274014
