RMSE,NDCG,F1,MAE
146.71769055283352,99.60414602814117,114.57938237708399,132.86832686015734
