RMSE,NDCG,F1,MAE
153.1256171541595,103.94347340892205,121.92206687698611,139.90702738352283
