RMSE,NDCG,F1,MAE
107.54426003862929,100.28789275251684,111.42038216560508,107.14450935068871
