RMSE,NDCG,F1,MAE
1.2016964929026237,0.7784071695661514,0.4774665042630938,0.9647295552424116
