RMSE,NDCG,F1,MAE
0.13495864872548724,0.022072667696935944,0.09116094671729835,0.12490755787645225
