RMSE,NDCG,F1,MAE
1.0667378441771365,0.8004798372630874,0.5686274509803921,0.8398219973659593
