RMSE,NDCG,F1,MAE
0.14025037212795022,0.023089462169481823,0.10858757761412624,0.12163664473298175
