RMSE,NDCG,F1,MAE
1.2172123895308342,0.7838537829226574,0.46017699115044247,0.9725973215427072
