RMSE,NDCG,F1,MAE
1.076962017402884,0.8069432450921392,0.5687645687645687,0.8509606768097254
