RMSE,NDCG,F1,MAE
0.12683260378177863,0.014616931728502647,0.0898649991449792,0.11158735799598196
