RMSE,NDCG,F1,MAE
1.1923502506810926,0.7843247787064443,0.4674329501915709,0.9588596988909592
