RMSE,NDCG,F1,MAE
1.065517646899314,0.798941710434947,0.5572979493365501,0.8472723408949773
