RMSE,NDCG,F1,MAE
1.2023201137562056,0.7901996939022238,0.47701863354037266,0.9601154513015882
