RMSE,NDCG,F1,MAE
0.13713318008559594,0.009666007839794544,0.09021565888475946,0.1210239695562284
