RMSE,NDCG,F1,MAE
1.0651869336706097,0.7998657017420183,0.5672342924251321,0.8390914817453597
