RMSE,NDCG,F1,MAE
0.13368976499101937,0.018301522215140698,0.09142325518070787,0.11744292407168566
