RMSE,NDCG,F1,MAE
1.1999765235580437,0.7828907654283316,0.48166259168704156,0.9608573367232693
