RMSE,NDCG,F1,MAE
1.0662867585670244,0.8011922876434723,0.5730858468677494,0.8434144126515837
