RMSE,NDCG,F1,MAE
1.2016548248625563,0.7831876183225774,0.4640605296343001,0.9621082606021268
