RMSE,NDCG,F1,MAE
0.1363729342181199,0.01539128089729569,0.09626907601608248,0.12091886399099416
