RMSE,NDCG,F1,MAE
1.0652818906444363,0.7985788992198731,0.5603296056503826,0.8411893966111327
