RMSE,NDCG,F1,MAE
1.0659018723104294,0.7997309082454134,0.5585042219541616,0.8474762366389267
