RMSE,NDCG,F1,MAE
1.1926886507714825,0.7853426793883216,0.4674329501915709,0.9592102735007871
