RMSE,NDCG,F1,MAE
0.12678677846105302,0.01438822885709179,0.09107127176259072,0.11173403686186045
