RMSE,NDCG,F1,MAE
0.1204788712278908,0.013858824624534472,0.08477264438043514,0.10732877167402577
