RMSE,NDCG,F1,MAE
1.0654943714356655,0.8006825282666965,0.5413814561294338,0.8495443833843249
