RMSE,NDCG,F1,MAE
1.1859732426635563,0.786823703642162,0.45660881174899864,0.9568731550583507
