RMSE,NDCG,F1,MAE
0.006295512397374914,0.011001710677434828,0.047878131403379265,0.0061689194177915185
