RMSE,NDCG,F1,MAE
1.1065713524448635,0.8000222159569812,0.6458055925432756,0.872187753555563
