RMSE,NDCG,F1,MAE
1.1002758400474886,0.811023926634416,0.5979274611398964,0.8660188341377715
