RMSE,NDCG,F1,MAE
1.12101672597362,0.8079844887899171,0.631911532385466,0.885173613905697
