RMSE,NDCG,F1,MAE
0.006559669929738776,0.002387537483950486,0.05249200731950299,0.011430792897325848
