RMSE,NDCG,F1,MAE
1.1144570560438811,0.8103720262738676,0.5794195250659631,0.8737428210083712
