RMSE,NDCG,F1,MAE
1.104712847258687,0.8112264659101159,0.5984334203655353,0.8621988083944658
