RMSE,NDCG,F1,MAE
0.006533477079568639,0.015075010228827401,0.04399082205870719,0.013156737645919625
