RMSE,NDCG,F1,MAE
1.1112463243382555,0.7961514556812885,0.6424242424242425,0.8753555460403855
