RMSE,NDCG,F1,MAE
1.1075819936805593,0.7994480295516392,0.6391706107730448,0.8729477684162522
