RMSE,NDCG,F1,MAE
0.001990742423858327,0.012735533203967475,0.047517150656827156,0.00664158684200733
