RMSE,NDCG,F1,MAE
1.105591251256701,0.8121835627556067,0.5916534601162177,0.8663061815742449
