RMSE,NDCG,F1,MAE
0.005398079109182552,0.017487716943732745,0.04351898679510535,0.01275569143439903
