RMSE,NDCG,F1,MAE
1.113456312867495,0.813089390506753,0.6048180420297283,0.8665490664601502
