RMSE,NDCG,F1,MAE
1.1188543919766776,0.7956016735630203,0.6483370288248337,0.8793047578945492
