RMSE,NDCG,F1,MAE
1.1080688987282612,0.8123257546181719,0.5926315789473684,0.8673638171343061
