RMSE,NDCG,F1,MAE
0.0038393353564913912,0.012153385204710876,0.04774696994853067,0.008700995793533117
