RMSE,NDCG,F1,MAE
1.1119082340847526,0.800172369413461,0.6403785488958991,0.8760648129278392
