RMSE,NDCG,F1,MAE
1.104762233830779,0.8110582024497723,0.5984334203655353,0.8622174101428052
