RMSE,NDCG,F1,MAE
1.1113861393081235,0.7962131309064242,0.6422800718132855,0.8754466693094036
