RMSE,NDCG,F1,MAE
0.006623905477344483,0.014845071543348132,0.04384665144775024,0.01322925916659845
