RMSE,NDCG,F1,MAE
1.09889964987108,0.8130154174561269,0.5776566757493188,0.8630174397253777
