RMSE,NDCG,F1,MAE
0.0027115785392455294,0.012782661741891799,0.05321890028754761,0.01213029021515255
