RMSE,NDCG,F1,MAE
1.1016112284103254,0.8002327557142351,0.6308755760368664,0.8751477299405303
