RMSE,NDCG,F1,MAE
97.16570472710083,99.4067376815317,89.49381603734949,97.081062000741
