RMSE,NDCG,F1,MAE
65.11463335382103,104.73817805886088,80.27469351747634,69.5653858708012
