RMSE,NDCG,F1,MAE
71.20758374073574,103.5639672254637,87.5962532175782,77.77076323707257
