RMSE,NDCG,F1,MAE
99.55118069940092,98.88608454315505,90.85869661527556,99.05139424860143
