RMSE,NDCG,F1,MAE
95.46936240001641,104.6532869640088,102.08196129571965,95.37572238050093
