RMSE,NDCG,F1,MAE
90.16090329293831,103.17164748720676,99.5943650023137,90.82151973412478
