RMSE,NDCG,F1,MAE
96.38775015989867,104.32259059557208,107.48005562467979,96.8624543195041
