RMSE,NDCG,F1,MAE
96.16081948793088,103.6500344587287,103.64560533468246,95.63802523644443
