RMSE,NDCG,F1,MAE
1.0557863077119691,0.8206758212868938,0.6539589442815249,0.823456678779574
