RMSE,NDCG,F1,MAE
1.087074925151592,0.7947684924698324,0.6097471601319164,0.8616737640780463
