RMSE,NDCG,F1,MAE
0.03128861743962297,0.02590732881706137,0.04421178414960847,0.03821708529847234
