RMSE,NDCG,F1,MAE
1.097453445823685,0.8016602179503307,0.6318778842740504,0.8733036569290129
