RMSE,NDCG,F1,MAE
0.042006588252309074,0.013047032496860012,0.032397582010024184,0.04457524508825983
