RMSE,NDCG,F1,MAE
1.055446857571376,0.8147072504471907,0.6642754662840746,0.8287284118407531
