RMSE,NDCG,F1,MAE
0.0268298749847502,0.018666018998645284,0.03501919230145423,0.033633158237380556
