RMSE,NDCG,F1,MAE
1.085630972484604,0.8000716374758601,0.6253581661891118,0.8661869488157565
