RMSE,NDCG,F1,MAE
1.0588010974998538,0.8187376564745054,0.660377358490566,0.832553790578376
