RMSE,NDCG,F1,MAE
1.0798693289530845,0.795963959244616,0.6323218066337333,0.8572408004918072
