RMSE,NDCG,F1,MAE
1.0536799035259699,0.8202295185432402,0.66189111747851,0.8236782225473261
