RMSE,NDCG,F1,MAE
0.026189425427114665,0.024265559298624173,0.029569310844776764,0.03356257794448103
