RMSE,NDCG,F1,MAE
1.069600399803935,0.8180448408980804,0.6633309506790565,0.8380584188326724
