RMSE,NDCG,F1,MAE
1.0971780049016915,0.799923168040806,0.6349876803942274,0.8704824209586405
