RMSE,NDCG,F1,MAE
0.02757760509775653,0.018121672857274396,0.02834327028482908,0.03242400212596808
