RMSE,NDCG,F1,MAE
0.02775804559968109,0.02464577963549852,0.03143478110877285,0.03411592144150455
