RMSE,NDCG,F1,MAE
1.0591624203856447,0.8205397214920988,0.6718528995756718,0.8284391415837972
