RMSE,NDCG,F1,MAE
1.0869204659853258,0.7958939418566002,0.640418118466899,0.8625550630253017
