RMSE,NDCG,F1,MAE
1.0857579923037868,0.8000419109311995,0.6253581661891118,0.8662732878970952
