RMSE,NDCG,F1,MAE
1.0589025009743904,0.8187376564745054,0.660377358490566,0.8326059072493142
