RMSE,NDCG,F1,MAE
0.026855491329396353,0.018695745543305886,0.03501919230145423,0.033667380647781076
