RMSE,NDCG,F1,MAE
1.0825429667411028,0.7971183206193819,0.6089862606758262,0.8655741294854761
