RMSE,NDCG,F1,MAE
0.026750735133947767,0.024901336931109963,0.03807256285358562,0.02976871123742708
