RMSE,NDCG,F1,MAE
1.055792231607155,0.8220196575504919,0.6470588235294118,0.835805418248049
