RMSE,NDCG,F1,MAE
97.07933495283997,98.0058202976423,98.31334332833585,97.2539691708902
