RMSE,NDCG,F1,MAE
99.20814124178699,98.35570067975523,98.30842133095369,99.90520021712884
