RMSE,NDCG,F1,MAE
100.39230104896382,96.37312546132166,96.49802674363703,99.28597090856434
