RMSE,NDCG,F1,MAE
97.01952827981962,98.13762994783413,99.08865679339819,98.34257036697824
