RMSE,NDCG,F1,MAE
1.0069964393073654,0.8896418445115648,0.6831683168316832,0.8076687490437418
