RMSE,NDCG,F1,MAE
0.08445134630262285,0.0034739303203306093,0.01862304249392266,0.06810515351904378
