RMSE,NDCG,F1,MAE
0.9225450930047425,0.8931157748318954,0.7017913593256059,0.739563595524698
