RMSE,NDCG,F1,MAE
0.5944684225428402,0.022531313488552196,0.14162225017419705,0.39971525751772763
