RMSE,NDCG,F1,MAE
0.9981841390616931,0.8821896525324742,0.7161016949152542,0.7799538035213915
