RMSE,NDCG,F1,MAE
1.5926525616045333,0.859658339043922,0.5744794447410572,1.1796690610391192
