RMSE,NDCG,F1,MAE
1.5986654792278123,0.8207813493679198,0.5839195979899497,1.1776107290980107
