RMSE,NDCG,F1,MAE
1.0362570451205948,0.803529945930996,0.6447105788423154,0.831682801179041
