RMSE,NDCG,F1,MAE
0.5624084341072175,0.017251403436923773,0.06079098085236567,0.34592792791896965
