RMSE,NDCG,F1,MAE
0.9205327767526776,0.8878344003662866,0.6953781512605042,0.7378470704568989
