RMSE,NDCG,F1,MAE
0.07118892255866005,0.007431738143083622,0.01213598318491993,0.06048348755195576
