RMSE,NDCG,F1,MAE
0.9917216993113377,0.8952661385093702,0.6832421680755842,0.7983305580088547
