algorithm,georisk
SVD,1.129348771739379
BIASEDMF,1.126677828615798
NMF,1.1085430289952893
StochasticItemKNN,1.1013697029877045
BayesianRidge,1.100278470565266
Tweedie,1.100628876628392
Ridge,1.1001611930732889
RandomForest,1.1028121756009512
Bagging,1.0979630091227004
AdaBoost,1.1026228072710318
GradientBoosting,1.1022083846295767
LinearSVR,1.1018231876438422
