algorithm,georisk
SVD,1.1197316266688653
BIASEDMF,1.1161896212183093
NMF,1.0935057886441768
StochasticItemKNN,1.0843694225249974
BayesianRidge,1.0850236689978374
Tweedie,1.0863914428150026
Ridge,1.0847839988030907
RandomForest,1.0888127264577723
Bagging,1.0817937799498398
AdaBoost,1.0886082407301547
GradientBoosting,1.087849318813094
LinearSVR,1.0859021038803163
