RMSE,NDCG,F1,MAE
0.9570871602449575,0.8976004814738655,0.6541764246682279,0.7592909813479419
