RMSE,F1,MAE
0.08602351654320772,0.007499321092101718,0.05813184105816527
