RMSE,NDCG,F1,MAE
0.0855153786226246,0.018789182470204002,0.012490241998438734,0.06111465716009212
