RMSE,F1,MAE
0.9520866877841787,0.6625514403292181,0.7565732094635014
