RMSE,F1,MAE
1.0381102043273864,0.6700507614213198,0.8147050505216666
