RMSE,NDCG,F1,MAE
1.0426025388675821,0.8788112990036615,0.6666666666666666,0.820405638508034
