RMSE,NDCG,F1,MAE
0.0694052503020095,0.04241152316039476,0.04385607312206319,0.031114725882311567
