RMSE,NDCG,F1,MAE
1.039117506100667,0.850528310888213,0.6985645933014354,0.8061119007623723
