RMSE,NDCG,F1,MAE
0.9697122557986575,0.8929398340486078,0.6547085201793722,0.7749971748800607
