RMSE,F1,MAE
0.07177292443124705,0.03737980619721115,0.030741626794258292
