RMSE,F1,MAE
1.0347225060617384,0.7014218009478673,0.8009603072983354
