RMSE,F1,MAE
0.10011020383437041,0.030845599130692403,0.066895132619755
