RMSE,F1,MAE
1.046131819200241,0.7075471698113207,0.8171055951165824
