RMSE,NDCG,F1,MAE
1.0506750602564385,0.884451976947018,0.7047619047619048,0.8230035826423857
