RMSE,NDCG,F1,MAE
0.951822793510753,0.8974835584696393,0.6691449814126395,0.7544998972556658
