RMSE,F1,MAE
0.9460216153658705,0.6767015706806283,0.7502104624968274
