RMSE,NDCG,F1,MAE
0.09885226674568548,0.013031581522621294,0.03561692334926536,0.06850368538671991
