RMSE,NDCG,F1,MAE
0.08083521379472036,0.027357438924507926,0.0611039445990903,0.043488377656863975
