RMSE,NDCG,F1,MAE
0.9584213245590874,0.8992306510098391,0.666168782673637,0.761376660424966
