RMSE,NDCG,F1,MAE
1.0392565383538077,0.8718732120853312,0.7272727272727273,0.80486503808183
