RMSE,NDCG,F1,MAE
1.0526023824701727,0.884451976947018,0.6976744186046512,0.8230063449520465
