RMSE,NDCG,F1,MAE
0.9540496332518087,0.8960792514967381,0.6768558951965066,0.7532517807593524
