RMSE,F1,MAE
1.0480966894473427,0.7004608294930875,0.8174366058949758
