RMSE,NDCG,F1,MAE
0.09855274921836399,0.011627274549720013,0.020818523408144607,0.0697545641926941
