RMSE,F1,MAE
0.10077078799059946,0.01503883460817701,0.06921869481903675
