RMSE,NDCG,F1,MAE
0.08517340765878767,0.013709993268153364,0.03624612428490337,0.05712103119127854
