RMSE,F1,MAE
0.9448701529438636,0.6779882429784455,0.7500673100071454
