RMSE,F1,MAE
1.0310308841774256,0.7087378640776699,0.8046188591159958
