RMSE,NDCG,F1,MAE
0.9502700334378676,0.8982132943448911,0.6696362286562731,0.7530841770302389
