RMSE,NDCG,F1,MAE
1.0354434410966553,0.8845033010767377,0.7058823529411765,0.8102052082215174
