RMSE,NDCG,F1,MAE
0.10000940602526187,0.02421738519741612,0.028344877870944196,0.06900087273531086
