RMSE,NDCG,F1,MAE
1.0524329284545952,0.8769545439463128,0.7014218009478673,0.8238041944986916
