RMSE,NDCG,F1,MAE
0.9524235224293334,0.9011719291437289,0.6730769230769231,0.7548033217633807
