RMSE,NDCG,F1,MAE
0.9505817881687062,0.897628430813194,0.6564181398923905,0.7565481218758922
