RMSE,NDCG,F1,MAE
0.08807029128197286,0.021022610954513077,0.02034953687528629,0.06499159136073385
