RMSE,NDCG,F1,MAE
1.038652079450679,0.8766058198586809,0.6767676767676768,0.821539713236626
