RMSE,F1,MAE
1.0341053022945,0.68,0.8156150069354461
