RMSE,NDCG,F1,MAE
1.0664708275805823,0.7977802771946053,0.5447852760736196,0.8422202106514619
