RMSE,NDCG,F1,MAE
0.1306100907711285,0.0150347608902629,0.09155734458481857,0.12111357787154897
