RMSE,NDCG,F1,MAE
1.1970809183517108,0.7827455163043424,0.45322793148880103,0.9633337885230109
