RMSE,NDCG,F1,MAE
1.2166815840532654,0.763012956119066,0.47368421052631576,0.978430578337947
