RMSE,NDCG,F1,MAE
1.0753085601177457,0.7940876239985014,0.562894887995405,0.8526078827492962
