RMSE,NDCG,F1,MAE
0.14137302393551976,0.031074667879435358,0.08921067746908923,0.12582269558865078
