RMSE,NDCG,F1,MAE
1.0686630290062267,0.7974558666535067,0.5613405146618791,0.8470574421305643
