RMSE,NDCG,F1,MAE
1.189706375522994,0.775583593034851,0.4714828897338403,0.9555904272673388
