RMSE,NDCG,F1,MAE
0.12104334651676729,0.021872273618655624,0.08985762492803878,0.10853298513677445
