RMSE,NDCG,F1,MAE
1.1949270681667676,0.7789338503136077,0.4779874213836478,0.9602605602812645
