RMSE,NDCG,F1,MAE
1.0653261370344622,0.7948550397193707,0.5591909577632361,0.8415045595093411
