RMSE,NDCG,F1,MAE
0.12960093113230542,0.015921189405762926,0.08120353637958833,0.11875600077192339
