RMSE,NDCG,F1,MAE
1.0675854152063973,0.7953765527534221,0.5755813953488372,0.8422011565134241
