RMSE,NDCG,F1,MAE
1.1942099555348435,0.7763388988306561,0.48588957055214727,0.9557271776855543
