RMSE,NDCG,F1,MAE
0.12662454032844628,0.019037653922766018,0.08969182479668997,0.11352602117213018
