RMSE,NDCG,F1,MAE
0.1315131529973379,0.017705886973327534,0.07829932092966813,0.11872208530890305
