RMSE,NDCG,F1,MAE
1.0671076242632216,0.7957181491029587,0.5494901019796041,0.8434595723482625
