RMSE,NDCG,F1,MAE
1.1986207772605595,0.7780122621296311,0.471190781049936,0.9621816576571656
