RMSE,NDCG,F1,MAE
1.0690274214874977,0.7960039754219854,0.5613405146618791,0.8473068142055432
