RMSE,NDCG,F1,MAE
1.190080876387966,0.7724683608774997,0.47341772151898737,0.9560073612478922
