RMSE,NDCG,F1,MAE
0.12105345490046826,0.023535614544485717,0.0879227931428917,0.108700547042349
