RMSE,NDCG,F1,MAE
0.1156455834278578,0.02095846412439617,0.08193132227397626,0.10463110943732512
