RMSE,NDCG,F1,MAE
1.1844354932697492,0.7726322405825181,0.45586297760210803,0.953816474840724
