RMSE,NDCG,F1,MAE
1.0687899098418914,0.7935907047069143,0.5377942998760843,0.8491853654033988
