RMSE,F1,MAE
0.8998308591603105,0.6801377726750861,0.702114303954703
