RMSE,F1,MAE
0.0025605847596038567,0.06242040881508171,0.0032544230089011084
