RMSE,F1,MAE
0.9023914439199143,0.7425581814901678,0.7053687269636041
