RMSE,F1,MAE
0.8703010972111794,0.7628284253218127,0.6776910245560366
