RMSE,NDCG,F1,MAE
0.0022483387716090153,0.002151274949263593,0.06377529054384579,0.0023773468837565703
