RMSE,F1,MAE
0.8644819042525808,0.7001124859392576,0.6756042454266007
