RMSE,NDCG,F1,MAE
0.899114792100017,0.8853173940421452,0.6781362007168459,0.7021983137457329
