RMSE,NDCG,F1,MAE
0.005235004669035259,0.002270200574644554,0.06475951415032943,0.0012065625596131557
