RMSE,NDCG,F1,MAE
0.901363130871626,0.8874686689914087,0.7419114912606917,0.7045756606294895
