RMSE,NDCG,F1,MAE
0.8693997695238943,0.9005811807186759,0.7625102170556716,0.6771066282658318
