RMSE,NDCG,F1,MAE
0.864164764854859,0.8983109801440313,0.6977507029053421,0.6759000657062186
