RMSE,F1,MAE
0.8683593790872433,0.7615817191823618,0.678123366433951
