RMSE,NDCG,F1,MAE
0.8674727537754817,0.9001709662692471,0.7608455882352941,0.6777227429909373
