RMSE,NDCG,F1,MAE
0.8530741750958021,0.9016660358934431,0.7011413929652923,0.6658611732409792
