RMSE,NDCG,F1,MAE
0.014398578679679641,0.0014950696241959882,0.059704195270001814,0.011861569749958112
