RMSE,F1,MAE
0.853162242280078,0.7033803447503918,0.6657225196101237
