RMSE,NDCG,F1,MAE
0.01415289049865276,0.000689111428633038,0.05672898550437844,0.01201283171488099
