RMSE,NDCG,F1,MAE
0.8741924273089682,0.894406113782494,0.6912114014251781,0.6817628377917377
