RMSE,NDCG,F1,MAE
0.8883453178076209,0.893717002353861,0.7479403869295566,0.6937756695066187
