RMSE,NDCG,F1,MAE
0.9056070848020927,0.8957909934944461,0.6919018123422803,0.7074525952440069
