RMSE,NDCG,F1,MAE
0.0024162695099061438,0.0032137388863915373,0.07562521939821498,0.006044155869787349
