RMSE,F1,MAE
0.9069297670583965,0.6944444444444444,0.707943294820502
