RMSE,NDCG,F1,MAE
0.9031908152921866,0.8925772546080546,0.7675270317404953,0.7014084393742196
