RMSE,F1,MAE
0.904074779228946,0.768188362835606,0.701978713449604
