RMSE,NDCG,F1,MAE
111.02712679957212,144.88252086051816,153.21057447225672,113.69347431860024
