RMSE,NDCG,F1,MAE
109.62984137152954,139.46034122608972,145.69329181303596,112.14650814968525
