RMSE,NDCG,F1,MAE
109.44659353902138,146.57556964305365,139.47636363636363,112.78297040146332
