RMSE,NDCG,F1,MAE
111.06040691860954,136.03663372960935,152.36450839328538,114.63707341263489
