RMSE,NDCG,F1,MAE
109.05905395953002,146.95910772114237,136.6900109660054,113.17907640184242
