RMSE,NDCG,F1,MAE
111.49953211571697,144.15114011710878,159.14235612944364,114.82644336247718
