RMSE,NDCG,F1,MAE
109.40744961458857,146.97235893463846,139.05316824471961,112.73700557159879
