RMSE,NDCG,F1,MAE
108.81262557336338,138.463145609801,156.15688487584652,111.93056142066669
