RMSE,NDCG,F1,MAE
1.0864506254961825,0.8083121643609088,0.5559883154819864,0.874052399234444
