RMSE,NDCG,F1,MAE
1.0701229465044901,0.7720062946302512,0.5855421686746988,0.8556920676389616
