RMSE,NDCG,F1,MAE
0.016327678991692407,0.036305869730657636,0.02955385319271242,0.01836033159548245
