RMSE,NDCG,F1,MAE
1.0962187262826577,0.7896723626234489,0.6062717770034843,0.8773121013747873
