RMSE,NDCG,F1,MAE
0.0016426081292166828,0.017704296120615526,0.0328452035769109,0.002076058443320705
