RMSE,NDCG,F1,MAE
1.0978613344118744,0.8073766587440644,0.5734265734265734,0.879388159818108
