RMSE,NDCG,F1,MAE
0.008171527784459176,0.03505688498128767,0.018128971549547068,0.01355739039093029
