RMSE,NDCG,F1,MAE
1.0815017696867482,0.770638327227533,0.6091015169194866,0.8594339090049624
