RMSE,NDCG,F1,MAE
1.0896732974712073,0.8056952122088207,0.5909725453699395,0.8729912993958927
