RMSE,NDCG,F1,MAE
0.009232302753793498,0.03763897727775267,0.013965650442740785,0.010697725849685424
