RMSE,NDCG,F1,MAE
1.0733638183464185,0.7724304469139638,0.596244131455399,0.8555692602669265
