RMSE,NDCG,F1,MAE
1.082596121100212,0.8100694241917165,0.5822784810126582,0.8662669861166119
