RMSE,NDCG,F1,MAE
1.0955346026352621,0.804092779467099,0.6086167800453515,0.8741799624087481
