RMSE,NDCG,F1,MAE
1.0910694633643956,0.7704743122805087,0.6255707762557078,0.8653564177622202
