RMSE,NDCG,F1,MAE
0.004465139270866558,0.03361846718659034,0.016953996210356315,0.008823544646527903
