RMSE,NDCG,F1,MAE
0.012436134157719492,0.028525233235877523,0.012812508302558534,0.01430887129085523
