RMSE,NDCG,F1,MAE
1.082348051875273,0.8083144575602003,0.5808270676691729,0.8670134019526272
