RMSE,NDCG,F1,MAE
1.0699119177175536,0.7797892243243227,0.5936395759717314,0.852704530661772
