RMSE,NDCG,F1,MAE
0.008216124141528836,0.03794686491193611,0.01774865778420065,0.013776259009710357
