RMSE,NDCG,F1,MAE
1.0817045880208893,0.7685646979095945,0.6091015169194866,0.859420110099467
