RMSE,NDCG,F1,MAE
1.0899207121624181,0.8065115628215306,0.5913528591352859,0.8731963691091773
