RMSE,NDCG,F1,MAE
0.001640830942512883,0.02660777828520866,0.031244535998434464,0.004179692061330731
