RMSE,NDCG,F1,MAE
1.0831215540230903,0.7734750269321796,0.592326139088729,0.8650121408784728
