RMSE,NDCG,F1,MAE
1.0814807230805774,0.8000828052173883,0.5610816030902945,0.8691918329398035
