RMSE,NDCG,F1,MAE
0.8362938193975119,0.9074141630049247,0.7131874630396215,0.6581893419108408
