RMSE,NDCG,F1,MAE
0.8577493058067754,0.9104391802620933,0.7486655836621026,0.6829759240093699
