RMSE,NDCG,F1,MAE
0.021455486409263536,0.0030250172571685274,0.03547812062248101,0.02478658209852913
