RMSE,NDCG,F1,MAE
0.8491612996496489,0.9105701958372961,0.7191392978482446,0.6611587859240914
