RMSE,NDCG,F1,MAE
0.015569792368893776,0.0020735411337158283,0.03760520453216798,0.020122096522657063
