RMSE,NDCG,F1,MAE
0.8647310920185427,0.9084966547035803,0.7567445023804126,0.6812808824467484
