RMSE,NDCG,F1,MAE
0.023317854894055245,0.007629416876267947,0.0340656968631714,0.028595666358392058
