RMSE,NDCG,F1,MAE
0.8453066226352057,0.9189537345658627,0.7708473060585737,0.6622038879028338
