RMSE,NDCG,F1,MAE
0.8219887677411505,0.9113243176895948,0.7367816091954023,0.6336082215444417
