RMSE,NDCG,F1,MAE
0.8501607690986328,0.9118326245433237,0.7649059170256177,0.6702421842212334
