RMSE,NDCG,F1,MAE
0.8311567477489985,0.9124118078984849,0.7283170591614015,0.6463524280949648
