RMSE,NDCG,F1,MAE
0.019004021349634304,0.0005791833551611614,0.03658885786421617,0.023889756126268535
