RMSE,NDCG,F1,MAE
0.8250292801827256,0.9122191116268954,0.7433333333333333,0.6313987439413992
