RMSE,NDCG,F1,MAE
0.020953679348996168,0.00625721757388531,0.03371152154793322,0.027984909394000668
