RMSE,NDCG,F1,MAE
0.8459829595317218,0.9184763292007807,0.7770448548812665,0.6593836533353998
