RMSE,NDCG,F1,MAE
0.8510206890515123,0.9115950601259599,0.7636612021857924,0.6692446048441724
