RMSE,NDCG,F1,MAE
0.8316823638421711,0.9086217963636115,0.7300859598853868,0.6443273329756636
