RMSE,NDCG,F1,MAE
0.0193383252093412,0.0029732637623484104,0.03357524230040554,0.024917271868508784
