RMSE,NDCG,F1,MAE
0.023312953702651185,0.007629416876267947,0.03316783139394708,0.02859150150703016
