RMSE,NDCG,F1,MAE
0.821996864308389,0.9113243176895948,0.7375071797817346,0.6335956366998934
