RMSE,NDCG,F1,MAE
0.8453098180110402,0.9189537345658627,0.7706750111756817,0.6621871382069235
