RMSE,NDCG,F1,MAE
0.8281733675067161,0.9145602094055075,0.7212336892052195,0.6431712411856638
