RMSE,NDCG,F1,MAE
0.8574039098058492,0.9168958340826082,0.7505231341548477,0.6750085396658245
