RMSE,NDCG,F1,MAE
0.029230542299133133,0.0023356246771006894,0.029289444949628263,0.0318372984801607
