RMSE,NDCG,F1,MAE
0.9313347860735773,0.8858034884936696,0.7021032504780115,0.7329007635247379
