RMSE,NDCG,F1,MAE
0.031018087163047436,0.013902804526601642,0.013099814051894643,0.020246897072827785
