RMSE,NDCG,F1,MAE
0.9623528732366248,0.871900683967068,0.6890034364261168,0.7531476605975657
