RMSE,NDCG,F1,MAE
1.023892088715374,0.8621347456653071,0.6786018755328218,0.7930986637733477
