RMSE,NDCG,F1,MAE
0.037438120935067154,0.01478695623704751,0.00395672597691199,0.014057559747763015
