RMSE,NDCG,F1,MAE
0.9864539677803068,0.8769217019023546,0.6825586015097338,0.7790411040255847
