RMSE,NDCG,F1,MAE
0.005279063964224395,0.042066438590361854,0.02971128473881124,0.01814395773477162
