RMSE,NDCG,F1,MAE
1.051806341310226,0.8518639189201236,0.683684794672586,0.813696524277749
