RMSE,NDCG,F1,MAE
1.0570854052744505,0.8097974803297617,0.6539735099337748,0.8318404820125206
