RMSE,NDCG,F1,MAE
0.9188883646735069,0.8936619151842485,0.7132437619961612,0.7252473922964859
