RMSE,NDCG,F1,MAE
0.030387824571824873,0.017684746160308462,0.011188967475613265,0.013300077979408798
