RMSE,NDCG,F1,MAE
0.9492761892453317,0.8759771690239401,0.702054794520548,0.7385474702758947
