RMSE,NDCG,F1,MAE
109.5169617314972,138.7345234796544,143.88618635042167,113.07059564204576
