RMSE,NDCG,F1,MAE
110.0763703112623,146.8621642370157,148.7303897784247,113.64643332548545
