RMSE,NDCG,F1,MAE
109.35722293716093,144.8085944298159,151.79952012796588,113.11029022161459
