RMSE,NDCG,F1,MAE
110.84033838200553,149.76415115351904,147.55631368129275,115.10509024345473
