RMSE,NDCG,F1,MAE
109.57724547877223,146.67747091072596,142.17207334273624,114.01473977728138
