RMSE,NDCG,F1,MAE
110.29614664187737,149.64429124266672,152.68267086448907,114.39917598530653
