RMSE,NDCG,F1,MAE
109.27840378720273,143.20544424670513,149.0177843041279,113.02285340330423
