RMSE,NDCG,F1,MAE
109.22384298249197,149.89978452033023,159.61168164313221,112.66046487268191
