RMSE,NDCG,F1,MAE
0.9302817351044738,0.8883060015997356,0.7033218785796106,0.7316732445938102
