RMSE,NDCG,F1,MAE
0.0327762413069681,0.01958551587698465,0.0072942447281425515,0.022384070685404822
