RMSE,NDCG,F1,MAE
0.9630579764114419,0.868720485722751,0.696027633851468,0.754057315279215
