RMSE,NDCG,F1,MAE
1.022162950665024,0.8582519658732035,0.676678445229682,0.8058894375998227
