RMSE,NDCG,F1,MAE
0.9946105833570135,0.8733803070821032,0.6976559396106476,0.7771299307612755
