RMSE,NDCG,F1,MAE
0.027552367308010584,0.01512834120889972,0.020977494380965633,0.028759506838547222
