RMSE,NDCG,F1,MAE
0.007540258391099952,0.038778777374717466,0.008346593587930218,0.006738280296881172
