RMSE,NDCG,F1,MAE
1.057691479550985,0.8455230073469899,0.6733630952380952,0.82328461017207
