RMSE,NDCG,F1,MAE
1.065231737942085,0.8067442299722725,0.665016501650165,0.8300228904689512
