RMSE,NDCG,F1,MAE
0.9189218709077893,0.8943334114346915,0.7156033820138356,0.7250172296697606
