RMSE,NDCG,F1,MAE
0.9485780972218618,0.8746532867823589,0.6982758620689655,0.7383977183466736
