RMSE,NDCG,F1,MAE
0.029656226314072498,0.019680124652332598,0.01732751994487003,0.013380488676912994
