RMSE,NDCG,F1,MAE
0.08410650136349263,0.025925032066403286,0.008396539133750935,0.08061693088425304
