RMSE,NDCG,F1,MAE
0.9369889958666741,0.8837110932923329,0.7193407658749394,0.7442008309934837
