RMSE,NDCG,F1,MAE
0.8595371523540587,0.8591657182479521,0.6980802792321117,0.6708977267862494
