RMSE,NDCG,F1,MAE
0.07745184351261536,0.024545375044380813,0.02126048664282776,0.0733031042072343
