RMSE,NDCG,F1,MAE
0.08384196336147276,0.028092245319978892,0.004880315668682189,0.0756144522425446
