RMSE,NDCG,F1,MAE
0.9175851739633505,0.8951761972487603,0.7183794466403162,0.7274110540000238
