RMSE,NDCG,F1,MAE
0.08556193148086122,0.02336729373648294,0.006767655515814597,0.07567343012564343
