RMSE,NDCG,F1,MAE
0.8324800234659544,0.8709591073661525,0.7244897959183674,0.6534010227850224
