RMSE,NDCG,F1,MAE
0.8344699952768618,0.8714930270639683,0.73,0.6513251012350516
