RMSE,NDCG,F1,MAE
0.9150989947315185,0.8955952394875291,0.7414772727272727,0.7200522195234291
