RMSE,NDCG,F1,MAE
0.9175742115650235,0.8950315730674488,0.7186574531095755,0.7273064340312185
