RMSE,NDCG,F1,MAE
96.71861812438507,102.89672530230125,82.35006129616212,98.7443277031403
