RMSE,NDCG,F1,MAE
96.55244125498712,103.48912799658623,83.88837571102144,97.3834243479113
