RMSE,NDCG,F1,MAE
96.93800758200342,103.08684734476881,83.99609527915284,98.52586459632974
