RMSE,NDCG,F1,MAE
96.67486019919885,105.28617719413805,85.23860672088384,98.47852507079914
