RMSE,NDCG,F1,MAE
96.67709348473868,103.39215065677365,86.36993736951983,98.0373929906102
