RMSE,NDCG,F1,MAE
96.94517461241848,104.79367663667915,85.51492693205452,98.69763163281438
