RMSE,NDCG,F1,MAE
96.94339535436072,103.09995519507018,84.11202314216965,98.52842192044349
