RMSE,NDCG,F1,MAE
96.12592683842679,102.34647103286892,82.68978274205855,98.11885099358172
