RMSE,NDCG,F1,MAE
92.77239163238696,101.24640897586194,98.85436567424439,92.77976587100991
