RMSE,NDCG,F1,MAE
91.96051138627631,99.60649280202819,98.62651116262852,91.66195598496343
