RMSE,NDCG,F1,MAE
95.20691693265306,102.68906511283804,106.72891178364456,96.30593079123891
