RMSE,NDCG,F1,MAE
93.15332037484902,100.39914177453149,98.42935044099008,92.39400317313941
