RMSE,NDCG,F1,MAE
87.173081205261,96.94096899330113,96.68298503235908,87.70322403846455
