RMSE,NDCG,F1,MAE
86.35299346124522,96.2980993470396,94.32666184616032,86.17670657695612
