RMSE,NDCG,F1,MAE
91.09499298506051,96.9256691393874,97.76433116028333,89.89068155490467
