RMSE,NDCG,F1,MAE
86.48813257123307,96.48703177290298,96.87565484495828,87.35714806665241
