RMSE,NDCG,F1,MAE
94.40294399574796,100.26133164804571,108.50097181729834,95.21179495990776
