RMSE,NDCG,F1,MAE
95.66883293979281,100.19792733557263,112.05154751525718,95.50820175491756
