RMSE,NDCG,F1,MAE
97.43724621086353,99.33126118875478,123.18958500611959,100.5177328723944
