RMSE,NDCG,F1,MAE
96.65714972080845,101.99851854920558,111.73746474944994,96.977900855289
