RMSE,NDCG,F1,MAE
92.43466794977942,106.50420058285552,88.60650534221371,92.53636435082572
