RMSE,NDCG,F1,MAE
93.2042855915344,107.26613569662413,90.29888698987035,92.9985217832361
