RMSE,NDCG,F1,MAE
92.01745661322286,104.91165198769987,87.95257500293471,91.9016327456373
