RMSE,NDCG,F1,MAE
92.49285988911349,106.42889605378818,87.97158812345295,92.24387122497288
