RMSE,NDCG,F1,MAE
92.15273795366785,105.0209124467823,89.57888603506974,92.24600786291444
