RMSE,NDCG,F1,MAE
92.2009844770089,106.8705115300478,89.46332492027157,92.2744766221233
