RMSE,NDCG,F1,MAE
92.00807543425334,104.90793556292144,87.72931326081054,91.8910176981874
