RMSE,NDCG,F1,MAE
92.70983081866129,105.28296626268244,85.63421618178464,93.0080579271756
