RMSE,NDCG,F1,MAE
89.58297148247327,98.66942416539023,94.25026900764439,90.24211742431739
