RMSE,NDCG,F1,MAE
85.14519294370179,99.05537054448143,95.07192678566467,84.39287066102112
