RMSE,NDCG,F1,MAE
87.68684752466253,100.96508263974684,105.6258689294789,89.69278660823048
