RMSE,NDCG,F1,MAE
90.94676306206664,98.57990504020643,96.70144861063332,91.72975898908899
