RMSE,NDCG,F1,MAE
1.1898724133571406,0.724654176158848,0.5714285714285714,0.9339490366634718
