RMSE,NDCG,F1,MAE
1.104047268224778,0.7944362843408839,0.5136921624173749,0.8749056098299334
