RMSE,NDCG,F1,MAE
0.08582514513236261,0.0697821081820359,0.05773640901119648,0.05904342683353847
