RMSE,NDCG,F1,MAE
1.1126065497124542,0.8034810232511138,0.5251865671641791,0.8837968360007877
