RMSE,NDCG,F1,MAE
0.10174524639508253,0.11973421926161343,0.05417851220090031,0.07494430106476524
