RMSE,NDCG,F1,MAE
1.2143517961075367,0.6837468039895004,0.5793650793650794,0.958741137065553
