RMSE,NDCG,F1,MAE
0.10190557550122015,0.1066217997542569,0.06070635878665154,0.08014737378605352
