RMSE,NDCG,F1,MAE
1.1000448726305916,0.7991520738939838,0.5130641330166271,0.8750515676691581
