RMSE,NDCG,F1,MAE
1.2019504481318117,0.6925302741397269,0.5737704918032787,0.9551989414552117
