RMSE,NDCG,F1,MAE
1.1944735914036404,0.71699496221241,0.570281124497992,0.9355057908524977
