RMSE,NDCG,F1,MAE
0.09231560180797471,0.07692939318347503,0.03980183180371555,0.06286270789466586
