RMSE,NDCG,F1,MAE
1.1021579895956657,0.793924355395885,0.5304792926942764,0.8726430829578319
