RMSE,NDCG,F1,MAE
1.208617627079209,0.68945332200492,0.5816733067729084,0.9594227894545361
