RMSE,NDCG,F1,MAE
0.10441843860646927,0.10780956293707145,0.050740712128402365,0.08455087848223464
