RMSE,NDCG,F1,MAE
1.1041991884727398,0.7972628849419915,0.530932594644506,0.8748719109723014
