RMSE,NDCG,F1,MAE
1.1022150655542156,0.7967811363624505,0.5139348134152102,0.8743739197054025
