RMSE,NDCG,F1,MAE
0.08321600847314015,0.0888042858005389,0.05286680601798821,0.06133823935583105
