RMSE,NDCG,F1,MAE
1.1854310740273557,0.7079768505619116,0.5668016194331984,0.9357121590612335
