RMSE,NDCG,F1,MAE
1.1004445520354627,0.7991080508302111,0.5132827324478179,0.8753761139488033
