RMSE,NDCG,F1,MAE
0.10198704367349243,0.10657777669048418,0.0604877593554608,0.07988059878890996
