RMSE,NDCG,F1,MAE
1.202431595708955,0.6925302741397269,0.5737704918032787,0.9552567127377133
