RMSE,NDCG,F1,MAE
1.1956056756107099,0.6721579542936598,0.5569620253164557,0.9516652049123233
