RMSE,NDCG,F1,MAE
1.0972287004091144,0.7979332554042814,0.49483521888834237,0.8761473413822838
