RMSE,NDCG,F1,MAE
0.0983769752015955,0.12577530111062163,0.0621268064281133,0.07551786353003953
