RMSE,F1,MAE
0.09131895263222856,0.02078688196770484,0.07790174619968104
