RMSE,NDCG,F1,MAE
0.9271712175825488,0.8987744722128891,0.6903485254691689,0.732241628718262
