RMSE,F1,MAE
1.017617874076562,0.7219917012448133,0.8100562431834258
