RMSE,F1,MAE
0.9262989214443335,0.7012048192771084,0.7321544969837448
