RMSE,NDCG,F1,MAE
1.019045653485561,0.8454593350963986,0.7219917012448133,0.8112758061469074
