RMSE,NDCG,F1,MAE
0.09187443590301214,0.053315137116490496,0.03164317577564435,0.07903417742864538
