RMSE,NDCG,F1,MAE
0.9461098030295041,0.8883104294048171,0.663923182441701,0.7446751916798001
