RMSE,NDCG,F1,MAE
0.08220472703085813,0.062175000461151986,0.05159405893760938,0.07354257315718193
