RMSE,NDCG,F1,MAE
1.0283145300603622,0.8261354289436651,0.7155172413793104,0.818217764836982
