RMSE,NDCG,F1,MAE
1.0320908021016288,0.8379392940959748,0.7105263157894737,0.8214860255370436
