RMSE,F1,MAE
0.11159764836961805,0.032022828154724126,0.09537154318810193
