RMSE,F1,MAE
0.9189152436390907,0.6785034876347495,0.7245629164065122
