RMSE,F1,MAE
1.0305128920087088,0.7105263157894737,0.8199344595946141
