RMSE,NDCG,F1,MAE
0.11296979990036615,0.06573978130399005,0.042450205852898604,0.09750710890477365
