RMSE,NDCG,F1,MAE
0.9191210022012627,0.9036790753999648,0.6680761099365751,0.72397891663227
