RMSE,NDCG,F1,MAE
1.026929619647079,0.8436752641468274,0.711864406779661,0.8116341538274928
