RMSE,F1,MAE
0.09490593578603557,0.022209234365867858,0.074705068133056
