RMSE,NDCG,F1,MAE
0.9312023936017833,0.9019677558352013,0.6767123287671233,0.735640828490387
