RMSE,NDCG,F1,MAE
0.09572722604529571,0.058292491688373915,0.035152078012537724,0.07599332533710579
