RMSE,NDCG,F1,MAE
0.10682894413697008,0.06604483781133763,0.03495115995115994,0.09213008824989777
