RMSE,NDCG,F1,MAE
1.0316692474507527,0.8383526355409437,0.7094017094017094,0.8159142440849011
