RMSE,NDCG,F1,MAE
0.9248403033137826,0.9043974733522814,0.6744505494505495,0.7237841558350033
