RMSE,F1,MAE
0.9236912670407371,0.6847624922887107,0.7238972823543015
