RMSE,F1,MAE
0.9279668921161759,0.6914181375532562,0.7294448280401549
