RMSE,NDCG,F1,MAE
0.9296793181672539,0.900066037203912,0.679322033898305,0.730344466626089
