RMSE,NDCG,F1,MAE
1.019912277532431,0.8320157532697005,0.7142857142857143,0.8052049016604551
