RMSE,NDCG,F1,MAE
0.09023295936517706,0.06805028393421153,0.03496368038740927,0.07486043503436612
