RMSE,NDCG,F1,MAE
1.0321335307368429,0.8379392940959748,0.7074235807860262,0.8212749190465528
