RMSE,F1,MAE
1.0305534967302046,0.7074235807860262,0.8197186215410663
