RMSE,NDCG,F1,MAE
0.9194049887051525,0.9044021144706521,0.6680761099365751,0.7242427931888628
