RMSE,NDCG,F1,MAE
0.11272854203169036,0.06646282037467732,0.039347470849451116,0.09703212585769005
