RMSE,F1,MAE
0.9204992309370231,0.6692708333333334,0.7280024614889137
