RMSE,NDCG,F1,MAE
1.0273534393581938,0.8459243090270201,0.7247706422018348,0.8215712762585013
