RMSE,NDCG,F1,MAE
0.10702607396649311,0.05929796748079019,0.06535035234676234,0.09465272683023407
