RMSE,NDCG,F1,MAE
0.9203273653917007,0.9052222765078103,0.6594202898550725,0.7269185494282673
