RMSE,NDCG,F1,MAE
0.005572176528029438,0.013031793460238639,0.04873490137834757,0.005073895765737246
