RMSE,NDCG,F1,MAE
1.1067105047838692,0.7995493639998851,0.6399098083427283,0.8732222025113698
