RMSE,NDCG,F1,MAE
1.1011383282558398,0.8125811574601237,0.5911749069643807,0.8681483067456326
