RMSE,NDCG,F1,MAE
1.1137468018443688,0.8294176375276273,0.5802337938363443,0.8747228320677137
