RMSE,NDCG,F1,MAE
0.0036960349378531987,0.02278197330982845,0.06196390938365115,0.0069070436209739405
