RMSE,NDCG,F1,MAE
1.117442836782222,0.8066356642177989,0.6421977032199955,0.8816298756886877
