RMSE,NDCG,F1,MAE
0.008748730341429756,0.010055920158838494,0.045229053289103094,0.016602647884867205
