RMSE,NDCG,F1,MAE
1.110496767696202,0.7988052909224697,0.6397668684151535,0.8761132343433117
