RMSE,NDCG,F1,MAE
1.1017480373547723,0.8088612110813082,0.5945378151260504,0.8595105864584445
