RMSE,NDCG,F1,MAE
1.1002341350662674,0.8048421339767479,0.5904761904761905,0.8630150332914779
