RMSE,NDCG,F1,MAE
1.1071442561749436,0.8017323881753293,0.6425033768572715,0.8721508253111578
