RMSE,NDCG,F1,MAE
0.0069101211086761705,0.0031097458014185397,0.05202718638108106,0.009135792019679956
