RMSE,NDCG,F1,MAE
1.1107698883873618,0.8086726537130131,0.6,0.8635806240315177
