RMSE,NDCG,F1,MAE
1.119018690033741,0.7972012270001352,0.6475644699140402,0.8805470803384658
