RMSE,NDCG,F1,MAE
0.008248801646379311,0.01147142671287793,0.047564469914040175,0.016966456306948152
