RMSE,NDCG,F1,MAE
1.1089723270387148,0.8039646343257808,0.6379037723063022,0.8738823036322996
