RMSE,NDCG,F1,MAE
1.1054008929230266,0.8058189163413204,0.5854177754124534,0.8668965788813744
