RMSE,NDCG,F1,MAE
0.0035714341156882767,0.00185428201553961,0.05248599689384881,0.006985724750925182
