RMSE,NDCG,F1,MAE
0.008832060306396716,0.008583340302925069,0.045229053289103094,0.016702925680646574
