RMSE,NDCG,F1,MAE
1.1106341470424115,0.7987338916632404,0.6397668684151535,0.8762098698210041
