RMSE,NDCG,F1,MAE
1.1018020867360148,0.8073172319661654,0.5945378151260504,0.8595069441403576
