RMSE,NDCG,F1,MAE
1.0957531572059538,0.8131858839791567,0.5781164942841589,0.8606011770701075
