RMSE,NDCG,F1,MAE
0.004640310801245384,0.009923040449219656,0.052077411533015594,0.013857812764520028
