RMSE,NDCG,F1,MAE
1.1003934680071992,0.803262843529937,0.6301939058171745,0.8744589898346276
