RMSE,NDCG,F1,MAE
102.48365608648717,98.09370425624162,96.35232168501676,102.04740717575562
