RMSE,NDCG,F1,MAE
102.03398876789589,96.08910189463745,95.89139598313912,102.61643530953688
