RMSE,NDCG,F1,MAE
102.57677440378015,98.28151237802552,95.69796515124875,102.58251077474958
