RMSE,NDCG,F1,MAE
102.42206650258754,98.06122744596449,96.34053265133966,102.20594516530358
