RMSE,NDCG,F1,MAE
102.47007139487765,98.49936036786457,96.1752624746262,102.65569041644001
