RMSE,NDCG,F1,MAE
102.50522542148694,97.51320620159817,96.73646200054426,102.39809795589193
