RMSE,NDCG,F1,MAE
102.57839996245688,98.25694087329542,95.74492195456143,102.58499738822975
