RMSE,NDCG,F1,MAE
102.46470720058298,97.53126646911778,93.89647035220435,102.7171078584011
