RMSE,NDCG,F1,MAE
0.04988283949079997,0.0012986216501438275,0.0018274452739596159,0.04198243222226172
