RMSE,NDCG,F1,MAE
0.8436702757764234,0.8999126877028331,0.7530182115817475,0.6581719084133625
