RMSE,NDCG,F1,MAE
0.8935531152672234,0.8986140660526892,0.7548456568557071,0.7001543406356242
