RMSE,NDCG,F1,MAE
0.8698541811312426,0.8896341354447302,0.7437395659432388,0.6800461897015615
