RMSE,NDCG,F1,MAE
0.9173438744345733,0.8875789413777057,0.734753588735485,0.723214144534528
