RMSE,NDCG,F1,MAE
0.04748969330333075,0.0020551940670245905,0.008985977207753737,0.04316795483296654
