RMSE,NDCG,F1,MAE
0.048491488998762655,0.0049271652577891345,0.0009445552989709727,0.04126225285438867
