RMSE,NDCG,F1,MAE
0.8456211405009881,0.9040388846212856,0.7532733224222586,0.6564932826246179
