RMSE,NDCG,F1,MAE
0.8941126294997508,0.8991117193634964,0.7523287671232877,0.6977555354790066
