RMSE,NDCG,F1,MAE
0.04870636263137018,0.001267360053903821,0.009680701058809027,0.0437780829676887
