RMSE,NDCG,F1,MAE
0.8581530630223765,0.8928018294106437,0.7496388028895768,0.6692023632603521
