RMSE,NDCG,F1,MAE
0.9068594256537467,0.8940691894645475,0.7399581018307678,0.7129804462280408
