RMSE,NDCG,F1,MAE
0.0710168394572932,0.0007840551622434466,0.003676892394359088,0.06486269553783719
