RMSE,NDCG,F1,MAE
0.9469900773534404,0.8949561865144671,0.7512549766314697,0.7433023731384963
