RMSE,NDCG,F1,MAE
0.8759732378961472,0.8957402416767105,0.7549318690258288,0.6784396776006592
