RMSE,NDCG,F1,MAE
96.93554867325976,103.19905266261435,82.90727737237444,99.15593216645496
