RMSE,NDCG,F1,MAE
96.80967827649731,105.26661010647462,85.00109395511657,97.71732453433812
