RMSE,NDCG,F1,MAE
97.21041017906597,104.03592485421788,84.39867424242424,98.8433376224506
