RMSE,NDCG,F1,MAE
96.7669525077176,103.82187384032137,86.94919855057098,98.65802737837811
