RMSE,NDCG,F1,MAE
96.66829627160854,103.80520056304748,85.26107734794317,98.07265049664457
