RMSE,NDCG,F1,MAE
96.80061399924307,104.70946975681986,85.56550298487278,98.60292491697051
