RMSE,NDCG,F1,MAE
97.22225409045893,104.02393467311461,84.52666383157916,98.85321277452587
