RMSE,NDCG,F1,MAE
96.29363102468712,103.11937248644813,83.90199635297216,98.30893875947537
