RMSE,NDCG,F1,MAE
0.08552178307706726,0.00626587078168539,0.02670106248276083,0.07085583746976276
