RMSE,NDCG,F1,MAE
0.9362603131476199,0.8936042915105131,0.7456077015643803,0.7382406999374707
