RMSE,NDCG,F1,MAE
0.9122775752552127,0.9048735362139374,0.7627520759193357,0.7145120547441604
