RMSE,NDCG,F1,MAE
0.913504462783558,0.9050897155936736,0.7625377643504532,0.7132862019442574
