RMSE,NDCG,F1,MAE
0.9262514784657891,0.9033571043551798,0.7520095980803839,0.729327541212898
