RMSE,NDCG,F1,MAE
0.8291073240800421,0.9037039337188401,0.7382091592617909,0.6452258684194017
