RMSE,NDCG,F1,MAE
0.09714415438574708,0.0003468293636602615,0.013800438818593053,0.08410167279349634
