RMSE,NDCG,F1,MAE
0.8619297305552412,0.8950592857488914,0.7279659116393811,0.6683275731199879
