RMSE,NDCG,F1,MAE
1.0346524900218796,0.7787993223120537,0.57991513437058,0.822489831388285
