RMSE,NDCG,F1,MAE
1.1089026068515573,0.8031372510198833,0.5893371757925072,0.8784846931925843
