RMSE,NDCG,F1,MAE
0.07425011682967764,0.02433792870782958,0.009422041421927263,0.055994861804299245
