RMSE,NDCG,F1,MAE
0.06630838831505237,0.02357891734017481,0.00830480507977327,0.05542768617662297
