RMSE,NDCG,F1,MAE
1.0533092009639702,0.7851426911992376,0.6090425531914894,0.8312936905852967
