RMSE,NDCG,F1,MAE
1.1196175892790226,0.8087216085394124,0.6007377481117161,0.8867213767619196
