RMSE,NDCG,F1,MAE
0.07822554054329145,0.027315164473342368,0.004187985129659344,0.05702168881986991
