RMSE,NDCG,F1,MAE
1.1130609564553962,0.8030565679325579,0.6074488546948767,0.8802147097195112
