RMSE,NDCG,F1,MAE
1.0348354159121047,0.7757414034592155,0.6032608695652174,0.8231930208996413
