RMSE,NDCG,F1,MAE
1.036650755158066,0.7759084055769128,0.6035182679296346,0.8218271119559064
