RMSE,NDCG,F1,MAE
1.1099735049456514,0.7996339502104453,0.6063268892794376,0.877695118892738
