RMSE,NDCG,F1,MAE
0.07332274978758546,0.02372554463353249,0.0028086213498029755,0.05586800693683158
