RMSE,NDCG,F1,MAE
0.07489459108335428,0.02779814071094333,0.004464238122942277,0.05288934594874661
