RMSE,NDCG,F1,MAE
1.0528613092921308,0.7747667544269257,0.6162018592297477,0.8351521432926567
