RMSE,NDCG,F1,MAE
1.1277559003754851,0.802564895137869,0.62066609735269,0.8880414892414034
