RMSE,NDCG,F1,MAE
1.1119884383749237,0.8017246129311932,0.6088477006469663,0.8797091671151067
