RMSE,NDCG,F1,MAE
1.037530102423034,0.7675927650009597,0.6056527590847914,0.8230965217535208
