RMSE,NDCG,F1,MAE
0.07445833595188978,0.034131847930233494,0.0031949415621748134,0.056612645361585945
