RMSE,NDCG,F1,MAE
1.1131216668750674,0.8030724644805046,0.6073426573426574,0.8802498093881218
