RMSE,NDCG,F1,MAE
1.034923102501873,0.7757414034592155,0.6032608695652174,0.8232583549501264
