RMSE,NDCG,F1,MAE
0.07819856437319439,0.027331061021289127,0.004081787777439949,0.05699145443799536
