RMSE,NDCG,F1,MAE
0.08202077117026718,0.029088871528142768,0.0018592723192819571,0.06091284676181019
