RMSE,NDCG,F1,MAE
1.0254476441670455,0.7734548154803983,0.5882352941176471,0.8189222453342305
