RMSE,NDCG,F1,MAE
1.1074684153373127,0.8025436870085411,0.5863760217983651,0.8798350920960407
