RMSE,NDCG,F1,MAE
93.32873071766356,107.36014108470202,95.40207235167578,95.01337856126305
