RMSE,NDCG,F1,MAE
94.7396527596662,108.41359231135625,94.12163718507475,96.66641580494898
