RMSE,NDCG,F1,MAE
93.44412664661493,107.0826480899191,96.3221152457795,95.02180443026042
