RMSE,NDCG,F1,MAE
93.41185280367328,104.60021306581997,94.49896740756225,95.1986636986821
