RMSE,NDCG,F1,MAE
92.9324391156779,107.03181442864216,95.03203005736832,94.60276017416469
