RMSE,NDCG,F1,MAE
92.83034251172072,106.45553969937693,95.85096468017184,94.65330400830932
