RMSE,NDCG,F1,MAE
93.46308307307594,107.0112385117973,96.15800506283286,95.03876465004004
