RMSE,NDCG,F1,MAE
92.17113797841259,105.70548418176111,93.8777100736496,93.90042149850532
