RMSE,NDCG,F1,MAE
0.9324973479807368,0.8923660626118528,0.7201309328968903,0.7455073449334878
