RMSE,NDCG,F1,MAE
0.8281358719517894,0.8677576192287311,0.7190226876090751,0.6489217953019737
