RMSE,NDCG,F1,MAE
0.10436147602894741,0.024608443383121736,0.0011082452878152793,0.09658554963151411
