RMSE,F1,MAE
0.920087249355035,0.7248651299656694,0.7342127078046662
