RMSE,F1,MAE
0.8359807479915424,0.7164685908319185,0.6535957769204132
