RMSE,NDCG,F1,MAE
0.8495247727606811,0.8408807719170056,0.7001795332136446,0.6650023982906728
