RMSE,F1,MAE
0.9369889958666741,0.7193407658749394,0.7442008309934837
