RMSE,NDCG,F1,MAE
0.09890015997598045,0.03887987025524475,0.013410071550838398,0.08847242554775525
