RMSE,NDCG,F1,MAE
0.9484249327366615,0.8797606421722504,0.713589604764483,0.753474823838428
