RMSE,NDCG,F1,MAE
0.9301233383181122,0.891145300039021,0.713971397139714,0.7389874467119335
