RMSE,F1,MAE
0.9175851739633505,0.7183794466403162,0.7274110540000238
