RMSE,NDCG,F1,MAE
0.10492879913270292,0.017208400853478967,0.012032093261682086,0.09267123158278301
