RMSE,F1,MAE
0.08384196336147276,0.004880315668682189,0.0756144522425446
