RMSE,NDCG,F1,MAE
0.8251945391854093,0.8739368991855421,0.7260034904013961,0.6463162151291505
