RMSE,F1,MAE
0.8337432106018777,0.7232597623089984,0.6517966017574792
