RMSE,NDCG,F1,MAE
0.10612033368587326,0.025654984795239866,0.016501814205477472,0.09202239910721455
