RMSE,F1,MAE
0.9180419549468156,0.7177221404025528,0.7290744529106659
