RMSE,NDCG,F1,MAE
0.9303044493589049,0.8935477246815197,0.7107709130672498,0.7405642000849646
