RMSE,NDCG,F1,MAE
0.8241841156730316,0.8678927398862798,0.7272727272727273,0.64854180097775
