RMSE,NDCG,F1,MAE
0.9273670970701068,0.8910696890540596,0.7393364928909952,0.7309627903283022
