RMSE,NDCG,F1,MAE
0.8259085991201582,0.8715513523216813,0.7328767123287672,0.6459205682967482
