RMSE,NDCG,F1,MAE
0.10145849794994855,0.01951833673237824,0.006459780562228068,0.0850422220315541
