RMSE,F1,MAE
0.9150989947315185,0.7414772727272727,0.7200522195234291
