RMSE,F1,MAE
0.8344699952768618,0.73,0.6513251012350516
