RMSE,F1,MAE
0.08062899945465662,0.011477272727272725,0.06872711828837752
