RMSE,NDCG,F1,MAE
0.8258495286934893,0.8669026463998548,0.7192982456140351,0.6439175811618384
