RMSE,NDCG,F1,MAE
0.10315611919939172,0.02674374523977796,0.0009203336209375745,0.09403852856431338
