RMSE,F1,MAE
0.8340378809085741,0.7167235494880546,0.648889847638702
