RMSE,F1,MAE
0.9167511688620825,0.7248651299656694,0.727084194250405
