RMSE,F1,MAE
0.08271328795350841,0.008141580477614818,0.07819434661170299
