RMSE,NDCG,F1,MAE
0.929005647892881,0.8936463916396328,0.7202185792349727,0.7379561097261518
