RMSE,F1,MAE
0.08362228779261305,0.0024309822645741663,0.07526521524750529
