RMSE,F1,MAE
0.8339519237724105,0.7210884353741497,0.6520412187837132
