RMSE,NDCG,F1,MAE
0.9301224452785846,0.8910321758491886,0.7142857142857143,0.7388820301883472
