RMSE,NDCG,F1,MAE
0.825389784779342,0.8739368991855421,0.7237762237762237,0.6465506360622512
