RMSE,NDCG,F1,MAE
0.10473266049924257,0.01709527666364652,0.009490509490509447,0.09233139412609603
