RMSE,NDCG,F1,MAE
0.1152579829498448,0.021064939055308707,0.01836232657140935,0.10232922000612177
