RMSE,NDCG,F1,MAE
0.9412613544939631,0.890230744513129,0.6946175637393768,0.7503062456664503
