RMSE,NDCG,F1,MAE
0.8260033715441183,0.8691658054578203,0.7129798903107861,0.6479770256603286
