RMSE,F1,MAE
0.8347807856875035,0.7104795737122558,0.6538580347161591
