RMSE,F1,MAE
0.09356327427016953,0.009868575748915642,0.08407721116633793
