RMSE,F1,MAE
0.928344059957673,0.7006109979633401,0.737935245882497
