RMSE,NDCG,F1,MAE
1.075928198382513,0.8049793726449767,0.6143867924528302,0.8547864094113259
