RMSE,NDCG,F1,MAE
0.014535823149342209,0.027142215983031792,0.03922339376001982,0.010546024478739091
