RMSE,NDCG,F1,MAE
1.0613923752331709,0.7778371566619449,0.5751633986928104,0.8442403849325868
