RMSE,NDCG,F1,MAE
1.0704775368630606,0.7772051808525284,0.564935064935065,0.8576387090089626
