RMSE,NDCG,F1,MAE
1.0882883508673866,0.8040298939922669,0.6124121779859485,0.8643618840387924
