RMSE,NDCG,F1,MAE
0.017810814004326048,0.026824713139738443,0.047477113050883535,0.0067231750298298865
