RMSE,NDCG,F1,MAE
1.059843196202743,0.7941940821393186,0.5618729096989966,0.841919349780662
