RMSE,NDCG,F1,MAE
0.02944716753170562,0.017948807032256875,0.049470373883092944,0.022396098772158424
