RMSE,NDCG,F1,MAE
1.0892903637344487,0.8121428891715755,0.6113432835820896,0.8643154485528204
