RMSE,NDCG,F1,MAE
1.0584754842498958,0.7837710213699925,0.5857605177993528,0.8411618449302644
