RMSE,NDCG,F1,MAE
1.078096440571448,0.8130663125382606,0.6194895591647331,0.854129466761712
