RMSE,NDCG,F1,MAE
0.01962095632155214,0.02929529116826801,0.03372904136538035,0.012967621831447618
