RMSE,NDCG,F1,MAE
0.031077835200017168,0.019774965121509447,0.040114987221052,0.025865216448958006
