RMSE,NDCG,F1,MAE
1.0982278626684683,0.8117847491949538,0.6230457440648524,0.8692210380984146
