RMSE,NDCG,F1,MAE
1.0671500274684511,0.7920097840734444,0.5829307568438004,0.8433558216494565
