RMSE,NDCG,F1,MAE
1.0611541719819975,0.784183804110336,0.592,0.8431511783151598
