RMSE,NDCG,F1,MAE
0.009874222560222856,0.024452137048448175,0.028408163265306152,0.00674921626159497
