RMSE,NDCG,F1,MAE
1.0710283945422203,0.8086359411587841,0.6204081632653061,0.8499003945767548
