RMSE,NDCG,F1,MAE
1.0601938989483526,0.7930804276791387,0.5618729096989966,0.8420712084590762
