RMSE,NDCG,F1,MAE
0.029556894831710645,0.019683155659194207,0.046978764942151696,0.02257819963260621
