RMSE,NDCG,F1,MAE
1.0897507937800632,0.8127635833383329,0.6088516746411483,0.8646494080916824
