RMSE,NDCG,F1,MAE
1.0700934294571511,0.8137886616539753,0.5888888888888889,0.855810365424085
