RMSE,NDCG,F1,MAE
1.0477989614641379,0.7935239965410836,0.527972027972028,0.8374142527024704
