RMSE,NDCG,F1,MAE
0.022294467993013267,0.02026466511289171,0.06091686091686088,0.018396112721614566
