RMSE,NDCG,F1,MAE
102.44981727878972,95.08867107394681,98.17225202595368,99.80577617407039
