RMSE,NDCG,F1,MAE
101.64335856389195,95.85697312580254,94.35215946843854,98.64895039924689
