RMSE,NDCG,F1,MAE
101.71531982101713,95.65447123540028,96.82106631419828,99.50670313623452
