RMSE,NDCG,F1,MAE
101.88818556793527,95.59135761168824,97.50171825857622,99.16110615221834
