RMSE,NDCG,F1,MAE
102.03766171473173,95.64549595624095,97.79938493269248,100.16856822961464
