RMSE,NDCG,F1,MAE
101.66184486730818,96.08929879669488,97.81832810694834,98.98143054542211
