RMSE,NDCG,F1,MAE
101.7192818265745,95.65447123540028,96.7989479836353,99.51614623735293
