RMSE,NDCG,F1,MAE
101.83719850999975,94.33641413647992,96.5209107791787,99.56752796738667
