RMSE,NDCG,F1,MAE
0.133064254827173,0.12276568494969753,0.002804507441139914,0.0836830002747373
