RMSE,NDCG,F1,MAE
1.061156048879122,0.8045028327807683,0.6203110704483074,0.8473906315592619
