RMSE,NDCG,F1,MAE
1.194220303706295,0.6817371478310708,0.6231155778894473,0.9310736318339992
