RMSE,NDCG,F1,MAE
1.2132625187224735,0.7267855587191995,0.6031746031746031,0.9508818991514132
