RMSE,NDCG,F1,MAE
1.069321610168409,0.8004121725995373,0.5964233929434509,0.8539777543323991
