RMSE,NDCG,F1,MAE
0.14394090855406438,0.07362661388033787,0.006751210231152216,0.0969041448190141
