RMSE,NDCG,F1,MAE
1.1924594897761827,0.720441418041582,0.6021505376344086,0.9361227045235582
