RMSE,NDCG,F1,MAE
1.066934225034543,0.8100087897860936,0.5884672252341054,0.8490564850226183
