RMSE,NDCG,F1,MAE
0.1255252647416396,0.08956737174451157,0.013683312400303183,0.08706621950093985
