RMSE,NDCG,F1,MAE
1.1963067604668063,0.7226981588283491,0.625,0.9325770092040746
