RMSE,NDCG,F1,MAE
1.0598544186720302,0.800465335705103,0.6074633915918753,0.8451423831037551
