RMSE,NDCG,F1,MAE
0.13645234179477606,0.07776717687675394,0.017536608408124654,0.08743462610031949
