RMSE,NDCG,F1,MAE
1.2114738634413595,0.720441418041582,0.6282722513089005,0.9511632903166942
