RMSE,NDCG,F1,MAE
0.12993706647237846,0.08782055572264302,0.01824838496045178,0.09451582157685157
