RMSE,NDCG,F1,MAE
1.081536796968981,0.808261973764225,0.6100238663484487,0.8566474687398427
