RMSE,NDCG,F1,MAE
1.0561390287568613,0.7992976969167156,0.6129943502824858,0.8417770516557714
