RMSE,NDCG,F1,MAE
0.14061406016179623,0.08641324214807977,0.012646675358539805,0.09284999007058292
