RMSE,NDCG,F1,MAE
1.1967530889186575,0.7128844547686358,0.6256410256410256,0.9346270417263544
