RMSE,NDCG,F1,MAE
1.1924398360293182,0.720441418041582,0.6021505376344086,0.936421040189159
