RMSE,NDCG,F1,MAE
1.0673146629763826,0.8089141971409766,0.5890478539713863,0.8493293895918707
