RMSE,NDCG,F1,MAE
0.1251251730529357,0.08847277909939455,0.013102683663022363,0.0870916505972883
