RMSE,NDCG,F1,MAE
0.1288329474322798,0.09490539812302812,0.03142300681948529,0.07817021332126628
