RMSE,NDCG,F1,MAE
1.050260248557482,0.8051805973901115,0.5652620760534429,0.8432379883387561
