RMSE,NDCG,F1,MAE
1.1790931959897617,0.7102751992670834,0.5966850828729282,0.9214082016600224
