RMSE,NDCG,F1,MAE
94.72722260712034,101.28327487481008,109.19557473350272,95.59465259109719
