RMSE,NDCG,F1,MAE
94.99916251434783,100.21552343031107,109.31300659023431,94.73649888062712
