RMSE,NDCG,F1,MAE
98.39033226332347,100.565096936077,122.24221848202113,100.63525123570373
