RMSE,NDCG,F1,MAE
96.6674218685797,102.31906478067654,112.88828088761456,97.12119575100007
