RMSE,NDCG,F1,MAE
1.1034841029275222,0.8529572868458486,0.5960698689956332,0.8731855413773584
