RMSE,NDCG,F1,MAE
0.9099981663360116,0.8884753271079185,0.7249466950959488,0.7242455290393675
