RMSE,NDCG,F1,MAE
0.1934859365915106,0.03551804026206995,0.1288768261003156,0.14894001233799092
