RMSE,NDCG,F1,MAE
0.19785322902955849,0.05003211986880096,0.1376891532171035,0.17623761496344537
