RMSE,NDCG,F1,MAE
0.9719808015239029,0.8779135709989323,0.7040816326530612,0.7655702075154278
