RMSE,NDCG,F1,MAE
1.1698340305534614,0.8278814511301313,0.5663924794359577,0.9418078224788732
