RMSE,NDCG,F1,MAE
1.2500534542361852,0.8295668673564058,0.5452562704471101,0.9910605026947084
