RMSE,NDCG,F1,MAE
1.0109101817267725,0.8344570535353267,0.6780715396578538,0.8001428748364215
