RMSE,NDCG,F1,MAE
0.2391432725094127,0.004890186178920897,0.1328152692107437,0.1909176278582868
