RMSE,NDCG,F1,MAE
1.0982030043386495,0.842304522234887,0.5968468468468469,0.8687458911949796
