RMSE,NDCG,F1,MAE
0.2070485927409984,0.053644390361301864,0.1321958789508817,0.16101115163624868
