RMSE,NDCG,F1,MAE
0.8911544115976511,0.8959489125961889,0.7290427257977286,0.7077347395587309
