RMSE,NDCG,F1,MAE
0.908946770763547,0.9110505348172657,0.75049469329016,0.7097506914448096
