RMSE,NDCG,F1,MAE
0.030837634802076908,0.020045013482064333,0.018406113177263816,0.03328092491249213
