RMSE,NDCG,F1,MAE
0.8781091359614701,0.8910055213352014,0.7320885801128962,0.6764697665323175
