RMSE,NDCG,F1,MAE
0.9440730025514419,0.894259725783182,0.7283515668459114,0.7378622404681231
