RMSE,NDCG,F1,MAE
0.04676580606698899,0.011395129858625452,0.021726961167677916,0.03690016943319996
