RMSE,NDCG,F1,MAE
0.8973071964844529,0.8828645959245566,0.7066246056782335,0.7009620710349231
