RMSE,NDCG,F1,MAE
0.992295641315705,0.841991130254636,0.6922136159804321,0.7740995852510839
