RMSE,NDCG,F1,MAE
0.08413861033391623,0.003352465235484936,0.023341939575123427,0.06286050912007435
