RMSE,NDCG,F1,MAE
1.0764342516496213,0.845343595490121,0.7155555555555555,0.8369600943711583
