RMSE,NDCG,F1,MAE
0.9105066183099465,0.9087704641258545,0.751409347154028,0.7133586557953524
