RMSE,NDCG,F1,MAE
0.8786910641843837,0.8946317585814019,0.7208480565371025,0.684562279744806
