RMSE,NDCG,F1,MAE
0.031815554125562806,0.014138705544452623,0.030561290616925474,0.028796376050546413
