RMSE,NDCG,F1,MAE
0.8311816262838868,0.8705640138541254,0.7315175097276264,0.6688254547693036
