RMSE,NDCG,F1,MAE
0.9092722800652974,0.8783316186046787,0.723780487804878,0.7181042605623675
