RMSE,NDCG,F1,MAE
0.07809065378141056,0.00776760475055327,0.007737021922748388,0.049278805793063984
