RMSE,NDCG,F1,MAE
0.9239295049335803,0.8789084928459319,0.7048346055979644,0.7255680392176035
