RMSE,NDCG,F1,MAE
0.8596099085909338,0.872937937693165,0.7120315581854043,0.6930515472182138
