RMSE,NDCG,F1,MAE
0.0643195963426465,0.005970555152766899,0.007196952587439909,0.03251649199938966
