RMSE,NDCG,F1,MAE
0.9043780012514062,0.8803509033448406,0.7141927083333334,0.7097094313640913
