RMSE,NDCG,F1,MAE
0.07759462571921294,0.005145722525834895,0.01364234321305835,0.05118271675320574
