RMSE,F1,MAE
0.07403785643085581,0.012436649773272968,0.04741671489480792
