RMSE,F1,MAE
0.826435121596129,0.7280163599182005,0.6585869241180466
