RMSE,NDCG,F1,MAE
0.8267833755321933,0.8854966258706755,0.7278350515463917,0.6585267146108855
