RMSE,NDCG,F1,MAE
0.8274142322047088,0.8692425587514228,0.7285429141716567,0.6630034701530458
