RMSE,NDCG,F1,MAE
0.0849436370269705,0.011522555879368124,0.011573596701400013,0.05311062835414282
