RMSE,F1,MAE
0.8270073362125331,0.7287128712871287,0.6630985177153311
