RMSE,NDCG,F1,MAE
0.9123578692316793,0.8807651146307909,0.7169693174702567,0.7161140985071887
