RMSE,NDCG,F1,MAE
0.9108673425398591,0.8798671603674663,0.7190370605004751,0.7122180223313411
