RMSE,F1,MAE
0.9066227322014945,0.7207524985302763,0.7079473647287471
