RMSE,NDCG,F1,MAE
0.8271018590865035,0.883038615242955,0.728184553660983,0.6547922422957725
