RMSE,F1,MAE
0.07996489446536903,0.007605710424947509,0.05323611328251787
