RMSE,NDCG,F1,MAE
0.08376548345335566,0.003171454875488755,0.009147493160507891,0.05742578003556864
