RMSE,NDCG,F1,MAE
0.8296397798132796,0.8782355500061272,0.7317554240631163,0.6655827347071456
