RMSE,F1,MAE
0.8291790106878093,0.7318982387475538,0.665501289685569
