RMSE,NDCG,F1,MAE
0.9077795704920923,0.8772217830346696,0.7154522613065326,0.7134712754963043
