RMSE,NDCG,F1,MAE
0.07813979067881272,0.001013766971457608,0.016303162756583722,0.04788854078915872
