RMSE,F1,MAE
0.07404049213032493,0.008261328103317478,0.04719729984417653
