RMSE,NDCG,F1,MAE
0.07751286338619501,0.007854511469278513,0.008970389136874868,0.050928109989092696
