RMSE,NDCG,F1,MAE
0.8266141663675668,0.8881889595610813,0.7242798353909465,0.6585200318657625
