RMSE,F1,MAE
0.8262670892203361,0.7244897959183674,0.6586081756331712
