RMSE,NDCG,F1,MAE
0.9041270297537618,0.8803344480918028,0.7153094462540717,0.7094481418548552
