RMSE,F1,MAE
0.900307581350661,0.7162284678150499,0.7058054754773477
