RMSE,NDCG,F1,MAE
0.8235816171138539,0.8897892286143,0.7236286919831224,0.6572835817703097
