RMSE,F1,MAE
0.8234846159446464,0.7238493723849372,0.6575017883884563
