RMSE,F1,MAE
0.08410010281773839,0.02419387598656575,0.056946125453327556
