RMSE,F1,MAE
0.9075847187623848,0.6996554963983714,0.7144479138417839
