RMSE,NDCG,F1,MAE
0.08803145620952335,0.009988357362668121,0.02609574166206796,0.060881027045630476
