RMSE,NDCG,F1,MAE
0.9116130733233773,0.8798008712516319,0.6975329503210544,0.7181646088159401
