RMSE,NDCG,F1,MAE
0.8718449714692545,0.901878464281173,0.7394820536119946,0.6807534216714193
