RMSE,NDCG,F1,MAE
0.01450117244825011,0.008273890732593214,0.014743620211669195,0.012709707028413009
