RMSE,NDCG,F1,MAE
0.8573437990210044,0.8936045735485798,0.7542256738236638,0.6680437146430063
