RMSE,NDCG,F1,MAE
0.01719612051610453,0.0004876340755085584,0.024238455018340765,0.015223813390853325
