RMSE,NDCG,F1,MAE
0.9099149395681387,0.8826228278673234,0.713299933831175,0.713050099630452
