RMSE,NDCG,F1,MAE
0.8927188190520342,0.8831104619428319,0.7375383888495157,0.6978262862395986
