RMSE,NDCG,F1,MAE
1.0088753087175755,0.8395214357300559,0.6899410866244817,0.7921746355180116
