RMSE,NDCG,F1,MAE
1.0394835791934023,0.8465809486263857,0.7045756746186937,0.8033564180508975
