RMSE,NDCG,F1,MAE
0.030608270475826815,0.007059512896329778,0.014634587994212023,0.011181782532885931
