RMSE,NDCG,F1,MAE
0.8914037134584933,0.894889941963299,0.7238342449244461,0.6962440795742736
