RMSE,NDCG,F1,MAE
0.8703410681967474,0.8961233952394517,0.7535292756306411,0.6784592152849427
