RMSE,NDCG,F1,MAE
0.02106264526174595,0.0012334532761527628,0.029695030706194947,0.017784864289330904
