RMSE,NDCG,F1,MAE
93.80144469495671,102.67786574974444,101.92626146363197,94.23299882670807
