RMSE,NDCG,F1,MAE
93.28147784250874,101.07694818173343,99.96474603040303,93.06361961464667
