RMSE,NDCG,F1,MAE
93.10257908615911,102.66840928868221,101.73934423629065,93.69930792677097
