RMSE,NDCG,F1,MAE
93.58921645778364,101.82222796779259,102.4431235908998,94.17190577514937
