RMSE,NDCG,F1,MAE
93.43620448554563,102.61068646319218,101.4290210612363,94.13845866686012
