RMSE,NDCG,F1,MAE
93.5656648430983,104.18097252750984,101.33592051831708,94.05979654981373
