RMSE,NDCG,F1,MAE
93.10752273963001,102.60922131713224,101.7215948740722,93.70526437122557
