RMSE,NDCG,F1,MAE
92.39982011095299,101.99620994981642,99.80772729817488,92.94250872738988
