RMSE,NDCG,F1,MAE
111.92930286225105,111.33207879109581,96.94909054633725,110.48876714647456
