RMSE,NDCG,F1,MAE
111.89914473954808,113.27492804366493,97.78751038284376,110.72013502234779
