RMSE,NDCG,F1,MAE
112.31864410810341,112.38069120461698,96.49054230893425,111.07107998844403
