RMSE,NDCG,F1,MAE
113.35405573308802,112.1692167680919,95.23099850968704,111.6167009604129
