RMSE,NDCG,F1,MAE
113.17657440441108,110.6956551369274,97.67619047619048,112.31508062285454
