RMSE,NDCG,F1,MAE
113.11127715165135,112.04607205394058,96.85564554549786,110.957991206627
