RMSE,NDCG,F1,MAE
112.26366464773253,112.48091305229553,96.31344248902202,111.05081986371937
