RMSE,NDCG,F1,MAE
113.11870989133229,110.82611322950633,94.84600353587048,111.04766809467475
