RMSE,NDCG,F1,MAE
100.5646582708595,101.79204603848629,95.23790519709866,102.44380397830635
