RMSE,NDCG,F1,MAE
100.63106110238466,102.60637256382172,95.67614311966275,102.58918718230117
