RMSE,NDCG,F1,MAE
100.2974570391674,102.60531173990853,96.33074756162885,102.05667087172492
