RMSE,NDCG,F1,MAE
100.33715930985781,103.02240753887699,94.91472733399277,102.37921963436347
