RMSE,NDCG,F1,MAE
100.23109452267391,102.68930273469918,95.02947688188652,101.92881020342377
