RMSE,NDCG,F1,MAE
100.34988833786286,102.94832127169985,95.39725375850445,102.35142756201012
