RMSE,NDCG,F1,MAE
100.30500302976675,102.60905201485568,96.17152647023902,102.0648954761254
