RMSE,NDCG,F1,MAE
99.80279717081007,102.82339889144684,95.7384232241883,101.17245969974047
