RMSE,NDCG,F1,MAE
0.04306299042006356,0.011509169330741309,0.06468160695714009,0.028680138097276875
