RMSE,NDCG,F1,MAE
0.8716073435135677,0.8669056821049028,0.6721423682409309,0.6909847407926165
