RMSE,NDCG,F1,MAE
0.9146703339336313,0.8784148514356441,0.736823975198071,0.7196648788898934
