RMSE,NDCG,F1,MAE
0.9671246065706871,0.8646347317313161,0.7036178934236321,0.762188478652055
