RMSE,NDCG,F1,MAE
0.07172138131348338,0.010329485618481349,0.042047358329816986,0.05761742882036924
