RMSE,NDCG,F1,MAE
0.8954032252572037,0.8543052461128348,0.6615705350938151,0.7045710498316857
