RMSE,NDCG,F1,MAE
0.9784215246760744,0.8329207825815113,0.6301703163017032,0.7836412301219328
