RMSE,NDCG,F1,MAE
0.07354814354051364,0.008953479868881953,0.07133156104498017,0.03390159763923106
