RMSE,NDCG,F1,MAE
1.051969668216588,0.8239673027126293,0.7015018773466833,0.8175428277611638
