RMSE,NDCG,F1,MAE
0.9129772473580735,0.8759278591040521,0.734490462278742,0.7202736554896806
