RMSE,NDCG,F1,MAE
0.8745678300570406,0.8793927792918469,0.6717032967032966,0.6945341707429694
