RMSE,NDCG,F1,MAE
0.03840941730103287,0.003464920187794762,0.06278716557544539,0.025739484746711172
