RMSE,NDCG,F1,MAE
1.090659563000365,0.8296696972032963,0.5981173062997828,0.8769829422446368
