RMSE,NDCG,F1,MAE
1.1069211421247993,0.8272013584621954,0.5873821609862219,0.8875879270743612
