RMSE,NDCG,F1,MAE
1.0969838935176428,0.8271593524935447,0.6030150753768844,0.8770537533652363
