RMSE,NDCG,F1,MAE
1.0890127272773185,0.8317472600401494,0.5962373371924746,0.8742169888495915
