RMSE,NDCG,F1,MAE
1.1081930967241687,0.8273302020809017,0.6160164271047228,0.8818730674093527
