RMSE,NDCG,F1,MAE
1.091486486445086,0.8259243669700979,0.5887509130752374,0.8759475215281692
