RMSE,NDCG,F1,MAE
1.097946302377563,0.8263924508223449,0.6025824964131994,0.8774528453329183
