RMSE,NDCG,F1,MAE
1.0881630828639344,0.830592918585012,0.5798816568047337,0.87584770960576
