RMSE,NDCG,F1,MAE
1.0730072306873428,0.8572689984488572,0.6715328467153284,0.865593871088391
