RMSE,F1,MAE
0.20134855703371501,0.06888121072518238,0.17803923948067502
