RMSE,NDCG,F1,MAE
0.19894858894892564,0.04660016655250976,0.07564548285577766,0.18294213156274275
