RMSE,NDCG,F1,MAE
0.8740586417384172,0.9038691650013669,0.7471783295711061,0.6826517395256483
