RMSE,NDCG,F1,MAE
0.8942638377432781,0.8973873668019999,0.740343347639485,0.7043763924026735
