RMSE,F1,MAE
0.8889014123700253,0.7373188405797102,0.702865904743839
