RMSE,F1,MAE
0.19479330862569177,0.059687261632341726,0.16497372086926443
