RMSE,F1,MAE
1.083694720995717,0.6776315789473685,0.8678396256131035
