RMSE,NDCG,F1,MAE
0.19546540480118946,0.02805346493827232,0.06915690696151888,0.16964043583950694
