RMSE,NDCG,F1,MAE
1.0897292425444676,0.8693339018637276,0.6711864406779661,0.8740168282421804
