RMSE,F1,MAE
0.20260539544462552,0.048707948211073715,0.1730004605181269
