RMSE,NDCG,F1,MAE
1.0688171182641804,0.8635095381152968,0.7070707070707071,0.8566111565929106
