RMSE,NDCG,F1,MAE
0.8694410786819768,0.9064210382843647,0.7664155005382132,0.6796628139373997
