RMSE,NDCG,F1,MAE
0.1993760395822035,0.04291150016906786,0.059344793467506096,0.17694834265551096
