RMSE,F1,MAE
1.0616614856870825,0.7124183006535948,0.8486596050202779
