RMSE,F1,MAE
0.2054967964442974,0.04961449365556825,0.17584720733782255
