RMSE,NDCG,F1,MAE
1.0716117879065192,0.8700215712438498,0.7086092715231788,0.8578055993517458
