RMSE,NDCG,F1,MAE
0.8695909546549697,0.9073986881675252,0.7685774946921444,0.6772479836416045
