RMSE,NDCG,F1,MAE
0.20202083325154951,0.0373771169236754,0.05996822316896566,0.18055761571014128
