RMSE,NDCG,F1,MAE
0.8672751703428087,0.9108349085272347,0.7650158061116965,0.6725675806125961
