RMSE,NDCG,F1,MAE
0.20383140124281118,0.04982338830770516,0.04936085403501922,0.18194531185216112
