RMSE,NDCG,F1,MAE
1.0711065715856198,0.8610115202195295,0.7156549520766773,0.8545128924647573
