RMSE,F1,MAE
0.2072439361802586,0.04519718162896569,0.17814514101406176
