RMSE,F1,MAE
1.0639952424040653,0.7204968944099379,0.8461251881120551
