RMSE,F1,MAE
0.8567513062238067,0.7656940760389036,0.6679800470979933
