RMSE,F1,MAE
0.20325803530232878,0.06353962652418388,0.17698462463837072
