RMSE,NDCG,F1,MAE
0.2002154197021676,0.05044304333463823,0.07431345640208364,0.18166808013155533
