RMSE,NDCG,F1,MAE
1.0687455586242374,0.859130612648901,0.6870748299319728,0.8595912077867165
