RMSE,F1,MAE
1.0618558927517467,0.693069306930693,0.8518262821288022
