RMSE,NDCG,F1,MAE
0.8685301389220698,0.9095736559835392,0.7613882863340564,0.6779231276551612
