RMSE,F1,MAE
0.8593121022069315,0.7611262488646685,0.675612238152144
