RMSE,NDCG,F1,MAE
1.0693145151252346,0.8598367624510371,0.7027027027027027,0.8574339140442295
