RMSE,NDCG,F1,MAE
0.8694550416647971,0.9086885062504126,0.7664155005382132,0.679358511908709
