RMSE,NDCG,F1,MAE
0.19985947346043742,0.04885174379937551,0.06371279783551043,0.17807540213552053
