RMSE,NDCG,F1,MAE
0.19842041334439742,0.030268084075815493,0.067023625005871,0.17812072167744175
