RMSE,NDCG,F1,MAE
1.0681059128578123,0.8745694508823411,0.6879432624113475,0.8589097361633306
