RMSE,F1,MAE
0.20092388109484405,0.0582518043303929,0.17397132371658564
