RMSE,NDCG,F1,MAE
0.8696854995134149,0.9048375349581566,0.7549668874172185,0.6807890144858888
