RMSE,NDCG,F1,MAE
0.9543878205712019,0.8783769681940746,0.6969376979936642,0.7500930526747347
