RMSE,NDCG,F1,MAE
0.06281797448887905,0.005361026294645077,0.02902915283506502,0.049571005645610455
