RMSE,NDCG,F1,MAE
0.8915698460823228,0.8730159418994295,0.7259668508287292,0.7005220470291242
