RMSE,NDCG,F1,MAE
0.13380273509657636,0.0009445641121258452,0.05564695239877715,0.10982070174615066
