RMSE,NDCG,F1,MAE
0.9160342270297884,0.8563341314916373,0.6928691746209994,0.7246068321743379
