RMSE,NDCG,F1,MAE
1.0498369621263648,0.8572786956037631,0.6372222222222222,0.8344275339204885
