RMSE,NDCG,F1,MAE
1.0926712608341909,0.8329469086115477,0.648116227530165,0.8606327099872302
