RMSE,NDCG,F1,MAE
1.0101011836841298,0.8135403633337172,0.6604878048780488,0.7982576254768976
