RMSE,NDCG,F1,MAE
0.08257007715006104,0.01940654527783059,0.012371577347883855,0.06237508451033258
