RMSE,NDCG,F1,MAE
0.9438416397336452,0.8782642515854825,0.704445022095139,0.7437494410396062
