RMSE,NDCG,F1,MAE
0.046459431507428706,0.018925636058990447,0.010552210887705415,0.03895212013324978
