RMSE,NDCG,F1,MAE
0.8973822082262165,0.859338615526492,0.7149972329828445,0.7047973209063564
