RMSE,NDCG,F1,MAE
94.05134554630588,98.45575885768064,95.00430389491868,93.93960122758
