RMSE,NDCG,F1,MAE
95.96380101717936,99.14737430623795,97.07885400509886,97.16815236721446
