RMSE,NDCG,F1,MAE
89.30228072079845,98.72842009046869,95.73622288031439,90.4169513680703
