RMSE,NDCG,F1,MAE
94.15471583697519,97.38732760279876,96.40422405289901,94.26108437337223
