RMSE,NDCG,F1,MAE
1.0718359101955353,0.8203612130297474,0.5944609297725024,0.8555943508507999
