RMSE,NDCG,F1,MAE
0.17040820861038286,0.08031296124910292,0.05466854222924977,0.12399814297001732
