RMSE,NDCG,F1,MAE
1.2422441188059181,0.7400482517806445,0.5397923875432526,0.9795924938208173
