RMSE,NDCG,F1,MAE
1.2881602194147619,0.695607381552576,0.5121107266435986,1.0131924378136499
