RMSE,NDCG,F1,MAE
1.0912538904115758,0.8119819266165723,0.5764235764235764,0.8636917276623158
