RMSE,NDCG,F1,MAE
0.19690632900318605,0.11637454506399636,0.06431284977997787,0.14950071015133404
