RMSE,NDCG,F1,MAE
1.2547125406775645,0.7081207009843177,0.5300353356890459,0.9918643417489537
