RMSE,NDCG,F1,MAE
0.18188288656408336,0.10821724746946115,0.038309988051961286,0.13796641146693067
