RMSE,NDCG,F1,MAE
1.0728296541134812,0.8163379484537788,0.5683453237410072,0.853897930282023
