RMSE,NDCG,F1,MAE
0.1796598075275777,0.1098002176809817,0.05185288704873292,0.12891127980538697
