RMSE,NDCG,F1,MAE
1.0729160225405578,0.8176078114173847,0.597927972372965,0.8531642663161774
