RMSE,NDCG,F1,MAE
1.2525758300681356,0.707807593736403,0.5460750853242321,0.9820755461215643
