RMSE,NDCG,F1,MAE
1.078505395148972,0.8164374426754064,0.586495810744209,0.8550715743420237
