RMSE,NDCG,F1,MAE
0.19846067061070394,0.1078671444963405,0.05629446846232977,0.1472637063944825
