RMSE,NDCG,F1,MAE
1.276966065759676,0.7085702981790659,0.5302013422818792,1.0023352807365062
