RMSE,NDCG,F1,MAE
1.2557438857053775,0.7236398810485296,0.5360824742268041,0.9843827331974028
