RMSE,NDCG,F1,MAE
0.17902603067725908,0.09361976851362053,0.06073977006316611,0.13038753997134422
