RMSE,NDCG,F1,MAE
1.0767178550281185,0.8172596495621501,0.5968222442899702,0.8539951932260585
