RMSE,NDCG,F1,MAE
1.254832906954766,0.7081207009843177,0.5371024734982333,0.9919807583040736
