RMSE,NDCG,F1,MAE
0.18181196911944641,0.10898271479033261,0.031686027528460836,0.13796670715855242
