RMSE,NDCG,F1,MAE
1.0730209378353195,0.8171034157746503,0.5687885010266941,0.8540140511455212
