RMSE,NDCG,F1,MAE
0.18561472172346893,0.1348313318451685,0.021988304093567224,0.14321394028420487
