RMSE,NDCG,F1,MAE
1.0657446114476887,0.8176613822659765,0.5528973950026581,0.8505827273634816
