RMSE,NDCG,F1,MAE
1.2513593331711577,0.682830050420808,0.5309090909090909,0.9937966676476865
