RMSE,NDCG,F1,MAE
90.46476565432874,100.02902602869601,104.09054323956397,90.15106170608236
