RMSE,NDCG,F1,MAE
89.99982126751641,99.51847781581954,103.31579055211687,89.25129577555228
