RMSE,NDCG,F1,MAE
92.7546615575706,101.81169545781101,107.26026359147632,91.74883169065286
