RMSE,NDCG,F1,MAE
89.59374476049817,99.43161222566133,103.88200131743237,88.7390026897172
