RMSE,NDCG,F1,MAE
92.28393351326282,106.61575575287085,88.92780299961596,92.69635898890027
