RMSE,NDCG,F1,MAE
93.0231256751833,106.5074651735166,91.1791460223034,93.79867821490653
