RMSE,NDCG,F1,MAE
91.67201048410942,104.74214362419174,88.45273453833785,91.71902334099859
