RMSE,NDCG,F1,MAE
92.59338532271325,108.02215439755855,91.07621857755977,92.61547685737209
