RMSE,NDCG,F1,MAE
91.78538855909972,104.44655597399446,88.60613307242251,92.04475178985699
