RMSE,NDCG,F1,MAE
92.08436738416243,106.56090323591812,89.39643347050755,92.44840372245807
