RMSE,NDCG,F1,MAE
91.66593622320732,104.20604974816779,88.37979479719765,91.71530883625219
