RMSE,NDCG,F1,MAE
92.15029353492316,105.46428910802442,87.0154709282557,92.44933896514364
