RMSE,NDCG,F1,MAE
1.0609027285368398,0.8149198167203044,0.6220839813374806,0.831096395177675
