RMSE,NDCG,F1,MAE
1.088784775853932,0.795177133925203,0.5852163921869016,0.8657479308010395
