RMSE,NDCG,F1,MAE
0.027882047317092207,0.019742682795101496,0.03686758915057897,0.03465153562336454
