RMSE,NDCG,F1,MAE
0.02705017299776591,0.01358033112399426,0.034325541164500484,0.03394247322284916
