RMSE,NDCG,F1,MAE
1.0629301390144552,0.8214370054211276,0.6695035460992907,0.8348255820377676
