RMSE,NDCG,F1,MAE
1.0899803120122211,0.8078566742971334,0.6351780049347903,0.8687680552606167
