RMSE,NDCG,F1,MAE
0.02823692329351335,0.020885266343229292,0.041715132706230285,0.034812706978773034
