RMSE,NDCG,F1,MAE
1.0867480792311213,0.7955344097541815,0.6167686218064051,0.8675979213986225
