RMSE,NDCG,F1,MAE
1.058511155937608,0.8164196760974108,0.6584837545126354,0.8327852144198494
