RMSE,NDCG,F1,MAE
1.0828140865156468,0.7950342126824259,0.6350877192982456,0.8596893789973145
