RMSE,NDCG,F1,MAE
0.027114397756353492,0.021020240823247938,0.030634660305153827,0.032499096473110445
