RMSE,NDCG,F1,MAE
1.0556996887592933,0.8160544535056738,0.6657223796033994,0.827190282524204
