RMSE,NDCG,F1,MAE
0.02928687712350664,0.022260895873033704,0.035537271611236876,0.03387529162054337
