RMSE,NDCG,F1,MAE
1.0643411000845078,0.8168435662268506,0.6661931818181818,0.8350727204267333
