RMSE,NDCG,F1,MAE
1.0936279772080144,0.7945826703538169,0.6306559102069449,0.8689480120472767
