RMSE,NDCG,F1,MAE
0.02627697811915697,0.020180526558999157,0.03450166713139513,0.0328966002379677
