RMSE,NDCG,F1,MAE
1.08672089365646,0.7996658184967042,0.635442153093324,0.8632522192717197
