RMSE,NDCG,F1,MAE
1.060443915537303,0.8198463450557033,0.6699438202247191,0.830355619033752
