RMSE,NDCG,F1,MAE
1.0585988369324792,0.8164196760974108,0.6584837545126354,0.832843821958045
