RMSE,NDCG,F1,MAE
1.0868914766783517,0.7954802247237106,0.616546762589928,0.8677007810213988
