RMSE,NDCG,F1,MAE
0.028292639745872483,0.020939451373700235,0.04193699192270739,0.03485695906335384
