RMSE,NDCG,F1,MAE
1.0839736307244363,0.8006580857737663,0.608113137327875,0.8670034652458408
