RMSE,NDCG,F1,MAE
0.026175332617568214,0.015147188007008094,0.035391394394179376,0.03074583537881126
