RMSE,NDCG,F1,MAE
1.057798298106868,0.8158052737807744,0.6435045317220544,0.8362576298670296
