RMSE,NDCG,F1,MAE
1.0736007195770023,0.7819180789980089,0.5815085158150851,0.8602771078098449
