RMSE,NDCG,F1,MAE
1.0854374646618983,0.7958449433689762,0.5454545454545454,0.8765597463712733
