RMSE,NDCG,F1,MAE
0.011836745084895961,0.01392686437096724,0.0360539703605397,0.01628263856142842
