RMSE,NDCG,F1,MAE
1.1020532463163244,0.7778838892288943,0.5939675174013921,0.8767906199467397
