RMSE,NDCG,F1,MAE
1.0906782932043417,0.803428657032926,0.5823611759216052,0.8747177924346197
