RMSE,NDCG,F1,MAE
0.011374953111982666,0.0255447678040317,0.011606341479786897,0.0020728275121200124
