RMSE,NDCG,F1,MAE
1.0782875807331116,0.7806509266079215,0.6091015169194866,0.856156034990687
