RMSE,NDCG,F1,MAE
1.089220296451829,0.8012961447526017,0.5872498836668217,0.8723054739819635
