RMSE,NDCG,F1,MAE
0.010932715718717345,0.020645218144680233,0.021851633252664815,0.01614943899127641
