RMSE,NDCG,F1,MAE
0.004003682182329271,0.023484032958156265,0.029065987677633798,0.010042309165171459
