RMSE,NDCG,F1,MAE
1.0812631370778951,0.8018771715473875,0.5749293119698398,0.8691269135177986
