RMSE,NDCG,F1,MAE
1.0772594548955658,0.7783931385892312,0.6039952996474736,0.8590846043526271
