RMSE,NDCG,F1,MAE
1.0933015256000513,0.7784527820456714,0.6227272727272727,0.8642621590696644
