RMSE,NDCG,F1,MAE
0.00807080872878263,0.02422301278589467,0.019495674881671254,0.013351853311986295
