RMSE,NDCG,F1,MAE
1.101372334328834,0.802675794831566,0.6032315978456014,0.8776140123816507
