RMSE,NDCG,F1,MAE
1.0743222128022285,0.781608054560199,0.6007067137809188,0.8575345028439563
