RMSE,NDCG,F1,MAE
1.0840586779748806,0.7998033161530209,0.5787992495309568,0.8695658034172781
