RMSE,NDCG,F1,MAE
0.009736465172652142,0.01819526159282192,0.021907464249961928,0.012031300573321801
