RMSE,NDCG,F1,MAE
0.010966145060765431,0.020024718491517657,0.022871780350188553,0.01635822642817042
