RMSE,NDCG,F1,MAE
1.07855342848335,0.7798454205742311,0.6114352392065344,0.8562009273960403
