RMSE,NDCG,F1,MAE
1.0895195735441154,0.7998701390657488,0.5885634588563459,0.8725591538242107
