RMSE,NDCG,F1,MAE
0.0012480232924634294,0.018649780030710494,0.03510733452593917,0.007457441453225133
