RMSE,NDCG,F1,MAE
1.0802476313657934,0.8000806163398876,0.561046511627907,0.8679916501178819
