RMSE,NDCG,F1,MAE
1.07899960807333,0.7814308363091771,0.5961538461538461,0.8605342086646568
