RMSE,NDCG,F1,MAE
0.9108729627230618,0.8994568875116989,0.7579194368400469,0.7132467293827434
