RMSE,NDCG,F1,MAE
0.08038856419463591,0.011346857046446002,0.028783272857616504,0.06321043844773211
