RMSE,NDCG,F1,MAE
0.8304843985284259,0.8881100304652529,0.7291361639824304,0.6500362909350113
