RMSE,NDCG,F1,MAE
0.10294234128667534,0.0005500416137002029,0.021143575286165506,0.0831058611497929
