RMSE,NDCG,F1,MAE
0.9610750377220275,0.880974408911864,0.7205423728813559,0.7558966330622052
