RMSE,NDCG,F1,MAE
0.8581326964353522,0.8804243672981638,0.6993987975951904,0.6727907719124123
