RMSE,NDCG,F1,MAE
0.055247486382624,0.012762446135111793,0.05661763748497228,0.03612157639911695
