RMSE,NDCG,F1,MAE
1.0083663705345798,0.8187753978231626,0.6513274336283186,0.7966749309213623
