RMSE,NDCG,F1,MAE
1.0636138569172038,0.8315378439582743,0.7079450711132909,0.8327965073204793
