RMSE,NDCG,F1,MAE
0.8464354937670923,0.8854974665074701,0.7171117705242335,0.6597065850287369
