RMSE,NDCG,F1,MAE
0.06856075352859514,0.009874354705209476,0.03213373531489527,0.06089550488336182
