RMSE,NDCG,F1,MAE
0.9149962472956874,0.8953718212126796,0.7492455058391287,0.7206020899120987
