RMSE,F1,MAE
0.9150835963625633,0.7527675276752768,0.7191418841621408
