RMSE,NDCG,F1,MAE
0.9338983473979594,0.9014348523874068,0.7471264367816092,0.7329457087204535
