RMSE,NDCG,F1,MAE
0.9182833591404109,0.9039839686962466,0.7681755829903978,0.71957594313561
