RMSE,NDCG,F1,MAE
0.92052700567833,0.8954762658399721,0.7438692098092643,0.7241385176272461
