RMSE,F1,MAE
0.9140515783987685,0.7606382978723404,0.7161806003432232
