RMSE,NDCG,F1,MAE
0.03189628110208209,0.006074635313495502,0.010007375154677645,0.026830452642520708
