RMSE,NDCG,F1,MAE
0.9524232867804121,0.9015509011534676,0.7338618346545867,0.7509689702697668
