RMSE,F1,MAE
0.916166537735381,0.7374005305039788,0.7198968275797513
