RMSE,NDCG,F1,MAE
0.015614988257548479,0.002549116308839805,0.021049146208788616,0.013369765584843485
