RMSE,F1,MAE
0.9346340622561641,0.7441016333938294,0.7348668186071889
