RMSE,NDCG,F1,MAE
0.09063906993675919,0.0010892226039864727,0.026896015233141335,0.06868528394354256
