RMSE,NDCG,F1,MAE
1.001419643832244,0.8940520088543688,0.7455357142857143,0.7815487111803481
