RMSE,NDCG,F1,MAE
0.9107805738954848,0.8951412314583552,0.7724317295188556,0.7128634272368055
