RMSE,F1,MAE
0.07582972691064926,0.01477757053136175,0.05403167025278377
