RMSE,F1,MAE
0.9061342926461153,0.7676767676767676,0.7080035129030445
