RMSE,F1,MAE
0.9819640195567646,0.7528991971454059,0.7620351831558283
