RMSE,F1,MAE
0.9133923314750292,0.7518518518518519,0.7174937643464488
