RMSE,F1,MAE
0.9136288882139861,0.7570469798657719,0.7160400064589639
