RMSE,NDCG,F1,MAE
0.9320120051715485,0.9028228567997272,0.74364896073903,0.7317801665896055
