RMSE,NDCG,F1,MAE
0.01321792931763277,0.003957885522161586,0.017462150372081098,0.01140655436445448
