RMSE,F1,MAE
0.00023655673895695006,0.00519512801391997,0.0014537578874849189
