RMSE,NDCG,F1,MAE
0.9187940758539157,0.8988649712775656,0.7611111111111111,0.7203736122251511
