RMSE,F1,MAE
0.9813695833212606,0.7446808510638298,0.776273987694481
