RMSE,NDCG,F1,MAE
0.062293568168435676,0.005147204604505684,0.0056796794365855385,0.04860202840198291
