RMSE,NDCG,F1,MAE
0.9952622544722227,0.8978473510695081,0.7337016574585635,0.7880362539547986
