RMSE,NDCG,F1,MAE
0.932968686303787,0.8927001464650024,0.728021978021978,0.7394342255528157
